account_id,country_ES,country_FR,country_IT,country_NL,country_UK,industry_Hospitality,industry_Retail,industry_Services,industry_Subscription,account_age_months,monthly_tpv,tpv_trend_3m_pct,txn_count_monthly,avg_ticket_size,num_products_used,login_freq_monthly,disputes_90d,chargebacks_90d,support_tickets_90d,failed_txn_ratio,churn
SMB_EU_000001,0.0,1.0,0.0,0.0,0.0,1.0,0.0,0.0,0.0,16.0,2985.9,-22.65,11.0,271.45,3.0,9.0,1.0,0.0,1.0,0.121,0
SMB_EU_000002,0.0,0.0,0.0,0.0,1.0,0.0,1.0,0.0,0.0,31.0,2313.88,-16.33,20.0,115.69,4.0,7.0,2.0,0.0,1.0,0.205,0
SMB_EU_000003,1.0,0.0,0.0,0.0,0.0,0.0,0.0,1.0,0.0,44.0,1237.23,-14.85,9.0,137.47,4.0,10.0,1.0,0.0,1.0,0.04,0
SMB_EU_000004,0.0,0.0,1.0,0.0,0.0,1.0,0.0,0.0,0.0,27.0,9526.22,-26.94,66.0,144.34,2.0,10.0,0.0,1.0,0.0,0.184,0
SMB_EU_000005,0.0,0.0,0.0,0.0,0.0,0.0,1.0,0.0,0.0,34.0,5518.22,16.27,37.0,149.14,1.0,12.0,2.0,2.0,0.0,0.199,0
SMB_EU_000006,0.0,0.0,0.0,0.0,0.0,0.0,0.0,0.0,1.0,25.0,6850.24,-29.82,45.0,152.23,1.0,7.0,1.0,1.0,0.0,0.17,1
SMB_EU_000007,0.0,0.0,0.0,0.0,0.0,0.0,0.0,0.0,0.0,38.0,20104.48,5.15,86.0,233.77,2.0,6.0,2.0,1.0,2.0,0.081,0
SMB_EU_000008,0.0,0.0,0.0,0.0,1.0,0.0,1.0,0.0,0.0,9.0,5869.75,12.18,42.0,139.76,3.0,12.0,1.0,0.0,0.0,0.064,0
SMB_EU_000009,0.0,0.0,1.0,0.0,0.0,1.0,0.0,0.0,0.0,64.0,8328.42,-4.4,58.0,143.59,2.0,11.0,2.0,1.0,2.0,0.094,0
SMB_EU_000010,1.0,0.0,0.0,0.0,0.0,0.0,0.0,0.0,0.0,15.0,15882.35,-62.78,77.0,206.26,2.0,8.0,0.0,0.0,1.0,0.093,1
SMB_EU_000011,0.0,0.0,0.0,0.0,0.0,0.0,0.0,1.0,0.0,24.0,4753.88,-41.08,39.0,121.89,3.0,11.0,0.0,0.0,1.0,0.057,0
SMB_EU_000012,0.0,0.0,0.0,0.0,1.0,0.0,0.0,1.0,0.0,4.0,1946.02,0.03,12.0,162.17,1.0,14.0,1.0,0.0,1.0,0.126,0
SMB_EU_000013,1.0,0.0,0.0,0.0,0.0,0.0,0.0,0.0,1.0,18.0,5503.51,15.05,59.0,93.28,4.0,10.0,1.0,0.0,1.0,0.09,1
SMB_EU_000014,0.0,0.0,0.0,0.0,0.0,0.0,0.0,0.0,0.0,32.0,21532.67,-39.43,74.0,290.98,1.0,7.0,1.0,0.0,1.0,0.081,0
SMB_EU_000015,0.0,0.0,0.0,0.0,0.0,0.0,0.0,0.0,0.0,70.0,9962.59,-45.5,67.0,148.7,1.0,13.0,0.0,0.0,0.0,0.057,0
SMB_EU_000016,0.0,0.0,0.0,0.0,0.0,0.0,0.0,1.0,0.0,39.0,10305.31,8.42,39.0,264.24,3.0,8.0,1.0,1.0,2.0,0.043,0
SMB_EU_000017,0.0,1.0,0.0,0.0,0.0,0.0,1.0,0.0,0.0,19.0,32696.97,0.76,166.0,196.97,4.0,9.0,3.0,0.0,2.0,0.053,0
SMB_EU_000018,0.0,0.0,0.0,1.0,0.0,0.0,0.0,0.0,0.0,7.0,22239.75,11.28,171.0,130.06,3.0,10.0,0.0,0.0,1.0,0.069,0
SMB_EU_000019,0.0,0.0,0.0,1.0,0.0,0.0,0.0,0.0,0.0,60.0,36735.71,3.93,300.0,122.45,3.0,14.0,1.0,0.0,1.0,0.061,0
SMB_EU_000020,0.0,1.0,0.0,0.0,0.0,0.0,1.0,0.0,0.0,18.0,12328.06,-2.02,53.0,232.6,4.0,8.0,1.0,0.0,0.0,0.147,0
SMB_EU_000021,0.0,0.0,1.0,0.0,0.0,0.0,0.0,0.0,0.0,32.0,10886.17,-4.53,37.0,294.22,2.0,9.0,1.0,1.0,2.0,0.078,0
SMB_EU_000022,0.0,0.0,0.0,0.0,0.0,0.0,0.0,1.0,0.0,19.0,5638.0,-3.59,47.0,119.96,3.0,8.0,1.0,0.0,0.0,0.046,0
SMB_EU_000023,0.0,1.0,0.0,0.0,0.0,0.0,0.0,1.0,0.0,34.0,16733.8,23.02,159.0,105.24,1.0,14.0,2.0,0.0,0.0,0.122,0
SMB_EU_000024,0.0,1.0,0.0,0.0,0.0,0.0,1.0,0.0,0.0,58.0,5843.38,7.43,35.0,166.95,1.0,8.0,0.0,0.0,2.0,0.107,0
SMB_EU_000025,0.0,0.0,0.0,1.0,0.0,0.0,1.0,0.0,0.0,43.0,4288.11,1.18,26.0,164.93,2.0,9.0,1.0,0.0,1.0,0.084,0
SMB_EU_000026,1.0,0.0,0.0,0.0,0.0,0.0,0.0,0.0,0.0,21.0,7595.33,8.07,30.0,253.18,3.0,6.0,3.0,0.0,1.0,0.053,0
SMB_EU_000027,0.0,0.0,0.0,0.0,0.0,0.0,0.0,1.0,0.0,60.0,4388.21,12.4,24.0,182.84,2.0,11.0,1.0,0.0,0.0,0.137,0
SMB_EU_000028,0.0,0.0,0.0,1.0,0.0,0.0,1.0,0.0,0.0,80.0,4381.36,6.28,47.0,93.22,2.0,11.0,0.0,0.0,1.0,0.1,0
SMB_EU_000029,0.0,0.0,1.0,0.0,0.0,0.0,0.0,1.0,0.0,50.0,13651.5,-59.36,48.0,284.41,4.0,9.0,0.0,0.0,2.0,0.044,0
SMB_EU_000030,0.0,0.0,0.0,0.0,0.0,0.0,1.0,0.0,0.0,19.0,9108.93,26.77,56.0,162.66,2.0,12.0,0.0,0.0,2.0,0.128,0
SMB_EU_000031,0.0,0.0,1.0,0.0,0.0,1.0,0.0,0.0,0.0,45.0,10748.81,3.69,47.0,228.7,4.0,10.0,1.0,1.0,1.0,0.208,0
SMB_EU_000032,0.0,0.0,0.0,0.0,0.0,0.0,0.0,0.0,0.0,50.0,12539.09,30.21,55.0,227.98,3.0,7.0,0.0,2.0,0.0,0.207,0
SMB_EU_000033,0.0,0.0,0.0,0.0,0.0,0.0,0.0,1.0,0.0,22.0,2522.67,2.81,27.0,93.43,2.0,7.0,0.0,1.0,1.0,0.228,0
SMB_EU_000034,0.0,0.0,0.0,0.0,1.0,0.0,1.0,0.0,0.0,80.0,3646.64,-3.68,45.0,81.04,1.0,9.0,1.0,0.0,1.0,0.143,0
SMB_EU_000035,0.0,0.0,0.0,0.0,1.0,1.0,0.0,0.0,0.0,56.0,3479.76,20.76,35.0,99.42,1.0,9.0,0.0,0.0,0.0,0.298,0
SMB_EU_000036,1.0,0.0,0.0,0.0,0.0,0.0,1.0,0.0,0.0,22.0,9854.78,4.52,34.0,289.85,2.0,11.0,1.0,2.0,0.0,0.073,0
SMB_EU_000037,0.0,1.0,0.0,0.0,0.0,0.0,0.0,1.0,0.0,19.0,6830.29,2.0,27.0,252.97,3.0,8.0,2.0,0.0,1.0,0.095,0
SMB_EU_000038,0.0,0.0,0.0,0.0,0.0,0.0,0.0,1.0,0.0,49.0,7180.4,-18.01,66.0,108.79,2.0,10.0,0.0,0.0,1.0,0.166,0
SMB_EU_000039,0.0,0.0,1.0,0.0,0.0,0.0,1.0,0.0,0.0,94.0,3274.74,9.9,15.0,218.32,3.0,10.0,1.0,0.0,1.0,0.179,0
SMB_EU_000040,0.0,0.0,0.0,1.0,0.0,0.0,0.0,1.0,0.0,9.0,4998.77,-7.4,23.0,217.34,3.0,11.0,1.0,0.0,2.0,0.041,0
SMB_EU_000041,0.0,0.0,0.0,0.0,0.0,1.0,0.0,0.0,0.0,36.0,3241.78,-6.72,40.0,81.04,1.0,9.0,0.0,0.0,0.0,0.093,0
SMB_EU_000042,0.0,0.0,0.0,1.0,0.0,0.0,1.0,0.0,0.0,45.0,10178.94,-7.36,58.0,175.5,3.0,8.0,2.0,1.0,2.0,0.01,0
SMB_EU_000043,0.0,0.0,0.0,0.0,0.0,0.0,0.0,0.0,0.0,58.0,19995.28,6.59,85.0,235.24,1.0,11.0,0.0,0.0,0.0,0.107,0
SMB_EU_000044,0.0,0.0,0.0,0.0,1.0,0.0,1.0,0.0,0.0,45.0,3959.58,-23.03,33.0,119.99,1.0,8.0,1.0,0.0,2.0,0.106,1
SMB_EU_000045,0.0,1.0,0.0,0.0,0.0,0.0,0.0,1.0,0.0,18.0,8937.5,-3.16,33.0,270.83,1.0,9.0,0.0,1.0,1.0,0.027,0
SMB_EU_000046,0.0,0.0,1.0,0.0,0.0,0.0,0.0,1.0,0.0,8.0,20342.89,-8.07,90.0,226.03,1.0,13.0,1.0,0.0,0.0,0.177,0
SMB_EU_000047,0.0,1.0,0.0,0.0,0.0,0.0,1.0,0.0,0.0,21.0,13201.67,-18.69,162.0,81.49,3.0,13.0,0.0,0.0,0.0,0.052,0
SMB_EU_000048,0.0,0.0,0.0,1.0,0.0,0.0,0.0,0.0,0.0,44.0,13603.81,2.59,51.0,266.74,2.0,8.0,1.0,0.0,2.0,0.084,0
SMB_EU_000049,0.0,0.0,1.0,0.0,0.0,0.0,0.0,1.0,0.0,17.0,4135.1,-9.47,49.0,84.39,2.0,12.0,2.0,0.0,0.0,0.12,0
SMB_EU_000050,0.0,0.0,0.0,0.0,0.0,0.0,0.0,0.0,1.0,63.0,7938.99,-6.06,29.0,273.76,3.0,10.0,0.0,0.0,0.0,0.085,0
SMB_EU_000051,0.0,0.0,0.0,0.0,1.0,0.0,0.0,0.0,0.0,24.0,9503.02,24.83,62.0,153.27,3.0,14.0,1.0,2.0,1.0,0.032,0
SMB_EU_000052,1.0,0.0,0.0,0.0,0.0,0.0,0.0,0.0,1.0,16.0,10471.57,-58.06,45.0,232.7,2.0,9.0,1.0,1.0,4.0,0.055,1
SMB_EU_000053,0.0,0.0,0.0,0.0,1.0,0.0,0.0,0.0,0.0,38.0,7575.9,11.48,30.0,252.53,3.0,10.0,1.0,1.0,2.0,0.039,0
SMB_EU_000054,0.0,0.0,0.0,0.0,1.0,0.0,0.0,0.0,0.0,22.0,4827.03,-7.17,34.0,141.97,2.0,10.0,2.0,0.0,2.0,0.042,0
SMB_EU_000055,0.0,0.0,1.0,0.0,0.0,0.0,0.0,1.0,0.0,19.0,5704.18,-7.91,36.0,158.45,3.0,9.0,0.0,0.0,1.0,0.139,0
SMB_EU_000056,0.0,0.0,0.0,0.0,1.0,0.0,0.0,0.0,0.0,86.0,15192.32,-16.67,79.0,192.31,3.0,11.0,0.0,0.0,2.0,0.054,0
SMB_EU_000057,0.0,0.0,0.0,0.0,0.0,0.0,0.0,0.0,0.0,17.0,10647.75,11.31,51.0,208.78,1.0,6.0,0.0,1.0,0.0,0.113,0
SMB_EU_000058,0.0,0.0,0.0,0.0,0.0,0.0,0.0,0.0,0.0,20.0,6947.85,-55.77,48.0,144.75,2.0,3.0,2.0,0.0,0.0,0.103,1
SMB_EU_000059,0.0,0.0,0.0,0.0,0.0,0.0,0.0,1.0,0.0,39.0,5949.36,-4.77,20.0,297.47,3.0,12.0,1.0,1.0,2.0,0.085,0
SMB_EU_000060,0.0,1.0,0.0,0.0,0.0,0.0,0.0,1.0,0.0,63.0,2760.28,-34.59,11.0,250.93,3.0,11.0,1.0,0.0,1.0,0.023,0
SMB_EU_000061,0.0,1.0,0.0,0.0,0.0,0.0,0.0,0.0,0.0,36.0,13800.21,-2.55,98.0,140.82,1.0,12.0,2.0,0.0,1.0,0.134,0
SMB_EU_000062,0.0,1.0,0.0,0.0,0.0,0.0,0.0,0.0,0.0,28.0,43251.56,-30.01,196.0,220.67,1.0,14.0,3.0,0.0,0.0,0.097,0
SMB_EU_000063,1.0,0.0,0.0,0.0,0.0,0.0,0.0,0.0,0.0,93.0,22170.53,-7.36,126.0,175.96,2.0,6.0,1.0,0.0,1.0,0.113,0
SMB_EU_000064,0.0,1.0,0.0,0.0,0.0,1.0,0.0,0.0,0.0,20.0,2638.68,13.43,10.0,263.87,1.0,12.0,1.0,1.0,1.0,0.156,0
SMB_EU_000065,0.0,1.0,0.0,0.0,0.0,0.0,1.0,0.0,0.0,20.0,3723.0,-22.6,24.0,155.13,1.0,12.0,3.0,0.0,1.0,0.098,0
SMB_EU_000066,0.0,0.0,1.0,0.0,0.0,0.0,0.0,1.0,0.0,17.0,5476.85,-16.35,45.0,121.71,1.0,10.0,2.0,0.0,0.0,0.015,0
SMB_EU_000067,0.0,0.0,0.0,0.0,0.0,0.0,0.0,0.0,0.0,35.0,6572.26,-51.39,73.0,90.03,1.0,7.0,0.0,1.0,1.0,0.105,1
SMB_EU_000068,1.0,0.0,0.0,0.0,0.0,0.0,0.0,0.0,0.0,13.0,4513.24,-10.88,15.0,300.88,2.0,13.0,0.0,0.0,0.0,0.05,0
SMB_EU_000069,0.0,0.0,0.0,0.0,0.0,0.0,1.0,0.0,0.0,10.0,11010.67,-0.42,69.0,159.57,3.0,9.0,1.0,0.0,3.0,0.098,0
SMB_EU_000070,0.0,0.0,0.0,0.0,1.0,0.0,1.0,0.0,0.0,20.0,9698.81,-16.4,75.0,129.32,1.0,17.0,2.0,1.0,2.0,0.1,1
SMB_EU_000071,1.0,0.0,0.0,0.0,0.0,0.0,0.0,0.0,1.0,6.0,11793.91,-29.67,63.0,187.2,2.0,12.0,1.0,0.0,0.0,0.091,0
SMB_EU_000072,0.0,0.0,0.0,0.0,0.0,0.0,0.0,0.0,0.0,32.0,17564.35,-0.72,122.0,143.97,2.0,10.0,3.0,0.0,1.0,0.019,0
SMB_EU_000073,0.0,0.0,0.0,0.0,0.0,0.0,1.0,0.0,0.0,35.0,7692.57,-41.35,59.0,130.38,3.0,8.0,0.0,0.0,1.0,0.026,0
SMB_EU_000074,1.0,0.0,0.0,0.0,0.0,0.0,0.0,0.0,0.0,39.0,10081.85,18.67,47.0,214.51,2.0,10.0,1.0,0.0,0.0,0.128,0
SMB_EU_000075,1.0,0.0,0.0,0.0,0.0,0.0,0.0,0.0,0.0,47.0,20444.85,-3.92,212.0,96.44,1.0,11.0,0.0,0.0,1.0,0.053,0
SMB_EU_000076,1.0,0.0,0.0,0.0,0.0,0.0,1.0,0.0,0.0,21.0,20032.81,28.32,104.0,192.62,4.0,14.0,1.0,1.0,2.0,0.119,0
SMB_EU_000077,1.0,0.0,0.0,0.0,0.0,0.0,0.0,0.0,0.0,58.0,11104.08,-26.78,67.0,165.73,3.0,7.0,1.0,0.0,0.0,0.031,0
SMB_EU_000078,0.0,0.0,0.0,0.0,0.0,0.0,0.0,0.0,0.0,54.0,8130.37,-42.03,41.0,198.3,2.0,12.0,2.0,1.0,3.0,0.181,1
SMB_EU_000079,0.0,1.0,0.0,0.0,0.0,1.0,0.0,0.0,0.0,12.0,3036.45,28.97,20.0,151.82,1.0,12.0,2.0,2.0,1.0,0.02,0
SMB_EU_000080,0.0,0.0,0.0,0.0,0.0,0.0,0.0,0.0,0.0,25.0,8917.47,2.09,43.0,207.38,1.0,10.0,1.0,1.0,0.0,0.173,0
SMB_EU_000081,0.0,0.0,0.0,0.0,1.0,0.0,0.0,0.0,0.0,3.0,16938.84,-20.6,173.0,97.91,1.0,6.0,1.0,0.0,1.0,0.098,0
SMB_EU_000082,0.0,0.0,1.0,0.0,0.0,0.0,0.0,0.0,1.0,59.0,2492.9,1.36,15.0,166.19,1.0,10.0,2.0,0.0,0.0,0.066,0
SMB_EU_000083,0.0,1.0,0.0,0.0,0.0,0.0,0.0,0.0,0.0,46.0,19522.2,-9.17,148.0,131.91,1.0,11.0,0.0,1.0,1.0,0.083,0
SMB_EU_000084,0.0,0.0,0.0,0.0,0.0,0.0,0.0,0.0,0.0,67.0,22073.95,-28.38,125.0,176.59,1.0,10.0,1.0,0.0,0.0,0.026,0
SMB_EU_000085,0.0,1.0,0.0,0.0,0.0,0.0,1.0,0.0,0.0,7.0,2719.9,29.77,16.0,169.99,1.0,10.0,0.0,0.0,0.0,0.063,0
SMB_EU_000086,0.0,1.0,0.0,0.0,0.0,0.0,0.0,0.0,0.0,37.0,8335.65,-18.34,38.0,219.36,3.0,6.0,0.0,1.0,1.0,0.084,0
SMB_EU_000087,1.0,0.0,0.0,0.0,0.0,0.0,0.0,1.0,0.0,18.0,5244.85,4.51,24.0,218.54,3.0,11.0,0.0,2.0,1.0,0.063,0
SMB_EU_000088,0.0,0.0,1.0,0.0,0.0,0.0,1.0,0.0,0.0,4.0,7340.15,-13.17,43.0,170.7,1.0,13.0,0.0,1.0,0.0,0.02,0
SMB_EU_000089,0.0,0.0,0.0,0.0,1.0,0.0,0.0,1.0,0.0,51.0,6829.29,-4.61,57.0,119.81,4.0,10.0,0.0,1.0,0.0,0.059,0
SMB_EU_000090,0.0,0.0,0.0,1.0,0.0,0.0,1.0,0.0,0.0,10.0,7350.43,-44.46,35.0,210.01,3.0,12.0,2.0,2.0,0.0,0.107,0
SMB_EU_000091,0.0,0.0,0.0,0.0,0.0,0.0,0.0,0.0,0.0,34.0,32037.65,4.77,109.0,293.92,1.0,9.0,1.0,0.0,3.0,0.207,0
SMB_EU_000092,1.0,0.0,0.0,0.0,0.0,0.0,0.0,1.0,0.0,18.0,4123.64,-3.38,34.0,121.28,1.0,12.0,1.0,1.0,0.0,0.061,0
SMB_EU_000093,1.0,0.0,0.0,0.0,0.0,0.0,0.0,0.0,0.0,30.0,8316.41,-9.75,87.0,95.59,1.0,12.0,0.0,3.0,1.0,0.039,0
SMB_EU_000094,0.0,0.0,1.0,0.0,0.0,1.0,0.0,0.0,0.0,47.0,3169.88,4.74,23.0,137.82,3.0,5.0,3.0,0.0,1.0,0.075,0
SMB_EU_000095,1.0,0.0,0.0,0.0,0.0,0.0,1.0,0.0,0.0,30.0,12437.58,25.62,73.0,170.38,1.0,7.0,2.0,1.0,1.0,0.166,0
SMB_EU_000096,0.0,0.0,0.0,1.0,0.0,0.0,0.0,1.0,0.0,13.0,5089.66,-13.52,35.0,145.42,1.0,4.0,0.0,0.0,0.0,0.204,0
SMB_EU_000097,0.0,0.0,0.0,1.0,0.0,0.0,1.0,0.0,0.0,88.0,11700.96,28.67,44.0,265.93,2.0,15.0,2.0,0.0,1.0,0.076,0
SMB_EU_000098,0.0,0.0,0.0,1.0,0.0,0.0,0.0,1.0,0.0,21.0,7223.3,17.99,38.0,190.09,3.0,8.0,2.0,0.0,0.0,0.068,0
SMB_EU_000099,0.0,0.0,0.0,0.0,0.0,0.0,1.0,0.0,0.0,15.0,2381.03,20.54,18.0,132.28,1.0,9.0,0.0,0.0,1.0,0.167,0
SMB_EU_000100,0.0,0.0,0.0,0.0,0.0,0.0,0.0,1.0,0.0,25.0,2522.85,-29.92,9.0,280.32,2.0,15.0,2.0,0.0,3.0,0.074,1
SMB_EU_000101,0.0,0.0,0.0,0.0,0.0,0.0,0.0,0.0,0.0,7.0,8130.93,17.57,76.0,106.99,1.0,11.0,0.0,0.0,0.0,0.07,0
SMB_EU_000102,0.0,0.0,1.0,0.0,0.0,0.0,0.0,1.0,0.0,16.0,3064.24,-60.11,29.0,105.66,2.0,9.0,1.0,0.0,0.0,0.041,0
SMB_EU_000103,0.0,1.0,0.0,0.0,0.0,0.0,0.0,0.0,0.0,22.0,11656.19,-63.88,87.0,133.98,2.0,11.0,0.0,1.0,1.0,0.087,1
SMB_EU_000104,0.0,0.0,0.0,1.0,0.0,0.0,0.0,0.0,1.0,32.0,16390.7,11.49,169.0,96.99,2.0,9.0,0.0,0.0,0.0,0.033,0
SMB_EU_000105,0.0,0.0,0.0,0.0,1.0,0.0,1.0,0.0,0.0,27.0,16420.51,-15.97,67.0,245.08,2.0,7.0,0.0,0.0,1.0,0.175,0
SMB_EU_000106,0.0,1.0,0.0,0.0,0.0,0.0,1.0,0.0,0.0,37.0,6710.73,-2.23,45.0,149.13,1.0,10.0,3.0,0.0,1.0,0.008,0
SMB_EU_000107,0.0,1.0,0.0,0.0,0.0,0.0,0.0,0.0,0.0,26.0,12900.7,-37.54,54.0,238.9,1.0,7.0,0.0,0.0,1.0,0.044,0
SMB_EU_000108,1.0,0.0,0.0,0.0,0.0,0.0,1.0,0.0,0.0,54.0,5239.27,-37.16,21.0,249.49,1.0,11.0,1.0,0.0,2.0,0.193,1
SMB_EU_000109,0.0,1.0,0.0,0.0,0.0,0.0,1.0,0.0,0.0,41.0,8439.76,-17.61,64.0,131.87,1.0,9.0,1.0,0.0,0.0,0.043,0
SMB_EU_000110,0.0,0.0,0.0,0.0,0.0,0.0,0.0,0.0,1.0,35.0,10162.83,7.4,52.0,195.44,1.0,15.0,2.0,0.0,2.0,0.115,0
SMB_EU_000111,0.0,1.0,0.0,0.0,0.0,0.0,0.0,0.0,1.0,60.0,14601.29,-2.87,75.0,194.68,1.0,11.0,2.0,1.0,2.0,0.072,0
SMB_EU_000112,0.0,0.0,0.0,0.0,0.0,0.0,0.0,0.0,0.0,60.0,24218.42,-9.42,89.0,272.12,2.0,9.0,1.0,0.0,1.0,0.035,0
SMB_EU_000113,0.0,0.0,0.0,0.0,1.0,0.0,0.0,0.0,1.0,29.0,2261.33,39.64,26.0,86.97,1.0,15.0,1.0,1.0,1.0,0.058,0
SMB_EU_000114,1.0,0.0,0.0,0.0,0.0,0.0,0.0,0.0,0.0,20.0,13688.05,15.57,91.0,150.42,4.0,9.0,1.0,0.0,1.0,0.037,0
SMB_EU_000115,0.0,0.0,1.0,0.0,0.0,0.0,0.0,0.0,0.0,31.0,34415.61,15.84,126.0,273.14,3.0,11.0,0.0,0.0,0.0,0.084,0
SMB_EU_000116,0.0,0.0,0.0,0.0,1.0,0.0,0.0,1.0,0.0,24.0,3844.21,33.03,29.0,132.56,1.0,15.0,2.0,0.0,2.0,0.23,0
SMB_EU_000117,1.0,0.0,0.0,0.0,0.0,1.0,0.0,0.0,0.0,19.0,11885.33,12.03,108.0,110.05,2.0,7.0,1.0,0.0,2.0,0.091,0
SMB_EU_000118,0.0,0.0,0.0,0.0,0.0,0.0,0.0,0.0,1.0,30.0,7488.39,-11.56,36.0,208.01,4.0,11.0,0.0,0.0,2.0,0.101,0
SMB_EU_000119,0.0,0.0,0.0,0.0,1.0,0.0,0.0,0.0,0.0,34.0,16659.89,-69.65,113.0,147.43,2.0,10.0,1.0,1.0,1.0,0.053,1
SMB_EU_000120,0.0,0.0,0.0,1.0,0.0,1.0,0.0,0.0,0.0,40.0,3033.22,14.47,17.0,178.42,3.0,12.0,0.0,2.0,2.0,0.105,0
SMB_EU_000121,1.0,0.0,0.0,0.0,0.0,0.0,1.0,0.0,0.0,66.0,4136.68,-30.89,16.0,258.54,3.0,11.0,2.0,0.0,4.0,0.074,0
SMB_EU_000122,0.0,0.0,0.0,0.0,1.0,0.0,1.0,0.0,0.0,32.0,12363.35,-1.17,64.0,193.18,4.0,10.0,2.0,2.0,0.0,0.102,0
SMB_EU_000123,0.0,1.0,0.0,0.0,0.0,0.0,1.0,0.0,0.0,26.0,13579.11,-32.57,70.0,193.99,1.0,12.0,0.0,0.0,1.0,0.142,0
SMB_EU_000124,0.0,0.0,0.0,0.0,0.0,0.0,0.0,0.0,1.0,50.0,9143.85,1.48,65.0,140.67,1.0,9.0,2.0,0.0,3.0,0.037,0
SMB_EU_000125,0.0,1.0,0.0,0.0,0.0,0.0,0.0,1.0,0.0,14.0,2393.9,12.81,9.0,265.99,1.0,7.0,0.0,0.0,2.0,0.002,0
SMB_EU_000126,0.0,0.0,0.0,1.0,0.0,0.0,0.0,1.0,0.0,6.0,5133.16,4.19,21.0,244.44,2.0,7.0,1.0,0.0,3.0,0.027,0
SMB_EU_000127,1.0,0.0,0.0,0.0,0.0,0.0,0.0,0.0,0.0,37.0,31893.15,14.07,243.0,131.25,2.0,11.0,2.0,0.0,1.0,0.161,0
SMB_EU_000128,0.0,0.0,0.0,0.0,1.0,0.0,0.0,0.0,0.0,21.0,42681.69,29.47,284.0,150.29,1.0,9.0,2.0,0.0,0.0,0.119,0
SMB_EU_000129,0.0,0.0,0.0,0.0,0.0,0.0,1.0,0.0,0.0,22.0,6615.51,-2.15,26.0,254.44,1.0,9.0,0.0,1.0,2.0,0.137,0
SMB_EU_000130,0.0,0.0,0.0,1.0,0.0,0.0,0.0,0.0,0.0,14.0,5540.75,42.11,35.0,158.31,3.0,7.0,0.0,0.0,0.0,0.022,0
SMB_EU_000131,0.0,1.0,0.0,0.0,0.0,0.0,0.0,0.0,0.0,57.0,24835.36,3.19,147.0,168.95,1.0,7.0,0.0,1.0,2.0,0.208,0
SMB_EU_000132,0.0,1.0,0.0,0.0,0.0,0.0,0.0,1.0,0.0,7.0,4237.02,14.24,26.0,162.96,2.0,3.0,1.0,1.0,3.0,0.042,1
SMB_EU_000133,0.0,0.0,0.0,0.0,0.0,0.0,0.0,0.0,0.0,39.0,26413.48,-9.17,229.0,115.34,3.0,10.0,1.0,1.0,1.0,0.082,0
SMB_EU_000134,0.0,1.0,0.0,0.0,0.0,0.0,1.0,0.0,0.0,26.0,9469.58,24.29,61.0,155.24,2.0,12.0,0.0,1.0,2.0,0.038,0
SMB_EU_000135,0.0,0.0,0.0,0.0,1.0,0.0,1.0,0.0,0.0,69.0,4708.53,15.63,18.0,261.58,1.0,9.0,2.0,0.0,0.0,0.057,0
SMB_EU_000136,0.0,1.0,0.0,0.0,0.0,0.0,1.0,0.0,0.0,50.0,8284.52,22.07,44.0,188.28,3.0,8.0,0.0,0.0,2.0,0.05,0
SMB_EU_000137,0.0,0.0,0.0,1.0,0.0,0.0,0.0,0.0,0.0,11.0,32886.2,0.82,182.0,180.69,1.0,12.0,1.0,1.0,1.0,0.153,0
SMB_EU_000138,1.0,0.0,0.0,0.0,0.0,0.0,0.0,0.0,1.0,41.0,8229.56,-18.83,72.0,114.3,3.0,7.0,1.0,1.0,2.0,0.094,0
SMB_EU_000139,0.0,1.0,0.0,0.0,0.0,1.0,0.0,0.0,0.0,36.0,3224.82,6.91,27.0,119.44,3.0,15.0,0.0,1.0,3.0,0.023,0
SMB_EU_000140,0.0,0.0,0.0,0.0,1.0,0.0,0.0,1.0,0.0,25.0,1927.55,-25.46,22.0,87.62,2.0,9.0,0.0,0.0,1.0,0.056,0
SMB_EU_000141,0.0,0.0,0.0,0.0,1.0,0.0,0.0,0.0,0.0,39.0,9438.07,-5.04,114.0,82.79,2.0,13.0,2.0,0.0,2.0,0.159,0
SMB_EU_000142,0.0,1.0,0.0,0.0,0.0,0.0,0.0,0.0,0.0,16.0,11727.87,2.87,63.0,186.16,2.0,14.0,0.0,0.0,2.0,0.153,0
SMB_EU_000143,0.0,0.0,0.0,1.0,0.0,0.0,1.0,0.0,0.0,28.0,13084.67,35.66,77.0,169.93,3.0,15.0,1.0,0.0,0.0,0.102,0
SMB_EU_000144,0.0,1.0,0.0,0.0,0.0,0.0,0.0,1.0,0.0,27.0,2552.13,4.78,18.0,141.79,1.0,8.0,0.0,0.0,3.0,0.029,0
SMB_EU_000145,0.0,1.0,0.0,0.0,0.0,0.0,0.0,1.0,0.0,14.0,12701.11,2.09,43.0,295.37,2.0,6.0,0.0,1.0,0.0,0.125,0
SMB_EU_000146,0.0,0.0,0.0,0.0,0.0,0.0,1.0,0.0,0.0,21.0,3586.4,-0.95,21.0,170.78,1.0,10.0,0.0,2.0,2.0,0.057,0
SMB_EU_000147,0.0,0.0,1.0,0.0,0.0,0.0,0.0,0.0,0.0,18.0,60760.62,-20.13,240.0,253.17,4.0,15.0,2.0,0.0,1.0,0.095,0
SMB_EU_000148,0.0,0.0,0.0,1.0,0.0,0.0,0.0,0.0,0.0,34.0,42239.73,1.29,334.0,126.47,4.0,6.0,0.0,0.0,1.0,0.147,0
SMB_EU_000149,0.0,0.0,0.0,0.0,0.0,1.0,0.0,0.0,0.0,59.0,6530.34,1.54,49.0,133.27,3.0,10.0,0.0,0.0,0.0,0.176,0
SMB_EU_000150,0.0,1.0,0.0,0.0,0.0,0.0,0.0,0.0,1.0,9.0,3348.82,-14.53,16.0,209.3,2.0,11.0,0.0,0.0,2.0,0.023,0
SMB_EU_000151,0.0,0.0,0.0,0.0,1.0,1.0,0.0,0.0,0.0,35.0,5803.75,-17.8,72.0,80.61,1.0,3.0,1.0,0.0,1.0,0.04,1
SMB_EU_000152,0.0,1.0,0.0,0.0,0.0,0.0,0.0,0.0,0.0,18.0,11892.95,-7.22,142.0,83.75,2.0,10.0,0.0,1.0,1.0,0.119,0
SMB_EU_000153,0.0,0.0,0.0,0.0,0.0,0.0,1.0,0.0,0.0,48.0,3724.26,-34.55,33.0,112.86,3.0,17.0,1.0,0.0,0.0,0.116,0
SMB_EU_000154,0.0,0.0,0.0,1.0,0.0,0.0,1.0,0.0,0.0,35.0,9526.21,-6.86,74.0,128.73,2.0,12.0,2.0,1.0,1.0,0.03,0
SMB_EU_000155,0.0,0.0,0.0,0.0,1.0,0.0,1.0,0.0,0.0,7.0,4880.54,-64.02,25.0,195.22,2.0,11.0,0.0,2.0,1.0,0.137,1
SMB_EU_000156,0.0,1.0,0.0,0.0,0.0,0.0,1.0,0.0,0.0,30.0,5209.57,-21.26,23.0,226.5,3.0,8.0,0.0,0.0,2.0,0.143,0
SMB_EU_000157,0.0,0.0,1.0,0.0,0.0,0.0,0.0,1.0,0.0,24.0,4424.83,8.08,30.0,147.49,1.0,10.0,1.0,0.0,2.0,0.04,0
SMB_EU_000158,1.0,0.0,0.0,0.0,0.0,0.0,0.0,1.0,0.0,10.0,3541.3,1.82,27.0,131.16,3.0,7.0,1.0,0.0,0.0,0.045,1
SMB_EU_000159,0.0,1.0,0.0,0.0,0.0,0.0,1.0,0.0,0.0,18.0,27836.15,-8.44,107.0,260.15,2.0,9.0,0.0,0.0,2.0,0.057,0
SMB_EU_000160,1.0,0.0,0.0,0.0,0.0,0.0,0.0,1.0,0.0,29.0,3625.56,8.92,31.0,116.95,1.0,14.0,2.0,1.0,2.0,0.104,0
SMB_EU_000161,0.0,1.0,0.0,0.0,0.0,0.0,1.0,0.0,0.0,18.0,10422.53,-2.86,45.0,231.61,3.0,8.0,0.0,0.0,1.0,0.131,0
SMB_EU_000162,0.0,0.0,1.0,0.0,0.0,0.0,0.0,0.0,0.0,52.0,16368.58,-17.84,57.0,287.17,4.0,8.0,1.0,0.0,1.0,0.09,0
SMB_EU_000163,0.0,0.0,1.0,0.0,0.0,0.0,1.0,0.0,0.0,24.0,9885.72,15.54,75.0,131.81,2.0,7.0,2.0,1.0,2.0,0.09,0
SMB_EU_000164,0.0,0.0,0.0,1.0,0.0,0.0,0.0,0.0,0.0,17.0,19404.47,5.3,196.0,99.0,2.0,14.0,0.0,0.0,0.0,0.006,0
SMB_EU_000165,0.0,0.0,0.0,0.0,0.0,0.0,0.0,0.0,0.0,30.0,25453.85,-1.79,86.0,295.98,3.0,15.0,1.0,2.0,2.0,0.083,0
SMB_EU_000166,1.0,0.0,0.0,0.0,0.0,0.0,0.0,0.0,0.0,33.0,17600.33,-23.57,126.0,139.69,4.0,10.0,1.0,0.0,0.0,0.135,0
SMB_EU_000167,0.0,1.0,0.0,0.0,0.0,0.0,0.0,0.0,0.0,48.0,17166.98,-11.17,122.0,140.71,4.0,8.0,0.0,1.0,0.0,0.037,0
SMB_EU_000168,0.0,0.0,0.0,0.0,0.0,0.0,0.0,0.0,1.0,27.0,9321.38,-16.86,50.0,186.43,1.0,8.0,2.0,1.0,3.0,0.103,0
SMB_EU_000169,0.0,0.0,0.0,0.0,0.0,0.0,1.0,0.0,0.0,32.0,7362.44,-45.55,56.0,131.47,2.0,10.0,0.0,0.0,1.0,0.1,0
SMB_EU_000170,0.0,0.0,1.0,0.0,0.0,0.0,1.0,0.0,0.0,21.0,4629.1,-52.46,16.0,289.32,3.0,10.0,0.0,0.0,2.0,0.101,1
SMB_EU_000171,0.0,0.0,1.0,0.0,0.0,0.0,1.0,0.0,0.0,70.0,7713.1,-0.25,86.0,89.69,2.0,7.0,2.0,0.0,0.0,0.089,0
SMB_EU_000172,0.0,0.0,0.0,0.0,0.0,1.0,0.0,0.0,0.0,35.0,6934.58,4.81,39.0,177.81,2.0,10.0,0.0,0.0,4.0,0.103,0
SMB_EU_000173,0.0,0.0,0.0,1.0,0.0,0.0,1.0,0.0,0.0,29.0,10183.21,-22.46,51.0,199.67,2.0,11.0,0.0,0.0,0.0,0.133,1
SMB_EU_000174,0.0,1.0,0.0,0.0,0.0,0.0,0.0,1.0,0.0,18.0,5571.19,2.61,30.0,185.71,2.0,10.0,0.0,0.0,2.0,0.073,0
SMB_EU_000175,0.0,0.0,1.0,0.0,0.0,0.0,0.0,0.0,0.0,52.0,13043.33,-25.29,67.0,194.68,1.0,14.0,1.0,0.0,1.0,0.051,0
SMB_EU_000176,0.0,0.0,0.0,0.0,0.0,0.0,0.0,0.0,0.0,6.0,14494.98,1.46,49.0,295.82,1.0,5.0,2.0,0.0,1.0,0.22,0
SMB_EU_000177,0.0,0.0,1.0,0.0,0.0,1.0,0.0,0.0,0.0,30.0,4304.12,-9.79,16.0,269.01,2.0,7.0,0.0,0.0,1.0,0.062,0
SMB_EU_000178,0.0,1.0,0.0,0.0,0.0,0.0,1.0,0.0,0.0,16.0,9654.03,-12.99,65.0,148.52,2.0,7.0,1.0,1.0,0.0,0.08,1
SMB_EU_000179,0.0,0.0,0.0,0.0,1.0,0.0,1.0,0.0,0.0,45.0,7005.98,12.52,35.0,200.17,4.0,10.0,0.0,0.0,1.0,0.025,0
SMB_EU_000180,0.0,0.0,0.0,0.0,0.0,0.0,0.0,0.0,0.0,33.0,16716.34,-3.53,209.0,79.98,1.0,7.0,1.0,0.0,0.0,0.069,0
SMB_EU_000181,0.0,1.0,0.0,0.0,0.0,1.0,0.0,0.0,0.0,30.0,10937.98,7.11,64.0,170.91,1.0,12.0,0.0,0.0,2.0,0.041,0
SMB_EU_000182,0.0,0.0,0.0,0.0,0.0,0.0,1.0,0.0,0.0,12.0,5226.94,7.6,45.0,116.15,4.0,12.0,2.0,0.0,1.0,0.078,0
SMB_EU_000183,0.0,0.0,0.0,0.0,1.0,0.0,1.0,0.0,0.0,25.0,11443.92,19.05,48.0,238.42,2.0,12.0,0.0,0.0,1.0,0.052,0
SMB_EU_000184,0.0,0.0,0.0,0.0,1.0,0.0,0.0,0.0,1.0,34.0,9181.13,-51.08,71.0,129.31,1.0,11.0,1.0,1.0,0.0,0.059,0
SMB_EU_000185,0.0,1.0,0.0,0.0,0.0,0.0,1.0,0.0,0.0,48.0,26900.85,-24.85,110.0,244.55,3.0,14.0,0.0,0.0,1.0,0.217,0
SMB_EU_000186,0.0,0.0,1.0,0.0,0.0,0.0,0.0,1.0,0.0,37.0,4391.44,-26.4,29.0,151.43,3.0,6.0,0.0,0.0,0.0,0.054,1
SMB_EU_000187,1.0,0.0,0.0,0.0,0.0,0.0,0.0,1.0,0.0,45.0,7587.76,-5.67,27.0,281.03,2.0,10.0,2.0,0.0,1.0,0.045,0
SMB_EU_000188,0.0,0.0,1.0,0.0,0.0,0.0,0.0,0.0,0.0,8.0,15138.82,-17.24,85.0,178.1,4.0,13.0,0.0,1.0,2.0,0.061,0
SMB_EU_000189,0.0,0.0,0.0,1.0,0.0,0.0,1.0,0.0,0.0,29.0,3478.0,9.1,13.0,267.54,1.0,5.0,0.0,0.0,2.0,0.091,0
SMB_EU_000190,0.0,1.0,0.0,0.0,0.0,0.0,1.0,0.0,0.0,50.0,5853.43,-13.83,27.0,216.79,2.0,9.0,2.0,0.0,1.0,0.036,0
SMB_EU_000191,0.0,0.0,0.0,0.0,0.0,1.0,0.0,0.0,0.0,3.0,10176.1,7.77,34.0,299.3,3.0,5.0,0.0,0.0,2.0,0.053,0
SMB_EU_000192,0.0,0.0,0.0,0.0,1.0,1.0,0.0,0.0,0.0,22.0,4628.08,-16.2,19.0,243.58,2.0,8.0,0.0,0.0,1.0,0.17,0
SMB_EU_000193,0.0,0.0,0.0,0.0,1.0,0.0,0.0,1.0,0.0,34.0,1319.54,14.7,5.0,263.91,4.0,9.0,0.0,2.0,2.0,0.062,0
SMB_EU_000194,0.0,0.0,1.0,0.0,0.0,0.0,0.0,0.0,1.0,54.0,8832.01,20.87,64.0,138.0,1.0,9.0,0.0,0.0,2.0,0.027,0
SMB_EU_000195,0.0,1.0,0.0,0.0,0.0,1.0,0.0,0.0,0.0,28.0,3115.4,-10.79,16.0,194.71,1.0,7.0,1.0,0.0,0.0,0.142,0
SMB_EU_000196,0.0,1.0,0.0,0.0,0.0,0.0,1.0,0.0,0.0,26.0,8658.42,11.44,60.0,144.31,2.0,11.0,1.0,0.0,2.0,0.204,0
SMB_EU_000197,1.0,0.0,0.0,0.0,0.0,0.0,1.0,0.0,0.0,32.0,20290.03,-50.67,241.0,84.19,3.0,8.0,1.0,0.0,3.0,0.134,0
SMB_EU_000198,0.0,0.0,0.0,0.0,1.0,0.0,0.0,1.0,0.0,34.0,7933.64,-38.84,34.0,233.34,1.0,6.0,0.0,1.0,1.0,0.117,0
SMB_EU_000199,0.0,0.0,0.0,0.0,1.0,0.0,1.0,0.0,0.0,14.0,20114.38,26.12,153.0,131.47,1.0,8.0,0.0,2.0,0.0,0.129,0
SMB_EU_000200,1.0,0.0,0.0,0.0,0.0,0.0,1.0,0.0,0.0,18.0,5711.8,-9.12,34.0,167.99,4.0,6.0,1.0,1.0,3.0,0.119,0
SMB_EU_000201,0.0,0.0,1.0,0.0,0.0,0.0,0.0,1.0,0.0,5.0,4588.43,16.67,32.0,143.39,4.0,19.0,2.0,0.0,2.0,0.038,0
SMB_EU_000202,0.0,0.0,0.0,0.0,0.0,0.0,0.0,0.0,0.0,16.0,8015.59,15.23,65.0,123.32,1.0,7.0,1.0,1.0,1.0,0.183,0
SMB_EU_000203,0.0,0.0,0.0,0.0,0.0,0.0,0.0,0.0,1.0,11.0,5970.31,16.12,63.0,94.77,2.0,12.0,0.0,0.0,1.0,0.004,0
SMB_EU_000204,0.0,0.0,0.0,0.0,1.0,1.0,0.0,0.0,0.0,13.0,3440.54,-19.01,22.0,156.39,2.0,13.0,0.0,0.0,1.0,0.079,0
SMB_EU_000205,0.0,0.0,1.0,0.0,0.0,0.0,1.0,0.0,0.0,93.0,3652.49,7.88,37.0,98.72,3.0,8.0,0.0,2.0,0.0,0.058,0
SMB_EU_000206,0.0,0.0,0.0,0.0,0.0,0.0,0.0,0.0,1.0,52.0,20424.57,-2.35,103.0,198.3,2.0,15.0,3.0,2.0,0.0,0.167,0
SMB_EU_000207,0.0,0.0,0.0,0.0,0.0,0.0,0.0,0.0,0.0,11.0,4275.38,16.33,51.0,83.83,3.0,22.0,1.0,0.0,1.0,0.479,0
SMB_EU_000208,0.0,0.0,1.0,0.0,0.0,0.0,0.0,0.0,0.0,9.0,34128.52,-70.91,119.0,286.79,4.0,12.0,1.0,0.0,1.0,0.119,1
SMB_EU_000209,0.0,0.0,0.0,0.0,0.0,0.0,0.0,0.0,0.0,17.0,31680.0,5.52,108.0,293.33,2.0,16.0,1.0,0.0,1.0,0.044,0
SMB_EU_000210,0.0,0.0,0.0,0.0,0.0,0.0,1.0,0.0,0.0,9.0,10797.53,3.4,73.0,147.91,1.0,8.0,1.0,0.0,1.0,0.111,0
SMB_EU_000211,0.0,0.0,1.0,0.0,0.0,0.0,0.0,0.0,0.0,32.0,7685.58,-29.85,56.0,137.24,2.0,21.0,0.0,1.0,2.0,0.067,0
SMB_EU_000212,0.0,0.0,1.0,0.0,0.0,0.0,1.0,0.0,0.0,31.0,3096.08,-13.28,30.0,103.2,3.0,11.0,4.0,1.0,1.0,0.081,0
SMB_EU_000213,0.0,0.0,1.0,0.0,0.0,0.0,0.0,0.0,0.0,13.0,10794.19,-27.45,39.0,276.77,2.0,12.0,0.0,0.0,0.0,0.192,0
SMB_EU_000214,0.0,1.0,0.0,0.0,0.0,0.0,0.0,0.0,0.0,42.0,21826.45,-38.05,104.0,209.87,4.0,13.0,0.0,0.0,2.0,0.026,0
SMB_EU_000215,1.0,0.0,0.0,0.0,0.0,0.0,0.0,1.0,0.0,42.0,5009.2,8.24,23.0,217.79,4.0,6.0,0.0,1.0,0.0,0.02,0
SMB_EU_000216,0.0,1.0,0.0,0.0,0.0,0.0,0.0,1.0,0.0,16.0,2673.37,2.93,10.0,267.34,2.0,9.0,1.0,0.0,2.0,0.076,0
SMB_EU_000217,0.0,1.0,0.0,0.0,0.0,0.0,1.0,0.0,0.0,13.0,15932.55,2.54,57.0,279.52,2.0,10.0,0.0,1.0,2.0,0.077,0
SMB_EU_000218,1.0,0.0,0.0,0.0,0.0,0.0,0.0,0.0,0.0,19.0,41209.97,-69.68,157.0,262.48,3.0,6.0,1.0,1.0,1.0,0.13,1
SMB_EU_000219,0.0,0.0,1.0,0.0,0.0,0.0,0.0,0.0,0.0,38.0,13093.17,16.81,52.0,251.79,1.0,9.0,1.0,1.0,3.0,0.183,0
SMB_EU_000220,0.0,0.0,0.0,0.0,1.0,0.0,1.0,0.0,0.0,88.0,8542.41,-0.28,31.0,275.56,2.0,16.0,4.0,0.0,0.0,0.069,0
SMB_EU_000221,0.0,0.0,1.0,0.0,0.0,0.0,0.0,1.0,0.0,38.0,2022.08,0.51,7.0,288.87,1.0,13.0,0.0,0.0,2.0,0.069,0
SMB_EU_000222,0.0,0.0,1.0,0.0,0.0,0.0,0.0,1.0,0.0,11.0,3899.33,14.11,24.0,162.47,3.0,14.0,2.0,1.0,1.0,0.027,0
SMB_EU_000223,0.0,0.0,0.0,0.0,0.0,0.0,1.0,0.0,0.0,33.0,10866.73,-14.87,37.0,293.7,4.0,10.0,1.0,0.0,2.0,0.081,0
SMB_EU_000224,0.0,1.0,0.0,0.0,0.0,0.0,0.0,0.0,0.0,28.0,18559.17,-46.14,79.0,234.93,1.0,4.0,1.0,0.0,2.0,0.103,1
SMB_EU_000225,0.0,1.0,0.0,0.0,0.0,0.0,1.0,0.0,0.0,27.0,5899.34,6.35,37.0,159.44,3.0,9.0,3.0,1.0,1.0,0.05,0
SMB_EU_000226,0.0,1.0,0.0,0.0,0.0,1.0,0.0,0.0,0.0,9.0,5089.67,-8.18,29.0,175.51,2.0,6.0,1.0,0.0,0.0,0.026,0
SMB_EU_000227,0.0,0.0,0.0,0.0,1.0,0.0,1.0,0.0,0.0,33.0,6117.26,9.79,26.0,235.28,3.0,7.0,0.0,0.0,0.0,0.274,0
SMB_EU_000228,0.0,1.0,0.0,0.0,0.0,0.0,0.0,0.0,1.0,26.0,7615.2,7.16,48.0,158.65,3.0,15.0,3.0,2.0,1.0,0.206,0
SMB_EU_000229,0.0,0.0,0.0,0.0,1.0,0.0,0.0,1.0,0.0,10.0,6445.48,-1.52,25.0,257.82,1.0,7.0,0.0,0.0,0.0,0.059,0
SMB_EU_000230,0.0,0.0,1.0,0.0,0.0,0.0,0.0,0.0,0.0,74.0,4606.77,-1.98,41.0,112.36,1.0,9.0,0.0,0.0,3.0,0.058,0
SMB_EU_000231,1.0,0.0,0.0,0.0,0.0,1.0,0.0,0.0,0.0,9.0,5738.22,7.85,21.0,273.25,1.0,8.0,1.0,1.0,0.0,0.114,0
SMB_EU_000232,0.0,0.0,0.0,1.0,0.0,0.0,0.0,0.0,1.0,36.0,11102.94,11.83,76.0,146.09,4.0,9.0,0.0,1.0,0.0,0.021,0
SMB_EU_000233,0.0,0.0,1.0,0.0,0.0,1.0,0.0,0.0,0.0,24.0,4260.85,0.94,38.0,112.13,2.0,8.0,0.0,0.0,3.0,0.044,0
SMB_EU_000234,0.0,0.0,0.0,1.0,0.0,0.0,1.0,0.0,0.0,20.0,6000.49,16.8,22.0,272.75,4.0,8.0,1.0,0.0,1.0,0.081,0
SMB_EU_000235,0.0,0.0,0.0,0.0,0.0,0.0,0.0,0.0,0.0,58.0,11447.98,9.88,86.0,133.12,2.0,16.0,1.0,0.0,1.0,0.08,0
SMB_EU_000236,1.0,0.0,0.0,0.0,0.0,0.0,0.0,1.0,0.0,48.0,3750.95,-26.83,14.0,267.92,2.0,11.0,2.0,0.0,2.0,0.111,0
SMB_EU_000237,0.0,1.0,0.0,0.0,0.0,1.0,0.0,0.0,0.0,24.0,6021.22,-21.07,41.0,146.86,3.0,12.0,0.0,1.0,0.0,0.147,0
SMB_EU_000238,0.0,0.0,0.0,0.0,0.0,1.0,0.0,0.0,0.0,14.0,6482.86,17.73,23.0,281.86,3.0,9.0,1.0,0.0,1.0,0.036,0
SMB_EU_000239,0.0,0.0,1.0,0.0,0.0,0.0,0.0,1.0,0.0,19.0,1417.83,-3.7,11.0,128.89,1.0,12.0,1.0,0.0,0.0,0.125,0
SMB_EU_000240,0.0,0.0,0.0,0.0,0.0,0.0,0.0,1.0,0.0,21.0,7397.68,2.46,78.0,94.84,1.0,8.0,0.0,0.0,3.0,0.077,1
SMB_EU_000241,0.0,0.0,0.0,0.0,1.0,0.0,0.0,0.0,1.0,48.0,7562.68,17.09,26.0,290.87,1.0,9.0,1.0,0.0,1.0,0.145,0
SMB_EU_000242,0.0,0.0,0.0,0.0,1.0,0.0,1.0,0.0,0.0,34.0,25513.8,-0.1,219.0,116.5,3.0,12.0,0.0,0.0,1.0,0.101,0
SMB_EU_000243,0.0,0.0,0.0,0.0,1.0,0.0,0.0,0.0,0.0,49.0,7337.96,0.56,26.0,282.23,3.0,9.0,0.0,0.0,2.0,0.07,0
SMB_EU_000244,0.0,1.0,0.0,0.0,0.0,0.0,0.0,1.0,0.0,9.0,2971.45,-13.03,11.0,270.13,1.0,10.0,1.0,0.0,2.0,0.085,0
SMB_EU_000245,0.0,0.0,0.0,0.0,0.0,0.0,0.0,1.0,0.0,52.0,4426.87,5.55,45.0,98.37,1.0,10.0,0.0,0.0,2.0,0.022,0
SMB_EU_000246,0.0,0.0,0.0,0.0,1.0,1.0,0.0,0.0,0.0,64.0,7688.26,8.8,43.0,178.8,2.0,12.0,0.0,0.0,2.0,0.1,0
SMB_EU_000247,0.0,0.0,0.0,1.0,0.0,0.0,1.0,0.0,0.0,15.0,2481.79,-51.78,26.0,95.45,2.0,19.0,0.0,0.0,1.0,0.148,0
SMB_EU_000248,0.0,0.0,0.0,0.0,1.0,0.0,0.0,1.0,0.0,45.0,3040.37,-13.83,20.0,152.02,2.0,14.0,0.0,1.0,0.0,0.055,0
SMB_EU_000249,0.0,0.0,0.0,0.0,1.0,0.0,0.0,1.0,0.0,60.0,7129.42,39.39,45.0,158.43,4.0,11.0,0.0,2.0,1.0,0.066,0
SMB_EU_000250,0.0,0.0,0.0,0.0,1.0,0.0,1.0,0.0,0.0,17.0,4529.3,-1.39,21.0,215.68,3.0,18.0,1.0,1.0,2.0,0.134,0
SMB_EU_000251,0.0,1.0,0.0,0.0,0.0,0.0,0.0,0.0,0.0,11.0,34126.22,-35.39,116.0,294.19,1.0,10.0,0.0,1.0,1.0,0.042,1
SMB_EU_000252,0.0,1.0,0.0,0.0,0.0,0.0,1.0,0.0,0.0,31.0,6092.82,10.6,52.0,117.17,1.0,11.0,2.0,0.0,0.0,0.035,0
SMB_EU_000253,0.0,0.0,0.0,0.0,1.0,0.0,0.0,0.0,0.0,5.0,8744.51,-0.76,57.0,153.41,1.0,13.0,1.0,2.0,1.0,0.037,0
SMB_EU_000254,0.0,1.0,0.0,0.0,0.0,0.0,1.0,0.0,0.0,52.0,11537.33,-16.29,55.0,209.77,1.0,9.0,0.0,0.0,3.0,0.024,0
SMB_EU_000255,0.0,0.0,0.0,0.0,0.0,0.0,0.0,0.0,0.0,13.0,39354.91,7.25,334.0,117.83,3.0,10.0,2.0,1.0,1.0,0.039,0
SMB_EU_000256,0.0,0.0,1.0,0.0,0.0,0.0,0.0,0.0,0.0,22.0,19257.26,-60.28,81.0,237.74,2.0,10.0,1.0,2.0,2.0,0.059,1
SMB_EU_000257,0.0,0.0,0.0,0.0,1.0,1.0,0.0,0.0,0.0,42.0,12781.73,23.65,76.0,168.18,2.0,10.0,2.0,0.0,2.0,0.152,0
SMB_EU_000258,0.0,0.0,1.0,0.0,0.0,1.0,0.0,0.0,0.0,38.0,16407.53,7.42,57.0,287.85,2.0,15.0,2.0,0.0,0.0,0.081,0
SMB_EU_000259,0.0,0.0,1.0,0.0,0.0,0.0,0.0,1.0,0.0,41.0,2875.78,-4.15,13.0,221.21,1.0,9.0,0.0,0.0,1.0,0.121,0
SMB_EU_000260,0.0,0.0,0.0,0.0,0.0,0.0,1.0,0.0,0.0,15.0,14047.95,1.64,88.0,159.64,1.0,12.0,1.0,0.0,1.0,0.144,0
SMB_EU_000261,0.0,0.0,1.0,0.0,0.0,0.0,1.0,0.0,0.0,33.0,3207.07,13.55,13.0,246.7,3.0,7.0,1.0,1.0,0.0,0.018,0
SMB_EU_000262,0.0,0.0,0.0,0.0,1.0,0.0,0.0,1.0,0.0,46.0,6451.93,2.79,24.0,268.83,3.0,10.0,1.0,0.0,2.0,0.081,0
SMB_EU_000263,0.0,0.0,0.0,0.0,0.0,0.0,1.0,0.0,0.0,17.0,7664.89,31.83,30.0,255.5,1.0,9.0,1.0,0.0,0.0,0.074,0
SMB_EU_000264,0.0,0.0,0.0,1.0,0.0,0.0,0.0,0.0,1.0,78.0,18972.58,17.04,138.0,137.48,2.0,8.0,1.0,0.0,1.0,0.075,0
SMB_EU_000265,0.0,0.0,0.0,0.0,1.0,0.0,0.0,1.0,0.0,23.0,10102.56,7.31,59.0,171.23,2.0,9.0,1.0,0.0,3.0,0.032,0
SMB_EU_000266,1.0,0.0,0.0,0.0,0.0,0.0,0.0,0.0,0.0,5.0,21113.66,-34.78,118.0,178.93,3.0,7.0,0.0,1.0,2.0,0.142,1
SMB_EU_000267,0.0,0.0,1.0,0.0,0.0,0.0,0.0,0.0,1.0,23.0,10764.8,-54.38,65.0,165.61,3.0,9.0,1.0,1.0,0.0,0.081,0
SMB_EU_000268,1.0,0.0,0.0,0.0,0.0,0.0,1.0,0.0,0.0,60.0,10853.23,-24.97,73.0,148.67,4.0,6.0,1.0,1.0,3.0,0.146,0
SMB_EU_000269,0.0,1.0,0.0,0.0,0.0,0.0,0.0,0.0,0.0,13.0,15566.37,-12.34,63.0,247.09,1.0,10.0,0.0,2.0,3.0,0.016,0
SMB_EU_000270,0.0,1.0,0.0,0.0,0.0,1.0,0.0,0.0,0.0,12.0,5783.69,-5.29,70.0,82.62,2.0,8.0,1.0,0.0,2.0,0.065,0
SMB_EU_000271,1.0,0.0,0.0,0.0,0.0,0.0,0.0,0.0,0.0,34.0,35644.58,-14.61,247.0,144.31,3.0,10.0,2.0,0.0,2.0,0.061,0
SMB_EU_000272,1.0,0.0,0.0,0.0,0.0,0.0,0.0,0.0,1.0,11.0,22987.68,-9.56,207.0,111.05,3.0,14.0,2.0,0.0,3.0,0.049,1
SMB_EU_000273,0.0,0.0,0.0,0.0,1.0,0.0,1.0,0.0,0.0,11.0,7348.13,-35.01,68.0,108.06,1.0,15.0,0.0,0.0,1.0,0.139,0
SMB_EU_000274,0.0,0.0,0.0,0.0,1.0,0.0,0.0,0.0,0.0,14.0,17298.71,11.16,123.0,140.64,2.0,6.0,0.0,1.0,2.0,0.069,0
SMB_EU_000275,0.0,0.0,0.0,1.0,0.0,1.0,0.0,0.0,0.0,70.0,6301.28,-12.07,25.0,252.05,1.0,9.0,0.0,0.0,1.0,0.19,0
SMB_EU_000276,0.0,0.0,0.0,1.0,0.0,1.0,0.0,0.0,0.0,37.0,2281.29,-85.53,8.0,285.16,3.0,9.0,2.0,0.0,1.0,0.043,0
SMB_EU_000277,1.0,0.0,0.0,0.0,0.0,0.0,0.0,0.0,0.0,27.0,12258.12,-34.63,63.0,194.57,3.0,9.0,3.0,0.0,3.0,0.032,0
SMB_EU_000278,0.0,0.0,1.0,0.0,0.0,0.0,0.0,0.0,0.0,15.0,39168.49,-6.67,253.0,154.82,1.0,11.0,1.0,1.0,0.0,0.095,0
SMB_EU_000279,1.0,0.0,0.0,0.0,0.0,0.0,0.0,1.0,0.0,46.0,3188.57,-45.54,12.0,265.71,2.0,9.0,0.0,0.0,1.0,0.114,0
SMB_EU_000280,1.0,0.0,0.0,0.0,0.0,0.0,1.0,0.0,0.0,39.0,28450.55,-11.32,300.0,94.84,2.0,9.0,0.0,0.0,0.0,0.076,0
SMB_EU_000281,0.0,0.0,0.0,0.0,1.0,0.0,0.0,1.0,0.0,73.0,10101.8,-32.79,101.0,100.02,1.0,4.0,1.0,0.0,1.0,0.088,0
SMB_EU_000282,0.0,1.0,0.0,0.0,0.0,1.0,0.0,0.0,0.0,12.0,7634.35,-9.86,49.0,155.8,4.0,16.0,1.0,2.0,0.0,0.069,0
SMB_EU_000283,0.0,1.0,0.0,0.0,0.0,0.0,0.0,1.0,0.0,11.0,7000.24,-1.85,39.0,179.49,1.0,9.0,3.0,1.0,1.0,0.166,0
SMB_EU_000284,0.0,0.0,0.0,0.0,0.0,0.0,0.0,1.0,0.0,5.0,2883.81,-6.7,11.0,262.16,2.0,10.0,1.0,0.0,2.0,0.068,0
SMB_EU_000285,0.0,0.0,1.0,0.0,0.0,0.0,1.0,0.0,0.0,38.0,6823.03,-44.09,24.0,284.29,2.0,8.0,0.0,0.0,0.0,0.091,0
SMB_EU_000286,0.0,0.0,0.0,0.0,0.0,1.0,0.0,0.0,0.0,31.0,14247.75,-60.48,72.0,197.89,3.0,8.0,1.0,2.0,2.0,0.063,1
SMB_EU_000287,0.0,0.0,0.0,1.0,0.0,0.0,0.0,1.0,0.0,20.0,3458.1,-19.52,18.0,192.12,1.0,8.0,0.0,1.0,1.0,0.021,0
SMB_EU_000288,0.0,0.0,1.0,0.0,0.0,0.0,0.0,0.0,0.0,5.0,28352.9,14.34,223.0,127.14,2.0,8.0,3.0,0.0,0.0,0.241,0
SMB_EU_000289,0.0,1.0,0.0,0.0,0.0,0.0,0.0,0.0,1.0,64.0,3939.29,1.51,22.0,179.06,1.0,8.0,1.0,0.0,3.0,0.128,0
SMB_EU_000290,0.0,0.0,1.0,0.0,0.0,0.0,0.0,0.0,0.0,30.0,7309.36,37.24,26.0,281.13,3.0,9.0,2.0,0.0,4.0,0.049,0
SMB_EU_000291,0.0,0.0,0.0,0.0,0.0,0.0,1.0,0.0,0.0,56.0,25034.94,-10.63,150.0,166.9,1.0,15.0,0.0,0.0,1.0,0.141,0
SMB_EU_000292,0.0,0.0,0.0,0.0,0.0,0.0,0.0,0.0,0.0,60.0,14893.84,-12.88,118.0,126.22,3.0,7.0,0.0,0.0,2.0,0.111,0
SMB_EU_000293,1.0,0.0,0.0,0.0,0.0,0.0,0.0,0.0,1.0,37.0,6515.11,23.01,42.0,155.12,2.0,11.0,2.0,0.0,1.0,0.061,0
SMB_EU_000294,0.0,1.0,0.0,0.0,0.0,0.0,0.0,0.0,0.0,40.0,33977.37,15.87,176.0,193.05,1.0,9.0,0.0,0.0,1.0,0.099,0
SMB_EU_000295,0.0,0.0,0.0,0.0,0.0,0.0,0.0,1.0,0.0,16.0,10558.5,5.77,50.0,211.17,1.0,10.0,0.0,1.0,1.0,0.268,0
SMB_EU_000296,0.0,0.0,0.0,1.0,0.0,0.0,0.0,1.0,0.0,28.0,8687.55,-16.71,50.0,173.75,1.0,8.0,0.0,0.0,0.0,0.127,0
SMB_EU_000297,1.0,0.0,0.0,0.0,0.0,0.0,0.0,0.0,0.0,50.0,10655.88,-20.09,43.0,247.81,4.0,9.0,1.0,1.0,1.0,0.094,0
SMB_EU_000298,0.0,0.0,0.0,0.0,0.0,0.0,1.0,0.0,0.0,14.0,6734.82,-53.94,32.0,210.46,2.0,4.0,0.0,0.0,0.0,0.198,0
SMB_EU_000299,0.0,0.0,1.0,0.0,0.0,0.0,0.0,1.0,0.0,48.0,6028.0,-6.46,27.0,223.26,4.0,9.0,1.0,0.0,1.0,0.041,0
SMB_EU_000300,0.0,0.0,0.0,0.0,0.0,0.0,0.0,0.0,0.0,46.0,22752.84,17.14,84.0,270.87,1.0,5.0,1.0,1.0,2.0,0.058,0
SMB_EU_000301,0.0,0.0,0.0,0.0,0.0,0.0,0.0,1.0,0.0,45.0,3685.28,-0.33,14.0,263.23,1.0,8.0,2.0,0.0,0.0,0.188,0
SMB_EU_000302,0.0,0.0,0.0,1.0,0.0,0.0,0.0,0.0,0.0,27.0,16618.1,-17.49,133.0,124.95,4.0,7.0,2.0,1.0,1.0,0.05,0
SMB_EU_000303,0.0,0.0,1.0,0.0,0.0,0.0,0.0,0.0,0.0,15.0,17610.32,0.6,81.0,217.41,3.0,7.0,0.0,1.0,0.0,0.034,0
SMB_EU_000304,0.0,0.0,1.0,0.0,0.0,0.0,0.0,1.0,0.0,78.0,10821.12,-46.99,46.0,235.24,3.0,11.0,0.0,2.0,2.0,0.189,0
SMB_EU_000305,1.0,0.0,0.0,0.0,0.0,0.0,0.0,0.0,0.0,62.0,23587.8,-81.21,210.0,112.32,4.0,14.0,1.0,0.0,0.0,0.08,0
SMB_EU_000306,0.0,0.0,0.0,0.0,1.0,0.0,0.0,0.0,0.0,27.0,6073.71,-58.21,23.0,264.07,4.0,12.0,1.0,0.0,1.0,0.137,1
SMB_EU_000307,0.0,0.0,0.0,1.0,0.0,0.0,0.0,0.0,0.0,31.0,13195.45,-7.92,110.0,119.96,1.0,12.0,2.0,0.0,1.0,0.059,0
SMB_EU_000308,0.0,1.0,0.0,0.0,0.0,0.0,0.0,0.0,0.0,22.0,8591.56,-17.33,34.0,252.69,1.0,16.0,0.0,2.0,2.0,0.165,1
SMB_EU_000309,1.0,0.0,0.0,0.0,0.0,0.0,0.0,0.0,0.0,5.0,21092.19,-27.3,183.0,115.26,1.0,4.0,0.0,1.0,2.0,0.012,0
SMB_EU_000310,0.0,1.0,0.0,0.0,0.0,0.0,0.0,1.0,0.0,25.0,8700.06,-11.66,36.0,241.67,3.0,12.0,1.0,0.0,1.0,0.133,0
SMB_EU_000311,0.0,0.0,0.0,1.0,0.0,0.0,0.0,0.0,0.0,37.0,15942.42,-14.48,142.0,112.27,2.0,7.0,0.0,0.0,1.0,0.059,0
SMB_EU_000312,0.0,0.0,0.0,0.0,0.0,0.0,0.0,0.0,0.0,17.0,12770.96,-18.5,78.0,163.73,2.0,7.0,0.0,3.0,0.0,0.036,0
SMB_EU_000313,0.0,0.0,0.0,0.0,0.0,1.0,0.0,0.0,0.0,21.0,6254.25,13.64,56.0,111.68,3.0,11.0,2.0,0.0,2.0,0.057,0
SMB_EU_000314,0.0,0.0,0.0,0.0,1.0,0.0,0.0,0.0,0.0,21.0,17003.2,-68.34,122.0,139.37,3.0,9.0,0.0,0.0,1.0,0.128,0
SMB_EU_000315,1.0,0.0,0.0,0.0,0.0,0.0,0.0,0.0,0.0,29.0,10216.36,-35.12,34.0,300.48,1.0,10.0,1.0,1.0,1.0,0.022,0
SMB_EU_000316,0.0,0.0,1.0,0.0,0.0,0.0,0.0,0.0,1.0,22.0,4331.86,18.56,42.0,103.14,2.0,13.0,1.0,0.0,2.0,0.077,0
SMB_EU_000317,0.0,1.0,0.0,0.0,0.0,0.0,0.0,1.0,0.0,13.0,1461.34,-12.84,9.0,162.37,1.0,18.0,0.0,0.0,0.0,0.178,0
SMB_EU_000318,0.0,0.0,0.0,0.0,0.0,1.0,0.0,0.0,0.0,29.0,12833.63,26.35,56.0,229.17,2.0,15.0,0.0,1.0,0.0,0.058,0
SMB_EU_000319,0.0,0.0,0.0,0.0,0.0,1.0,0.0,0.0,0.0,36.0,8081.51,8.47,80.0,101.02,1.0,7.0,4.0,1.0,1.0,0.038,0
SMB_EU_000320,0.0,1.0,0.0,0.0,0.0,0.0,1.0,0.0,0.0,30.0,9943.79,11.85,96.0,103.58,1.0,9.0,1.0,0.0,2.0,0.09,0
SMB_EU_000321,0.0,0.0,1.0,0.0,0.0,1.0,0.0,0.0,0.0,5.0,12818.36,-29.96,115.0,111.46,3.0,10.0,1.0,0.0,3.0,0.146,0
SMB_EU_000322,1.0,0.0,0.0,0.0,0.0,0.0,0.0,0.0,0.0,40.0,7062.29,1.69,32.0,220.7,4.0,14.0,0.0,0.0,1.0,0.09,0
SMB_EU_000323,0.0,0.0,1.0,0.0,0.0,0.0,0.0,0.0,0.0,10.0,5294.52,1.86,19.0,278.66,4.0,4.0,0.0,0.0,1.0,0.067,0
SMB_EU_000324,0.0,1.0,0.0,0.0,0.0,0.0,0.0,0.0,0.0,35.0,18889.18,19.22,72.0,262.35,1.0,8.0,1.0,0.0,1.0,0.273,0
SMB_EU_000325,0.0,0.0,0.0,0.0,1.0,0.0,1.0,0.0,0.0,36.0,9539.15,-35.28,32.0,298.1,3.0,5.0,0.0,1.0,2.0,0.051,1
SMB_EU_000326,1.0,0.0,0.0,0.0,0.0,0.0,1.0,0.0,0.0,7.0,2831.08,-10.92,14.0,202.22,3.0,10.0,2.0,0.0,0.0,0.094,0
SMB_EU_000327,0.0,0.0,1.0,0.0,0.0,0.0,0.0,0.0,1.0,47.0,11166.71,8.79,38.0,293.86,3.0,10.0,0.0,1.0,2.0,0.206,0
SMB_EU_000328,0.0,0.0,1.0,0.0,0.0,0.0,0.0,0.0,0.0,77.0,11797.84,-63.82,80.0,147.47,3.0,15.0,1.0,0.0,0.0,0.093,0
SMB_EU_000329,0.0,1.0,0.0,0.0,0.0,0.0,0.0,0.0,0.0,21.0,9242.36,19.79,54.0,171.15,4.0,10.0,1.0,0.0,1.0,0.041,0
SMB_EU_000330,0.0,1.0,0.0,0.0,0.0,0.0,1.0,0.0,0.0,35.0,6549.49,20.11,39.0,167.94,1.0,7.0,3.0,0.0,1.0,0.039,0
SMB_EU_000331,0.0,1.0,0.0,0.0,0.0,0.0,1.0,0.0,0.0,19.0,1848.78,-14.86,20.0,92.44,3.0,6.0,1.0,0.0,0.0,0.043,0
SMB_EU_000332,1.0,0.0,0.0,0.0,0.0,0.0,0.0,1.0,0.0,10.0,3506.48,17.4,13.0,269.73,3.0,7.0,2.0,0.0,1.0,0.085,0
SMB_EU_000333,0.0,0.0,0.0,0.0,0.0,0.0,0.0,0.0,0.0,50.0,9830.34,-1.26,115.0,85.48,1.0,11.0,4.0,1.0,1.0,0.057,0
SMB_EU_000334,0.0,0.0,0.0,0.0,0.0,0.0,0.0,0.0,0.0,36.0,20953.63,-1.6,87.0,240.85,2.0,4.0,0.0,0.0,1.0,0.022,0
SMB_EU_000335,0.0,0.0,0.0,0.0,0.0,0.0,1.0,0.0,0.0,15.0,7275.43,-18.44,43.0,169.2,1.0,11.0,1.0,1.0,0.0,0.214,1
SMB_EU_000336,0.0,0.0,0.0,0.0,0.0,0.0,0.0,1.0,0.0,10.0,7335.75,26.22,90.0,81.51,4.0,24.0,0.0,1.0,0.0,0.06,0
SMB_EU_000337,0.0,0.0,0.0,0.0,1.0,0.0,1.0,0.0,0.0,80.0,1732.76,-7.28,12.0,144.4,4.0,10.0,1.0,0.0,1.0,0.129,0
SMB_EU_000338,1.0,0.0,0.0,0.0,0.0,0.0,1.0,0.0,0.0,8.0,4835.49,5.1,31.0,155.98,2.0,8.0,2.0,0.0,2.0,0.129,0
SMB_EU_000339,0.0,0.0,0.0,1.0,0.0,0.0,0.0,0.0,0.0,39.0,20939.73,3.81,72.0,290.83,2.0,12.0,2.0,0.0,5.0,0.041,0
SMB_EU_000340,0.0,0.0,0.0,0.0,0.0,0.0,0.0,0.0,0.0,30.0,12462.59,-20.11,55.0,226.59,1.0,15.0,0.0,0.0,0.0,0.168,0
SMB_EU_000341,0.0,0.0,0.0,1.0,0.0,0.0,1.0,0.0,0.0,44.0,13286.09,-26.17,67.0,198.3,3.0,8.0,1.0,0.0,3.0,0.092,1
SMB_EU_000342,0.0,0.0,0.0,1.0,0.0,1.0,0.0,0.0,0.0,67.0,2031.95,0.08,19.0,106.94,1.0,14.0,2.0,0.0,0.0,0.109,0
SMB_EU_000343,0.0,0.0,0.0,0.0,0.0,1.0,0.0,0.0,0.0,2.0,9303.83,-6.81,56.0,166.14,2.0,17.0,0.0,0.0,0.0,0.132,0
SMB_EU_000344,0.0,0.0,0.0,1.0,0.0,0.0,0.0,1.0,0.0,12.0,3407.42,-1.34,39.0,87.37,3.0,15.0,1.0,1.0,1.0,0.068,0
SMB_EU_000345,0.0,1.0,0.0,0.0,0.0,0.0,0.0,0.0,0.0,24.0,9643.96,15.98,39.0,247.28,2.0,12.0,0.0,0.0,1.0,0.099,0
SMB_EU_000346,0.0,0.0,1.0,0.0,0.0,0.0,1.0,0.0,0.0,70.0,14498.86,3.37,125.0,115.99,2.0,11.0,0.0,0.0,1.0,0.044,0
SMB_EU_000347,0.0,0.0,1.0,0.0,0.0,0.0,0.0,0.0,0.0,19.0,30120.04,11.38,143.0,210.63,1.0,9.0,2.0,0.0,1.0,0.229,0
SMB_EU_000348,0.0,0.0,0.0,0.0,0.0,0.0,0.0,0.0,1.0,16.0,16744.07,6.68,72.0,232.56,1.0,8.0,2.0,0.0,1.0,0.13,1
SMB_EU_000349,0.0,1.0,0.0,0.0,0.0,1.0,0.0,0.0,0.0,3.0,20387.96,-4.75,127.0,160.54,3.0,10.0,0.0,1.0,1.0,0.126,0
SMB_EU_000350,0.0,0.0,1.0,0.0,0.0,0.0,0.0,1.0,0.0,15.0,10692.26,-15.03,49.0,218.21,1.0,12.0,1.0,0.0,1.0,0.081,0
SMB_EU_000351,0.0,0.0,0.0,1.0,0.0,0.0,1.0,0.0,0.0,38.0,4963.84,3.97,20.0,248.19,1.0,8.0,0.0,0.0,1.0,0.047,0
SMB_EU_000352,0.0,0.0,0.0,0.0,1.0,0.0,0.0,0.0,0.0,24.0,16330.48,1.26,136.0,120.08,2.0,11.0,1.0,0.0,3.0,0.01,0
SMB_EU_000353,0.0,0.0,1.0,0.0,0.0,0.0,1.0,0.0,0.0,15.0,6445.12,13.73,30.0,214.84,2.0,15.0,1.0,1.0,1.0,0.026,0
SMB_EU_000354,0.0,0.0,0.0,0.0,0.0,1.0,0.0,0.0,0.0,80.0,20271.45,-2.26,84.0,241.33,2.0,6.0,1.0,0.0,2.0,0.057,0
SMB_EU_000355,0.0,0.0,0.0,0.0,0.0,0.0,0.0,0.0,1.0,21.0,17464.09,-4.46,110.0,158.76,2.0,15.0,2.0,0.0,3.0,0.073,0
SMB_EU_000356,0.0,0.0,1.0,0.0,0.0,0.0,0.0,0.0,1.0,29.0,8035.72,-3.44,69.0,116.46,2.0,5.0,0.0,0.0,2.0,0.037,0
SMB_EU_000357,0.0,0.0,0.0,0.0,0.0,0.0,0.0,0.0,0.0,14.0,25401.19,-63.42,178.0,142.7,1.0,10.0,1.0,1.0,2.0,0.204,1
SMB_EU_000358,0.0,0.0,1.0,0.0,0.0,0.0,0.0,0.0,0.0,10.0,7161.58,21.7,25.0,286.46,1.0,10.0,0.0,0.0,0.0,0.102,0
SMB_EU_000359,0.0,0.0,0.0,0.0,1.0,0.0,0.0,0.0,1.0,42.0,10458.15,17.09,66.0,158.46,3.0,6.0,0.0,0.0,3.0,0.044,0
SMB_EU_000360,0.0,0.0,1.0,0.0,0.0,1.0,0.0,0.0,0.0,6.0,3417.83,-18.2,33.0,103.57,2.0,15.0,3.0,0.0,2.0,0.159,0
SMB_EU_000361,0.0,1.0,0.0,0.0,0.0,0.0,1.0,0.0,0.0,36.0,2904.57,12.06,30.0,96.82,2.0,6.0,1.0,1.0,0.0,0.01,0
SMB_EU_000362,0.0,0.0,1.0,0.0,0.0,0.0,0.0,0.0,0.0,33.0,24017.24,-27.68,201.0,119.49,2.0,11.0,1.0,0.0,2.0,0.143,1
SMB_EU_000363,0.0,0.0,0.0,1.0,0.0,0.0,1.0,0.0,0.0,11.0,13799.0,14.78,128.0,107.8,1.0,11.0,2.0,1.0,1.0,0.112,0
SMB_EU_000364,0.0,0.0,1.0,0.0,0.0,0.0,0.0,0.0,0.0,13.0,19734.69,-10.45,104.0,189.76,1.0,11.0,3.0,2.0,0.0,0.092,0
SMB_EU_000365,0.0,0.0,0.0,0.0,1.0,0.0,0.0,0.0,0.0,21.0,13440.47,5.4,86.0,156.28,2.0,13.0,1.0,0.0,0.0,0.149,0
SMB_EU_000366,0.0,1.0,0.0,0.0,0.0,1.0,0.0,0.0,0.0,9.0,2806.52,-78.11,11.0,255.14,2.0,10.0,1.0,1.0,3.0,0.037,1
SMB_EU_000367,0.0,0.0,0.0,0.0,1.0,0.0,0.0,0.0,0.0,4.0,7472.59,-17.98,27.0,276.76,2.0,12.0,0.0,2.0,1.0,0.093,1
SMB_EU_000368,0.0,0.0,0.0,0.0,1.0,0.0,1.0,0.0,0.0,23.0,4472.17,7.03,24.0,186.34,1.0,12.0,1.0,0.0,1.0,0.088,0
SMB_EU_000369,0.0,0.0,0.0,0.0,0.0,0.0,0.0,0.0,0.0,43.0,13037.71,-63.27,47.0,277.4,1.0,10.0,1.0,0.0,1.0,0.029,1
SMB_EU_000370,0.0,0.0,0.0,0.0,0.0,0.0,0.0,1.0,0.0,31.0,9536.68,-12.6,53.0,179.94,2.0,9.0,2.0,0.0,1.0,0.04,0
SMB_EU_000371,0.0,0.0,0.0,0.0,0.0,1.0,0.0,0.0,0.0,54.0,11336.21,20.94,51.0,222.28,2.0,12.0,1.0,0.0,1.0,0.046,0
SMB_EU_000372,0.0,0.0,0.0,0.0,0.0,0.0,0.0,0.0,0.0,19.0,5578.44,33.16,48.0,116.22,4.0,12.0,0.0,0.0,1.0,0.037,0
SMB_EU_000373,0.0,0.0,0.0,0.0,0.0,0.0,0.0,0.0,1.0,27.0,5937.48,14.06,65.0,91.35,1.0,14.0,1.0,2.0,0.0,0.038,0
SMB_EU_000374,0.0,0.0,1.0,0.0,0.0,0.0,0.0,0.0,1.0,13.0,5842.32,-16.38,51.0,114.56,4.0,13.0,3.0,0.0,1.0,0.268,0
SMB_EU_000375,0.0,0.0,0.0,0.0,0.0,0.0,1.0,0.0,0.0,28.0,1751.53,-24.03,13.0,134.73,4.0,6.0,1.0,0.0,0.0,0.153,0
SMB_EU_000376,0.0,1.0,0.0,0.0,0.0,0.0,1.0,0.0,0.0,52.0,11235.9,-23.42,46.0,244.26,2.0,7.0,0.0,0.0,0.0,0.025,0
SMB_EU_000377,0.0,0.0,0.0,0.0,1.0,0.0,0.0,1.0,0.0,37.0,4313.47,-54.89,37.0,116.58,3.0,7.0,1.0,0.0,3.0,0.072,1
SMB_EU_000378,0.0,0.0,0.0,0.0,0.0,0.0,0.0,1.0,0.0,57.0,4671.84,0.82,43.0,108.65,4.0,12.0,0.0,1.0,0.0,0.097,0
SMB_EU_000379,1.0,0.0,0.0,0.0,0.0,0.0,0.0,0.0,1.0,32.0,20181.11,28.86,71.0,284.24,1.0,6.0,0.0,0.0,0.0,0.022,0
SMB_EU_000380,0.0,1.0,0.0,0.0,0.0,0.0,0.0,1.0,0.0,24.0,5272.07,13.69,23.0,229.22,1.0,8.0,0.0,0.0,1.0,0.01,0
SMB_EU_000381,0.0,0.0,0.0,0.0,0.0,1.0,0.0,0.0,0.0,67.0,4633.54,-6.96,25.0,185.34,1.0,6.0,0.0,0.0,0.0,0.044,0
SMB_EU_000382,0.0,0.0,1.0,0.0,0.0,0.0,0.0,0.0,0.0,28.0,21142.74,-14.17,210.0,100.68,2.0,9.0,0.0,0.0,2.0,0.132,0
SMB_EU_000383,0.0,0.0,1.0,0.0,0.0,0.0,1.0,0.0,0.0,77.0,15101.06,15.03,56.0,269.66,1.0,9.0,0.0,1.0,2.0,0.094,0
SMB_EU_000384,0.0,0.0,0.0,0.0,1.0,0.0,1.0,0.0,0.0,48.0,9557.46,-8.0,92.0,103.89,4.0,12.0,2.0,0.0,3.0,0.02,0
SMB_EU_000385,1.0,0.0,0.0,0.0,0.0,0.0,0.0,0.0,0.0,15.0,22681.83,3.25,106.0,213.98,2.0,9.0,0.0,0.0,1.0,0.122,0
SMB_EU_000386,1.0,0.0,0.0,0.0,0.0,1.0,0.0,0.0,0.0,22.0,5498.19,-50.62,24.0,229.09,4.0,11.0,0.0,0.0,0.0,0.092,0
SMB_EU_000387,0.0,1.0,0.0,0.0,0.0,1.0,0.0,0.0,0.0,67.0,5712.43,8.54,34.0,168.01,1.0,9.0,0.0,0.0,1.0,0.164,0
SMB_EU_000388,0.0,0.0,0.0,0.0,0.0,0.0,0.0,1.0,0.0,54.0,5350.82,-16.73,19.0,281.62,3.0,13.0,0.0,0.0,2.0,0.122,0
SMB_EU_000389,1.0,0.0,0.0,0.0,0.0,0.0,0.0,0.0,0.0,43.0,9546.53,-18.62,105.0,90.92,2.0,5.0,1.0,0.0,1.0,0.05,1
SMB_EU_000390,1.0,0.0,0.0,0.0,0.0,1.0,0.0,0.0,0.0,40.0,4267.05,15.47,16.0,266.69,2.0,19.0,0.0,0.0,3.0,0.071,0
SMB_EU_000391,0.0,0.0,0.0,0.0,1.0,0.0,1.0,0.0,0.0,9.0,18286.61,8.32,91.0,200.95,4.0,11.0,1.0,0.0,1.0,0.045,0
SMB_EU_000392,0.0,1.0,0.0,0.0,0.0,0.0,0.0,0.0,0.0,10.0,50040.06,11.1,233.0,214.76,2.0,10.0,0.0,0.0,0.0,0.046,0
SMB_EU_000393,0.0,1.0,0.0,0.0,0.0,0.0,0.0,1.0,0.0,31.0,12997.5,-5.68,44.0,295.4,1.0,6.0,2.0,1.0,1.0,0.075,0
SMB_EU_000394,1.0,0.0,0.0,0.0,0.0,1.0,0.0,0.0,0.0,13.0,2712.32,2.68,13.0,208.64,4.0,8.0,0.0,0.0,1.0,0.071,0
SMB_EU_000395,0.0,1.0,0.0,0.0,0.0,0.0,0.0,0.0,1.0,21.0,3839.38,0.95,15.0,255.96,2.0,11.0,0.0,1.0,0.0,0.065,0
SMB_EU_000396,0.0,0.0,0.0,0.0,1.0,0.0,0.0,0.0,0.0,20.0,7342.1,-2.22,65.0,112.96,1.0,7.0,2.0,0.0,2.0,0.181,0
SMB_EU_000397,0.0,0.0,0.0,0.0,1.0,0.0,0.0,0.0,0.0,39.0,16259.59,2.56,63.0,258.09,2.0,10.0,0.0,1.0,0.0,0.068,0
SMB_EU_000398,0.0,0.0,0.0,1.0,0.0,0.0,0.0,0.0,0.0,32.0,2781.01,-31.62,11.0,252.82,2.0,15.0,1.0,0.0,0.0,0.061,1
SMB_EU_000399,1.0,0.0,0.0,0.0,0.0,0.0,0.0,0.0,0.0,51.0,10535.7,16.12,36.0,292.66,2.0,7.0,0.0,0.0,1.0,0.106,0
SMB_EU_000400,1.0,0.0,0.0,0.0,0.0,0.0,0.0,1.0,0.0,32.0,11631.27,-17.73,41.0,283.69,2.0,14.0,0.0,0.0,1.0,0.149,0
SMB_EU_000401,0.0,0.0,0.0,0.0,0.0,1.0,0.0,0.0,0.0,30.0,10818.12,-9.16,85.0,127.27,3.0,7.0,1.0,0.0,3.0,0.018,0
SMB_EU_000402,0.0,0.0,0.0,0.0,1.0,0.0,0.0,1.0,0.0,26.0,3683.93,17.87,20.0,184.2,1.0,5.0,0.0,0.0,0.0,0.056,0
SMB_EU_000403,0.0,0.0,0.0,1.0,0.0,0.0,1.0,0.0,0.0,56.0,6168.33,-2.27,22.0,280.38,1.0,15.0,3.0,0.0,0.0,0.166,1
SMB_EU_000404,1.0,0.0,0.0,0.0,0.0,0.0,0.0,1.0,0.0,26.0,7027.16,7.63,32.0,219.6,3.0,11.0,1.0,0.0,1.0,0.031,0
SMB_EU_000405,0.0,1.0,0.0,0.0,0.0,0.0,1.0,0.0,0.0,15.0,14021.65,7.41,77.0,182.1,3.0,11.0,0.0,1.0,2.0,0.228,0
SMB_EU_000406,0.0,0.0,0.0,0.0,1.0,0.0,0.0,1.0,0.0,41.0,3631.17,-12.75,35.0,103.75,1.0,14.0,0.0,1.0,2.0,0.099,0
SMB_EU_000407,0.0,1.0,0.0,0.0,0.0,0.0,0.0,0.0,0.0,24.0,13032.3,-5.73,83.0,157.02,1.0,9.0,1.0,1.0,1.0,0.044,1
SMB_EU_000408,0.0,0.0,0.0,0.0,0.0,0.0,0.0,0.0,0.0,47.0,10680.76,11.26,47.0,227.25,4.0,13.0,0.0,0.0,0.0,0.016,0
SMB_EU_000409,0.0,0.0,0.0,0.0,1.0,0.0,0.0,0.0,0.0,60.0,6747.96,-7.44,27.0,249.92,3.0,7.0,2.0,1.0,0.0,0.09,0
SMB_EU_000410,0.0,0.0,0.0,0.0,0.0,0.0,0.0,0.0,1.0,23.0,7888.28,-44.65,44.0,179.28,3.0,13.0,0.0,0.0,3.0,0.028,0
SMB_EU_000411,0.0,1.0,0.0,0.0,0.0,0.0,1.0,0.0,0.0,59.0,6698.51,19.57,73.0,91.76,1.0,9.0,0.0,0.0,4.0,0.044,0
SMB_EU_000412,0.0,0.0,0.0,0.0,1.0,0.0,0.0,0.0,0.0,48.0,7040.39,17.16,32.0,220.01,2.0,11.0,1.0,1.0,0.0,0.121,0
SMB_EU_000413,0.0,0.0,0.0,0.0,1.0,0.0,0.0,1.0,0.0,17.0,7367.56,-25.31,26.0,283.37,1.0,7.0,0.0,0.0,0.0,0.047,0
SMB_EU_000414,0.0,0.0,1.0,0.0,0.0,0.0,0.0,0.0,0.0,13.0,20046.26,-42.7,106.0,189.12,3.0,10.0,0.0,0.0,1.0,0.183,0
SMB_EU_000415,0.0,0.0,1.0,0.0,0.0,0.0,1.0,0.0,0.0,12.0,12144.46,2.66,43.0,282.43,3.0,9.0,0.0,0.0,0.0,0.042,0
SMB_EU_000416,0.0,0.0,0.0,1.0,0.0,0.0,0.0,0.0,0.0,10.0,9461.28,4.81,60.0,157.69,2.0,12.0,1.0,0.0,0.0,0.037,0
SMB_EU_000417,0.0,1.0,0.0,0.0,0.0,0.0,0.0,0.0,0.0,55.0,4562.66,-34.99,17.0,268.39,1.0,11.0,1.0,1.0,2.0,0.105,1
SMB_EU_000418,0.0,1.0,0.0,0.0,0.0,0.0,0.0,0.0,1.0,23.0,11912.92,8.13,47.0,253.47,3.0,3.0,1.0,1.0,1.0,0.036,0
SMB_EU_000419,0.0,0.0,1.0,0.0,0.0,0.0,0.0,1.0,0.0,16.0,3356.74,-25.67,12.0,279.73,3.0,12.0,0.0,0.0,4.0,0.189,0
SMB_EU_000420,1.0,0.0,0.0,0.0,0.0,0.0,0.0,0.0,0.0,18.0,8790.3,3.07,35.0,251.15,2.0,8.0,0.0,0.0,3.0,0.106,0
SMB_EU_000421,1.0,0.0,0.0,0.0,0.0,0.0,0.0,0.0,1.0,37.0,4233.35,-20.66,28.0,151.19,3.0,11.0,1.0,1.0,0.0,0.131,0
SMB_EU_000422,1.0,0.0,0.0,0.0,0.0,0.0,0.0,0.0,0.0,71.0,12715.94,-14.44,46.0,276.43,1.0,6.0,1.0,1.0,3.0,0.097,0
SMB_EU_000423,0.0,0.0,0.0,0.0,0.0,0.0,1.0,0.0,0.0,17.0,20611.27,10.99,91.0,226.5,3.0,12.0,0.0,0.0,4.0,0.088,0
SMB_EU_000424,0.0,0.0,0.0,1.0,0.0,0.0,0.0,0.0,0.0,45.0,11076.0,-2.99,96.0,115.37,2.0,10.0,1.0,0.0,2.0,0.041,0
SMB_EU_000425,0.0,0.0,0.0,0.0,0.0,0.0,0.0,0.0,0.0,26.0,7800.35,10.46,87.0,89.66,1.0,10.0,3.0,0.0,1.0,0.087,1
SMB_EU_000426,0.0,0.0,1.0,0.0,0.0,0.0,1.0,0.0,0.0,38.0,11829.56,-3.31,74.0,159.86,3.0,3.0,0.0,0.0,1.0,0.052,0
SMB_EU_000427,0.0,0.0,0.0,1.0,0.0,0.0,0.0,0.0,1.0,14.0,9983.28,-24.48,39.0,255.98,2.0,8.0,0.0,1.0,0.0,0.092,0
SMB_EU_000428,0.0,0.0,0.0,0.0,1.0,0.0,0.0,1.0,0.0,42.0,1401.94,-3.59,6.0,233.66,2.0,10.0,2.0,0.0,0.0,0.139,0
SMB_EU_000429,0.0,1.0,0.0,0.0,0.0,0.0,0.0,0.0,0.0,21.0,22319.44,-29.32,114.0,195.78,1.0,11.0,1.0,0.0,2.0,0.035,0
SMB_EU_000430,0.0,0.0,0.0,0.0,0.0,1.0,0.0,0.0,0.0,19.0,21516.93,3.38,266.0,80.89,1.0,12.0,1.0,0.0,3.0,0.052,0
SMB_EU_000431,0.0,0.0,0.0,0.0,0.0,0.0,0.0,1.0,0.0,26.0,1050.34,-32.53,6.0,175.06,4.0,8.0,0.0,0.0,2.0,0.179,0
SMB_EU_000432,1.0,0.0,0.0,0.0,0.0,0.0,0.0,0.0,1.0,39.0,4287.92,-21.79,37.0,115.89,2.0,8.0,0.0,0.0,1.0,0.207,0
SMB_EU_000433,0.0,0.0,1.0,0.0,0.0,0.0,0.0,1.0,0.0,23.0,905.13,-13.24,5.0,181.03,1.0,6.0,0.0,0.0,1.0,0.249,0
SMB_EU_000434,0.0,0.0,0.0,0.0,0.0,0.0,0.0,0.0,0.0,19.0,14337.34,-64.49,48.0,298.69,4.0,7.0,0.0,0.0,1.0,0.007,1
SMB_EU_000435,0.0,0.0,0.0,0.0,0.0,0.0,0.0,1.0,0.0,24.0,9058.19,-8.18,33.0,274.49,1.0,14.0,0.0,0.0,0.0,0.138,0
SMB_EU_000436,1.0,0.0,0.0,0.0,0.0,1.0,0.0,0.0,0.0,23.0,6392.08,-15.63,43.0,148.65,2.0,12.0,0.0,0.0,1.0,0.198,0
SMB_EU_000437,0.0,0.0,0.0,0.0,0.0,1.0,0.0,0.0,0.0,37.0,13831.61,-21.09,66.0,209.57,1.0,12.0,3.0,0.0,0.0,0.171,1
SMB_EU_000438,1.0,0.0,0.0,0.0,0.0,0.0,1.0,0.0,0.0,20.0,13167.76,23.13,69.0,190.84,4.0,4.0,0.0,2.0,0.0,0.097,0
SMB_EU_000439,1.0,0.0,0.0,0.0,0.0,0.0,1.0,0.0,0.0,19.0,22214.16,-10.17,205.0,108.36,2.0,7.0,3.0,1.0,0.0,0.12,0
SMB_EU_000440,0.0,0.0,0.0,0.0,0.0,0.0,0.0,0.0,0.0,14.0,30089.51,-33.46,101.0,297.92,3.0,8.0,1.0,0.0,1.0,0.08,1
SMB_EU_000441,0.0,0.0,0.0,0.0,0.0,0.0,0.0,0.0,0.0,39.0,11778.6,-55.67,68.0,173.21,2.0,7.0,1.0,0.0,2.0,0.215,1
SMB_EU_000442,0.0,0.0,0.0,0.0,1.0,0.0,1.0,0.0,0.0,29.0,8326.78,-16.87,44.0,189.25,1.0,9.0,0.0,0.0,0.0,0.085,0
SMB_EU_000443,0.0,1.0,0.0,0.0,0.0,0.0,0.0,1.0,0.0,56.0,2969.02,-13.27,13.0,228.39,2.0,11.0,1.0,0.0,0.0,0.072,0
SMB_EU_000444,0.0,1.0,0.0,0.0,0.0,0.0,1.0,0.0,0.0,52.0,6966.05,10.66,57.0,122.21,2.0,7.0,0.0,0.0,2.0,0.086,0
SMB_EU_000445,1.0,0.0,0.0,0.0,0.0,1.0,0.0,0.0,0.0,31.0,6226.77,-6.72,48.0,129.72,4.0,9.0,1.0,1.0,0.0,0.076,0
SMB_EU_000446,0.0,0.0,0.0,0.0,1.0,0.0,0.0,0.0,0.0,24.0,14254.97,-17.29,116.0,122.89,3.0,17.0,0.0,0.0,3.0,0.097,0
SMB_EU_000447,0.0,0.0,0.0,0.0,1.0,0.0,0.0,0.0,1.0,26.0,20137.36,-16.25,122.0,165.06,3.0,7.0,0.0,0.0,3.0,0.098,0
SMB_EU_000448,1.0,0.0,0.0,0.0,0.0,0.0,0.0,0.0,0.0,16.0,12304.31,17.25,99.0,124.29,1.0,14.0,0.0,2.0,0.0,0.087,0
SMB_EU_000449,0.0,1.0,0.0,0.0,0.0,0.0,1.0,0.0,0.0,14.0,4573.09,8.05,16.0,285.82,1.0,9.0,0.0,0.0,1.0,0.125,0
SMB_EU_000450,0.0,0.0,0.0,0.0,0.0,1.0,0.0,0.0,0.0,13.0,3560.83,-36.8,15.0,237.39,2.0,6.0,0.0,0.0,1.0,0.147,1
SMB_EU_000451,1.0,0.0,0.0,0.0,0.0,0.0,0.0,1.0,0.0,23.0,7407.54,-16.72,27.0,274.35,2.0,14.0,2.0,1.0,3.0,0.087,0
SMB_EU_000452,0.0,0.0,1.0,0.0,0.0,0.0,0.0,0.0,1.0,2.0,3878.09,0.71,15.0,258.54,3.0,13.0,0.0,0.0,0.0,0.141,0
SMB_EU_000453,0.0,0.0,0.0,1.0,0.0,0.0,0.0,0.0,0.0,69.0,13294.34,-3.66,57.0,233.23,3.0,10.0,0.0,0.0,1.0,0.036,0
SMB_EU_000454,0.0,0.0,0.0,0.0,1.0,0.0,0.0,0.0,0.0,12.0,33266.48,-4.91,249.0,133.6,4.0,13.0,0.0,0.0,2.0,0.062,0
SMB_EU_000455,0.0,0.0,0.0,0.0,0.0,0.0,0.0,0.0,1.0,81.0,10727.21,-14.74,50.0,214.54,1.0,8.0,3.0,1.0,1.0,0.147,0
SMB_EU_000456,0.0,0.0,0.0,1.0,0.0,0.0,1.0,0.0,0.0,12.0,7649.79,-21.08,63.0,121.43,3.0,9.0,0.0,1.0,2.0,0.147,1
SMB_EU_000457,0.0,0.0,0.0,0.0,0.0,1.0,0.0,0.0,0.0,26.0,5872.11,30.12,54.0,108.74,2.0,5.0,1.0,1.0,2.0,0.254,0
SMB_EU_000458,0.0,0.0,0.0,1.0,0.0,0.0,0.0,0.0,0.0,34.0,8087.43,0.41,37.0,218.58,2.0,9.0,0.0,2.0,1.0,0.306,0
SMB_EU_000459,0.0,0.0,0.0,0.0,0.0,0.0,1.0,0.0,0.0,28.0,4783.44,-42.56,22.0,217.43,2.0,8.0,1.0,0.0,2.0,0.055,1
SMB_EU_000460,0.0,0.0,0.0,0.0,0.0,0.0,0.0,0.0,0.0,17.0,13342.32,0.09,117.0,114.04,4.0,7.0,1.0,0.0,0.0,0.05,0
SMB_EU_000461,0.0,0.0,0.0,0.0,0.0,0.0,0.0,0.0,0.0,17.0,17651.38,0.7,112.0,157.6,2.0,9.0,3.0,1.0,1.0,0.179,0
SMB_EU_000462,0.0,0.0,1.0,0.0,0.0,1.0,0.0,0.0,0.0,45.0,10597.83,-0.93,112.0,94.62,1.0,15.0,3.0,0.0,4.0,0.174,1
SMB_EU_000463,1.0,0.0,0.0,0.0,0.0,0.0,0.0,0.0,1.0,57.0,9513.97,-16.81,40.0,237.85,2.0,11.0,0.0,1.0,0.0,0.001,0
SMB_EU_000464,0.0,0.0,1.0,0.0,0.0,0.0,0.0,0.0,0.0,5.0,33774.79,-68.38,114.0,296.27,4.0,6.0,0.0,1.0,1.0,0.029,1
SMB_EU_000465,0.0,0.0,0.0,0.0,1.0,0.0,0.0,1.0,0.0,31.0,13099.27,-15.83,54.0,242.58,3.0,9.0,0.0,0.0,4.0,0.191,0
SMB_EU_000466,0.0,1.0,0.0,0.0,0.0,0.0,1.0,0.0,0.0,39.0,12891.93,2.82,49.0,263.1,1.0,6.0,0.0,1.0,3.0,0.037,0
SMB_EU_000467,0.0,1.0,0.0,0.0,0.0,0.0,0.0,0.0,0.0,30.0,31281.88,14.07,169.0,185.1,3.0,9.0,1.0,0.0,2.0,0.031,0
SMB_EU_000468,0.0,0.0,0.0,0.0,1.0,0.0,1.0,0.0,0.0,8.0,4415.02,11.03,44.0,100.34,1.0,7.0,2.0,0.0,1.0,0.095,0
SMB_EU_000469,0.0,1.0,0.0,0.0,0.0,0.0,0.0,0.0,1.0,37.0,4516.35,-12.13,19.0,237.7,1.0,11.0,0.0,2.0,2.0,0.121,0
SMB_EU_000470,0.0,0.0,0.0,0.0,1.0,0.0,0.0,1.0,0.0,52.0,6822.47,16.99,50.0,136.45,2.0,8.0,1.0,0.0,0.0,0.043,0
SMB_EU_000471,0.0,0.0,0.0,0.0,0.0,1.0,0.0,0.0,0.0,14.0,2683.26,11.48,16.0,167.7,2.0,10.0,0.0,1.0,1.0,0.1,0
SMB_EU_000472,0.0,0.0,0.0,0.0,1.0,0.0,0.0,1.0,0.0,17.0,4200.55,-22.16,18.0,233.36,1.0,18.0,0.0,0.0,2.0,0.059,0
SMB_EU_000473,0.0,0.0,0.0,0.0,0.0,1.0,0.0,0.0,0.0,30.0,9530.28,33.74,34.0,280.3,3.0,9.0,0.0,0.0,1.0,0.029,0
SMB_EU_000474,0.0,0.0,0.0,0.0,1.0,0.0,0.0,0.0,1.0,25.0,21015.25,30.66,112.0,187.64,3.0,11.0,2.0,0.0,1.0,0.095,0
SMB_EU_000475,0.0,0.0,0.0,1.0,0.0,0.0,0.0,1.0,0.0,17.0,4292.67,10.35,15.0,286.18,2.0,15.0,1.0,3.0,2.0,0.041,0
SMB_EU_000476,0.0,0.0,0.0,0.0,1.0,0.0,0.0,0.0,1.0,10.0,6093.72,8.48,31.0,196.57,1.0,6.0,0.0,0.0,2.0,0.04,0
SMB_EU_000477,0.0,0.0,0.0,0.0,0.0,0.0,0.0,0.0,0.0,18.0,18180.09,-24.2,170.0,106.94,1.0,11.0,1.0,0.0,0.0,0.156,0
SMB_EU_000478,0.0,0.0,1.0,0.0,0.0,0.0,1.0,0.0,0.0,4.0,4200.97,-8.76,22.0,190.95,1.0,9.0,0.0,1.0,2.0,0.257,1
SMB_EU_000479,0.0,0.0,0.0,0.0,1.0,0.0,0.0,0.0,0.0,40.0,13518.82,-8.55,50.0,270.38,1.0,7.0,3.0,0.0,2.0,0.022,0
SMB_EU_000480,0.0,0.0,0.0,1.0,0.0,0.0,1.0,0.0,0.0,15.0,7961.69,10.1,40.0,199.04,4.0,11.0,0.0,0.0,0.0,0.118,0
SMB_EU_000481,0.0,0.0,1.0,0.0,0.0,1.0,0.0,0.0,0.0,44.0,5900.1,-12.85,24.0,245.84,2.0,15.0,1.0,0.0,1.0,0.193,0
SMB_EU_000482,0.0,0.0,1.0,0.0,0.0,0.0,0.0,0.0,0.0,22.0,15818.06,8.89,79.0,200.23,1.0,9.0,0.0,0.0,3.0,0.102,0
SMB_EU_000483,0.0,0.0,0.0,1.0,0.0,1.0,0.0,0.0,0.0,29.0,3636.61,2.35,18.0,202.03,1.0,7.0,2.0,0.0,1.0,0.105,0
SMB_EU_000484,0.0,0.0,1.0,0.0,0.0,0.0,1.0,0.0,0.0,6.0,5171.93,-12.84,36.0,143.66,4.0,11.0,0.0,1.0,1.0,0.034,0
SMB_EU_000485,0.0,0.0,1.0,0.0,0.0,0.0,1.0,0.0,0.0,42.0,5109.86,0.39,41.0,124.63,2.0,7.0,2.0,0.0,1.0,0.021,0
SMB_EU_000486,0.0,0.0,0.0,0.0,1.0,0.0,0.0,0.0,0.0,113.0,5674.56,19.58,40.0,141.86,2.0,10.0,2.0,1.0,2.0,0.027,0
SMB_EU_000487,0.0,0.0,0.0,0.0,0.0,0.0,0.0,0.0,1.0,20.0,11048.81,1.24,62.0,178.21,2.0,7.0,2.0,1.0,0.0,0.095,0
SMB_EU_000488,0.0,1.0,0.0,0.0,0.0,0.0,0.0,0.0,0.0,29.0,25657.72,1.3,99.0,259.17,1.0,12.0,1.0,0.0,0.0,0.134,0
SMB_EU_000489,0.0,0.0,0.0,0.0,1.0,0.0,0.0,0.0,0.0,31.0,24187.51,-22.6,92.0,262.91,4.0,7.0,1.0,0.0,1.0,0.089,0
SMB_EU_000490,0.0,0.0,0.0,0.0,1.0,0.0,0.0,1.0,0.0,9.0,4271.39,6.89,37.0,115.44,1.0,6.0,1.0,0.0,0.0,0.08,0
SMB_EU_000491,0.0,0.0,0.0,1.0,0.0,1.0,0.0,0.0,0.0,11.0,3688.27,-4.96,18.0,204.9,3.0,12.0,1.0,0.0,1.0,0.132,0
SMB_EU_000492,0.0,0.0,1.0,0.0,0.0,0.0,0.0,0.0,0.0,38.0,23444.57,5.25,137.0,171.13,1.0,6.0,0.0,0.0,1.0,0.039,0
SMB_EU_000493,0.0,1.0,0.0,0.0,0.0,0.0,0.0,0.0,0.0,14.0,22007.96,-15.74,107.0,205.68,2.0,5.0,1.0,0.0,2.0,0.089,1
SMB_EU_000494,0.0,0.0,0.0,0.0,0.0,0.0,1.0,0.0,0.0,22.0,9114.75,-11.99,41.0,222.31,4.0,12.0,1.0,1.0,0.0,0.025,0
SMB_EU_000495,0.0,0.0,0.0,1.0,0.0,0.0,0.0,0.0,1.0,29.0,25631.22,-10.07,181.0,141.61,3.0,9.0,1.0,0.0,3.0,0.018,0
SMB_EU_000496,0.0,1.0,0.0,0.0,0.0,0.0,1.0,0.0,0.0,39.0,7874.16,7.05,28.0,281.22,1.0,6.0,0.0,2.0,2.0,0.048,0
SMB_EU_000497,0.0,0.0,1.0,0.0,0.0,0.0,0.0,0.0,0.0,23.0,12857.36,2.4,45.0,285.72,2.0,18.0,0.0,0.0,1.0,0.252,0
SMB_EU_000498,0.0,0.0,0.0,0.0,0.0,0.0,1.0,0.0,0.0,23.0,6293.71,-28.23,61.0,103.18,1.0,10.0,0.0,0.0,3.0,0.04,0
SMB_EU_000499,0.0,0.0,0.0,0.0,1.0,0.0,1.0,0.0,0.0,102.0,3135.9,10.36,13.0,241.22,4.0,9.0,0.0,0.0,3.0,0.07,0
SMB_EU_000500,0.0,0.0,0.0,0.0,1.0,0.0,0.0,1.0,0.0,49.0,7435.32,-14.89,85.0,87.47,3.0,6.0,1.0,0.0,0.0,0.125,0
SMB_EU_000501,0.0,0.0,1.0,0.0,0.0,0.0,1.0,0.0,0.0,20.0,7509.36,-4.35,83.0,90.47,2.0,10.0,2.0,0.0,5.0,0.054,0
SMB_EU_000502,0.0,0.0,0.0,1.0,0.0,0.0,1.0,0.0,0.0,24.0,10863.41,-15.53,37.0,293.61,1.0,13.0,1.0,1.0,0.0,0.043,1
SMB_EU_000503,0.0,1.0,0.0,0.0,0.0,0.0,0.0,0.0,0.0,78.0,45294.11,-12.3,195.0,232.28,1.0,11.0,1.0,0.0,0.0,0.192,0
SMB_EU_000504,1.0,0.0,0.0,0.0,0.0,0.0,1.0,0.0,0.0,39.0,6328.04,-22.0,42.0,150.67,3.0,7.0,1.0,0.0,1.0,0.166,0
SMB_EU_000505,0.0,0.0,1.0,0.0,0.0,0.0,1.0,0.0,0.0,53.0,1967.25,2.11,9.0,218.58,2.0,11.0,2.0,0.0,4.0,0.106,0
SMB_EU_000506,0.0,0.0,0.0,0.0,0.0,0.0,0.0,1.0,0.0,20.0,6673.07,-12.93,25.0,266.92,1.0,13.0,0.0,1.0,2.0,0.075,1
SMB_EU_000507,0.0,0.0,0.0,0.0,1.0,0.0,0.0,1.0,0.0,18.0,5526.49,-7.43,20.0,276.32,4.0,13.0,0.0,0.0,0.0,0.077,0
SMB_EU_000508,1.0,0.0,0.0,0.0,0.0,0.0,0.0,0.0,1.0,67.0,5799.39,-58.38,69.0,84.05,1.0,7.0,1.0,2.0,3.0,0.16,1
SMB_EU_000509,0.0,0.0,0.0,0.0,1.0,0.0,0.0,1.0,0.0,25.0,6345.83,15.66,24.0,264.41,1.0,11.0,0.0,1.0,2.0,0.024,0
SMB_EU_000510,1.0,0.0,0.0,0.0,0.0,1.0,0.0,0.0,0.0,25.0,9615.89,13.93,36.0,267.11,1.0,11.0,1.0,0.0,1.0,0.188,0
SMB_EU_000511,0.0,0.0,1.0,0.0,0.0,0.0,1.0,0.0,0.0,19.0,4533.42,-0.82,21.0,215.88,1.0,8.0,0.0,0.0,0.0,0.007,0
SMB_EU_000512,0.0,1.0,0.0,0.0,0.0,0.0,0.0,1.0,0.0,52.0,4173.01,18.98,22.0,189.68,2.0,7.0,2.0,0.0,3.0,0.196,0
SMB_EU_000513,0.0,0.0,0.0,0.0,1.0,0.0,0.0,1.0,0.0,30.0,12127.68,-30.19,116.0,104.55,2.0,7.0,0.0,0.0,1.0,0.101,0
SMB_EU_000514,0.0,0.0,0.0,0.0,1.0,0.0,0.0,1.0,0.0,11.0,3242.89,28.16,24.0,135.12,1.0,13.0,2.0,1.0,0.0,0.126,0
SMB_EU_000515,0.0,0.0,0.0,0.0,0.0,0.0,0.0,0.0,0.0,17.0,15612.19,10.39,83.0,188.1,1.0,14.0,1.0,0.0,1.0,0.159,0
SMB_EU_000516,0.0,0.0,0.0,0.0,0.0,0.0,1.0,0.0,0.0,59.0,1656.65,1.54,6.0,276.11,1.0,20.0,2.0,0.0,2.0,0.006,0
SMB_EU_000517,0.0,1.0,0.0,0.0,0.0,0.0,0.0,1.0,0.0,31.0,2055.11,-13.37,8.0,256.89,1.0,12.0,0.0,1.0,2.0,0.115,0
SMB_EU_000518,1.0,0.0,0.0,0.0,0.0,0.0,0.0,1.0,0.0,52.0,5495.6,-6.57,29.0,189.5,1.0,12.0,2.0,0.0,3.0,0.171,0
SMB_EU_000519,0.0,0.0,0.0,0.0,1.0,0.0,0.0,0.0,1.0,34.0,18803.02,9.14,74.0,254.09,1.0,8.0,1.0,1.0,3.0,0.028,0
SMB_EU_000520,0.0,0.0,0.0,0.0,0.0,0.0,1.0,0.0,0.0,12.0,3533.27,9.48,14.0,252.38,1.0,8.0,0.0,1.0,1.0,0.06,0
SMB_EU_000521,0.0,0.0,1.0,0.0,0.0,0.0,1.0,0.0,0.0,37.0,8366.03,10.03,40.0,209.15,3.0,10.0,1.0,0.0,2.0,0.052,0
SMB_EU_000522,0.0,1.0,0.0,0.0,0.0,0.0,1.0,0.0,0.0,25.0,6385.38,-33.17,50.0,127.71,1.0,7.0,1.0,2.0,2.0,0.195,1
SMB_EU_000523,0.0,0.0,0.0,0.0,1.0,0.0,0.0,1.0,0.0,18.0,8857.73,-48.59,57.0,155.4,3.0,10.0,2.0,0.0,4.0,0.134,1
SMB_EU_000524,0.0,0.0,0.0,0.0,1.0,0.0,1.0,0.0,0.0,19.0,3852.64,2.93,33.0,116.75,1.0,8.0,0.0,0.0,2.0,0.021,0
SMB_EU_000525,1.0,0.0,0.0,0.0,0.0,0.0,1.0,0.0,0.0,51.0,10355.19,11.55,127.0,81.54,3.0,12.0,3.0,0.0,1.0,0.047,0
SMB_EU_000526,0.0,0.0,0.0,1.0,0.0,0.0,0.0,0.0,1.0,31.0,6080.03,0.05,62.0,98.07,3.0,9.0,2.0,2.0,0.0,0.066,0
SMB_EU_000527,0.0,1.0,0.0,0.0,0.0,0.0,1.0,0.0,0.0,30.0,9145.52,22.22,37.0,247.18,2.0,13.0,1.0,0.0,2.0,0.07,0
SMB_EU_000528,0.0,1.0,0.0,0.0,0.0,0.0,0.0,1.0,0.0,71.0,5211.13,0.5,60.0,86.85,1.0,13.0,1.0,1.0,3.0,0.019,0
SMB_EU_000529,0.0,0.0,0.0,0.0,0.0,0.0,0.0,0.0,0.0,15.0,12896.85,-0.01,77.0,167.49,1.0,7.0,1.0,0.0,1.0,0.129,1
SMB_EU_000530,0.0,0.0,0.0,0.0,1.0,0.0,0.0,1.0,0.0,25.0,6660.04,10.06,22.0,302.73,3.0,9.0,0.0,0.0,2.0,0.042,0
SMB_EU_000531,1.0,0.0,0.0,0.0,0.0,1.0,0.0,0.0,0.0,16.0,6159.23,18.29,24.0,256.63,2.0,11.0,0.0,1.0,1.0,0.044,0
SMB_EU_000532,0.0,0.0,0.0,0.0,1.0,0.0,0.0,0.0,1.0,37.0,8310.67,-20.24,34.0,244.43,1.0,9.0,1.0,0.0,2.0,0.086,0
SMB_EU_000533,0.0,0.0,0.0,0.0,1.0,0.0,0.0,0.0,1.0,30.0,7267.23,-45.0,52.0,139.75,4.0,13.0,0.0,0.0,1.0,0.202,0
SMB_EU_000534,0.0,0.0,1.0,0.0,0.0,0.0,1.0,0.0,0.0,20.0,8381.28,-54.34,38.0,220.56,2.0,16.0,1.0,1.0,0.0,0.174,0
SMB_EU_000535,1.0,0.0,0.0,0.0,0.0,0.0,1.0,0.0,0.0,22.0,9140.07,47.38,48.0,190.42,3.0,6.0,1.0,0.0,3.0,0.029,0
SMB_EU_000536,0.0,0.0,0.0,0.0,1.0,0.0,0.0,0.0,0.0,48.0,8285.98,-52.21,38.0,218.05,1.0,10.0,0.0,0.0,1.0,0.078,0
SMB_EU_000537,0.0,0.0,0.0,0.0,1.0,1.0,0.0,0.0,0.0,56.0,4865.05,-1.83,28.0,173.75,1.0,10.0,0.0,0.0,1.0,0.141,0
SMB_EU_000538,0.0,1.0,0.0,0.0,0.0,0.0,0.0,1.0,0.0,17.0,2654.69,9.28,13.0,204.21,2.0,7.0,2.0,0.0,0.0,0.054,0
SMB_EU_000539,0.0,0.0,0.0,1.0,0.0,0.0,0.0,0.0,0.0,116.0,14645.64,14.65,49.0,298.89,2.0,14.0,0.0,0.0,1.0,0.061,0
SMB_EU_000540,0.0,0.0,0.0,0.0,0.0,1.0,0.0,0.0,0.0,9.0,4205.36,2.55,28.0,150.19,1.0,10.0,1.0,0.0,0.0,0.121,1
SMB_EU_000541,0.0,0.0,0.0,0.0,1.0,0.0,1.0,0.0,0.0,11.0,12703.93,17.47,100.0,127.04,2.0,7.0,3.0,0.0,2.0,0.169,0
SMB_EU_000542,0.0,0.0,1.0,0.0,0.0,0.0,0.0,1.0,0.0,21.0,7486.3,-17.91,42.0,178.25,3.0,11.0,0.0,0.0,1.0,0.135,0
SMB_EU_000543,0.0,1.0,0.0,0.0,0.0,0.0,0.0,0.0,1.0,15.0,5173.63,-11.49,26.0,198.99,1.0,17.0,1.0,0.0,1.0,0.269,0
SMB_EU_000544,0.0,0.0,1.0,0.0,0.0,0.0,0.0,0.0,0.0,13.0,14979.25,17.44,152.0,98.55,3.0,13.0,0.0,0.0,1.0,0.075,0
SMB_EU_000545,0.0,0.0,1.0,0.0,0.0,0.0,0.0,0.0,0.0,55.0,22002.59,0.16,86.0,255.84,2.0,7.0,1.0,1.0,2.0,0.027,0
SMB_EU_000546,0.0,1.0,0.0,0.0,0.0,0.0,1.0,0.0,0.0,37.0,7201.26,-18.94,42.0,171.46,2.0,6.0,2.0,0.0,1.0,0.068,0
SMB_EU_000547,0.0,0.0,0.0,0.0,0.0,1.0,0.0,0.0,0.0,28.0,3876.1,-19.84,23.0,168.53,1.0,14.0,0.0,0.0,1.0,0.086,0
SMB_EU_000548,0.0,0.0,1.0,0.0,0.0,0.0,0.0,0.0,0.0,18.0,7788.19,-12.16,35.0,222.52,3.0,9.0,0.0,0.0,1.0,0.092,0
SMB_EU_000549,0.0,0.0,0.0,1.0,0.0,0.0,1.0,0.0,0.0,12.0,13356.49,0.03,53.0,252.01,1.0,8.0,0.0,0.0,1.0,0.046,0
SMB_EU_000550,1.0,0.0,0.0,0.0,0.0,0.0,0.0,0.0,0.0,11.0,25782.04,7.01,87.0,296.35,3.0,6.0,0.0,0.0,0.0,0.062,0
SMB_EU_000551,0.0,0.0,0.0,1.0,0.0,0.0,0.0,0.0,0.0,55.0,13240.52,-4.94,112.0,118.22,2.0,15.0,0.0,0.0,0.0,0.049,0
SMB_EU_000552,0.0,0.0,0.0,0.0,1.0,0.0,0.0,0.0,0.0,54.0,23753.57,5.77,152.0,156.27,2.0,8.0,0.0,0.0,2.0,0.032,0
SMB_EU_000553,0.0,0.0,1.0,0.0,0.0,1.0,0.0,0.0,0.0,22.0,1012.71,-58.8,9.0,112.52,4.0,7.0,1.0,0.0,0.0,0.283,1
SMB_EU_000554,0.0,0.0,1.0,0.0,0.0,0.0,1.0,0.0,0.0,8.0,17742.7,18.36,65.0,272.96,1.0,15.0,1.0,0.0,2.0,0.104,0
SMB_EU_000555,0.0,0.0,0.0,0.0,1.0,0.0,0.0,1.0,0.0,40.0,4550.65,38.28,23.0,197.85,2.0,9.0,1.0,1.0,3.0,0.119,0
SMB_EU_000556,0.0,1.0,0.0,0.0,0.0,0.0,0.0,1.0,0.0,22.0,5443.94,-5.89,20.0,272.2,2.0,20.0,1.0,1.0,1.0,0.07,0
SMB_EU_000557,0.0,0.0,0.0,0.0,0.0,0.0,0.0,0.0,0.0,49.0,12375.76,7.2,42.0,294.66,4.0,9.0,0.0,0.0,4.0,0.108,0
SMB_EU_000558,0.0,0.0,0.0,0.0,0.0,0.0,1.0,0.0,0.0,11.0,18483.27,5.98,92.0,200.91,3.0,9.0,0.0,0.0,0.0,0.043,0
SMB_EU_000559,1.0,0.0,0.0,0.0,0.0,0.0,0.0,1.0,0.0,28.0,2645.87,2.08,25.0,105.83,3.0,9.0,0.0,1.0,1.0,0.187,0
SMB_EU_000560,0.0,0.0,1.0,0.0,0.0,0.0,0.0,0.0,1.0,10.0,21799.8,9.8,137.0,159.12,1.0,5.0,0.0,0.0,0.0,0.185,0
SMB_EU_000561,1.0,0.0,0.0,0.0,0.0,0.0,1.0,0.0,0.0,15.0,10147.26,7.18,115.0,88.24,1.0,17.0,1.0,0.0,1.0,0.174,0
SMB_EU_000562,0.0,0.0,0.0,0.0,0.0,0.0,0.0,0.0,0.0,15.0,21794.31,-51.74,82.0,265.78,1.0,7.0,0.0,2.0,2.0,0.29,1
SMB_EU_000563,0.0,0.0,0.0,0.0,0.0,0.0,1.0,0.0,0.0,21.0,6566.09,19.75,78.0,84.18,2.0,9.0,0.0,0.0,2.0,0.099,0
SMB_EU_000564,0.0,0.0,0.0,0.0,0.0,1.0,0.0,0.0,0.0,58.0,2736.91,3.02,13.0,210.53,2.0,15.0,0.0,0.0,1.0,0.086,0
SMB_EU_000565,0.0,1.0,0.0,0.0,0.0,0.0,1.0,0.0,0.0,29.0,13981.68,-49.44,135.0,103.57,1.0,8.0,0.0,1.0,1.0,0.054,1
SMB_EU_000566,0.0,0.0,1.0,0.0,0.0,0.0,0.0,0.0,0.0,44.0,18081.61,36.65,221.0,81.82,2.0,12.0,1.0,0.0,4.0,0.081,0
SMB_EU_000567,0.0,1.0,0.0,0.0,0.0,1.0,0.0,0.0,0.0,28.0,13581.84,-1.74,100.0,135.82,3.0,16.0,1.0,0.0,1.0,0.073,0
SMB_EU_000568,0.0,0.0,0.0,1.0,0.0,1.0,0.0,0.0,0.0,19.0,5341.43,3.82,27.0,197.83,1.0,16.0,0.0,1.0,0.0,0.063,0
SMB_EU_000569,0.0,0.0,0.0,0.0,1.0,0.0,0.0,0.0,0.0,4.0,11664.05,2.63,121.0,96.4,4.0,12.0,0.0,0.0,2.0,0.058,0
SMB_EU_000570,0.0,1.0,0.0,0.0,0.0,0.0,0.0,0.0,0.0,12.0,34498.06,-38.23,160.0,215.61,1.0,10.0,1.0,0.0,0.0,0.064,0
SMB_EU_000571,0.0,0.0,0.0,1.0,0.0,1.0,0.0,0.0,0.0,26.0,18894.97,6.73,83.0,227.65,1.0,5.0,1.0,1.0,1.0,0.077,0
SMB_EU_000572,1.0,0.0,0.0,0.0,0.0,0.0,1.0,0.0,0.0,29.0,8044.99,-12.67,27.0,297.96,3.0,8.0,0.0,1.0,2.0,0.091,0
SMB_EU_000573,0.0,1.0,0.0,0.0,0.0,0.0,1.0,0.0,0.0,49.0,5092.59,8.95,18.0,282.92,2.0,11.0,2.0,2.0,1.0,0.045,0
SMB_EU_000574,0.0,0.0,1.0,0.0,0.0,0.0,0.0,1.0,0.0,6.0,8131.59,-26.38,40.0,203.29,4.0,3.0,2.0,0.0,1.0,0.031,0
SMB_EU_000575,0.0,0.0,0.0,0.0,1.0,0.0,1.0,0.0,0.0,91.0,6869.07,-64.93,27.0,254.41,2.0,12.0,0.0,0.0,1.0,0.095,0
SMB_EU_000576,0.0,0.0,0.0,0.0,1.0,0.0,0.0,1.0,0.0,4.0,7163.48,27.39,45.0,159.19,4.0,12.0,1.0,1.0,2.0,0.011,0
SMB_EU_000577,0.0,0.0,0.0,0.0,0.0,0.0,0.0,0.0,1.0,25.0,7703.38,-18.84,37.0,208.2,1.0,7.0,0.0,0.0,3.0,0.13,0
SMB_EU_000578,0.0,0.0,0.0,0.0,1.0,0.0,0.0,0.0,0.0,17.0,38338.65,-54.01,227.0,168.89,2.0,17.0,0.0,0.0,1.0,0.181,0
SMB_EU_000579,0.0,0.0,0.0,1.0,0.0,0.0,0.0,0.0,0.0,12.0,9858.72,-18.47,64.0,154.04,4.0,3.0,0.0,0.0,1.0,0.049,0
SMB_EU_000580,0.0,1.0,0.0,0.0,0.0,1.0,0.0,0.0,0.0,68.0,8005.09,26.1,33.0,242.58,2.0,12.0,1.0,1.0,2.0,0.052,0
SMB_EU_000581,0.0,0.0,0.0,1.0,0.0,0.0,0.0,1.0,0.0,17.0,3729.29,-26.88,26.0,143.43,1.0,8.0,2.0,2.0,1.0,0.035,1
SMB_EU_000582,0.0,0.0,0.0,0.0,1.0,0.0,0.0,0.0,1.0,6.0,7601.31,-14.34,46.0,165.25,1.0,19.0,1.0,0.0,3.0,0.342,0
SMB_EU_000583,0.0,0.0,0.0,1.0,0.0,0.0,0.0,1.0,0.0,9.0,3904.79,-21.87,24.0,162.7,3.0,11.0,1.0,0.0,0.0,0.008,0
SMB_EU_000584,0.0,1.0,0.0,0.0,0.0,0.0,1.0,0.0,0.0,53.0,12461.03,-4.11,46.0,270.89,2.0,14.0,0.0,0.0,1.0,0.066,0
SMB_EU_000585,0.0,0.0,1.0,0.0,0.0,1.0,0.0,0.0,0.0,10.0,10410.11,-6.54,89.0,116.97,2.0,13.0,1.0,1.0,2.0,0.085,0
SMB_EU_000586,0.0,1.0,0.0,0.0,0.0,0.0,0.0,0.0,0.0,8.0,20961.63,-7.21,128.0,163.76,3.0,9.0,1.0,0.0,0.0,0.043,0
SMB_EU_000587,0.0,0.0,0.0,0.0,0.0,0.0,0.0,0.0,0.0,30.0,14058.96,27.84,51.0,275.67,3.0,14.0,0.0,0.0,2.0,0.037,0
SMB_EU_000588,0.0,0.0,0.0,0.0,0.0,0.0,1.0,0.0,0.0,21.0,8701.97,-17.99,104.0,83.67,2.0,10.0,1.0,0.0,3.0,0.089,0
SMB_EU_000589,0.0,0.0,0.0,0.0,0.0,0.0,1.0,0.0,0.0,36.0,13709.3,-1.53,48.0,285.61,3.0,8.0,1.0,1.0,2.0,0.244,0
SMB_EU_000590,0.0,0.0,0.0,0.0,0.0,0.0,0.0,1.0,0.0,19.0,8732.27,-42.3,31.0,281.69,2.0,10.0,1.0,0.0,4.0,0.006,1
SMB_EU_000591,0.0,0.0,0.0,0.0,0.0,0.0,0.0,0.0,0.0,42.0,2985.85,-38.86,17.0,175.64,3.0,7.0,0.0,1.0,1.0,0.043,0
SMB_EU_000592,0.0,0.0,1.0,0.0,0.0,0.0,0.0,0.0,0.0,8.0,12739.62,7.3,57.0,223.5,1.0,7.0,1.0,1.0,2.0,0.048,0
SMB_EU_000593,0.0,0.0,0.0,0.0,0.0,0.0,0.0,0.0,0.0,7.0,13111.57,-6.0,44.0,297.99,1.0,12.0,2.0,0.0,0.0,0.138,0
SMB_EU_000594,0.0,1.0,0.0,0.0,0.0,0.0,0.0,1.0,0.0,32.0,7470.71,5.61,37.0,201.91,3.0,12.0,0.0,0.0,2.0,0.117,0
SMB_EU_000595,0.0,0.0,0.0,0.0,1.0,0.0,0.0,1.0,0.0,21.0,4803.65,-1.62,47.0,102.21,1.0,13.0,0.0,1.0,0.0,0.04,0
SMB_EU_000596,0.0,0.0,0.0,1.0,0.0,0.0,0.0,0.0,0.0,19.0,23093.71,-30.76,86.0,268.53,1.0,10.0,0.0,0.0,3.0,0.067,0
SMB_EU_000597,0.0,0.0,1.0,0.0,0.0,0.0,1.0,0.0,0.0,40.0,4188.09,19.59,38.0,110.21,3.0,10.0,1.0,0.0,1.0,0.049,0
SMB_EU_000598,0.0,0.0,0.0,0.0,0.0,0.0,0.0,0.0,0.0,99.0,17532.97,31.06,128.0,136.98,2.0,8.0,2.0,1.0,1.0,0.031,0
SMB_EU_000599,0.0,0.0,0.0,0.0,0.0,0.0,0.0,0.0,1.0,7.0,15445.97,-57.12,57.0,270.98,1.0,13.0,0.0,0.0,2.0,0.041,0
SMB_EU_000600,0.0,0.0,0.0,0.0,0.0,1.0,0.0,0.0,0.0,59.0,2477.2,-13.47,18.0,137.62,3.0,11.0,1.0,1.0,3.0,0.158,0
SMB_EU_000601,0.0,0.0,0.0,0.0,0.0,0.0,0.0,0.0,0.0,41.0,67777.91,-17.64,278.0,243.81,2.0,10.0,2.0,0.0,0.0,0.025,1
SMB_EU_000602,0.0,1.0,0.0,0.0,0.0,1.0,0.0,0.0,0.0,18.0,12259.38,28.36,69.0,177.67,3.0,11.0,0.0,0.0,2.0,0.101,0
SMB_EU_000603,0.0,0.0,0.0,0.0,0.0,0.0,0.0,0.0,0.0,71.0,15012.18,-2.53,61.0,246.1,2.0,13.0,1.0,1.0,4.0,0.094,0
SMB_EU_000604,0.0,0.0,0.0,0.0,0.0,0.0,0.0,1.0,0.0,9.0,3041.63,-3.28,23.0,132.24,2.0,8.0,3.0,0.0,1.0,0.082,0
SMB_EU_000605,0.0,0.0,0.0,0.0,0.0,0.0,0.0,0.0,0.0,35.0,13504.18,-1.2,78.0,173.13,2.0,12.0,1.0,0.0,1.0,0.207,0
SMB_EU_000606,0.0,0.0,0.0,1.0,0.0,0.0,1.0,0.0,0.0,23.0,8412.54,-25.12,56.0,150.22,1.0,8.0,0.0,0.0,1.0,0.133,0
SMB_EU_000607,0.0,0.0,0.0,0.0,0.0,0.0,1.0,0.0,0.0,18.0,10421.17,-4.37,77.0,135.34,1.0,7.0,0.0,2.0,2.0,0.106,0
SMB_EU_000608,0.0,1.0,0.0,0.0,0.0,0.0,0.0,0.0,0.0,10.0,36908.68,25.72,247.0,149.43,1.0,7.0,0.0,1.0,1.0,0.12,0
SMB_EU_000609,0.0,0.0,0.0,1.0,0.0,0.0,0.0,0.0,1.0,120.0,6763.67,-2.53,45.0,150.3,4.0,14.0,1.0,0.0,1.0,0.062,0
SMB_EU_000610,0.0,0.0,1.0,0.0,0.0,0.0,0.0,0.0,0.0,18.0,21024.24,-56.81,72.0,292.0,4.0,9.0,1.0,0.0,1.0,0.103,1
SMB_EU_000611,0.0,0.0,0.0,0.0,0.0,0.0,0.0,1.0,0.0,3.0,2302.47,-35.94,12.0,191.87,2.0,6.0,0.0,0.0,2.0,0.071,0
SMB_EU_000612,1.0,0.0,0.0,0.0,0.0,0.0,0.0,1.0,0.0,45.0,3901.17,-10.01,21.0,185.77,1.0,11.0,0.0,1.0,0.0,0.143,0
SMB_EU_000613,0.0,0.0,1.0,0.0,0.0,0.0,1.0,0.0,0.0,33.0,10028.91,-1.0,53.0,189.22,1.0,15.0,1.0,0.0,2.0,0.191,0
SMB_EU_000614,0.0,0.0,0.0,0.0,0.0,0.0,1.0,0.0,0.0,21.0,12112.03,-19.03,40.0,302.8,1.0,11.0,2.0,1.0,1.0,0.06,0
SMB_EU_000615,0.0,0.0,0.0,0.0,1.0,0.0,1.0,0.0,0.0,20.0,5091.14,-15.55,23.0,221.35,4.0,9.0,0.0,0.0,0.0,0.092,0
SMB_EU_000616,0.0,0.0,0.0,0.0,1.0,0.0,0.0,1.0,0.0,25.0,3838.04,-39.98,16.0,239.88,2.0,8.0,0.0,1.0,1.0,0.059,0
SMB_EU_000617,0.0,0.0,0.0,0.0,0.0,0.0,1.0,0.0,0.0,46.0,19216.62,1.74,129.0,148.97,3.0,12.0,0.0,1.0,1.0,0.072,0
SMB_EU_000618,0.0,1.0,0.0,0.0,0.0,0.0,0.0,0.0,0.0,33.0,30120.18,-50.78,164.0,183.66,2.0,11.0,0.0,0.0,2.0,0.077,0
SMB_EU_000619,1.0,0.0,0.0,0.0,0.0,0.0,0.0,0.0,0.0,37.0,16998.49,-35.31,141.0,120.56,2.0,10.0,1.0,0.0,3.0,0.086,0
SMB_EU_000620,1.0,0.0,0.0,0.0,0.0,0.0,0.0,1.0,0.0,37.0,1306.63,-9.11,6.0,217.77,2.0,11.0,0.0,0.0,1.0,0.144,0
SMB_EU_000621,0.0,0.0,0.0,0.0,0.0,0.0,1.0,0.0,0.0,47.0,36093.8,-11.76,232.0,155.58,1.0,5.0,0.0,2.0,4.0,0.057,0
SMB_EU_000622,0.0,0.0,0.0,0.0,0.0,0.0,0.0,0.0,0.0,56.0,14821.68,17.46,61.0,242.98,2.0,6.0,1.0,0.0,1.0,0.129,0
SMB_EU_000623,0.0,1.0,0.0,0.0,0.0,0.0,0.0,0.0,0.0,15.0,12434.94,11.74,98.0,126.89,3.0,8.0,1.0,0.0,1.0,0.035,0
SMB_EU_000624,0.0,0.0,0.0,1.0,0.0,0.0,0.0,0.0,0.0,30.0,10964.19,-0.32,65.0,168.68,2.0,8.0,0.0,1.0,0.0,0.176,0
SMB_EU_000625,0.0,0.0,1.0,0.0,0.0,0.0,0.0,1.0,0.0,54.0,6266.75,-29.37,34.0,184.32,2.0,9.0,2.0,0.0,2.0,0.075,0
SMB_EU_000626,0.0,1.0,0.0,0.0,0.0,0.0,1.0,0.0,0.0,15.0,10088.45,-0.13,86.0,117.31,2.0,9.0,0.0,2.0,2.0,0.027,0
SMB_EU_000627,0.0,0.0,0.0,1.0,0.0,0.0,0.0,1.0,0.0,63.0,8844.67,7.31,93.0,95.1,2.0,10.0,0.0,0.0,1.0,0.142,0
SMB_EU_000628,1.0,0.0,0.0,0.0,0.0,1.0,0.0,0.0,0.0,15.0,3442.24,-11.99,23.0,149.66,2.0,12.0,0.0,2.0,1.0,0.104,0
SMB_EU_000629,0.0,0.0,0.0,0.0,0.0,1.0,0.0,0.0,0.0,34.0,4974.19,12.94,25.0,198.97,1.0,6.0,1.0,0.0,2.0,0.023,0
SMB_EU_000630,0.0,1.0,0.0,0.0,0.0,1.0,0.0,0.0,0.0,21.0,20289.16,-19.82,91.0,222.96,4.0,5.0,0.0,0.0,1.0,0.095,0
SMB_EU_000631,1.0,0.0,0.0,0.0,0.0,0.0,0.0,0.0,0.0,19.0,17163.84,-3.95,99.0,173.37,1.0,5.0,0.0,0.0,1.0,0.068,0
SMB_EU_000632,0.0,0.0,0.0,0.0,1.0,0.0,1.0,0.0,0.0,36.0,7213.3,-7.32,38.0,189.82,2.0,12.0,1.0,0.0,1.0,0.214,0
SMB_EU_000633,0.0,0.0,0.0,1.0,0.0,1.0,0.0,0.0,0.0,56.0,3410.26,12.62,17.0,200.6,1.0,12.0,1.0,1.0,0.0,0.036,0
SMB_EU_000634,0.0,0.0,0.0,1.0,0.0,0.0,0.0,0.0,0.0,21.0,20320.1,-2.26,105.0,193.52,1.0,8.0,0.0,0.0,1.0,0.048,0
SMB_EU_000635,0.0,0.0,0.0,0.0,0.0,1.0,0.0,0.0,0.0,60.0,11138.09,-38.1,112.0,99.45,3.0,5.0,2.0,1.0,1.0,0.009,0
SMB_EU_000636,0.0,0.0,0.0,1.0,0.0,0.0,0.0,0.0,0.0,15.0,25350.61,-5.77,150.0,169.0,4.0,12.0,1.0,0.0,0.0,0.071,0
SMB_EU_000637,0.0,0.0,0.0,1.0,0.0,0.0,0.0,0.0,1.0,57.0,7705.57,-8.48,62.0,124.28,3.0,8.0,1.0,1.0,2.0,0.097,0
SMB_EU_000638,0.0,1.0,0.0,0.0,0.0,1.0,0.0,0.0,0.0,28.0,7452.21,-24.16,38.0,196.11,1.0,17.0,1.0,0.0,0.0,0.176,0
SMB_EU_000639,0.0,1.0,0.0,0.0,0.0,0.0,1.0,0.0,0.0,33.0,21811.5,-5.33,88.0,247.86,2.0,8.0,2.0,0.0,1.0,0.093,0
SMB_EU_000640,0.0,1.0,0.0,0.0,0.0,0.0,0.0,0.0,0.0,10.0,28519.26,16.06,137.0,208.17,1.0,12.0,1.0,0.0,0.0,0.051,0
SMB_EU_000641,0.0,0.0,0.0,0.0,0.0,0.0,0.0,1.0,0.0,18.0,3123.46,-57.3,24.0,130.14,2.0,16.0,0.0,1.0,2.0,0.029,0
SMB_EU_000642,0.0,1.0,0.0,0.0,0.0,0.0,0.0,1.0,0.0,26.0,1085.28,-46.51,9.0,120.59,1.0,10.0,2.0,0.0,2.0,0.011,1
SMB_EU_000643,0.0,0.0,0.0,0.0,0.0,0.0,0.0,0.0,0.0,52.0,17923.52,16.3,203.0,88.29,3.0,3.0,1.0,0.0,2.0,0.17,0
SMB_EU_000644,0.0,1.0,0.0,0.0,0.0,0.0,0.0,1.0,0.0,22.0,8073.43,13.38,46.0,175.51,1.0,10.0,1.0,0.0,0.0,0.077,0
SMB_EU_000645,0.0,0.0,0.0,0.0,0.0,0.0,0.0,0.0,0.0,14.0,7803.06,-6.6,45.0,173.4,1.0,10.0,0.0,0.0,0.0,0.058,0
SMB_EU_000646,0.0,0.0,0.0,0.0,1.0,0.0,0.0,0.0,0.0,31.0,14921.1,-1.96,113.0,132.05,3.0,11.0,1.0,0.0,1.0,0.249,0
SMB_EU_000647,0.0,0.0,1.0,0.0,0.0,0.0,0.0,1.0,0.0,85.0,4268.31,-15.18,17.0,251.08,4.0,11.0,3.0,0.0,5.0,0.089,0
SMB_EU_000648,0.0,0.0,1.0,0.0,0.0,0.0,0.0,1.0,0.0,33.0,5322.85,-6.0,32.0,166.34,1.0,15.0,0.0,0.0,1.0,0.076,0
SMB_EU_000649,1.0,0.0,0.0,0.0,0.0,1.0,0.0,0.0,0.0,22.0,4327.29,-1.32,19.0,227.75,1.0,13.0,1.0,0.0,2.0,0.178,0
SMB_EU_000650,0.0,0.0,0.0,1.0,0.0,0.0,0.0,1.0,0.0,31.0,10845.44,-0.8,49.0,221.34,3.0,10.0,1.0,0.0,0.0,0.017,0
SMB_EU_000651,0.0,0.0,0.0,0.0,0.0,0.0,1.0,0.0,0.0,13.0,8742.73,4.02,41.0,213.24,2.0,13.0,1.0,1.0,0.0,0.03,0
SMB_EU_000652,0.0,0.0,0.0,1.0,0.0,0.0,0.0,1.0,0.0,65.0,2950.66,20.5,11.0,268.24,4.0,9.0,0.0,0.0,2.0,0.045,0
SMB_EU_000653,0.0,0.0,1.0,0.0,0.0,0.0,0.0,0.0,0.0,64.0,26011.21,16.01,312.0,83.37,2.0,20.0,0.0,0.0,1.0,0.043,0
SMB_EU_000654,1.0,0.0,0.0,0.0,0.0,0.0,1.0,0.0,0.0,13.0,3746.9,-29.28,39.0,96.07,1.0,6.0,0.0,0.0,2.0,0.056,1
SMB_EU_000655,0.0,0.0,0.0,1.0,0.0,0.0,1.0,0.0,0.0,63.0,17290.17,-16.18,72.0,240.14,1.0,8.0,1.0,0.0,2.0,0.027,1
SMB_EU_000656,0.0,0.0,0.0,0.0,0.0,0.0,0.0,0.0,0.0,31.0,27185.56,-40.63,172.0,158.06,2.0,12.0,2.0,0.0,2.0,0.087,1
SMB_EU_000657,0.0,1.0,0.0,0.0,0.0,0.0,0.0,0.0,0.0,41.0,34533.0,-3.33,116.0,297.7,3.0,11.0,0.0,1.0,0.0,0.189,0
SMB_EU_000658,0.0,1.0,0.0,0.0,0.0,0.0,0.0,0.0,0.0,26.0,13641.31,21.28,107.0,127.49,3.0,10.0,0.0,0.0,0.0,0.165,0
SMB_EU_000659,0.0,0.0,1.0,0.0,0.0,0.0,1.0,0.0,0.0,27.0,5940.38,-3.58,49.0,121.23,4.0,15.0,1.0,0.0,1.0,0.069,0
SMB_EU_000660,0.0,0.0,1.0,0.0,0.0,0.0,0.0,0.0,0.0,16.0,15775.58,18.8,75.0,210.34,1.0,13.0,1.0,0.0,3.0,0.061,0
SMB_EU_000661,0.0,1.0,0.0,0.0,0.0,1.0,0.0,0.0,0.0,13.0,5703.6,-8.56,40.0,142.59,3.0,8.0,1.0,3.0,2.0,0.187,0
SMB_EU_000662,0.0,0.0,0.0,0.0,1.0,0.0,0.0,0.0,0.0,12.0,10139.19,-7.36,65.0,155.99,3.0,14.0,0.0,0.0,0.0,0.016,0
SMB_EU_000663,0.0,0.0,1.0,0.0,0.0,0.0,0.0,0.0,0.0,53.0,10760.44,7.22,38.0,283.17,3.0,11.0,1.0,0.0,1.0,0.163,0
SMB_EU_000664,0.0,1.0,0.0,0.0,0.0,0.0,0.0,1.0,0.0,30.0,4013.3,-27.52,47.0,85.39,2.0,6.0,0.0,0.0,1.0,0.116,0
SMB_EU_000665,0.0,0.0,0.0,0.0,0.0,0.0,0.0,1.0,0.0,13.0,2477.96,-3.18,13.0,190.61,2.0,10.0,1.0,0.0,1.0,0.126,0
SMB_EU_000666,0.0,0.0,0.0,0.0,0.0,0.0,0.0,1.0,0.0,28.0,7509.85,-74.56,49.0,153.26,2.0,6.0,1.0,0.0,0.0,0.07,1
SMB_EU_000667,0.0,1.0,0.0,0.0,0.0,0.0,0.0,0.0,0.0,6.0,14536.63,-78.03,93.0,156.31,2.0,9.0,0.0,0.0,1.0,0.082,1
SMB_EU_000668,0.0,0.0,0.0,0.0,0.0,0.0,0.0,1.0,0.0,13.0,4155.41,4.47,31.0,134.05,1.0,9.0,0.0,0.0,1.0,0.158,0
SMB_EU_000669,0.0,0.0,0.0,0.0,0.0,0.0,1.0,0.0,0.0,57.0,4109.2,-22.12,37.0,111.06,3.0,7.0,0.0,1.0,3.0,0.044,0
SMB_EU_000670,0.0,1.0,0.0,0.0,0.0,0.0,1.0,0.0,0.0,18.0,3987.71,-36.82,46.0,86.69,3.0,16.0,1.0,0.0,0.0,0.097,0
SMB_EU_000671,0.0,0.0,0.0,0.0,0.0,0.0,0.0,0.0,0.0,52.0,47923.15,0.19,161.0,297.66,1.0,12.0,1.0,0.0,1.0,0.034,0
SMB_EU_000672,0.0,0.0,0.0,0.0,1.0,0.0,0.0,1.0,0.0,24.0,3431.79,-36.74,15.0,228.79,2.0,15.0,1.0,0.0,5.0,0.252,0
SMB_EU_000673,0.0,0.0,0.0,0.0,0.0,0.0,1.0,0.0,0.0,42.0,11539.3,-5.7,46.0,250.85,2.0,9.0,0.0,1.0,1.0,0.164,0
SMB_EU_000674,0.0,0.0,0.0,1.0,0.0,0.0,1.0,0.0,0.0,10.0,8820.0,-17.47,94.0,93.83,3.0,11.0,0.0,0.0,1.0,0.055,0
SMB_EU_000675,0.0,1.0,0.0,0.0,0.0,0.0,1.0,0.0,0.0,37.0,1513.35,-22.49,18.0,84.08,3.0,7.0,0.0,1.0,0.0,0.129,0
SMB_EU_000676,0.0,0.0,0.0,0.0,1.0,0.0,0.0,1.0,0.0,3.0,14656.86,-46.67,69.0,212.42,2.0,14.0,0.0,0.0,5.0,0.077,1
SMB_EU_000677,0.0,0.0,0.0,0.0,0.0,1.0,0.0,0.0,0.0,19.0,9044.98,-16.04,38.0,238.03,3.0,7.0,0.0,0.0,1.0,0.201,0
SMB_EU_000678,0.0,1.0,0.0,0.0,0.0,0.0,0.0,0.0,0.0,59.0,9463.56,-50.32,57.0,166.03,1.0,15.0,2.0,1.0,6.0,0.097,1
SMB_EU_000679,0.0,0.0,0.0,0.0,1.0,1.0,0.0,0.0,0.0,27.0,5898.74,-2.52,36.0,163.85,1.0,7.0,2.0,1.0,2.0,0.144,0
SMB_EU_000680,0.0,0.0,0.0,0.0,1.0,0.0,0.0,0.0,0.0,12.0,7527.33,-5.47,46.0,163.64,1.0,9.0,1.0,0.0,1.0,0.059,0
SMB_EU_000681,1.0,0.0,0.0,0.0,0.0,1.0,0.0,0.0,0.0,56.0,17948.23,-8.94,158.0,113.6,1.0,5.0,0.0,0.0,1.0,0.119,0
SMB_EU_000682,0.0,1.0,0.0,0.0,0.0,0.0,1.0,0.0,0.0,91.0,4640.62,-6.21,19.0,244.24,3.0,10.0,0.0,0.0,1.0,0.038,0
SMB_EU_000683,0.0,0.0,0.0,0.0,0.0,0.0,0.0,1.0,0.0,22.0,3653.14,-16.62,29.0,125.97,4.0,11.0,1.0,0.0,2.0,0.035,0
SMB_EU_000684,0.0,0.0,1.0,0.0,0.0,0.0,0.0,0.0,0.0,7.0,9682.44,-19.33,64.0,151.29,1.0,13.0,1.0,0.0,3.0,0.11,0
SMB_EU_000685,0.0,0.0,0.0,0.0,1.0,1.0,0.0,0.0,0.0,27.0,6296.46,-60.31,28.0,224.87,4.0,18.0,2.0,0.0,0.0,0.168,0
SMB_EU_000686,0.0,0.0,1.0,0.0,0.0,0.0,1.0,0.0,0.0,43.0,18203.82,-50.33,227.0,80.19,2.0,8.0,2.0,0.0,0.0,0.199,1
SMB_EU_000687,0.0,0.0,1.0,0.0,0.0,0.0,0.0,0.0,0.0,23.0,43889.49,24.48,177.0,247.96,1.0,9.0,0.0,0.0,2.0,0.156,0
SMB_EU_000688,0.0,1.0,0.0,0.0,0.0,0.0,0.0,0.0,0.0,4.0,11806.53,-10.36,42.0,281.11,1.0,10.0,1.0,0.0,3.0,0.163,0
SMB_EU_000689,1.0,0.0,0.0,0.0,0.0,0.0,0.0,0.0,0.0,40.0,18821.61,-44.12,206.0,91.37,3.0,8.0,0.0,2.0,0.0,0.082,1
SMB_EU_000690,0.0,0.0,0.0,0.0,0.0,0.0,1.0,0.0,0.0,15.0,8402.97,-8.81,40.0,210.07,3.0,8.0,0.0,0.0,1.0,0.149,0
SMB_EU_000691,0.0,1.0,0.0,0.0,0.0,0.0,0.0,1.0,0.0,19.0,2774.51,-23.86,16.0,173.41,1.0,8.0,1.0,1.0,1.0,0.258,0
SMB_EU_000692,0.0,0.0,0.0,1.0,0.0,0.0,1.0,0.0,0.0,7.0,34225.63,0.89,352.0,97.23,1.0,6.0,1.0,0.0,0.0,0.049,0
SMB_EU_000693,0.0,0.0,0.0,1.0,0.0,1.0,0.0,0.0,0.0,2.0,13591.1,-0.73,59.0,230.36,4.0,10.0,0.0,1.0,1.0,0.052,0
SMB_EU_000694,0.0,1.0,0.0,0.0,0.0,0.0,0.0,1.0,0.0,10.0,5600.79,0.84,26.0,215.41,1.0,5.0,1.0,0.0,0.0,0.101,0
SMB_EU_000695,0.0,0.0,0.0,0.0,0.0,1.0,0.0,0.0,0.0,17.0,15500.7,-0.61,70.0,221.44,3.0,10.0,1.0,1.0,3.0,0.132,0
SMB_EU_000696,0.0,0.0,1.0,0.0,0.0,0.0,0.0,1.0,0.0,17.0,10347.06,-5.59,40.0,258.68,1.0,15.0,2.0,0.0,4.0,0.11,1
SMB_EU_000697,0.0,1.0,0.0,0.0,0.0,1.0,0.0,0.0,0.0,67.0,6302.06,-21.84,44.0,143.23,2.0,11.0,0.0,0.0,2.0,0.098,0
SMB_EU_000698,0.0,0.0,1.0,0.0,0.0,0.0,0.0,0.0,0.0,11.0,18240.21,-1.12,80.0,228.0,2.0,11.0,0.0,0.0,0.0,0.145,0
SMB_EU_000699,0.0,0.0,0.0,0.0,0.0,0.0,0.0,1.0,0.0,49.0,12387.82,15.28,51.0,242.9,2.0,7.0,1.0,1.0,0.0,0.135,0
SMB_EU_000700,0.0,0.0,0.0,1.0,0.0,0.0,0.0,0.0,0.0,29.0,8502.48,27.21,73.0,116.47,1.0,13.0,3.0,1.0,1.0,0.141,0
SMB_EU_000701,0.0,0.0,0.0,1.0,0.0,1.0,0.0,0.0,0.0,73.0,16378.57,-44.84,56.0,292.47,1.0,8.0,1.0,1.0,3.0,0.037,1
SMB_EU_000702,0.0,0.0,0.0,0.0,0.0,0.0,0.0,1.0,0.0,25.0,4368.28,-1.94,28.0,156.01,3.0,5.0,2.0,0.0,1.0,0.021,0
SMB_EU_000703,0.0,1.0,0.0,0.0,0.0,0.0,0.0,0.0,0.0,4.0,37444.37,7.51,158.0,236.99,1.0,8.0,0.0,0.0,2.0,0.029,0
SMB_EU_000704,0.0,0.0,0.0,0.0,0.0,0.0,0.0,0.0,0.0,23.0,14953.03,22.4,61.0,245.13,2.0,7.0,0.0,1.0,2.0,0.099,0
SMB_EU_000705,0.0,0.0,0.0,0.0,0.0,0.0,0.0,0.0,0.0,2.0,18368.07,-7.29,96.0,191.33,3.0,12.0,0.0,1.0,2.0,0.079,0
SMB_EU_000706,0.0,0.0,0.0,0.0,1.0,0.0,0.0,1.0,0.0,10.0,4898.13,10.39,45.0,108.85,3.0,12.0,1.0,0.0,4.0,0.035,0
SMB_EU_000707,0.0,1.0,0.0,0.0,0.0,0.0,0.0,0.0,1.0,23.0,6541.19,-12.34,47.0,139.17,1.0,11.0,1.0,0.0,0.0,0.155,0
SMB_EU_000708,1.0,0.0,0.0,0.0,0.0,0.0,0.0,0.0,0.0,24.0,12756.2,4.95,97.0,131.51,3.0,8.0,3.0,0.0,1.0,0.027,0
SMB_EU_000709,0.0,1.0,0.0,0.0,0.0,1.0,0.0,0.0,0.0,48.0,13725.1,-16.59,71.0,193.31,2.0,12.0,0.0,0.0,1.0,0.047,0
SMB_EU_000710,0.0,0.0,1.0,0.0,0.0,0.0,0.0,0.0,1.0,35.0,2245.05,-19.36,16.0,140.32,1.0,5.0,2.0,0.0,0.0,0.075,1
SMB_EU_000711,1.0,0.0,0.0,0.0,0.0,0.0,1.0,0.0,0.0,69.0,3804.03,-7.88,19.0,200.21,2.0,8.0,2.0,1.0,3.0,0.14,0
SMB_EU_000712,0.0,0.0,1.0,0.0,0.0,0.0,1.0,0.0,0.0,48.0,5176.65,14.32,36.0,143.8,1.0,14.0,1.0,0.0,2.0,0.056,0
SMB_EU_000713,0.0,0.0,0.0,1.0,0.0,0.0,0.0,1.0,0.0,44.0,2618.05,9.24,33.0,79.33,2.0,15.0,1.0,0.0,0.0,0.125,0
SMB_EU_000714,0.0,1.0,0.0,0.0,0.0,0.0,0.0,1.0,0.0,86.0,12371.87,15.54,77.0,160.67,3.0,10.0,3.0,2.0,1.0,0.21,1
SMB_EU_000715,0.0,1.0,0.0,0.0,0.0,0.0,0.0,1.0,0.0,47.0,10633.87,12.73,50.0,212.68,4.0,11.0,0.0,1.0,2.0,0.248,0
SMB_EU_000716,0.0,0.0,0.0,0.0,1.0,0.0,0.0,0.0,0.0,61.0,21397.4,-5.12,86.0,248.81,3.0,4.0,3.0,0.0,2.0,0.113,0
SMB_EU_000717,1.0,0.0,0.0,0.0,0.0,0.0,1.0,0.0,0.0,6.0,5456.24,32.99,63.0,86.61,2.0,12.0,1.0,1.0,1.0,0.039,0
SMB_EU_000718,0.0,0.0,0.0,0.0,1.0,0.0,0.0,0.0,0.0,21.0,33417.55,2.05,244.0,136.96,4.0,8.0,2.0,1.0,0.0,0.059,0
SMB_EU_000719,0.0,0.0,0.0,0.0,0.0,0.0,1.0,0.0,0.0,34.0,3085.04,-45.84,10.0,308.5,2.0,16.0,0.0,0.0,1.0,0.042,1
SMB_EU_000720,1.0,0.0,0.0,0.0,0.0,0.0,0.0,0.0,0.0,28.0,54230.3,-4.24,394.0,137.64,2.0,13.0,0.0,0.0,0.0,0.052,0
SMB_EU_000721,0.0,0.0,0.0,0.0,1.0,0.0,0.0,1.0,0.0,14.0,3315.67,-7.04,13.0,255.05,3.0,5.0,0.0,0.0,0.0,0.041,0
SMB_EU_000722,0.0,0.0,0.0,0.0,0.0,0.0,1.0,0.0,0.0,45.0,6836.12,11.93,36.0,189.89,1.0,9.0,0.0,1.0,0.0,0.055,0
SMB_EU_000723,0.0,0.0,0.0,0.0,0.0,0.0,0.0,1.0,0.0,52.0,3864.5,-6.77,36.0,107.35,1.0,11.0,2.0,0.0,1.0,0.112,0
SMB_EU_000724,1.0,0.0,0.0,0.0,0.0,0.0,0.0,0.0,0.0,25.0,7878.88,16.48,36.0,218.86,3.0,12.0,0.0,0.0,2.0,0.037,0
SMB_EU_000725,0.0,0.0,1.0,0.0,0.0,1.0,0.0,0.0,0.0,21.0,19045.43,8.37,65.0,293.01,4.0,11.0,2.0,1.0,1.0,0.174,0
SMB_EU_000726,0.0,0.0,0.0,0.0,1.0,0.0,1.0,0.0,0.0,18.0,12842.74,-15.0,47.0,273.25,1.0,12.0,2.0,0.0,0.0,0.082,0
SMB_EU_000727,0.0,0.0,0.0,0.0,0.0,0.0,0.0,0.0,0.0,46.0,31103.88,-2.11,134.0,232.12,3.0,10.0,2.0,0.0,2.0,0.047,0
SMB_EU_000728,1.0,0.0,0.0,0.0,0.0,0.0,1.0,0.0,0.0,21.0,3839.11,-11.63,20.0,191.96,2.0,14.0,2.0,0.0,2.0,0.074,0
SMB_EU_000729,0.0,0.0,0.0,0.0,0.0,0.0,0.0,0.0,1.0,27.0,10032.07,2.77,67.0,149.73,3.0,12.0,3.0,0.0,1.0,0.134,0
SMB_EU_000730,0.0,0.0,0.0,0.0,0.0,0.0,0.0,1.0,0.0,57.0,6834.99,-11.72,43.0,158.95,1.0,8.0,4.0,1.0,0.0,0.301,0
SMB_EU_000731,0.0,0.0,0.0,0.0,0.0,0.0,0.0,0.0,0.0,32.0,17645.91,1.12,113.0,156.16,4.0,9.0,0.0,0.0,0.0,0.069,0
SMB_EU_000732,1.0,0.0,0.0,0.0,0.0,0.0,1.0,0.0,0.0,27.0,3987.71,-4.08,14.0,284.84,4.0,8.0,1.0,1.0,0.0,0.104,0
SMB_EU_000733,0.0,0.0,1.0,0.0,0.0,0.0,0.0,0.0,1.0,17.0,17159.03,-2.28,136.0,126.17,2.0,14.0,2.0,0.0,0.0,0.074,0
SMB_EU_000734,0.0,0.0,0.0,1.0,0.0,0.0,0.0,0.0,0.0,26.0,16134.83,30.76,99.0,162.98,4.0,8.0,3.0,0.0,0.0,0.069,0
SMB_EU_000735,0.0,1.0,0.0,0.0,0.0,0.0,1.0,0.0,0.0,15.0,4510.75,-5.41,26.0,173.49,4.0,14.0,1.0,1.0,0.0,0.073,0
SMB_EU_000736,0.0,0.0,0.0,0.0,1.0,1.0,0.0,0.0,0.0,31.0,1971.13,-29.02,12.0,164.26,2.0,9.0,0.0,2.0,0.0,0.245,1
SMB_EU_000737,0.0,1.0,0.0,0.0,0.0,0.0,0.0,0.0,1.0,18.0,12951.67,15.24,160.0,80.95,4.0,7.0,1.0,0.0,1.0,0.028,0
SMB_EU_000738,1.0,0.0,0.0,0.0,0.0,0.0,1.0,0.0,0.0,20.0,34803.4,-39.68,249.0,139.77,4.0,13.0,2.0,2.0,3.0,0.064,1
SMB_EU_000739,0.0,0.0,0.0,1.0,0.0,0.0,1.0,0.0,0.0,26.0,4350.49,-87.17,23.0,189.15,1.0,10.0,0.0,1.0,0.0,0.054,1
SMB_EU_000740,0.0,1.0,0.0,0.0,0.0,0.0,0.0,0.0,1.0,74.0,9969.12,-10.51,40.0,249.23,1.0,6.0,0.0,0.0,1.0,0.003,0
SMB_EU_000741,0.0,0.0,0.0,1.0,0.0,0.0,1.0,0.0,0.0,34.0,15576.13,6.54,76.0,204.95,1.0,13.0,0.0,1.0,0.0,0.083,0
SMB_EU_000742,0.0,1.0,0.0,0.0,0.0,0.0,1.0,0.0,0.0,10.0,3734.64,7.86,23.0,162.38,2.0,8.0,2.0,0.0,0.0,0.071,0
SMB_EU_000743,1.0,0.0,0.0,0.0,0.0,1.0,0.0,0.0,0.0,21.0,4498.69,-54.04,20.0,224.93,1.0,8.0,1.0,0.0,1.0,0.107,1
SMB_EU_000744,0.0,0.0,0.0,1.0,0.0,0.0,0.0,1.0,0.0,17.0,2984.23,0.27,13.0,229.56,1.0,14.0,1.0,0.0,0.0,0.014,0
SMB_EU_000745,0.0,1.0,0.0,0.0,0.0,0.0,0.0,0.0,0.0,16.0,27081.65,-14.08,201.0,134.73,4.0,8.0,1.0,0.0,3.0,0.035,0
SMB_EU_000746,0.0,0.0,0.0,0.0,1.0,0.0,0.0,0.0,1.0,17.0,19936.22,-36.0,194.0,102.76,3.0,10.0,0.0,0.0,1.0,0.188,0
SMB_EU_000747,0.0,1.0,0.0,0.0,0.0,1.0,0.0,0.0,0.0,22.0,6600.74,-5.2,26.0,253.87,4.0,15.0,0.0,0.0,0.0,0.075,0
SMB_EU_000748,0.0,0.0,1.0,0.0,0.0,0.0,1.0,0.0,0.0,15.0,4827.85,-14.53,25.0,193.11,4.0,14.0,0.0,0.0,1.0,0.09,0
SMB_EU_000749,0.0,0.0,0.0,0.0,1.0,0.0,0.0,0.0,1.0,15.0,6900.2,2.65,58.0,118.97,2.0,13.0,1.0,0.0,0.0,0.236,0
SMB_EU_000750,0.0,0.0,1.0,0.0,0.0,0.0,0.0,0.0,0.0,17.0,10275.38,-61.98,75.0,137.01,3.0,16.0,1.0,2.0,4.0,0.024,1
SMB_EU_000751,0.0,0.0,0.0,0.0,0.0,0.0,0.0,0.0,0.0,16.0,8345.22,13.46,34.0,245.45,1.0,9.0,0.0,0.0,3.0,0.048,0
SMB_EU_000752,0.0,0.0,0.0,0.0,1.0,1.0,0.0,0.0,0.0,13.0,5643.68,1.72,25.0,225.75,2.0,11.0,1.0,1.0,0.0,0.122,0
SMB_EU_000753,0.0,0.0,1.0,0.0,0.0,0.0,0.0,0.0,0.0,39.0,21177.64,2.3,74.0,286.18,1.0,8.0,4.0,0.0,3.0,0.041,0
SMB_EU_000754,0.0,1.0,0.0,0.0,0.0,0.0,1.0,0.0,0.0,19.0,10735.93,-88.92,59.0,181.96,1.0,7.0,1.0,1.0,2.0,0.047,1
SMB_EU_000755,0.0,0.0,0.0,0.0,0.0,0.0,1.0,0.0,0.0,22.0,7960.58,-12.5,87.0,91.5,1.0,10.0,0.0,0.0,1.0,0.133,0
SMB_EU_000756,1.0,0.0,0.0,0.0,0.0,0.0,0.0,0.0,0.0,21.0,15522.37,11.17,66.0,235.19,2.0,5.0,1.0,0.0,2.0,0.06,0
SMB_EU_000757,0.0,0.0,1.0,0.0,0.0,0.0,0.0,1.0,0.0,16.0,4761.24,9.82,35.0,136.04,4.0,7.0,0.0,0.0,0.0,0.224,0
SMB_EU_000758,0.0,0.0,0.0,1.0,0.0,1.0,0.0,0.0,0.0,13.0,2755.04,-14.27,18.0,153.06,1.0,10.0,0.0,0.0,1.0,0.09,0
SMB_EU_000759,0.0,0.0,0.0,0.0,1.0,0.0,0.0,0.0,1.0,42.0,9907.63,-57.89,80.0,123.85,2.0,8.0,1.0,1.0,1.0,0.061,0
SMB_EU_000760,1.0,0.0,0.0,0.0,0.0,0.0,0.0,0.0,0.0,13.0,10568.47,1.9,71.0,148.85,3.0,10.0,0.0,0.0,0.0,0.062,0
SMB_EU_000761,0.0,0.0,0.0,0.0,0.0,0.0,0.0,0.0,0.0,14.0,6683.52,-67.35,25.0,267.34,2.0,10.0,2.0,1.0,2.0,0.173,1
SMB_EU_000762,0.0,1.0,0.0,0.0,0.0,0.0,1.0,0.0,0.0,50.0,9992.8,-17.23,48.0,208.18,4.0,7.0,1.0,0.0,1.0,0.107,0
SMB_EU_000763,0.0,1.0,0.0,0.0,0.0,0.0,1.0,0.0,0.0,17.0,5542.27,26.4,53.0,104.57,1.0,7.0,1.0,0.0,2.0,0.021,0
SMB_EU_000764,1.0,0.0,0.0,0.0,0.0,0.0,0.0,0.0,0.0,26.0,17196.44,21.68,82.0,209.71,1.0,8.0,0.0,0.0,1.0,0.071,0
SMB_EU_000765,0.0,0.0,0.0,0.0,0.0,0.0,0.0,1.0,0.0,20.0,8314.66,-39.37,38.0,218.81,2.0,8.0,1.0,0.0,2.0,0.049,0
SMB_EU_000766,0.0,0.0,1.0,0.0,0.0,0.0,0.0,0.0,1.0,25.0,5089.0,4.61,19.0,267.84,2.0,10.0,0.0,0.0,4.0,0.116,0
SMB_EU_000767,1.0,0.0,0.0,0.0,0.0,0.0,0.0,0.0,1.0,66.0,9511.46,-29.25,35.0,271.76,1.0,12.0,0.0,0.0,3.0,0.084,0
SMB_EU_000768,0.0,0.0,0.0,0.0,1.0,0.0,1.0,0.0,0.0,15.0,2699.83,-11.11,29.0,93.1,1.0,19.0,0.0,1.0,1.0,0.139,0
SMB_EU_000769,0.0,1.0,0.0,0.0,0.0,0.0,0.0,1.0,0.0,39.0,12540.43,-53.57,46.0,272.62,3.0,10.0,2.0,0.0,3.0,0.046,0
SMB_EU_000770,1.0,0.0,0.0,0.0,0.0,0.0,0.0,0.0,0.0,42.0,6636.67,-10.79,73.0,90.91,1.0,13.0,3.0,1.0,2.0,0.051,0
SMB_EU_000771,0.0,0.0,0.0,0.0,0.0,0.0,1.0,0.0,0.0,40.0,5874.08,-5.25,52.0,112.96,2.0,10.0,1.0,1.0,0.0,0.018,0
SMB_EU_000772,0.0,0.0,0.0,0.0,1.0,0.0,0.0,1.0,0.0,64.0,11161.45,19.49,107.0,104.31,4.0,9.0,0.0,1.0,0.0,0.103,0
SMB_EU_000773,0.0,0.0,0.0,0.0,0.0,1.0,0.0,0.0,0.0,4.0,5212.43,-8.13,43.0,121.22,2.0,15.0,1.0,1.0,0.0,0.045,0
SMB_EU_000774,0.0,1.0,0.0,0.0,0.0,0.0,1.0,0.0,0.0,8.0,3900.1,-5.11,15.0,260.01,2.0,11.0,0.0,0.0,5.0,0.106,0
SMB_EU_000775,1.0,0.0,0.0,0.0,0.0,0.0,0.0,0.0,0.0,13.0,23009.2,-13.81,100.0,230.09,2.0,8.0,1.0,0.0,1.0,0.072,0
SMB_EU_000776,0.0,0.0,0.0,0.0,0.0,0.0,0.0,0.0,0.0,18.0,22700.11,-21.29,98.0,231.63,2.0,10.0,2.0,1.0,0.0,0.147,0
SMB_EU_000777,0.0,1.0,0.0,0.0,0.0,0.0,0.0,1.0,0.0,31.0,3419.61,-12.6,12.0,284.97,3.0,12.0,0.0,0.0,1.0,0.008,0
SMB_EU_000778,1.0,0.0,0.0,0.0,0.0,0.0,0.0,0.0,0.0,13.0,10947.32,-11.07,66.0,165.87,3.0,14.0,2.0,1.0,2.0,0.089,0
SMB_EU_000779,1.0,0.0,0.0,0.0,0.0,0.0,0.0,0.0,1.0,13.0,6930.83,0.83,86.0,80.59,2.0,10.0,0.0,1.0,2.0,0.108,1
SMB_EU_000780,0.0,0.0,1.0,0.0,0.0,0.0,1.0,0.0,0.0,28.0,7065.52,-5.17,32.0,220.8,3.0,7.0,2.0,0.0,0.0,0.02,0
SMB_EU_000781,0.0,0.0,1.0,0.0,0.0,0.0,0.0,0.0,0.0,36.0,4817.56,-4.7,18.0,267.64,1.0,10.0,0.0,0.0,0.0,0.11,0
SMB_EU_000782,0.0,0.0,1.0,0.0,0.0,0.0,0.0,0.0,0.0,26.0,13452.92,-9.97,46.0,292.45,1.0,11.0,1.0,0.0,3.0,0.099,0
SMB_EU_000783,0.0,1.0,0.0,0.0,0.0,0.0,0.0,0.0,0.0,38.0,43745.94,-16.06,273.0,160.24,3.0,10.0,0.0,2.0,0.0,0.087,0
SMB_EU_000784,0.0,1.0,0.0,0.0,0.0,0.0,0.0,0.0,0.0,7.0,8762.39,9.14,34.0,257.72,1.0,12.0,1.0,1.0,1.0,0.149,0
SMB_EU_000785,0.0,0.0,0.0,0.0,0.0,0.0,0.0,1.0,0.0,15.0,3523.1,-47.06,13.0,271.01,4.0,14.0,0.0,0.0,1.0,0.034,0
SMB_EU_000786,0.0,0.0,0.0,0.0,1.0,0.0,0.0,1.0,0.0,12.0,2457.8,9.29,22.0,111.72,2.0,15.0,0.0,1.0,0.0,0.064,0
SMB_EU_000787,0.0,0.0,1.0,0.0,0.0,0.0,0.0,0.0,1.0,17.0,12994.44,-16.67,59.0,220.24,2.0,9.0,2.0,0.0,1.0,0.028,0
SMB_EU_000788,0.0,1.0,0.0,0.0,0.0,0.0,0.0,1.0,0.0,25.0,10291.89,-9.98,87.0,118.3,3.0,6.0,0.0,2.0,4.0,0.027,0
SMB_EU_000789,0.0,0.0,0.0,1.0,0.0,0.0,0.0,1.0,0.0,5.0,10151.57,-3.32,57.0,178.1,3.0,10.0,1.0,0.0,1.0,0.046,0
SMB_EU_000790,0.0,0.0,0.0,0.0,1.0,1.0,0.0,0.0,0.0,17.0,2837.58,-1.92,10.0,283.76,3.0,8.0,0.0,0.0,2.0,0.01,0
SMB_EU_000791,0.0,0.0,0.0,0.0,0.0,0.0,0.0,1.0,0.0,15.0,6748.45,11.32,27.0,249.94,3.0,9.0,2.0,1.0,1.0,0.102,0
SMB_EU_000792,0.0,0.0,1.0,0.0,0.0,0.0,0.0,0.0,0.0,7.0,35456.27,-6.46,173.0,204.95,2.0,12.0,1.0,1.0,1.0,0.049,0
SMB_EU_000793,0.0,0.0,0.0,1.0,0.0,0.0,0.0,0.0,0.0,38.0,20365.62,-48.28,79.0,257.79,4.0,13.0,1.0,0.0,1.0,0.069,0
SMB_EU_000794,0.0,0.0,1.0,0.0,0.0,0.0,0.0,0.0,0.0,25.0,19987.28,5.62,176.0,113.56,4.0,10.0,1.0,0.0,0.0,0.059,0
SMB_EU_000795,0.0,0.0,0.0,0.0,0.0,0.0,0.0,0.0,0.0,17.0,11302.96,-1.6,92.0,122.86,1.0,2.0,0.0,0.0,0.0,0.187,0
SMB_EU_000796,0.0,0.0,0.0,0.0,1.0,0.0,0.0,0.0,0.0,71.0,17117.75,-14.27,136.0,125.87,3.0,8.0,2.0,0.0,2.0,0.009,0
SMB_EU_000797,0.0,0.0,0.0,0.0,1.0,0.0,0.0,0.0,1.0,8.0,18897.23,11.35,75.0,251.96,4.0,10.0,0.0,0.0,1.0,0.188,0
SMB_EU_000798,0.0,0.0,1.0,0.0,0.0,0.0,0.0,0.0,0.0,74.0,18264.8,-46.94,66.0,276.74,2.0,13.0,0.0,0.0,1.0,0.057,0
SMB_EU_000799,0.0,0.0,1.0,0.0,0.0,0.0,1.0,0.0,0.0,21.0,3782.85,-32.4,19.0,199.1,2.0,13.0,1.0,0.0,1.0,0.171,0
SMB_EU_000800,0.0,0.0,0.0,0.0,1.0,0.0,0.0,0.0,0.0,14.0,11409.26,-0.81,39.0,292.55,3.0,9.0,1.0,0.0,0.0,0.208,0
SMB_EU_000801,1.0,0.0,0.0,0.0,0.0,0.0,1.0,0.0,0.0,18.0,16527.23,-3.11,69.0,239.53,1.0,15.0,2.0,0.0,0.0,0.062,0
SMB_EU_000802,0.0,0.0,0.0,0.0,0.0,0.0,1.0,0.0,0.0,19.0,9720.99,-5.84,48.0,202.52,1.0,11.0,2.0,0.0,2.0,0.006,0
SMB_EU_000803,0.0,0.0,1.0,0.0,0.0,0.0,1.0,0.0,0.0,80.0,8592.41,-12.33,40.0,214.81,3.0,11.0,0.0,1.0,1.0,0.073,0
SMB_EU_000804,0.0,0.0,1.0,0.0,0.0,0.0,0.0,0.0,0.0,31.0,10757.91,-24.25,40.0,268.95,2.0,13.0,0.0,0.0,1.0,0.019,0
SMB_EU_000805,0.0,0.0,0.0,1.0,0.0,0.0,0.0,0.0,0.0,11.0,30606.42,21.06,307.0,99.7,1.0,7.0,0.0,0.0,1.0,0.03,0
SMB_EU_000806,1.0,0.0,0.0,0.0,0.0,0.0,0.0,1.0,0.0,42.0,13556.76,-63.51,116.0,116.87,2.0,8.0,0.0,0.0,1.0,0.039,0
SMB_EU_000807,0.0,0.0,0.0,0.0,1.0,0.0,0.0,1.0,0.0,19.0,10669.1,-1.92,77.0,138.56,1.0,13.0,3.0,0.0,2.0,0.099,0
SMB_EU_000808,0.0,0.0,0.0,0.0,1.0,0.0,0.0,0.0,0.0,2.0,35644.87,-2.01,129.0,276.32,4.0,5.0,0.0,0.0,1.0,0.03,0
SMB_EU_000809,0.0,0.0,0.0,1.0,0.0,0.0,0.0,0.0,0.0,41.0,12095.42,16.43,42.0,287.99,2.0,13.0,1.0,0.0,2.0,0.17,0
SMB_EU_000810,0.0,0.0,0.0,0.0,0.0,0.0,0.0,0.0,0.0,42.0,11111.15,29.0,70.0,158.73,2.0,14.0,0.0,0.0,0.0,0.061,0
SMB_EU_000811,0.0,0.0,0.0,0.0,1.0,0.0,0.0,1.0,0.0,20.0,4552.29,-22.3,16.0,284.52,1.0,15.0,1.0,0.0,0.0,0.028,0
SMB_EU_000812,1.0,0.0,0.0,0.0,0.0,0.0,1.0,0.0,0.0,16.0,8187.31,-2.36,41.0,199.69,3.0,15.0,1.0,0.0,5.0,0.192,0
SMB_EU_000813,0.0,0.0,0.0,0.0,0.0,0.0,1.0,0.0,0.0,44.0,18879.06,-74.19,103.0,183.29,4.0,10.0,0.0,0.0,1.0,0.043,1
SMB_EU_000814,0.0,0.0,0.0,0.0,1.0,0.0,0.0,1.0,0.0,15.0,10064.05,-21.65,38.0,264.84,3.0,4.0,0.0,1.0,1.0,0.051,0
SMB_EU_000815,0.0,0.0,0.0,0.0,1.0,0.0,0.0,0.0,0.0,51.0,20720.67,-77.79,104.0,199.24,2.0,9.0,2.0,0.0,0.0,0.078,1
SMB_EU_000816,0.0,0.0,0.0,1.0,0.0,0.0,1.0,0.0,0.0,15.0,3389.66,-47.57,19.0,178.4,3.0,14.0,2.0,0.0,0.0,0.074,0
SMB_EU_000817,0.0,0.0,1.0,0.0,0.0,0.0,1.0,0.0,0.0,23.0,2905.57,-31.36,35.0,83.02,1.0,12.0,1.0,1.0,2.0,0.198,1
SMB_EU_000818,0.0,1.0,0.0,0.0,0.0,0.0,0.0,0.0,1.0,33.0,10396.84,16.18,126.0,82.51,1.0,21.0,1.0,0.0,2.0,0.062,0
SMB_EU_000819,0.0,0.0,0.0,0.0,0.0,0.0,0.0,1.0,0.0,29.0,8479.03,6.35,39.0,217.41,2.0,13.0,1.0,0.0,1.0,0.035,0
SMB_EU_000820,0.0,1.0,0.0,0.0,0.0,0.0,0.0,1.0,0.0,14.0,4766.91,-3.77,50.0,95.34,1.0,13.0,0.0,2.0,0.0,0.071,0
SMB_EU_000821,1.0,0.0,0.0,0.0,0.0,0.0,0.0,0.0,0.0,32.0,47322.83,-6.7,195.0,242.68,1.0,7.0,2.0,0.0,2.0,0.106,0
SMB_EU_000822,0.0,0.0,0.0,0.0,0.0,0.0,0.0,0.0,0.0,40.0,7834.88,-16.07,36.0,217.64,2.0,10.0,1.0,0.0,0.0,0.173,0
SMB_EU_000823,0.0,1.0,0.0,0.0,0.0,0.0,0.0,0.0,1.0,11.0,4358.87,-12.3,24.0,181.62,2.0,12.0,0.0,0.0,2.0,0.034,1
SMB_EU_000824,0.0,1.0,0.0,0.0,0.0,0.0,0.0,0.0,1.0,34.0,6041.52,-49.77,26.0,232.37,3.0,16.0,2.0,1.0,2.0,0.094,0
SMB_EU_000825,0.0,0.0,0.0,1.0,0.0,0.0,1.0,0.0,0.0,23.0,5249.13,11.62,18.0,291.62,1.0,13.0,1.0,1.0,0.0,0.09,0
SMB_EU_000826,0.0,0.0,0.0,0.0,1.0,0.0,0.0,1.0,0.0,12.0,6856.58,-12.16,51.0,134.44,4.0,10.0,0.0,0.0,1.0,0.036,0
SMB_EU_000827,0.0,1.0,0.0,0.0,0.0,0.0,1.0,0.0,0.0,31.0,6211.57,0.24,31.0,200.37,2.0,5.0,1.0,0.0,0.0,0.103,0
SMB_EU_000828,0.0,1.0,0.0,0.0,0.0,0.0,1.0,0.0,0.0,43.0,3160.52,15.04,12.0,263.38,2.0,9.0,1.0,0.0,1.0,0.044,0
SMB_EU_000829,1.0,0.0,0.0,0.0,0.0,1.0,0.0,0.0,0.0,16.0,10244.15,20.56,122.0,83.97,1.0,10.0,0.0,0.0,1.0,0.057,0
SMB_EU_000830,0.0,0.0,0.0,1.0,0.0,0.0,0.0,0.0,0.0,32.0,5217.82,-0.44,42.0,124.23,2.0,7.0,0.0,2.0,0.0,0.09,0
SMB_EU_000831,0.0,1.0,0.0,0.0,0.0,0.0,0.0,0.0,1.0,19.0,4732.69,5.76,24.0,197.2,4.0,12.0,1.0,1.0,1.0,0.078,0
SMB_EU_000832,0.0,0.0,0.0,1.0,0.0,0.0,1.0,0.0,0.0,38.0,3021.69,-13.56,15.0,201.45,3.0,9.0,0.0,0.0,1.0,0.107,0
SMB_EU_000833,0.0,0.0,0.0,0.0,0.0,0.0,0.0,0.0,0.0,49.0,16984.87,25.25,172.0,98.75,1.0,8.0,1.0,1.0,0.0,0.019,0
SMB_EU_000834,0.0,0.0,0.0,0.0,0.0,0.0,0.0,0.0,1.0,30.0,10062.88,-2.49,59.0,170.56,2.0,11.0,0.0,0.0,1.0,0.135,0
SMB_EU_000835,0.0,0.0,0.0,1.0,0.0,0.0,0.0,0.0,1.0,40.0,28420.12,1.2,146.0,194.66,2.0,9.0,0.0,0.0,0.0,0.083,0
SMB_EU_000836,0.0,1.0,0.0,0.0,0.0,0.0,1.0,0.0,0.0,45.0,13842.42,-6.1,80.0,173.03,1.0,11.0,0.0,1.0,1.0,0.246,0
SMB_EU_000837,0.0,0.0,0.0,0.0,1.0,0.0,0.0,0.0,0.0,16.0,35624.65,17.99,152.0,234.37,4.0,10.0,1.0,0.0,1.0,0.093,0
SMB_EU_000838,0.0,1.0,0.0,0.0,0.0,1.0,0.0,0.0,0.0,19.0,7134.38,2.99,29.0,246.01,2.0,13.0,1.0,0.0,2.0,0.072,0
SMB_EU_000839,0.0,0.0,1.0,0.0,0.0,0.0,1.0,0.0,0.0,33.0,4451.68,11.41,25.0,178.07,2.0,7.0,0.0,0.0,2.0,0.064,0
SMB_EU_000840,0.0,0.0,1.0,0.0,0.0,0.0,0.0,0.0,1.0,56.0,9719.06,5.31,56.0,173.55,1.0,10.0,2.0,0.0,0.0,0.161,0
SMB_EU_000841,0.0,0.0,0.0,0.0,0.0,0.0,0.0,0.0,1.0,9.0,12841.44,-3.31,55.0,233.48,1.0,9.0,1.0,1.0,0.0,0.01,0
SMB_EU_000842,0.0,0.0,1.0,0.0,0.0,0.0,1.0,0.0,0.0,35.0,12203.54,13.94,60.0,203.39,4.0,12.0,0.0,0.0,0.0,0.088,0
SMB_EU_000843,0.0,0.0,0.0,0.0,0.0,0.0,1.0,0.0,0.0,53.0,6025.46,5.18,22.0,273.88,1.0,12.0,1.0,2.0,1.0,0.146,0
SMB_EU_000844,0.0,0.0,0.0,0.0,1.0,0.0,1.0,0.0,0.0,22.0,10726.46,-14.41,58.0,184.94,2.0,7.0,2.0,0.0,1.0,0.228,0
SMB_EU_000845,0.0,0.0,0.0,0.0,0.0,0.0,0.0,0.0,1.0,25.0,5141.82,-49.87,25.0,205.67,3.0,10.0,0.0,0.0,1.0,0.108,0
SMB_EU_000846,0.0,1.0,0.0,0.0,0.0,0.0,1.0,0.0,0.0,25.0,4277.95,2.23,39.0,109.69,1.0,14.0,1.0,0.0,1.0,0.068,0
SMB_EU_000847,0.0,0.0,0.0,0.0,0.0,0.0,0.0,0.0,0.0,24.0,7679.69,-34.6,29.0,264.82,2.0,19.0,0.0,0.0,1.0,0.059,0
SMB_EU_000848,0.0,0.0,0.0,0.0,1.0,0.0,0.0,0.0,0.0,14.0,15223.28,24.59,88.0,172.99,2.0,14.0,0.0,1.0,1.0,0.005,0
SMB_EU_000849,0.0,0.0,0.0,1.0,0.0,1.0,0.0,0.0,0.0,23.0,2959.61,-26.66,12.0,246.63,4.0,10.0,0.0,0.0,2.0,0.113,0
SMB_EU_000850,0.0,0.0,1.0,0.0,0.0,0.0,1.0,0.0,0.0,14.0,6200.28,0.38,36.0,172.23,3.0,15.0,1.0,0.0,1.0,0.062,0
SMB_EU_000851,0.0,0.0,0.0,0.0,0.0,0.0,1.0,0.0,0.0,38.0,13752.1,7.34,171.0,80.42,4.0,11.0,1.0,2.0,0.0,0.149,0
SMB_EU_000852,1.0,0.0,0.0,0.0,0.0,0.0,0.0,0.0,1.0,6.0,4853.73,4.44,29.0,167.37,3.0,10.0,2.0,0.0,0.0,0.073,0
SMB_EU_000853,0.0,0.0,0.0,0.0,0.0,0.0,0.0,0.0,1.0,44.0,6650.14,15.14,59.0,112.71,1.0,4.0,0.0,0.0,2.0,0.048,0
SMB_EU_000854,0.0,0.0,0.0,0.0,1.0,0.0,0.0,1.0,0.0,48.0,5219.58,9.83,31.0,168.37,1.0,9.0,0.0,0.0,0.0,0.133,0
SMB_EU_000855,0.0,0.0,0.0,0.0,0.0,0.0,1.0,0.0,0.0,29.0,9277.33,-14.78,62.0,149.63,3.0,9.0,0.0,1.0,1.0,0.222,0
SMB_EU_000856,0.0,0.0,0.0,0.0,0.0,0.0,0.0,0.0,0.0,70.0,11117.0,-15.22,89.0,124.91,2.0,7.0,2.0,1.0,3.0,0.103,1
SMB_EU_000857,0.0,0.0,0.0,0.0,0.0,1.0,0.0,0.0,0.0,34.0,9620.3,-34.81,90.0,106.89,2.0,9.0,0.0,1.0,1.0,0.066,1
SMB_EU_000858,0.0,0.0,0.0,1.0,0.0,0.0,0.0,0.0,0.0,31.0,21377.13,-34.69,89.0,240.19,4.0,15.0,0.0,0.0,0.0,0.091,0
SMB_EU_000859,0.0,0.0,1.0,0.0,0.0,0.0,0.0,0.0,1.0,5.0,17834.57,2.15,72.0,247.7,1.0,13.0,1.0,0.0,1.0,0.139,0
SMB_EU_000860,0.0,0.0,0.0,0.0,0.0,1.0,0.0,0.0,0.0,50.0,5713.31,-23.67,41.0,139.35,2.0,8.0,1.0,0.0,0.0,0.087,1
SMB_EU_000861,1.0,0.0,0.0,0.0,0.0,0.0,1.0,0.0,0.0,13.0,5881.14,-62.53,31.0,189.71,3.0,15.0,3.0,0.0,0.0,0.013,1
SMB_EU_000862,0.0,0.0,0.0,1.0,0.0,0.0,0.0,0.0,1.0,11.0,5975.37,10.37,33.0,181.07,3.0,9.0,0.0,1.0,1.0,0.02,0
SMB_EU_000863,0.0,0.0,0.0,1.0,0.0,0.0,0.0,0.0,1.0,29.0,10820.48,-5.23,68.0,159.12,2.0,11.0,1.0,0.0,2.0,0.11,0
SMB_EU_000864,0.0,0.0,0.0,1.0,0.0,0.0,1.0,0.0,0.0,14.0,6379.87,1.77,45.0,141.77,2.0,7.0,3.0,0.0,0.0,0.26,0
SMB_EU_000865,0.0,1.0,0.0,0.0,0.0,0.0,0.0,0.0,0.0,22.0,10660.53,15.98,88.0,121.14,1.0,7.0,2.0,0.0,1.0,0.14,0
SMB_EU_000866,0.0,0.0,1.0,0.0,0.0,0.0,0.0,0.0,0.0,53.0,11462.47,-18.03,42.0,272.92,2.0,11.0,2.0,2.0,1.0,0.069,0
SMB_EU_000867,0.0,0.0,0.0,0.0,0.0,0.0,0.0,0.0,0.0,65.0,9952.62,-6.21,38.0,261.91,2.0,10.0,2.0,1.0,2.0,0.025,0
SMB_EU_000868,0.0,0.0,0.0,0.0,0.0,0.0,1.0,0.0,0.0,16.0,9014.68,-7.84,52.0,173.36,4.0,13.0,1.0,0.0,1.0,0.05,0
SMB_EU_000869,0.0,0.0,0.0,0.0,1.0,1.0,0.0,0.0,0.0,23.0,2570.78,5.33,11.0,233.71,1.0,13.0,2.0,0.0,1.0,0.069,0
SMB_EU_000870,0.0,0.0,0.0,0.0,1.0,0.0,0.0,0.0,1.0,94.0,10794.47,11.59,57.0,189.38,3.0,5.0,0.0,0.0,2.0,0.109,0
SMB_EU_000871,0.0,1.0,0.0,0.0,0.0,0.0,0.0,0.0,0.0,65.0,22510.45,-22.2,228.0,98.73,3.0,12.0,2.0,0.0,2.0,0.002,0
SMB_EU_000872,0.0,1.0,0.0,0.0,0.0,0.0,1.0,0.0,0.0,45.0,5645.81,-0.08,22.0,256.63,3.0,10.0,0.0,1.0,0.0,0.095,0
SMB_EU_000873,0.0,0.0,1.0,0.0,0.0,1.0,0.0,0.0,0.0,14.0,19010.31,-29.88,148.0,128.45,2.0,12.0,1.0,0.0,1.0,0.173,0
SMB_EU_000874,0.0,1.0,0.0,0.0,0.0,0.0,0.0,0.0,0.0,17.0,15159.43,-27.82,64.0,236.87,2.0,15.0,0.0,1.0,2.0,0.124,0
SMB_EU_000875,0.0,0.0,0.0,0.0,0.0,0.0,0.0,1.0,0.0,45.0,1959.39,-0.97,10.0,195.94,3.0,10.0,0.0,1.0,1.0,0.075,0
SMB_EU_000876,0.0,0.0,0.0,0.0,0.0,0.0,0.0,0.0,0.0,5.0,12670.85,-18.24,55.0,230.38,4.0,6.0,0.0,0.0,2.0,0.075,0
SMB_EU_000877,1.0,0.0,0.0,0.0,0.0,0.0,1.0,0.0,0.0,51.0,8306.47,-68.32,45.0,184.59,2.0,10.0,0.0,0.0,2.0,0.123,0
SMB_EU_000878,0.0,0.0,1.0,0.0,0.0,0.0,1.0,0.0,0.0,59.0,10473.23,-37.58,45.0,232.74,4.0,6.0,1.0,0.0,4.0,0.029,0
SMB_EU_000879,0.0,0.0,0.0,0.0,0.0,0.0,0.0,1.0,0.0,20.0,4284.4,20.89,49.0,87.44,2.0,8.0,0.0,0.0,2.0,0.02,0
SMB_EU_000880,0.0,1.0,0.0,0.0,0.0,0.0,0.0,0.0,0.0,66.0,8175.22,-5.34,92.0,88.86,3.0,12.0,0.0,0.0,2.0,0.016,0
SMB_EU_000881,0.0,1.0,0.0,0.0,0.0,0.0,0.0,1.0,0.0,35.0,2592.05,-12.11,9.0,288.01,1.0,12.0,1.0,1.0,2.0,0.13,0
SMB_EU_000882,0.0,0.0,1.0,0.0,0.0,0.0,1.0,0.0,0.0,10.0,5404.77,4.92,22.0,245.67,3.0,9.0,1.0,0.0,0.0,0.08,0
SMB_EU_000883,0.0,0.0,0.0,0.0,0.0,0.0,0.0,0.0,0.0,28.0,10733.66,-15.63,41.0,261.8,3.0,14.0,0.0,0.0,2.0,0.063,0
SMB_EU_000884,0.0,0.0,0.0,0.0,0.0,0.0,0.0,0.0,0.0,15.0,7591.78,-17.06,42.0,180.76,3.0,9.0,0.0,1.0,2.0,0.148,0
SMB_EU_000885,1.0,0.0,0.0,0.0,0.0,0.0,0.0,0.0,1.0,30.0,5798.14,22.65,32.0,181.19,3.0,11.0,0.0,1.0,2.0,0.172,0
SMB_EU_000886,0.0,0.0,0.0,0.0,0.0,0.0,0.0,0.0,1.0,9.0,13368.48,27.13,68.0,196.6,1.0,7.0,1.0,0.0,1.0,0.118,0
SMB_EU_000887,0.0,0.0,1.0,0.0,0.0,0.0,1.0,0.0,0.0,69.0,21509.38,-8.88,161.0,133.6,2.0,8.0,0.0,0.0,0.0,0.125,0
SMB_EU_000888,0.0,1.0,0.0,0.0,0.0,0.0,0.0,0.0,0.0,38.0,23601.9,16.01,98.0,240.84,1.0,13.0,0.0,0.0,0.0,0.102,0
SMB_EU_000889,0.0,0.0,0.0,0.0,0.0,0.0,1.0,0.0,0.0,19.0,17513.26,5.34,67.0,261.39,1.0,6.0,2.0,0.0,0.0,0.051,0
SMB_EU_000890,0.0,1.0,0.0,0.0,0.0,0.0,0.0,0.0,0.0,31.0,26910.63,-21.21,96.0,280.32,1.0,14.0,1.0,1.0,2.0,0.188,1
SMB_EU_000891,1.0,0.0,0.0,0.0,0.0,0.0,0.0,0.0,0.0,25.0,24727.81,-13.92,128.0,193.19,1.0,7.0,0.0,0.0,0.0,0.041,0
SMB_EU_000892,0.0,0.0,0.0,0.0,1.0,0.0,0.0,0.0,1.0,70.0,7348.87,23.27,43.0,170.9,3.0,8.0,1.0,1.0,0.0,0.104,0
SMB_EU_000893,1.0,0.0,0.0,0.0,0.0,0.0,0.0,0.0,1.0,25.0,9794.01,-21.4,37.0,264.7,3.0,9.0,0.0,0.0,1.0,0.011,0
SMB_EU_000894,0.0,1.0,0.0,0.0,0.0,0.0,0.0,0.0,0.0,29.0,11654.34,34.21,47.0,247.96,1.0,16.0,0.0,0.0,0.0,0.063,0
SMB_EU_000895,0.0,0.0,1.0,0.0,0.0,0.0,0.0,0.0,0.0,8.0,13152.16,-57.71,49.0,268.41,3.0,7.0,1.0,0.0,1.0,0.005,0
SMB_EU_000896,0.0,0.0,0.0,0.0,0.0,0.0,0.0,1.0,0.0,30.0,5208.74,23.71,23.0,226.47,1.0,9.0,1.0,0.0,1.0,0.1,0
SMB_EU_000897,0.0,1.0,0.0,0.0,0.0,0.0,0.0,1.0,0.0,34.0,7672.0,-4.58,28.0,274.0,1.0,12.0,1.0,0.0,2.0,0.148,0
SMB_EU_000898,0.0,0.0,0.0,0.0,1.0,0.0,1.0,0.0,0.0,11.0,10313.31,12.0,104.0,99.17,3.0,13.0,0.0,0.0,2.0,0.059,0
SMB_EU_000899,0.0,0.0,0.0,0.0,0.0,0.0,0.0,0.0,0.0,41.0,13612.01,20.93,59.0,230.71,2.0,19.0,0.0,0.0,1.0,0.042,0
SMB_EU_000900,0.0,0.0,0.0,0.0,0.0,0.0,0.0,0.0,0.0,4.0,15508.27,20.85,156.0,99.41,2.0,11.0,0.0,0.0,3.0,0.07,0
SMB_EU_000901,0.0,0.0,0.0,0.0,0.0,0.0,1.0,0.0,0.0,23.0,10376.25,-8.77,42.0,247.05,1.0,9.0,2.0,0.0,0.0,0.065,0
SMB_EU_000902,0.0,0.0,0.0,0.0,0.0,0.0,1.0,0.0,0.0,8.0,11939.81,-69.45,55.0,217.09,2.0,8.0,1.0,1.0,5.0,0.13,1
SMB_EU_000903,0.0,0.0,0.0,0.0,0.0,0.0,1.0,0.0,0.0,27.0,3215.7,-1.22,39.0,82.45,1.0,8.0,0.0,0.0,1.0,0.09,0
SMB_EU_000904,0.0,0.0,1.0,0.0,0.0,1.0,0.0,0.0,0.0,19.0,3143.47,-19.51,15.0,209.56,1.0,11.0,2.0,0.0,0.0,0.109,0
SMB_EU_000905,0.0,0.0,0.0,1.0,0.0,0.0,0.0,0.0,0.0,35.0,29149.46,-26.1,260.0,112.11,2.0,7.0,1.0,0.0,3.0,0.105,0
SMB_EU_000906,0.0,0.0,0.0,0.0,1.0,0.0,1.0,0.0,0.0,25.0,7713.1,-60.86,69.0,111.78,3.0,7.0,0.0,1.0,0.0,0.073,0
SMB_EU_000907,1.0,0.0,0.0,0.0,0.0,0.0,1.0,0.0,0.0,35.0,6202.77,16.24,55.0,112.78,1.0,8.0,2.0,0.0,1.0,0.104,0
SMB_EU_000908,0.0,1.0,0.0,0.0,0.0,0.0,0.0,1.0,0.0,27.0,4268.82,-52.46,23.0,185.6,1.0,10.0,1.0,2.0,3.0,0.09,1
SMB_EU_000909,0.0,1.0,0.0,0.0,0.0,0.0,0.0,1.0,0.0,52.0,4268.3,-26.13,40.0,106.71,1.0,10.0,0.0,0.0,0.0,0.066,1
SMB_EU_000910,0.0,1.0,0.0,0.0,0.0,0.0,0.0,0.0,0.0,47.0,20964.13,21.01,195.0,107.51,2.0,13.0,0.0,1.0,0.0,0.042,0
SMB_EU_000911,0.0,0.0,1.0,0.0,0.0,0.0,0.0,0.0,0.0,15.0,7715.57,2.75,57.0,135.36,1.0,17.0,3.0,1.0,2.0,0.076,0
SMB_EU_000912,0.0,1.0,0.0,0.0,0.0,0.0,0.0,0.0,1.0,50.0,9134.8,0.44,114.0,80.13,1.0,10.0,3.0,0.0,0.0,0.034,0
SMB_EU_000913,0.0,0.0,1.0,0.0,0.0,0.0,1.0,0.0,0.0,34.0,9273.05,16.42,66.0,140.5,4.0,9.0,0.0,1.0,1.0,0.117,0
SMB_EU_000914,0.0,1.0,0.0,0.0,0.0,0.0,1.0,0.0,0.0,55.0,10147.25,-43.9,47.0,215.9,1.0,15.0,1.0,0.0,2.0,0.092,0
SMB_EU_000915,0.0,0.0,1.0,0.0,0.0,0.0,0.0,0.0,0.0,12.0,17146.06,-11.43,81.0,211.68,2.0,10.0,0.0,0.0,0.0,0.151,0
SMB_EU_000916,0.0,0.0,0.0,1.0,0.0,0.0,1.0,0.0,0.0,9.0,10902.43,-6.75,37.0,294.66,4.0,16.0,1.0,0.0,0.0,0.078,0
SMB_EU_000917,0.0,1.0,0.0,0.0,0.0,0.0,0.0,0.0,0.0,10.0,10638.0,-16.69,100.0,106.38,1.0,12.0,2.0,1.0,2.0,0.096,0
SMB_EU_000918,0.0,0.0,0.0,0.0,1.0,0.0,0.0,0.0,1.0,66.0,5114.82,-21.97,19.0,269.2,3.0,8.0,1.0,0.0,2.0,0.169,0
SMB_EU_000919,1.0,0.0,0.0,0.0,0.0,1.0,0.0,0.0,0.0,56.0,26205.31,8.68,158.0,165.86,2.0,7.0,1.0,0.0,4.0,0.102,0
SMB_EU_000920,0.0,0.0,0.0,0.0,0.0,0.0,0.0,0.0,0.0,47.0,12519.55,5.88,76.0,164.73,4.0,8.0,1.0,0.0,4.0,0.247,0
SMB_EU_000921,0.0,0.0,0.0,0.0,1.0,0.0,0.0,0.0,1.0,9.0,8057.09,11.41,51.0,157.98,4.0,9.0,1.0,0.0,0.0,0.049,0
SMB_EU_000922,0.0,0.0,0.0,1.0,0.0,0.0,1.0,0.0,0.0,48.0,12014.88,19.22,112.0,107.28,2.0,8.0,1.0,2.0,0.0,0.04,0
SMB_EU_000923,0.0,0.0,0.0,0.0,1.0,0.0,1.0,0.0,0.0,9.0,20844.6,11.62,113.0,184.47,1.0,10.0,1.0,1.0,1.0,0.061,0
SMB_EU_000924,1.0,0.0,0.0,0.0,0.0,1.0,0.0,0.0,0.0,2.0,4327.73,-27.47,17.0,254.57,2.0,17.0,1.0,0.0,2.0,0.306,1
SMB_EU_000925,0.0,0.0,0.0,1.0,0.0,1.0,0.0,0.0,0.0,19.0,3295.21,-31.17,12.0,274.6,4.0,13.0,0.0,1.0,4.0,0.015,0
SMB_EU_000926,0.0,0.0,0.0,0.0,0.0,0.0,1.0,0.0,0.0,23.0,3796.77,-35.79,13.0,292.06,1.0,13.0,0.0,1.0,2.0,0.013,0
SMB_EU_000927,0.0,1.0,0.0,0.0,0.0,0.0,0.0,0.0,0.0,61.0,39013.74,14.47,154.0,253.34,4.0,15.0,3.0,2.0,0.0,0.05,0
SMB_EU_000928,0.0,0.0,1.0,0.0,0.0,1.0,0.0,0.0,0.0,12.0,3218.44,-17.52,15.0,214.56,3.0,9.0,1.0,1.0,0.0,0.07,0
SMB_EU_000929,0.0,0.0,1.0,0.0,0.0,1.0,0.0,0.0,0.0,98.0,5901.61,1.38,31.0,190.37,1.0,12.0,1.0,0.0,2.0,0.104,0
SMB_EU_000930,0.0,1.0,0.0,0.0,0.0,1.0,0.0,0.0,0.0,30.0,3338.06,-27.6,12.0,278.17,3.0,4.0,2.0,0.0,2.0,0.168,1
SMB_EU_000931,0.0,0.0,0.0,0.0,0.0,0.0,0.0,0.0,0.0,24.0,6290.48,-22.11,26.0,241.94,1.0,11.0,0.0,2.0,1.0,0.034,0
SMB_EU_000932,1.0,0.0,0.0,0.0,0.0,0.0,1.0,0.0,0.0,24.0,6712.8,5.53,58.0,115.74,2.0,12.0,4.0,0.0,2.0,0.064,0
SMB_EU_000933,0.0,0.0,0.0,0.0,1.0,0.0,0.0,0.0,0.0,9.0,8545.27,8.98,37.0,230.95,2.0,16.0,1.0,0.0,2.0,0.02,0
SMB_EU_000934,0.0,0.0,0.0,1.0,0.0,0.0,1.0,0.0,0.0,20.0,5282.84,2.71,30.0,176.09,2.0,11.0,1.0,1.0,0.0,0.044,0
SMB_EU_000935,0.0,0.0,0.0,0.0,0.0,0.0,0.0,0.0,1.0,31.0,29990.71,-21.94,142.0,211.2,2.0,14.0,1.0,0.0,1.0,0.03,0
SMB_EU_000936,0.0,1.0,0.0,0.0,0.0,0.0,0.0,0.0,0.0,48.0,19355.72,7.6,70.0,276.51,2.0,12.0,1.0,2.0,2.0,0.057,0
SMB_EU_000937,0.0,0.0,0.0,0.0,0.0,0.0,0.0,0.0,0.0,20.0,26230.74,4.27,117.0,224.19,3.0,8.0,0.0,0.0,2.0,0.065,0
SMB_EU_000938,0.0,0.0,0.0,0.0,1.0,0.0,0.0,1.0,0.0,30.0,8200.82,-21.75,29.0,282.79,3.0,15.0,0.0,0.0,1.0,0.031,0
SMB_EU_000939,0.0,0.0,0.0,0.0,0.0,0.0,0.0,0.0,0.0,44.0,14119.17,20.7,52.0,271.52,4.0,11.0,1.0,1.0,1.0,0.055,0
SMB_EU_000940,0.0,0.0,1.0,0.0,0.0,0.0,0.0,0.0,0.0,19.0,11521.55,8.01,106.0,108.69,3.0,5.0,2.0,1.0,0.0,0.131,0
SMB_EU_000941,0.0,1.0,0.0,0.0,0.0,0.0,0.0,1.0,0.0,50.0,5805.46,-20.71,70.0,82.94,3.0,11.0,1.0,1.0,2.0,0.046,0
SMB_EU_000942,0.0,0.0,1.0,0.0,0.0,0.0,0.0,1.0,0.0,38.0,5531.77,-12.26,34.0,162.7,2.0,9.0,1.0,0.0,2.0,0.052,0
SMB_EU_000943,0.0,0.0,1.0,0.0,0.0,1.0,0.0,0.0,0.0,45.0,4265.15,-8.46,16.0,266.57,1.0,12.0,2.0,0.0,2.0,0.131,0
SMB_EU_000944,1.0,0.0,0.0,0.0,0.0,0.0,1.0,0.0,0.0,5.0,8648.19,-37.27,66.0,131.03,1.0,13.0,0.0,0.0,2.0,0.016,0
SMB_EU_000945,0.0,0.0,0.0,0.0,0.0,1.0,0.0,0.0,0.0,21.0,3927.34,-34.42,17.0,231.02,2.0,10.0,0.0,0.0,0.0,0.094,0
SMB_EU_000946,0.0,0.0,0.0,0.0,0.0,0.0,0.0,1.0,0.0,16.0,4511.2,-14.65,24.0,187.97,3.0,3.0,0.0,0.0,2.0,0.084,0
SMB_EU_000947,0.0,0.0,0.0,0.0,0.0,0.0,1.0,0.0,0.0,4.0,6542.19,16.92,27.0,242.3,3.0,7.0,1.0,0.0,1.0,0.148,0
SMB_EU_000948,0.0,0.0,0.0,0.0,1.0,0.0,1.0,0.0,0.0,48.0,3736.38,15.69,32.0,116.76,4.0,10.0,1.0,1.0,1.0,0.316,0
SMB_EU_000949,0.0,0.0,0.0,0.0,1.0,0.0,0.0,1.0,0.0,7.0,1219.87,9.29,9.0,135.54,2.0,16.0,0.0,0.0,2.0,0.087,0
SMB_EU_000950,0.0,0.0,1.0,0.0,0.0,0.0,1.0,0.0,0.0,62.0,4553.99,0.66,34.0,133.94,2.0,10.0,2.0,0.0,0.0,0.15,0
SMB_EU_000951,0.0,0.0,1.0,0.0,0.0,0.0,0.0,1.0,0.0,25.0,14759.7,14.06,74.0,199.46,4.0,11.0,0.0,1.0,3.0,0.179,0
SMB_EU_000952,0.0,0.0,1.0,0.0,0.0,0.0,0.0,0.0,0.0,36.0,12456.48,-4.14,87.0,143.18,2.0,12.0,0.0,0.0,0.0,0.175,0
SMB_EU_000953,0.0,0.0,0.0,0.0,0.0,0.0,0.0,0.0,0.0,16.0,23894.09,-10.87,92.0,259.72,2.0,10.0,0.0,1.0,1.0,0.078,0
SMB_EU_000954,0.0,0.0,0.0,0.0,1.0,0.0,1.0,0.0,0.0,50.0,2236.19,17.85,14.0,159.73,4.0,13.0,0.0,0.0,0.0,0.054,0
SMB_EU_000955,0.0,1.0,0.0,0.0,0.0,0.0,0.0,1.0,0.0,25.0,2730.45,4.76,12.0,227.54,2.0,12.0,0.0,0.0,0.0,0.084,0
SMB_EU_000956,0.0,1.0,0.0,0.0,0.0,0.0,0.0,0.0,0.0,37.0,6654.92,-10.26,23.0,289.34,3.0,8.0,2.0,1.0,3.0,0.206,0
SMB_EU_000957,0.0,0.0,0.0,1.0,0.0,0.0,0.0,0.0,0.0,54.0,13285.46,-61.97,62.0,214.28,4.0,6.0,0.0,0.0,0.0,0.086,0
SMB_EU_000958,0.0,0.0,0.0,0.0,0.0,1.0,0.0,0.0,0.0,40.0,25659.98,-11.05,193.0,132.95,2.0,7.0,1.0,0.0,3.0,0.193,0
SMB_EU_000959,0.0,0.0,0.0,0.0,0.0,0.0,0.0,1.0,0.0,19.0,6590.18,30.33,25.0,263.61,1.0,5.0,0.0,1.0,1.0,0.04,0
SMB_EU_000960,1.0,0.0,0.0,0.0,0.0,0.0,0.0,0.0,1.0,25.0,24893.14,0.06,301.0,82.7,3.0,17.0,0.0,0.0,0.0,0.062,0
SMB_EU_000961,0.0,0.0,0.0,0.0,0.0,0.0,0.0,0.0,0.0,46.0,12876.3,-25.31,94.0,136.98,3.0,7.0,0.0,1.0,0.0,0.027,0
SMB_EU_000962,0.0,0.0,1.0,0.0,0.0,0.0,0.0,0.0,0.0,21.0,34020.79,10.82,206.0,165.15,1.0,7.0,0.0,0.0,1.0,0.168,0
SMB_EU_000963,0.0,1.0,0.0,0.0,0.0,0.0,0.0,0.0,1.0,26.0,31223.74,-18.23,254.0,122.93,2.0,11.0,0.0,0.0,1.0,0.118,0
SMB_EU_000964,0.0,1.0,0.0,0.0,0.0,1.0,0.0,0.0,0.0,32.0,5618.91,16.45,26.0,216.11,2.0,6.0,1.0,1.0,3.0,0.119,0
SMB_EU_000965,0.0,1.0,0.0,0.0,0.0,0.0,0.0,0.0,0.0,16.0,10853.54,-9.12,54.0,200.99,3.0,11.0,0.0,1.0,0.0,0.113,0
SMB_EU_000966,0.0,1.0,0.0,0.0,0.0,0.0,1.0,0.0,0.0,24.0,3628.27,-4.06,21.0,172.77,1.0,10.0,4.0,0.0,6.0,0.05,1
SMB_EU_000967,1.0,0.0,0.0,0.0,0.0,0.0,0.0,1.0,0.0,30.0,4153.71,-4.69,29.0,143.23,2.0,16.0,0.0,0.0,5.0,0.08,0
SMB_EU_000968,0.0,1.0,0.0,0.0,0.0,0.0,0.0,0.0,0.0,29.0,15755.48,15.56,90.0,175.06,2.0,7.0,0.0,1.0,0.0,0.048,0
SMB_EU_000969,0.0,0.0,1.0,0.0,0.0,1.0,0.0,0.0,0.0,29.0,20294.13,-37.45,141.0,143.93,2.0,13.0,0.0,0.0,2.0,0.017,0
SMB_EU_000970,0.0,0.0,0.0,1.0,0.0,0.0,0.0,0.0,0.0,20.0,6896.86,-17.63,54.0,127.72,4.0,7.0,1.0,0.0,2.0,0.027,0
SMB_EU_000971,0.0,0.0,1.0,0.0,0.0,0.0,1.0,0.0,0.0,31.0,8291.56,-4.4,53.0,156.44,4.0,15.0,0.0,0.0,1.0,0.096,0
SMB_EU_000972,0.0,0.0,0.0,0.0,1.0,1.0,0.0,0.0,0.0,60.0,2020.16,-30.46,10.0,202.02,1.0,11.0,3.0,0.0,0.0,0.115,0
SMB_EU_000973,1.0,0.0,0.0,0.0,0.0,0.0,1.0,0.0,0.0,25.0,6192.78,9.01,28.0,221.17,1.0,6.0,0.0,1.0,2.0,0.018,0
SMB_EU_000974,0.0,0.0,0.0,0.0,0.0,0.0,0.0,0.0,0.0,30.0,18081.47,4.69,124.0,145.82,1.0,15.0,0.0,0.0,1.0,0.03,0
SMB_EU_000975,0.0,0.0,0.0,0.0,0.0,0.0,0.0,0.0,0.0,24.0,20401.33,-14.86,71.0,287.34,2.0,8.0,0.0,0.0,2.0,0.101,1
SMB_EU_000976,0.0,1.0,0.0,0.0,0.0,0.0,0.0,0.0,0.0,58.0,21358.8,-0.24,155.0,137.8,3.0,12.0,0.0,0.0,1.0,0.021,0
SMB_EU_000977,0.0,0.0,1.0,0.0,0.0,0.0,0.0,1.0,0.0,22.0,6346.35,12.1,27.0,235.05,2.0,11.0,1.0,1.0,0.0,0.031,0
SMB_EU_000978,0.0,0.0,0.0,0.0,0.0,0.0,0.0,1.0,0.0,13.0,7082.95,-31.55,72.0,98.37,1.0,13.0,0.0,1.0,2.0,0.069,0
SMB_EU_000979,0.0,0.0,0.0,1.0,0.0,0.0,0.0,1.0,0.0,41.0,5139.12,-19.1,23.0,223.44,1.0,9.0,0.0,0.0,0.0,0.021,0
SMB_EU_000980,0.0,0.0,1.0,0.0,0.0,0.0,1.0,0.0,0.0,21.0,4266.19,-5.03,24.0,177.76,1.0,8.0,3.0,0.0,1.0,0.098,1
SMB_EU_000981,0.0,1.0,0.0,0.0,0.0,0.0,1.0,0.0,0.0,40.0,2633.85,0.36,13.0,202.6,2.0,8.0,1.0,0.0,0.0,0.08,0
SMB_EU_000982,1.0,0.0,0.0,0.0,0.0,0.0,0.0,0.0,0.0,18.0,10805.31,-0.88,90.0,120.06,3.0,5.0,0.0,0.0,1.0,0.096,0
SMB_EU_000983,0.0,0.0,0.0,0.0,0.0,0.0,0.0,0.0,1.0,11.0,8301.66,13.34,47.0,176.63,1.0,8.0,2.0,0.0,5.0,0.131,0
SMB_EU_000984,0.0,0.0,0.0,0.0,0.0,0.0,0.0,1.0,0.0,25.0,10610.0,7.16,43.0,246.74,1.0,7.0,0.0,0.0,2.0,0.006,0
SMB_EU_000985,1.0,0.0,0.0,0.0,0.0,0.0,0.0,1.0,0.0,8.0,4707.12,10.45,19.0,247.74,3.0,10.0,0.0,1.0,0.0,0.024,0
SMB_EU_000986,0.0,0.0,0.0,1.0,0.0,0.0,0.0,0.0,0.0,32.0,13331.22,-20.85,101.0,131.99,3.0,9.0,1.0,0.0,2.0,0.165,0
SMB_EU_000987,0.0,0.0,1.0,0.0,0.0,0.0,0.0,0.0,0.0,45.0,18903.87,2.17,120.0,157.53,1.0,2.0,1.0,0.0,1.0,0.078,0
SMB_EU_000988,0.0,0.0,0.0,1.0,0.0,0.0,0.0,0.0,0.0,81.0,12756.53,-4.61,158.0,80.74,2.0,8.0,0.0,0.0,1.0,0.111,0
SMB_EU_000989,0.0,1.0,0.0,0.0,0.0,0.0,1.0,0.0,0.0,18.0,13010.63,21.93,130.0,100.08,1.0,19.0,0.0,0.0,2.0,0.044,0
SMB_EU_000990,1.0,0.0,0.0,0.0,0.0,0.0,1.0,0.0,0.0,15.0,26233.62,2.62,243.0,107.96,1.0,9.0,2.0,0.0,0.0,0.028,0
SMB_EU_000991,1.0,0.0,0.0,0.0,0.0,0.0,0.0,0.0,1.0,44.0,33505.04,-64.16,232.0,144.42,3.0,10.0,0.0,1.0,1.0,0.024,1
SMB_EU_000992,0.0,0.0,1.0,0.0,0.0,0.0,1.0,0.0,0.0,42.0,8479.62,-20.78,34.0,249.4,2.0,13.0,1.0,0.0,0.0,0.083,0
SMB_EU_000993,0.0,1.0,0.0,0.0,0.0,0.0,1.0,0.0,0.0,44.0,9792.11,8.45,51.0,192.0,2.0,10.0,1.0,0.0,1.0,0.119,0
SMB_EU_000994,0.0,0.0,1.0,0.0,0.0,0.0,1.0,0.0,0.0,81.0,20630.18,-12.32,81.0,254.69,4.0,11.0,1.0,0.0,0.0,0.037,0
SMB_EU_000995,0.0,1.0,0.0,0.0,0.0,0.0,0.0,0.0,1.0,26.0,8225.57,-5.23,33.0,249.26,3.0,9.0,0.0,3.0,0.0,0.022,0
SMB_EU_000996,0.0,0.0,0.0,0.0,0.0,1.0,0.0,0.0,0.0,92.0,9018.47,-4.97,43.0,209.73,2.0,7.0,2.0,1.0,3.0,0.11,0
SMB_EU_000997,0.0,0.0,0.0,0.0,1.0,1.0,0.0,0.0,0.0,20.0,3036.37,18.41,16.0,189.77,2.0,8.0,1.0,0.0,0.0,0.051,0
SMB_EU_000998,0.0,0.0,0.0,0.0,0.0,0.0,0.0,0.0,1.0,16.0,7468.7,3.05,26.0,287.26,1.0,12.0,1.0,1.0,1.0,0.079,0
SMB_EU_000999,0.0,0.0,0.0,0.0,1.0,0.0,0.0,0.0,0.0,15.0,30015.65,10.9,146.0,205.59,3.0,9.0,3.0,2.0,1.0,0.051,0
SMB_EU_001000,0.0,0.0,0.0,1.0,0.0,1.0,0.0,0.0,0.0,14.0,3899.48,-65.9,21.0,185.69,1.0,15.0,0.0,0.0,1.0,0.036,1
SMB_EU_001001,0.0,0.0,0.0,0.0,0.0,0.0,1.0,0.0,0.0,84.0,7408.37,5.02,27.0,274.38,1.0,9.0,1.0,0.0,0.0,0.042,0
SMB_EU_001002,0.0,0.0,1.0,0.0,0.0,0.0,1.0,0.0,0.0,56.0,3110.91,19.55,33.0,94.27,1.0,12.0,0.0,0.0,3.0,0.167,0
SMB_EU_001003,0.0,0.0,0.0,0.0,1.0,0.0,0.0,1.0,0.0,79.0,16658.14,-5.42,74.0,225.11,1.0,8.0,0.0,0.0,1.0,0.084,0
SMB_EU_001004,1.0,0.0,0.0,0.0,0.0,0.0,0.0,1.0,0.0,5.0,10668.07,-29.03,102.0,104.59,2.0,11.0,3.0,0.0,1.0,0.027,1
SMB_EU_001005,1.0,0.0,0.0,0.0,0.0,0.0,0.0,0.0,0.0,9.0,16792.12,-20.45,64.0,262.38,3.0,11.0,0.0,0.0,0.0,0.241,0
SMB_EU_001006,0.0,0.0,1.0,0.0,0.0,0.0,0.0,0.0,0.0,21.0,20339.36,-49.17,80.0,254.24,4.0,9.0,0.0,0.0,1.0,0.082,0
SMB_EU_001007,0.0,0.0,1.0,0.0,0.0,0.0,0.0,0.0,0.0,18.0,19021.86,-5.02,100.0,190.22,3.0,8.0,1.0,0.0,0.0,0.077,0
SMB_EU_001008,0.0,0.0,0.0,0.0,1.0,0.0,1.0,0.0,0.0,31.0,18357.32,-15.91,81.0,226.63,1.0,4.0,1.0,0.0,3.0,0.06,1
SMB_EU_001009,0.0,1.0,0.0,0.0,0.0,0.0,1.0,0.0,0.0,27.0,5860.07,-3.99,23.0,254.79,1.0,10.0,0.0,0.0,1.0,0.086,0
SMB_EU_001010,0.0,0.0,0.0,1.0,0.0,0.0,1.0,0.0,0.0,11.0,12413.72,-72.26,67.0,185.28,1.0,7.0,0.0,0.0,2.0,0.078,1
SMB_EU_001011,0.0,1.0,0.0,0.0,0.0,0.0,0.0,0.0,0.0,17.0,28631.29,11.8,103.0,277.97,1.0,8.0,0.0,1.0,2.0,0.083,0
SMB_EU_001012,0.0,0.0,0.0,0.0,1.0,0.0,0.0,1.0,0.0,22.0,10367.06,2.8,59.0,175.71,2.0,8.0,1.0,1.0,1.0,0.051,0
SMB_EU_001013,0.0,0.0,0.0,0.0,1.0,0.0,0.0,0.0,0.0,10.0,3866.8,-55.14,14.0,276.2,4.0,10.0,0.0,1.0,1.0,0.08,0
SMB_EU_001014,0.0,0.0,0.0,0.0,0.0,0.0,1.0,0.0,0.0,24.0,5583.84,22.29,27.0,206.81,3.0,12.0,0.0,0.0,0.0,0.115,0
SMB_EU_001015,1.0,0.0,0.0,0.0,0.0,0.0,0.0,0.0,0.0,11.0,8138.03,-33.91,47.0,173.15,3.0,8.0,1.0,1.0,2.0,0.037,0
SMB_EU_001016,0.0,0.0,0.0,0.0,1.0,0.0,0.0,1.0,0.0,23.0,5469.52,-2.94,68.0,80.43,2.0,6.0,1.0,0.0,1.0,0.065,0
SMB_EU_001017,0.0,0.0,0.0,0.0,0.0,0.0,1.0,0.0,0.0,13.0,2386.49,-68.91,16.0,149.16,2.0,15.0,0.0,1.0,1.0,0.057,0
SMB_EU_001018,0.0,0.0,1.0,0.0,0.0,0.0,1.0,0.0,0.0,48.0,2344.49,-29.42,9.0,260.5,4.0,8.0,1.0,0.0,2.0,0.151,0
SMB_EU_001019,0.0,0.0,0.0,0.0,1.0,0.0,0.0,0.0,0.0,35.0,55152.78,-17.92,316.0,174.53,3.0,12.0,0.0,1.0,1.0,0.225,0
SMB_EU_001020,0.0,0.0,0.0,0.0,0.0,0.0,0.0,1.0,0.0,34.0,7243.12,-26.04,42.0,172.46,2.0,9.0,2.0,0.0,2.0,0.178,0
SMB_EU_001021,0.0,0.0,1.0,0.0,0.0,1.0,0.0,0.0,0.0,42.0,6451.84,-10.88,34.0,189.76,1.0,10.0,0.0,0.0,1.0,0.104,0
SMB_EU_001022,0.0,1.0,0.0,0.0,0.0,0.0,0.0,1.0,0.0,36.0,6219.2,13.45,43.0,144.63,1.0,7.0,1.0,1.0,1.0,0.041,0
SMB_EU_001023,0.0,0.0,0.0,0.0,1.0,0.0,0.0,0.0,1.0,48.0,9825.97,-3.21,52.0,188.96,3.0,8.0,1.0,1.0,3.0,0.266,0
SMB_EU_001024,0.0,0.0,0.0,0.0,1.0,0.0,0.0,1.0,0.0,29.0,9096.12,-63.65,56.0,162.43,1.0,12.0,3.0,1.0,1.0,0.06,1
SMB_EU_001025,0.0,0.0,0.0,0.0,1.0,1.0,0.0,0.0,0.0,41.0,4105.36,-4.8,15.0,273.69,2.0,12.0,1.0,0.0,1.0,0.061,0
SMB_EU_001026,0.0,0.0,0.0,1.0,0.0,0.0,0.0,0.0,0.0,33.0,16777.17,-1.48,82.0,204.6,2.0,9.0,1.0,1.0,3.0,0.102,0
SMB_EU_001027,0.0,0.0,0.0,0.0,1.0,0.0,1.0,0.0,0.0,33.0,9169.61,-6.28,35.0,261.99,3.0,17.0,0.0,2.0,0.0,0.076,0
SMB_EU_001028,0.0,0.0,0.0,0.0,1.0,0.0,0.0,0.0,1.0,7.0,4802.37,-12.77,21.0,228.68,1.0,13.0,2.0,0.0,0.0,0.081,0
SMB_EU_001029,0.0,1.0,0.0,0.0,0.0,0.0,0.0,0.0,0.0,12.0,32273.29,14.84,255.0,126.56,1.0,12.0,2.0,0.0,2.0,0.06,0
SMB_EU_001030,1.0,0.0,0.0,0.0,0.0,0.0,1.0,0.0,0.0,31.0,6122.9,-9.36,23.0,266.21,3.0,15.0,0.0,0.0,0.0,0.102,0
SMB_EU_001031,0.0,0.0,0.0,0.0,0.0,1.0,0.0,0.0,0.0,15.0,11047.59,-5.75,111.0,99.53,2.0,6.0,0.0,1.0,3.0,0.038,0
SMB_EU_001032,0.0,0.0,1.0,0.0,0.0,0.0,0.0,0.0,0.0,25.0,16070.7,6.44,90.0,178.56,1.0,12.0,0.0,0.0,0.0,0.053,0
SMB_EU_001033,0.0,1.0,0.0,0.0,0.0,1.0,0.0,0.0,0.0,17.0,15989.15,-52.38,121.0,132.14,4.0,12.0,2.0,0.0,0.0,0.088,0
SMB_EU_001034,0.0,0.0,0.0,0.0,0.0,1.0,0.0,0.0,0.0,18.0,3212.12,-13.4,16.0,200.76,3.0,10.0,0.0,0.0,0.0,0.139,0
SMB_EU_001035,0.0,0.0,0.0,0.0,0.0,0.0,0.0,0.0,0.0,27.0,7823.99,-26.1,54.0,144.89,2.0,11.0,0.0,0.0,3.0,0.064,0
SMB_EU_001036,0.0,0.0,1.0,0.0,0.0,0.0,0.0,1.0,0.0,21.0,2903.8,8.07,12.0,241.98,3.0,4.0,2.0,1.0,2.0,0.098,0
SMB_EU_001037,0.0,1.0,0.0,0.0,0.0,0.0,0.0,0.0,0.0,61.0,16248.94,2.67,57.0,285.07,1.0,8.0,2.0,0.0,0.0,0.116,0
SMB_EU_001038,1.0,0.0,0.0,0.0,0.0,0.0,0.0,0.0,0.0,8.0,37823.52,-53.74,160.0,236.4,4.0,8.0,0.0,0.0,1.0,0.191,0
SMB_EU_001039,0.0,0.0,0.0,0.0,0.0,0.0,0.0,0.0,0.0,38.0,39013.45,-65.8,247.0,157.95,4.0,16.0,0.0,0.0,0.0,0.129,0
SMB_EU_001040,0.0,1.0,0.0,0.0,0.0,1.0,0.0,0.0,0.0,43.0,1500.47,-3.03,7.0,214.35,2.0,12.0,0.0,0.0,0.0,0.093,0
SMB_EU_001041,0.0,0.0,0.0,1.0,0.0,0.0,0.0,1.0,0.0,64.0,5808.15,-18.48,21.0,276.58,3.0,11.0,0.0,0.0,1.0,0.177,0
SMB_EU_001042,1.0,0.0,0.0,0.0,0.0,0.0,0.0,0.0,0.0,27.0,2182.08,-0.59,16.0,136.38,3.0,8.0,0.0,0.0,0.0,0.269,0
SMB_EU_001043,0.0,1.0,0.0,0.0,0.0,1.0,0.0,0.0,0.0,40.0,9667.59,13.38,91.0,106.24,3.0,8.0,1.0,0.0,0.0,0.062,0
SMB_EU_001044,0.0,0.0,1.0,0.0,0.0,0.0,1.0,0.0,0.0,61.0,15648.0,13.15,144.0,108.67,2.0,4.0,0.0,0.0,0.0,0.006,0
SMB_EU_001045,0.0,0.0,0.0,0.0,1.0,0.0,0.0,0.0,1.0,16.0,8785.28,-5.71,47.0,186.92,2.0,10.0,0.0,0.0,0.0,0.063,0
SMB_EU_001046,0.0,0.0,1.0,0.0,0.0,0.0,0.0,0.0,0.0,13.0,15775.2,15.96,65.0,242.7,1.0,8.0,0.0,2.0,1.0,0.07,0
SMB_EU_001047,0.0,1.0,0.0,0.0,0.0,0.0,0.0,1.0,0.0,28.0,5225.87,28.59,23.0,227.21,2.0,15.0,1.0,1.0,0.0,0.077,0
SMB_EU_001048,0.0,0.0,0.0,0.0,0.0,0.0,1.0,0.0,0.0,22.0,4996.69,-4.74,28.0,178.45,2.0,3.0,1.0,0.0,0.0,0.083,0
SMB_EU_001049,0.0,0.0,0.0,0.0,1.0,0.0,1.0,0.0,0.0,41.0,10365.31,10.37,43.0,241.05,1.0,12.0,0.0,0.0,0.0,0.161,0
SMB_EU_001050,0.0,0.0,0.0,0.0,0.0,0.0,0.0,0.0,0.0,8.0,13055.45,-70.33,59.0,221.28,3.0,10.0,6.0,1.0,2.0,0.015,1
SMB_EU_001051,0.0,0.0,0.0,0.0,1.0,0.0,0.0,1.0,0.0,58.0,8737.4,-43.39,40.0,218.44,2.0,8.0,1.0,0.0,1.0,0.03,1
SMB_EU_001052,0.0,0.0,0.0,1.0,0.0,0.0,0.0,0.0,0.0,31.0,14011.44,1.37,113.0,124.0,2.0,4.0,1.0,1.0,0.0,0.137,0
SMB_EU_001053,0.0,0.0,0.0,0.0,1.0,0.0,0.0,0.0,1.0,22.0,5368.83,-15.1,36.0,149.13,1.0,9.0,1.0,0.0,1.0,0.081,0
SMB_EU_001054,1.0,0.0,0.0,0.0,0.0,0.0,0.0,0.0,0.0,26.0,5968.71,30.59,38.0,157.07,2.0,9.0,1.0,0.0,2.0,0.066,0
SMB_EU_001055,0.0,0.0,0.0,0.0,1.0,0.0,0.0,0.0,0.0,50.0,4901.84,8.97,19.0,257.99,3.0,12.0,0.0,1.0,0.0,0.223,0
SMB_EU_001056,0.0,1.0,0.0,0.0,0.0,0.0,1.0,0.0,0.0,36.0,17583.26,14.49,70.0,251.19,2.0,10.0,0.0,2.0,2.0,0.099,0
SMB_EU_001057,1.0,0.0,0.0,0.0,0.0,0.0,0.0,1.0,0.0,26.0,3799.1,-55.15,28.0,135.68,2.0,14.0,0.0,0.0,0.0,0.092,0
SMB_EU_001058,0.0,1.0,0.0,0.0,0.0,0.0,1.0,0.0,0.0,22.0,9802.0,-15.05,106.0,92.47,3.0,9.0,1.0,0.0,1.0,0.033,0
SMB_EU_001059,0.0,0.0,0.0,1.0,0.0,0.0,0.0,1.0,0.0,23.0,14575.99,-7.78,59.0,247.05,2.0,6.0,0.0,0.0,0.0,0.018,0
SMB_EU_001060,0.0,0.0,1.0,0.0,0.0,0.0,0.0,0.0,1.0,40.0,6420.8,-35.24,38.0,168.97,2.0,11.0,0.0,1.0,1.0,0.047,0
SMB_EU_001061,0.0,0.0,0.0,0.0,1.0,0.0,0.0,0.0,1.0,21.0,6176.42,-9.57,48.0,128.68,1.0,11.0,1.0,0.0,0.0,0.028,0
SMB_EU_001062,0.0,0.0,0.0,0.0,1.0,0.0,0.0,0.0,0.0,38.0,13856.48,10.07,131.0,105.77,2.0,5.0,0.0,0.0,0.0,0.044,0
SMB_EU_001063,1.0,0.0,0.0,0.0,0.0,1.0,0.0,0.0,0.0,13.0,6106.9,-48.81,74.0,82.53,3.0,4.0,0.0,0.0,1.0,0.111,1
SMB_EU_001064,0.0,1.0,0.0,0.0,0.0,0.0,0.0,1.0,0.0,15.0,15517.5,0.07,89.0,174.35,2.0,7.0,4.0,0.0,1.0,0.025,0
SMB_EU_001065,0.0,0.0,0.0,1.0,0.0,0.0,1.0,0.0,0.0,25.0,20469.46,-27.38,132.0,155.07,1.0,9.0,0.0,0.0,1.0,0.103,0
SMB_EU_001066,1.0,0.0,0.0,0.0,0.0,1.0,0.0,0.0,0.0,22.0,8708.37,25.72,37.0,235.36,1.0,9.0,2.0,0.0,2.0,0.07,0
SMB_EU_001067,0.0,1.0,0.0,0.0,0.0,0.0,1.0,0.0,0.0,16.0,19088.57,-3.19,65.0,293.67,1.0,13.0,1.0,1.0,4.0,0.107,0
SMB_EU_001068,0.0,0.0,0.0,0.0,0.0,0.0,0.0,0.0,0.0,10.0,13478.81,40.64,107.0,125.97,1.0,12.0,2.0,0.0,1.0,0.083,0
SMB_EU_001069,0.0,1.0,0.0,0.0,0.0,0.0,1.0,0.0,0.0,14.0,9572.94,9.79,72.0,132.96,2.0,12.0,1.0,0.0,3.0,0.055,0
SMB_EU_001070,0.0,1.0,0.0,0.0,0.0,0.0,1.0,0.0,0.0,67.0,6676.1,-3.15,43.0,155.26,1.0,10.0,1.0,0.0,2.0,0.161,0
SMB_EU_001071,0.0,1.0,0.0,0.0,0.0,0.0,0.0,0.0,0.0,16.0,6915.94,-35.32,38.0,182.0,3.0,13.0,1.0,0.0,0.0,0.07,0
SMB_EU_001072,0.0,1.0,0.0,0.0,0.0,0.0,0.0,0.0,0.0,27.0,30888.23,-30.29,132.0,234.0,4.0,12.0,1.0,1.0,3.0,0.05,0
SMB_EU_001073,0.0,0.0,0.0,0.0,0.0,1.0,0.0,0.0,0.0,16.0,8254.67,15.39,52.0,158.74,1.0,14.0,0.0,2.0,1.0,0.157,0
SMB_EU_001074,0.0,0.0,0.0,0.0,0.0,0.0,1.0,0.0,0.0,21.0,8087.22,17.33,79.0,102.37,4.0,12.0,2.0,0.0,2.0,0.111,0
SMB_EU_001075,0.0,0.0,0.0,0.0,1.0,0.0,0.0,0.0,0.0,46.0,14977.81,-31.34,62.0,241.58,3.0,14.0,0.0,0.0,3.0,0.021,0
SMB_EU_001076,0.0,0.0,0.0,1.0,0.0,0.0,1.0,0.0,0.0,22.0,3240.45,-43.98,13.0,249.27,3.0,9.0,1.0,0.0,0.0,0.034,0
SMB_EU_001077,0.0,1.0,0.0,0.0,0.0,1.0,0.0,0.0,0.0,20.0,3337.67,-1.58,25.0,133.51,1.0,13.0,0.0,1.0,0.0,0.171,0
SMB_EU_001078,0.0,0.0,1.0,0.0,0.0,1.0,0.0,0.0,0.0,16.0,7340.83,13.13,67.0,109.56,4.0,9.0,1.0,1.0,2.0,0.1,0
SMB_EU_001079,0.0,0.0,0.0,0.0,0.0,1.0,0.0,0.0,0.0,21.0,4367.94,31.59,22.0,198.54,4.0,9.0,0.0,0.0,2.0,0.046,0
SMB_EU_001080,0.0,0.0,0.0,0.0,1.0,0.0,0.0,1.0,0.0,33.0,4387.72,5.74,35.0,125.36,4.0,11.0,1.0,0.0,0.0,0.089,0
SMB_EU_001081,1.0,0.0,0.0,0.0,0.0,0.0,0.0,0.0,0.0,5.0,14087.06,32.13,87.0,161.92,3.0,14.0,0.0,0.0,0.0,0.059,0
SMB_EU_001082,0.0,0.0,0.0,0.0,0.0,0.0,0.0,1.0,0.0,9.0,3319.97,2.56,13.0,255.38,1.0,8.0,0.0,1.0,1.0,0.067,0
SMB_EU_001083,0.0,1.0,0.0,0.0,0.0,0.0,0.0,0.0,0.0,34.0,8392.17,6.77,65.0,129.11,1.0,6.0,1.0,1.0,1.0,0.169,0
SMB_EU_001084,0.0,0.0,0.0,0.0,1.0,0.0,0.0,0.0,0.0,26.0,5700.97,-43.8,22.0,259.13,4.0,8.0,2.0,1.0,3.0,0.123,0
SMB_EU_001085,0.0,0.0,0.0,0.0,1.0,1.0,0.0,0.0,0.0,17.0,5495.05,18.3,24.0,228.96,1.0,9.0,0.0,1.0,0.0,0.124,0
SMB_EU_001086,0.0,0.0,0.0,1.0,0.0,0.0,1.0,0.0,0.0,35.0,11595.38,-6.33,90.0,128.84,1.0,7.0,1.0,0.0,1.0,0.059,0
SMB_EU_001087,0.0,0.0,1.0,0.0,0.0,1.0,0.0,0.0,0.0,19.0,2237.99,12.27,11.0,203.45,1.0,10.0,2.0,0.0,1.0,0.088,0
SMB_EU_001088,0.0,0.0,0.0,0.0,0.0,1.0,0.0,0.0,0.0,45.0,5914.05,-18.46,27.0,219.04,2.0,7.0,1.0,0.0,2.0,0.028,0
SMB_EU_001089,0.0,0.0,0.0,0.0,1.0,0.0,0.0,0.0,0.0,17.0,17756.22,-4.27,143.0,124.17,2.0,12.0,1.0,1.0,4.0,0.103,0
SMB_EU_001090,0.0,1.0,0.0,0.0,0.0,0.0,1.0,0.0,0.0,13.0,4418.03,-9.55,39.0,113.28,4.0,9.0,0.0,0.0,4.0,0.036,0
SMB_EU_001091,0.0,0.0,0.0,0.0,1.0,0.0,1.0,0.0,0.0,106.0,18778.76,-19.72,95.0,197.67,4.0,7.0,0.0,1.0,1.0,0.02,0
SMB_EU_001092,0.0,0.0,1.0,0.0,0.0,0.0,0.0,0.0,1.0,40.0,7140.59,-41.28,31.0,230.34,2.0,11.0,0.0,0.0,0.0,0.105,0
SMB_EU_001093,0.0,0.0,1.0,0.0,0.0,1.0,0.0,0.0,0.0,14.0,5646.32,16.98,31.0,182.14,2.0,9.0,0.0,1.0,3.0,0.065,0
SMB_EU_001094,0.0,0.0,0.0,1.0,0.0,0.0,1.0,0.0,0.0,19.0,7262.18,-13.18,76.0,95.55,2.0,8.0,0.0,0.0,0.0,0.098,0
SMB_EU_001095,0.0,1.0,0.0,0.0,0.0,0.0,0.0,0.0,0.0,17.0,5184.04,-25.97,18.0,288.0,1.0,6.0,1.0,1.0,0.0,0.197,0
SMB_EU_001096,0.0,0.0,0.0,0.0,0.0,1.0,0.0,0.0,0.0,7.0,10990.27,-20.36,47.0,233.84,3.0,8.0,2.0,0.0,1.0,0.056,0
SMB_EU_001097,0.0,1.0,0.0,0.0,0.0,0.0,0.0,1.0,0.0,20.0,2818.28,14.91,13.0,216.79,2.0,4.0,0.0,2.0,2.0,0.11,0
SMB_EU_001098,0.0,0.0,0.0,0.0,0.0,0.0,1.0,0.0,0.0,28.0,6941.58,-14.54,31.0,223.92,2.0,6.0,2.0,0.0,1.0,0.047,1
SMB_EU_001099,1.0,0.0,0.0,0.0,0.0,0.0,1.0,0.0,0.0,59.0,11450.55,5.97,68.0,168.39,1.0,11.0,0.0,1.0,3.0,0.051,0
SMB_EU_001100,0.0,1.0,0.0,0.0,0.0,0.0,0.0,1.0,0.0,24.0,12012.89,-4.42,41.0,293.0,3.0,8.0,0.0,2.0,0.0,0.145,0
SMB_EU_001101,0.0,0.0,0.0,0.0,0.0,0.0,1.0,0.0,0.0,18.0,4184.9,12.36,38.0,110.13,2.0,16.0,1.0,2.0,0.0,0.122,0
SMB_EU_001102,0.0,0.0,0.0,0.0,1.0,0.0,1.0,0.0,0.0,64.0,6119.93,-29.68,25.0,244.8,1.0,12.0,1.0,0.0,0.0,0.037,0
SMB_EU_001103,0.0,0.0,0.0,0.0,1.0,0.0,0.0,0.0,1.0,56.0,20628.54,41.47,120.0,171.9,4.0,15.0,2.0,0.0,1.0,0.055,0
SMB_EU_001104,0.0,0.0,0.0,0.0,1.0,1.0,0.0,0.0,0.0,28.0,7924.73,28.47,29.0,273.27,1.0,13.0,0.0,0.0,0.0,0.161,0
SMB_EU_001105,0.0,0.0,0.0,0.0,1.0,0.0,0.0,0.0,0.0,26.0,22437.93,-4.73,94.0,238.7,2.0,11.0,3.0,0.0,0.0,0.108,0
SMB_EU_001106,0.0,0.0,0.0,0.0,0.0,0.0,1.0,0.0,0.0,33.0,4257.84,-6.78,21.0,202.75,3.0,7.0,1.0,1.0,1.0,0.109,1
SMB_EU_001107,0.0,1.0,0.0,0.0,0.0,0.0,1.0,0.0,0.0,16.0,6372.02,1.26,22.0,289.64,3.0,12.0,0.0,0.0,0.0,0.05,0
SMB_EU_001108,1.0,0.0,0.0,0.0,0.0,0.0,1.0,0.0,0.0,26.0,7233.62,-16.18,26.0,278.22,3.0,9.0,0.0,1.0,0.0,0.092,0
SMB_EU_001109,0.0,0.0,1.0,0.0,0.0,0.0,0.0,1.0,0.0,16.0,2988.29,-0.83,33.0,90.55,4.0,5.0,0.0,1.0,0.0,0.109,0
SMB_EU_001110,0.0,0.0,0.0,0.0,0.0,0.0,0.0,0.0,0.0,57.0,5492.09,0.34,45.0,122.05,1.0,18.0,5.0,1.0,2.0,0.115,0
SMB_EU_001111,1.0,0.0,0.0,0.0,0.0,0.0,0.0,1.0,0.0,13.0,3680.83,-0.04,16.0,230.05,4.0,7.0,0.0,0.0,1.0,0.016,0
SMB_EU_001112,0.0,1.0,0.0,0.0,0.0,0.0,0.0,0.0,1.0,30.0,20283.29,-84.37,72.0,281.71,1.0,6.0,1.0,0.0,0.0,0.03,0
SMB_EU_001113,0.0,1.0,0.0,0.0,0.0,0.0,0.0,0.0,0.0,31.0,15542.13,7.45,89.0,174.63,1.0,8.0,0.0,0.0,1.0,0.082,0
SMB_EU_001114,0.0,0.0,0.0,1.0,0.0,0.0,1.0,0.0,0.0,60.0,18247.28,-14.56,206.0,88.58,1.0,12.0,1.0,0.0,0.0,0.074,0
SMB_EU_001115,0.0,0.0,1.0,0.0,0.0,0.0,0.0,0.0,0.0,18.0,16700.9,21.54,75.0,222.68,4.0,10.0,0.0,0.0,0.0,0.074,0
SMB_EU_001116,0.0,0.0,1.0,0.0,0.0,0.0,0.0,0.0,1.0,15.0,5688.23,-21.84,46.0,123.66,2.0,14.0,1.0,0.0,0.0,0.18,0
SMB_EU_001117,0.0,0.0,0.0,0.0,0.0,0.0,0.0,1.0,0.0,38.0,10761.87,-44.09,53.0,203.05,1.0,5.0,0.0,0.0,2.0,0.021,1
SMB_EU_001118,0.0,0.0,0.0,0.0,1.0,0.0,1.0,0.0,0.0,35.0,9086.93,-33.24,55.0,165.22,1.0,11.0,0.0,0.0,1.0,0.146,0
SMB_EU_001119,0.0,1.0,0.0,0.0,0.0,1.0,0.0,0.0,0.0,80.0,10685.23,-32.32,53.0,201.61,1.0,12.0,1.0,1.0,1.0,0.067,1
SMB_EU_001120,0.0,0.0,0.0,0.0,0.0,1.0,0.0,0.0,0.0,29.0,3160.6,-12.59,11.0,287.33,2.0,9.0,5.0,1.0,2.0,0.134,1
SMB_EU_001121,0.0,0.0,0.0,0.0,1.0,0.0,0.0,0.0,1.0,56.0,16784.88,-10.47,90.0,186.5,1.0,13.0,1.0,0.0,2.0,0.044,0
SMB_EU_001122,0.0,0.0,0.0,0.0,1.0,0.0,1.0,0.0,0.0,52.0,15192.09,21.99,173.0,87.82,2.0,8.0,0.0,0.0,2.0,0.05,0
SMB_EU_001123,0.0,0.0,0.0,0.0,1.0,0.0,0.0,0.0,0.0,15.0,17848.34,-0.61,86.0,207.54,3.0,7.0,1.0,0.0,0.0,0.094,0
SMB_EU_001124,1.0,0.0,0.0,0.0,0.0,0.0,0.0,1.0,0.0,8.0,3081.09,19.39,20.0,154.05,2.0,6.0,0.0,0.0,1.0,0.037,0
SMB_EU_001125,0.0,0.0,1.0,0.0,0.0,0.0,0.0,0.0,0.0,21.0,14591.58,-5.7,58.0,251.58,3.0,11.0,1.0,0.0,1.0,0.061,0
SMB_EU_001126,0.0,0.0,1.0,0.0,0.0,0.0,0.0,0.0,0.0,44.0,21646.09,9.09,118.0,183.44,1.0,9.0,0.0,0.0,3.0,0.13,0
SMB_EU_001127,0.0,0.0,0.0,0.0,0.0,0.0,1.0,0.0,0.0,60.0,9209.02,-10.88,38.0,242.34,1.0,8.0,1.0,0.0,0.0,0.06,0
SMB_EU_001128,0.0,1.0,0.0,0.0,0.0,0.0,0.0,0.0,0.0,1.0,21513.91,-59.7,77.0,279.4,3.0,10.0,1.0,1.0,3.0,0.23,1
SMB_EU_001129,0.0,1.0,0.0,0.0,0.0,0.0,0.0,0.0,0.0,13.0,27533.34,-27.31,172.0,160.08,3.0,5.0,1.0,0.0,1.0,0.183,0
SMB_EU_001130,0.0,1.0,0.0,0.0,0.0,0.0,0.0,0.0,1.0,33.0,6099.19,5.04,20.0,304.96,2.0,12.0,0.0,0.0,0.0,0.04,0
SMB_EU_001131,1.0,0.0,0.0,0.0,0.0,0.0,0.0,0.0,0.0,39.0,7500.76,3.93,66.0,113.65,3.0,6.0,0.0,0.0,0.0,0.366,0
SMB_EU_001132,0.0,0.0,0.0,1.0,0.0,0.0,0.0,0.0,0.0,12.0,14665.93,11.66,66.0,222.21,2.0,14.0,1.0,0.0,0.0,0.157,0
SMB_EU_001133,0.0,0.0,0.0,0.0,0.0,1.0,0.0,0.0,0.0,16.0,4922.98,3.22,56.0,87.91,1.0,13.0,1.0,0.0,0.0,0.043,1
SMB_EU_001134,0.0,1.0,0.0,0.0,0.0,0.0,1.0,0.0,0.0,6.0,12819.27,-5.47,101.0,126.92,2.0,4.0,1.0,0.0,1.0,0.02,0
SMB_EU_001135,0.0,0.0,1.0,0.0,0.0,0.0,0.0,0.0,0.0,69.0,7872.31,2.64,36.0,218.68,1.0,20.0,0.0,0.0,2.0,0.012,0
SMB_EU_001136,0.0,0.0,0.0,0.0,0.0,0.0,0.0,1.0,0.0,30.0,9222.69,14.88,102.0,90.42,2.0,14.0,2.0,0.0,1.0,0.041,0
SMB_EU_001137,0.0,0.0,0.0,0.0,1.0,0.0,0.0,1.0,0.0,16.0,11263.93,-4.86,110.0,102.4,1.0,10.0,0.0,0.0,1.0,0.095,0
SMB_EU_001138,0.0,0.0,0.0,1.0,0.0,1.0,0.0,0.0,0.0,54.0,6001.1,-13.63,42.0,142.88,1.0,15.0,1.0,1.0,0.0,0.118,0
SMB_EU_001139,0.0,0.0,0.0,1.0,0.0,1.0,0.0,0.0,0.0,30.0,6222.68,10.77,30.0,207.42,4.0,6.0,1.0,0.0,1.0,0.029,0
SMB_EU_001140,0.0,0.0,1.0,0.0,0.0,0.0,1.0,0.0,0.0,60.0,5047.6,-1.34,60.0,84.13,1.0,8.0,0.0,1.0,0.0,0.051,0
SMB_EU_001141,1.0,0.0,0.0,0.0,0.0,0.0,0.0,0.0,1.0,65.0,6498.87,12.48,35.0,185.68,1.0,5.0,1.0,0.0,2.0,0.188,0
SMB_EU_001142,0.0,1.0,0.0,0.0,0.0,0.0,1.0,0.0,0.0,12.0,6261.62,5.29,29.0,215.92,4.0,17.0,2.0,0.0,0.0,0.11,0
SMB_EU_001143,0.0,0.0,1.0,0.0,0.0,0.0,0.0,1.0,0.0,56.0,11884.11,-11.9,71.0,167.38,2.0,9.0,0.0,1.0,1.0,0.088,0
SMB_EU_001144,0.0,0.0,1.0,0.0,0.0,0.0,0.0,0.0,0.0,54.0,14366.91,16.12,151.0,95.15,2.0,9.0,1.0,0.0,1.0,0.042,0
SMB_EU_001145,0.0,1.0,0.0,0.0,0.0,0.0,0.0,0.0,1.0,35.0,4071.13,-13.07,19.0,214.27,3.0,5.0,1.0,0.0,3.0,0.068,0
SMB_EU_001146,0.0,0.0,0.0,0.0,1.0,0.0,0.0,1.0,0.0,37.0,5827.86,9.38,27.0,215.85,2.0,7.0,0.0,1.0,1.0,0.082,0
SMB_EU_001147,1.0,0.0,0.0,0.0,0.0,0.0,0.0,1.0,0.0,28.0,8208.84,-23.3,43.0,190.9,1.0,10.0,1.0,1.0,2.0,0.038,0
SMB_EU_001148,0.0,0.0,1.0,0.0,0.0,0.0,1.0,0.0,0.0,10.0,7878.95,-5.77,34.0,231.73,2.0,8.0,2.0,0.0,1.0,0.128,0
SMB_EU_001149,0.0,0.0,0.0,0.0,1.0,0.0,0.0,0.0,0.0,9.0,36218.8,17.34,288.0,125.76,3.0,7.0,0.0,0.0,2.0,0.098,0
SMB_EU_001150,0.0,0.0,0.0,0.0,1.0,1.0,0.0,0.0,0.0,70.0,9566.47,5.96,42.0,227.77,4.0,15.0,0.0,0.0,0.0,0.33,0
SMB_EU_001151,1.0,0.0,0.0,0.0,0.0,0.0,0.0,1.0,0.0,30.0,2664.35,12.78,23.0,115.84,1.0,10.0,0.0,0.0,0.0,0.028,0
SMB_EU_001152,1.0,0.0,0.0,0.0,0.0,0.0,1.0,0.0,0.0,22.0,5746.45,-54.31,35.0,164.18,1.0,7.0,1.0,0.0,2.0,0.046,1
SMB_EU_001153,0.0,0.0,1.0,0.0,0.0,0.0,0.0,0.0,1.0,39.0,10308.41,3.21,109.0,94.57,1.0,10.0,0.0,2.0,1.0,0.127,0
SMB_EU_001154,0.0,0.0,1.0,0.0,0.0,0.0,0.0,1.0,0.0,15.0,1839.92,-21.12,7.0,262.85,2.0,8.0,3.0,0.0,1.0,0.204,1
SMB_EU_001155,0.0,0.0,1.0,0.0,0.0,0.0,0.0,0.0,0.0,19.0,18354.31,25.67,93.0,197.36,1.0,11.0,0.0,1.0,2.0,0.028,0
SMB_EU_001156,1.0,0.0,0.0,0.0,0.0,0.0,0.0,1.0,0.0,27.0,1737.57,-80.59,6.0,289.6,4.0,19.0,0.0,0.0,0.0,0.046,0
SMB_EU_001157,0.0,0.0,0.0,0.0,0.0,0.0,0.0,0.0,0.0,17.0,27718.78,-5.32,96.0,288.74,4.0,12.0,1.0,1.0,2.0,0.03,0
SMB_EU_001158,0.0,0.0,0.0,0.0,1.0,0.0,0.0,0.0,0.0,36.0,25852.68,-13.98,86.0,300.61,3.0,12.0,0.0,0.0,2.0,0.093,0
SMB_EU_001159,0.0,0.0,0.0,0.0,1.0,0.0,0.0,0.0,0.0,24.0,20306.05,10.12,199.0,102.04,4.0,6.0,0.0,0.0,1.0,0.007,0
SMB_EU_001160,0.0,0.0,0.0,0.0,0.0,1.0,0.0,0.0,0.0,36.0,3999.75,28.86,19.0,210.51,1.0,9.0,1.0,3.0,1.0,0.103,0
SMB_EU_001161,1.0,0.0,0.0,0.0,0.0,0.0,0.0,1.0,0.0,38.0,5537.59,9.82,33.0,167.81,3.0,5.0,0.0,1.0,1.0,0.052,0
SMB_EU_001162,0.0,0.0,0.0,0.0,0.0,0.0,0.0,0.0,0.0,53.0,11023.44,-9.86,56.0,196.85,3.0,4.0,1.0,1.0,0.0,0.119,0
SMB_EU_001163,0.0,1.0,0.0,0.0,0.0,1.0,0.0,0.0,0.0,21.0,3232.55,-20.67,22.0,146.93,1.0,8.0,0.0,0.0,1.0,0.064,0
SMB_EU_001164,1.0,0.0,0.0,0.0,0.0,1.0,0.0,0.0,0.0,12.0,4896.47,-19.52,54.0,90.68,1.0,14.0,0.0,0.0,1.0,0.043,0
SMB_EU_001165,0.0,0.0,0.0,0.0,0.0,0.0,0.0,1.0,0.0,60.0,7601.89,-13.4,32.0,237.56,2.0,13.0,3.0,1.0,0.0,0.042,0
SMB_EU_001166,1.0,0.0,0.0,0.0,0.0,0.0,1.0,0.0,0.0,6.0,8213.1,1.82,28.0,293.32,3.0,11.0,1.0,0.0,1.0,0.128,0
SMB_EU_001167,1.0,0.0,0.0,0.0,0.0,0.0,0.0,1.0,0.0,110.0,11939.64,-15.4,61.0,195.73,4.0,13.0,2.0,0.0,1.0,0.093,0
SMB_EU_001168,0.0,0.0,0.0,1.0,0.0,0.0,0.0,0.0,0.0,16.0,23748.48,-11.27,156.0,152.23,2.0,9.0,0.0,0.0,1.0,0.245,0
SMB_EU_001169,0.0,0.0,0.0,0.0,0.0,0.0,0.0,0.0,0.0,24.0,22270.54,-37.21,78.0,285.52,3.0,8.0,2.0,0.0,0.0,0.069,0
SMB_EU_001170,0.0,1.0,0.0,0.0,0.0,0.0,1.0,0.0,0.0,10.0,3046.78,-77.78,19.0,160.36,1.0,12.0,1.0,0.0,2.0,0.055,1
SMB_EU_001171,0.0,0.0,1.0,0.0,0.0,0.0,0.0,0.0,0.0,28.0,12641.12,-17.0,45.0,280.91,3.0,5.0,2.0,2.0,2.0,0.114,1
SMB_EU_001172,0.0,0.0,0.0,0.0,1.0,0.0,0.0,1.0,0.0,17.0,2640.09,-5.98,10.0,264.01,2.0,17.0,3.0,1.0,1.0,0.046,0
SMB_EU_001173,0.0,0.0,1.0,0.0,0.0,0.0,0.0,0.0,0.0,10.0,13440.18,-4.57,68.0,197.65,1.0,10.0,2.0,2.0,1.0,0.019,1
SMB_EU_001174,0.0,1.0,0.0,0.0,0.0,0.0,0.0,1.0,0.0,8.0,3298.51,15.15,14.0,235.61,4.0,9.0,0.0,0.0,3.0,0.087,0
SMB_EU_001175,0.0,0.0,1.0,0.0,0.0,0.0,1.0,0.0,0.0,14.0,6378.15,-13.51,27.0,236.23,2.0,13.0,1.0,0.0,2.0,0.039,1
SMB_EU_001176,0.0,0.0,0.0,1.0,0.0,0.0,0.0,0.0,0.0,41.0,28353.43,-10.8,128.0,221.51,3.0,6.0,0.0,0.0,0.0,0.175,1
SMB_EU_001177,1.0,0.0,0.0,0.0,0.0,0.0,0.0,0.0,1.0,36.0,11969.65,-44.41,104.0,115.09,2.0,7.0,1.0,1.0,1.0,0.02,0
SMB_EU_001178,0.0,0.0,0.0,0.0,0.0,0.0,0.0,1.0,0.0,12.0,9149.57,-12.96,39.0,234.6,4.0,12.0,0.0,0.0,3.0,0.018,0
SMB_EU_001179,1.0,0.0,0.0,0.0,0.0,0.0,1.0,0.0,0.0,20.0,3061.89,21.43,38.0,80.58,1.0,8.0,1.0,0.0,1.0,0.098,0
SMB_EU_001180,0.0,0.0,1.0,0.0,0.0,0.0,0.0,0.0,0.0,47.0,15530.95,7.04,66.0,235.32,2.0,15.0,0.0,1.0,2.0,0.154,0
SMB_EU_001181,0.0,0.0,0.0,0.0,1.0,0.0,1.0,0.0,0.0,21.0,14288.64,1.96,71.0,201.25,1.0,9.0,0.0,0.0,2.0,0.215,0
SMB_EU_001182,0.0,1.0,0.0,0.0,0.0,0.0,0.0,0.0,0.0,61.0,37033.68,8.63,270.0,137.16,1.0,14.0,1.0,2.0,1.0,0.039,0
SMB_EU_001183,0.0,0.0,1.0,0.0,0.0,0.0,0.0,1.0,0.0,94.0,1975.03,-4.01,8.0,246.88,1.0,14.0,0.0,0.0,0.0,0.049,0
SMB_EU_001184,0.0,0.0,0.0,0.0,1.0,0.0,0.0,1.0,0.0,14.0,4049.31,-44.42,24.0,168.72,2.0,8.0,1.0,1.0,2.0,0.016,0
SMB_EU_001185,0.0,0.0,0.0,0.0,0.0,0.0,1.0,0.0,0.0,16.0,14879.4,-26.61,80.0,185.99,3.0,9.0,2.0,1.0,0.0,0.041,0
SMB_EU_001186,0.0,0.0,0.0,0.0,1.0,0.0,0.0,0.0,1.0,66.0,8019.35,13.4,93.0,86.23,2.0,12.0,1.0,0.0,3.0,0.191,0
SMB_EU_001187,0.0,0.0,1.0,0.0,0.0,1.0,0.0,0.0,0.0,20.0,3474.7,3.17,21.0,165.46,2.0,12.0,0.0,0.0,2.0,0.135,0
SMB_EU_001188,0.0,0.0,0.0,0.0,0.0,0.0,0.0,0.0,0.0,50.0,5918.31,11.66,51.0,116.05,4.0,19.0,0.0,0.0,0.0,0.073,0
SMB_EU_001189,0.0,1.0,0.0,0.0,0.0,0.0,0.0,0.0,0.0,30.0,8489.49,-42.24,60.0,141.49,3.0,8.0,1.0,1.0,0.0,0.057,1
SMB_EU_001190,1.0,0.0,0.0,0.0,0.0,1.0,0.0,0.0,0.0,22.0,2178.02,-0.71,16.0,136.13,1.0,13.0,1.0,1.0,2.0,0.075,0
SMB_EU_001191,0.0,0.0,0.0,0.0,0.0,1.0,0.0,0.0,0.0,40.0,6214.19,-12.84,69.0,90.06,1.0,14.0,0.0,0.0,3.0,0.118,0
SMB_EU_001192,0.0,0.0,1.0,0.0,0.0,0.0,0.0,0.0,0.0,67.0,25683.18,22.52,142.0,180.87,1.0,14.0,1.0,1.0,2.0,0.026,0
SMB_EU_001193,0.0,1.0,0.0,0.0,0.0,0.0,0.0,0.0,0.0,55.0,7038.99,9.21,36.0,195.53,1.0,11.0,2.0,0.0,1.0,0.135,0
SMB_EU_001194,0.0,0.0,1.0,0.0,0.0,0.0,1.0,0.0,0.0,25.0,9337.88,3.51,45.0,207.51,1.0,8.0,2.0,0.0,1.0,0.059,0
SMB_EU_001195,0.0,0.0,0.0,0.0,0.0,0.0,0.0,1.0,0.0,30.0,8302.86,-62.61,46.0,180.5,3.0,10.0,0.0,0.0,1.0,0.001,1
SMB_EU_001196,0.0,0.0,0.0,0.0,1.0,0.0,0.0,0.0,0.0,50.0,14975.64,5.96,55.0,272.28,1.0,13.0,2.0,0.0,1.0,0.12,0
SMB_EU_001197,0.0,0.0,0.0,0.0,1.0,0.0,1.0,0.0,0.0,32.0,3043.55,-13.92,34.0,89.52,2.0,8.0,1.0,0.0,0.0,0.068,0
SMB_EU_001198,0.0,0.0,0.0,0.0,1.0,0.0,0.0,1.0,0.0,73.0,6303.88,-59.25,29.0,217.38,2.0,14.0,1.0,0.0,3.0,0.145,1
SMB_EU_001199,1.0,0.0,0.0,0.0,0.0,0.0,0.0,0.0,1.0,3.0,8709.69,-8.68,32.0,272.18,2.0,12.0,2.0,1.0,0.0,0.095,0
SMB_EU_001200,0.0,0.0,0.0,0.0,0.0,0.0,0.0,0.0,1.0,15.0,8193.34,34.0,92.0,89.06,4.0,6.0,0.0,2.0,0.0,0.031,0
SMB_EU_001201,1.0,0.0,0.0,0.0,0.0,0.0,0.0,0.0,0.0,37.0,10804.34,22.05,57.0,189.55,4.0,14.0,3.0,0.0,2.0,0.3,0
SMB_EU_001202,0.0,0.0,0.0,0.0,0.0,0.0,1.0,0.0,0.0,18.0,8427.62,15.95,40.0,210.69,2.0,10.0,0.0,2.0,2.0,0.026,0
SMB_EU_001203,0.0,0.0,0.0,0.0,0.0,0.0,0.0,0.0,0.0,68.0,20367.51,-57.56,167.0,121.96,2.0,12.0,0.0,1.0,3.0,0.056,1
SMB_EU_001204,0.0,1.0,0.0,0.0,0.0,0.0,1.0,0.0,0.0,16.0,33576.63,12.96,248.0,135.39,3.0,11.0,1.0,0.0,0.0,0.053,0
SMB_EU_001205,0.0,0.0,0.0,1.0,0.0,0.0,0.0,0.0,1.0,28.0,9627.5,-46.21,38.0,253.36,3.0,13.0,0.0,1.0,5.0,0.12,1
SMB_EU_001206,1.0,0.0,0.0,0.0,0.0,0.0,1.0,0.0,0.0,14.0,19808.8,18.35,97.0,204.21,2.0,5.0,0.0,0.0,0.0,0.061,0
SMB_EU_001207,0.0,0.0,1.0,0.0,0.0,0.0,0.0,0.0,0.0,24.0,18591.48,4.84,124.0,149.93,3.0,11.0,0.0,0.0,1.0,0.065,0
SMB_EU_001208,0.0,0.0,0.0,1.0,0.0,0.0,0.0,0.0,0.0,5.0,14130.47,-0.1,57.0,247.9,2.0,9.0,1.0,0.0,0.0,0.059,0
SMB_EU_001209,0.0,1.0,0.0,0.0,0.0,0.0,0.0,0.0,0.0,8.0,16398.32,3.51,67.0,244.75,4.0,8.0,0.0,0.0,2.0,0.045,0
SMB_EU_001210,0.0,0.0,0.0,0.0,1.0,0.0,0.0,1.0,0.0,91.0,2402.23,-27.08,15.0,160.15,1.0,8.0,0.0,0.0,1.0,0.109,1
SMB_EU_001211,0.0,0.0,0.0,1.0,0.0,0.0,0.0,0.0,0.0,26.0,18021.52,-11.51,96.0,187.72,2.0,9.0,1.0,0.0,0.0,0.072,0
SMB_EU_001212,0.0,0.0,0.0,1.0,0.0,0.0,1.0,0.0,0.0,20.0,2421.05,-30.82,11.0,220.1,2.0,7.0,1.0,0.0,1.0,0.028,1
SMB_EU_001213,0.0,0.0,0.0,0.0,0.0,0.0,0.0,0.0,0.0,10.0,8939.24,17.09,57.0,156.83,3.0,9.0,1.0,0.0,2.0,0.047,0
SMB_EU_001214,1.0,0.0,0.0,0.0,0.0,0.0,0.0,0.0,0.0,12.0,16021.89,-8.26,73.0,219.48,1.0,9.0,1.0,0.0,0.0,0.06,0
SMB_EU_001215,0.0,0.0,1.0,0.0,0.0,0.0,1.0,0.0,0.0,84.0,16376.23,-0.61,121.0,135.34,2.0,9.0,1.0,0.0,0.0,0.062,0
SMB_EU_001216,0.0,1.0,0.0,0.0,0.0,1.0,0.0,0.0,0.0,28.0,14155.94,-24.01,98.0,144.45,3.0,7.0,0.0,0.0,0.0,0.067,0
SMB_EU_001217,0.0,0.0,0.0,0.0,0.0,1.0,0.0,0.0,0.0,54.0,5206.1,21.89,35.0,148.75,2.0,11.0,2.0,0.0,0.0,0.01,0
SMB_EU_001218,0.0,0.0,1.0,0.0,0.0,0.0,0.0,1.0,0.0,1.0,5489.67,16.71,19.0,288.93,2.0,6.0,2.0,0.0,1.0,0.125,0
SMB_EU_001219,0.0,0.0,1.0,0.0,0.0,0.0,0.0,0.0,1.0,17.0,16245.92,9.78,62.0,262.03,2.0,10.0,2.0,0.0,0.0,0.075,0
SMB_EU_001220,0.0,1.0,0.0,0.0,0.0,0.0,0.0,0.0,1.0,76.0,4053.29,6.1,20.0,202.66,3.0,13.0,1.0,0.0,1.0,0.137,0
SMB_EU_001221,0.0,0.0,0.0,0.0,1.0,0.0,0.0,0.0,1.0,18.0,11473.88,23.29,56.0,204.89,2.0,10.0,0.0,0.0,1.0,0.181,0
SMB_EU_001222,0.0,0.0,0.0,0.0,0.0,0.0,1.0,0.0,0.0,11.0,4868.11,-37.02,53.0,91.85,4.0,10.0,0.0,0.0,2.0,0.034,1
SMB_EU_001223,0.0,0.0,0.0,1.0,0.0,0.0,1.0,0.0,0.0,35.0,7216.33,-13.7,32.0,225.51,3.0,20.0,1.0,0.0,1.0,0.105,0
SMB_EU_001224,0.0,0.0,0.0,0.0,1.0,0.0,0.0,0.0,0.0,7.0,11388.87,-39.46,75.0,151.85,1.0,12.0,0.0,0.0,0.0,0.025,0
SMB_EU_001225,0.0,1.0,0.0,0.0,0.0,0.0,0.0,1.0,0.0,5.0,6492.53,14.91,30.0,216.42,2.0,12.0,1.0,0.0,2.0,0.181,0
SMB_EU_001226,0.0,0.0,1.0,0.0,0.0,0.0,0.0,0.0,1.0,68.0,12520.99,-17.9,47.0,266.4,1.0,13.0,0.0,0.0,1.0,0.099,0
SMB_EU_001227,0.0,1.0,0.0,0.0,0.0,0.0,0.0,1.0,0.0,14.0,8534.23,-7.97,95.0,89.83,2.0,12.0,0.0,1.0,3.0,0.015,0
SMB_EU_001228,0.0,1.0,0.0,0.0,0.0,0.0,1.0,0.0,0.0,40.0,9858.76,25.34,46.0,214.32,2.0,11.0,3.0,0.0,3.0,0.041,0
SMB_EU_001229,0.0,0.0,0.0,0.0,1.0,0.0,0.0,0.0,1.0,86.0,9976.35,6.18,49.0,203.6,3.0,20.0,0.0,0.0,2.0,0.04,0
SMB_EU_001230,0.0,1.0,0.0,0.0,0.0,0.0,0.0,0.0,0.0,27.0,45625.4,11.81,364.0,125.34,1.0,8.0,0.0,1.0,2.0,0.195,0
SMB_EU_001231,0.0,0.0,0.0,0.0,1.0,0.0,1.0,0.0,0.0,39.0,3205.37,-17.39,14.0,228.95,2.0,9.0,2.0,1.0,0.0,0.093,1
SMB_EU_001232,0.0,1.0,0.0,0.0,0.0,0.0,0.0,0.0,0.0,5.0,41488.49,-47.43,205.0,202.38,1.0,6.0,0.0,1.0,1.0,0.011,0
SMB_EU_001233,0.0,0.0,0.0,0.0,0.0,0.0,1.0,0.0,0.0,13.0,6723.09,-21.29,27.0,249.0,4.0,12.0,1.0,0.0,2.0,0.27,0
SMB_EU_001234,0.0,0.0,0.0,0.0,0.0,0.0,0.0,0.0,0.0,76.0,21127.7,-29.7,202.0,104.59,2.0,13.0,1.0,0.0,1.0,0.007,0
SMB_EU_001235,0.0,0.0,1.0,0.0,0.0,0.0,0.0,0.0,0.0,20.0,12337.64,10.9,69.0,178.81,3.0,12.0,1.0,1.0,0.0,0.09,0
SMB_EU_001236,0.0,1.0,0.0,0.0,0.0,0.0,0.0,0.0,0.0,8.0,9840.68,-18.67,33.0,298.2,2.0,8.0,0.0,1.0,0.0,0.095,0
SMB_EU_001237,0.0,0.0,0.0,0.0,1.0,1.0,0.0,0.0,0.0,38.0,8024.55,-3.81,35.0,229.27,1.0,11.0,0.0,0.0,1.0,0.072,0
SMB_EU_001238,0.0,0.0,0.0,1.0,0.0,0.0,0.0,1.0,0.0,62.0,9343.82,-8.2,41.0,227.9,4.0,13.0,0.0,1.0,1.0,0.024,0
SMB_EU_001239,0.0,0.0,0.0,0.0,1.0,1.0,0.0,0.0,0.0,18.0,7969.04,25.66,53.0,150.36,2.0,14.0,0.0,0.0,1.0,0.088,0
SMB_EU_001240,0.0,0.0,0.0,0.0,0.0,0.0,0.0,0.0,0.0,38.0,10834.99,-2.92,108.0,100.32,2.0,13.0,0.0,0.0,1.0,0.022,0
SMB_EU_001241,0.0,0.0,0.0,0.0,1.0,0.0,0.0,1.0,0.0,48.0,43651.95,-0.99,151.0,289.09,2.0,7.0,1.0,0.0,0.0,0.071,0
SMB_EU_001242,1.0,0.0,0.0,0.0,0.0,0.0,0.0,0.0,1.0,23.0,18474.08,25.41,179.0,103.21,4.0,7.0,1.0,1.0,2.0,0.102,0
SMB_EU_001243,1.0,0.0,0.0,0.0,0.0,0.0,1.0,0.0,0.0,20.0,14005.46,-26.04,47.0,297.99,1.0,11.0,1.0,0.0,0.0,0.001,0
SMB_EU_001244,0.0,0.0,0.0,0.0,1.0,0.0,0.0,0.0,0.0,84.0,12137.16,-9.81,113.0,107.41,2.0,8.0,0.0,0.0,1.0,0.006,0
SMB_EU_001245,1.0,0.0,0.0,0.0,0.0,0.0,0.0,0.0,0.0,9.0,10308.31,12.23,88.0,117.14,3.0,9.0,2.0,1.0,0.0,0.145,0
SMB_EU_001246,0.0,0.0,1.0,0.0,0.0,0.0,1.0,0.0,0.0,29.0,6763.48,-10.68,46.0,147.03,1.0,14.0,0.0,0.0,0.0,0.016,0
SMB_EU_001247,0.0,0.0,0.0,0.0,0.0,1.0,0.0,0.0,0.0,24.0,11479.97,-2.17,60.0,191.33,2.0,8.0,0.0,2.0,1.0,0.085,0
SMB_EU_001248,0.0,0.0,0.0,0.0,0.0,0.0,0.0,1.0,0.0,24.0,2759.57,-19.79,11.0,250.87,2.0,14.0,1.0,0.0,0.0,0.069,0
SMB_EU_001249,0.0,0.0,0.0,0.0,1.0,0.0,1.0,0.0,0.0,47.0,4214.45,2.78,14.0,301.03,1.0,15.0,1.0,1.0,1.0,0.192,0
SMB_EU_001250,0.0,0.0,1.0,0.0,0.0,0.0,0.0,1.0,0.0,40.0,6911.36,1.02,43.0,160.73,2.0,11.0,1.0,0.0,0.0,0.055,0
SMB_EU_001251,1.0,0.0,0.0,0.0,0.0,0.0,0.0,1.0,0.0,32.0,6055.43,-38.12,72.0,84.1,3.0,16.0,0.0,0.0,0.0,0.142,0
SMB_EU_001252,0.0,0.0,0.0,1.0,0.0,0.0,0.0,0.0,1.0,6.0,5669.13,-26.22,26.0,218.04,2.0,11.0,0.0,0.0,0.0,0.156,0
SMB_EU_001253,0.0,0.0,0.0,0.0,0.0,0.0,0.0,0.0,0.0,12.0,7793.8,8.27,33.0,236.18,1.0,8.0,0.0,0.0,0.0,0.128,0
SMB_EU_001254,0.0,0.0,0.0,0.0,0.0,0.0,0.0,0.0,1.0,21.0,21326.76,5.91,127.0,167.93,1.0,19.0,1.0,0.0,0.0,0.17,0
SMB_EU_001255,0.0,0.0,1.0,0.0,0.0,0.0,0.0,0.0,0.0,28.0,18583.11,-1.1,154.0,120.67,4.0,6.0,1.0,0.0,1.0,0.015,0
SMB_EU_001256,0.0,0.0,0.0,1.0,0.0,1.0,0.0,0.0,0.0,75.0,2647.56,9.14,18.0,147.09,1.0,11.0,0.0,0.0,1.0,0.127,0
SMB_EU_001257,0.0,0.0,0.0,0.0,0.0,0.0,1.0,0.0,0.0,27.0,3681.3,-16.68,16.0,230.08,1.0,6.0,1.0,0.0,3.0,0.033,0
SMB_EU_001258,0.0,0.0,0.0,1.0,0.0,0.0,1.0,0.0,0.0,45.0,6440.04,-35.23,34.0,189.41,4.0,9.0,0.0,0.0,3.0,0.032,0
SMB_EU_001259,0.0,0.0,0.0,0.0,0.0,0.0,0.0,1.0,0.0,25.0,7761.25,17.43,32.0,242.54,4.0,9.0,1.0,0.0,0.0,0.104,0
SMB_EU_001260,0.0,0.0,1.0,0.0,0.0,0.0,0.0,0.0,0.0,43.0,21435.65,-12.89,167.0,128.36,3.0,11.0,0.0,0.0,0.0,0.151,0
SMB_EU_001261,0.0,1.0,0.0,0.0,0.0,0.0,0.0,0.0,0.0,26.0,29578.78,-1.9,112.0,264.1,1.0,10.0,1.0,0.0,1.0,0.117,0
SMB_EU_001262,1.0,0.0,0.0,0.0,0.0,0.0,1.0,0.0,0.0,10.0,3271.44,-11.46,29.0,112.81,1.0,5.0,1.0,0.0,2.0,0.075,0
SMB_EU_001263,0.0,1.0,0.0,0.0,0.0,1.0,0.0,0.0,0.0,39.0,6862.47,-10.97,45.0,152.5,1.0,13.0,1.0,0.0,3.0,0.075,0
SMB_EU_001264,0.0,0.0,0.0,1.0,0.0,0.0,1.0,0.0,0.0,36.0,18821.27,-36.67,90.0,209.13,2.0,10.0,3.0,0.0,1.0,0.119,0
SMB_EU_001265,0.0,0.0,0.0,0.0,0.0,0.0,0.0,1.0,0.0,7.0,11124.16,-12.66,46.0,241.83,2.0,19.0,1.0,0.0,3.0,0.144,0
SMB_EU_001266,0.0,0.0,0.0,0.0,0.0,0.0,1.0,0.0,0.0,25.0,9922.33,-38.94,72.0,137.81,1.0,6.0,2.0,0.0,2.0,0.204,1
SMB_EU_001267,0.0,1.0,0.0,0.0,0.0,0.0,1.0,0.0,0.0,25.0,32728.71,-23.74,113.0,289.63,1.0,13.0,1.0,0.0,2.0,0.034,0
SMB_EU_001268,0.0,0.0,0.0,1.0,0.0,0.0,0.0,0.0,0.0,16.0,21620.05,-11.5,92.0,235.0,3.0,3.0,3.0,1.0,2.0,0.008,0
SMB_EU_001269,0.0,0.0,1.0,0.0,0.0,0.0,0.0,0.0,0.0,10.0,28041.85,-27.63,219.0,128.04,3.0,4.0,1.0,0.0,1.0,0.09,0
SMB_EU_001270,0.0,1.0,0.0,0.0,0.0,0.0,0.0,0.0,0.0,31.0,15405.41,-18.06,64.0,240.71,2.0,12.0,3.0,0.0,0.0,0.11,0
SMB_EU_001271,0.0,0.0,1.0,0.0,0.0,0.0,0.0,0.0,0.0,70.0,9388.31,-9.9,40.0,234.71,1.0,12.0,1.0,2.0,0.0,0.058,0
SMB_EU_001272,0.0,0.0,0.0,0.0,1.0,0.0,0.0,0.0,1.0,41.0,5323.33,-33.17,22.0,241.97,4.0,11.0,0.0,1.0,0.0,0.147,0
SMB_EU_001273,1.0,0.0,0.0,0.0,0.0,1.0,0.0,0.0,0.0,6.0,6690.77,9.09,24.0,278.78,2.0,11.0,2.0,0.0,3.0,0.095,0
SMB_EU_001274,0.0,0.0,0.0,0.0,0.0,0.0,1.0,0.0,0.0,67.0,7046.57,-10.32,30.0,234.89,2.0,12.0,0.0,2.0,0.0,0.066,0
SMB_EU_001275,0.0,0.0,0.0,1.0,0.0,0.0,0.0,0.0,0.0,60.0,5190.86,-41.6,33.0,157.3,4.0,12.0,2.0,1.0,1.0,0.218,0
SMB_EU_001276,0.0,0.0,0.0,0.0,0.0,0.0,0.0,1.0,0.0,17.0,2701.92,-76.13,11.0,245.63,1.0,9.0,1.0,2.0,0.0,0.077,1
SMB_EU_001277,0.0,1.0,0.0,0.0,0.0,0.0,0.0,0.0,0.0,7.0,12391.47,-6.27,53.0,233.8,2.0,7.0,2.0,0.0,2.0,0.096,1
SMB_EU_001278,0.0,0.0,0.0,0.0,1.0,0.0,1.0,0.0,0.0,17.0,12376.62,-23.7,60.0,206.28,3.0,4.0,1.0,2.0,2.0,0.033,1
SMB_EU_001279,0.0,0.0,0.0,0.0,0.0,0.0,0.0,1.0,0.0,19.0,4952.01,29.14,31.0,159.74,1.0,7.0,0.0,0.0,1.0,0.129,0
SMB_EU_001280,0.0,0.0,0.0,1.0,0.0,1.0,0.0,0.0,0.0,7.0,5746.1,-35.77,20.0,287.3,2.0,7.0,0.0,0.0,1.0,0.098,0
SMB_EU_001281,0.0,0.0,1.0,0.0,0.0,1.0,0.0,0.0,0.0,30.0,3318.83,-6.76,17.0,195.23,4.0,8.0,1.0,0.0,1.0,0.025,0
SMB_EU_001282,1.0,0.0,0.0,0.0,0.0,0.0,1.0,0.0,0.0,14.0,8111.97,1.6,37.0,219.24,1.0,9.0,0.0,0.0,0.0,0.03,0
SMB_EU_001283,0.0,0.0,1.0,0.0,0.0,0.0,1.0,0.0,0.0,9.0,17652.94,-11.63,103.0,171.39,2.0,9.0,1.0,0.0,0.0,0.134,1
SMB_EU_001284,0.0,0.0,0.0,0.0,0.0,1.0,0.0,0.0,0.0,21.0,6587.04,-55.08,26.0,253.35,3.0,8.0,0.0,0.0,2.0,0.091,1
SMB_EU_001285,0.0,1.0,0.0,0.0,0.0,0.0,1.0,0.0,0.0,69.0,3238.32,-11.99,21.0,154.21,2.0,7.0,1.0,0.0,1.0,0.082,0
SMB_EU_001286,0.0,0.0,0.0,1.0,0.0,0.0,0.0,0.0,0.0,47.0,7079.03,22.95,27.0,262.19,2.0,11.0,1.0,0.0,3.0,0.098,0
SMB_EU_001287,0.0,0.0,0.0,0.0,0.0,0.0,0.0,0.0,0.0,35.0,21355.8,-16.78,206.0,103.67,1.0,10.0,2.0,0.0,2.0,0.079,0
SMB_EU_001288,0.0,1.0,0.0,0.0,0.0,0.0,0.0,0.0,0.0,17.0,13111.12,-35.27,56.0,234.13,1.0,11.0,0.0,0.0,2.0,0.093,0
SMB_EU_001289,0.0,0.0,0.0,0.0,0.0,0.0,0.0,0.0,1.0,7.0,8606.14,-19.48,47.0,183.11,4.0,6.0,1.0,0.0,0.0,0.114,0
SMB_EU_001290,0.0,0.0,0.0,0.0,0.0,0.0,0.0,1.0,0.0,10.0,3461.83,5.8,15.0,230.79,3.0,5.0,1.0,0.0,1.0,0.056,0
SMB_EU_001291,0.0,1.0,0.0,0.0,0.0,0.0,0.0,1.0,0.0,45.0,6763.13,-1.77,34.0,198.92,1.0,10.0,1.0,0.0,4.0,0.112,0
SMB_EU_001292,0.0,0.0,0.0,0.0,0.0,0.0,1.0,0.0,0.0,13.0,6678.48,11.28,61.0,109.48,2.0,6.0,0.0,0.0,0.0,0.072,0
SMB_EU_001293,0.0,0.0,1.0,0.0,0.0,0.0,1.0,0.0,0.0,29.0,7152.58,7.53,39.0,183.4,2.0,5.0,1.0,1.0,2.0,0.1,0
SMB_EU_001294,0.0,0.0,1.0,0.0,0.0,0.0,0.0,0.0,0.0,35.0,9000.82,-9.54,31.0,290.35,1.0,9.0,1.0,0.0,2.0,0.069,0
SMB_EU_001295,1.0,0.0,0.0,0.0,0.0,0.0,1.0,0.0,0.0,6.0,13907.89,-7.34,57.0,244.0,3.0,7.0,1.0,1.0,0.0,0.125,0
SMB_EU_001296,0.0,0.0,0.0,0.0,0.0,0.0,0.0,0.0,1.0,26.0,7881.71,-5.78,54.0,145.96,1.0,9.0,1.0,0.0,0.0,0.121,0
SMB_EU_001297,0.0,0.0,0.0,0.0,0.0,0.0,1.0,0.0,0.0,33.0,11520.98,28.27,40.0,288.02,4.0,7.0,2.0,0.0,1.0,0.129,0
SMB_EU_001298,0.0,0.0,0.0,0.0,0.0,0.0,0.0,0.0,0.0,81.0,7329.41,10.36,29.0,252.74,1.0,12.0,1.0,0.0,3.0,0.148,0
SMB_EU_001299,0.0,0.0,1.0,0.0,0.0,0.0,0.0,0.0,0.0,28.0,42452.26,2.83,265.0,160.2,4.0,6.0,2.0,0.0,2.0,0.092,0
SMB_EU_001300,1.0,0.0,0.0,0.0,0.0,1.0,0.0,0.0,0.0,44.0,12912.35,12.61,61.0,211.68,2.0,6.0,0.0,0.0,2.0,0.024,0
SMB_EU_001301,0.0,0.0,0.0,0.0,0.0,0.0,1.0,0.0,0.0,17.0,2543.56,-0.95,15.0,169.57,3.0,9.0,0.0,1.0,0.0,0.066,0
SMB_EU_001302,0.0,0.0,0.0,0.0,1.0,0.0,0.0,0.0,0.0,51.0,9270.97,-15.29,92.0,100.77,3.0,7.0,3.0,2.0,3.0,0.081,0
SMB_EU_001303,0.0,0.0,0.0,0.0,0.0,0.0,0.0,0.0,0.0,8.0,19977.98,3.02,78.0,256.13,1.0,12.0,3.0,1.0,2.0,0.056,0
SMB_EU_001304,0.0,0.0,1.0,0.0,0.0,0.0,0.0,1.0,0.0,36.0,2265.06,-0.91,19.0,119.21,2.0,13.0,0.0,0.0,1.0,0.079,0
SMB_EU_001305,1.0,0.0,0.0,0.0,0.0,0.0,1.0,0.0,0.0,29.0,7392.64,-1.4,41.0,180.31,2.0,9.0,1.0,3.0,1.0,0.028,0
SMB_EU_001306,0.0,0.0,0.0,0.0,1.0,0.0,0.0,0.0,1.0,57.0,11625.53,-3.14,50.0,232.51,2.0,8.0,1.0,0.0,5.0,0.129,0
SMB_EU_001307,1.0,0.0,0.0,0.0,0.0,0.0,0.0,1.0,0.0,35.0,4475.43,-30.79,16.0,279.71,2.0,9.0,0.0,0.0,1.0,0.037,0
SMB_EU_001308,1.0,0.0,0.0,0.0,0.0,0.0,0.0,0.0,0.0,22.0,20725.26,18.91,221.0,93.78,1.0,6.0,0.0,0.0,0.0,0.114,0
SMB_EU_001309,0.0,1.0,0.0,0.0,0.0,0.0,0.0,1.0,0.0,51.0,3298.41,-29.97,20.0,164.92,1.0,10.0,1.0,1.0,2.0,0.161,0
SMB_EU_001310,1.0,0.0,0.0,0.0,0.0,0.0,1.0,0.0,0.0,35.0,2081.17,-21.21,10.0,208.12,2.0,10.0,1.0,0.0,0.0,0.036,0
SMB_EU_001311,0.0,0.0,0.0,0.0,0.0,0.0,0.0,0.0,1.0,11.0,16224.03,7.23,65.0,249.6,1.0,13.0,0.0,0.0,0.0,0.051,0
SMB_EU_001312,0.0,0.0,0.0,0.0,1.0,0.0,0.0,0.0,0.0,23.0,26938.03,-12.84,95.0,283.56,4.0,11.0,1.0,1.0,2.0,0.028,0
SMB_EU_001313,0.0,0.0,1.0,0.0,0.0,0.0,0.0,0.0,0.0,10.0,67372.18,8.43,841.0,80.11,2.0,12.0,2.0,0.0,1.0,0.006,0
SMB_EU_001314,1.0,0.0,0.0,0.0,0.0,0.0,0.0,0.0,0.0,33.0,3989.79,13.22,18.0,221.65,2.0,6.0,1.0,1.0,0.0,0.053,0
SMB_EU_001315,0.0,0.0,0.0,1.0,0.0,0.0,1.0,0.0,0.0,36.0,12552.76,15.29,154.0,81.51,1.0,12.0,1.0,1.0,1.0,0.085,0
SMB_EU_001316,0.0,0.0,1.0,0.0,0.0,0.0,0.0,0.0,1.0,73.0,2762.17,-2.41,11.0,251.11,2.0,10.0,0.0,3.0,0.0,0.059,0
SMB_EU_001317,0.0,0.0,0.0,1.0,0.0,0.0,1.0,0.0,0.0,23.0,22950.45,-6.21,203.0,113.06,1.0,12.0,0.0,0.0,0.0,0.144,0
SMB_EU_001318,1.0,0.0,0.0,0.0,0.0,1.0,0.0,0.0,0.0,20.0,8040.41,-53.07,29.0,277.26,3.0,6.0,1.0,1.0,1.0,0.067,0
SMB_EU_001319,0.0,0.0,0.0,0.0,0.0,0.0,0.0,0.0,0.0,6.0,8473.07,-10.84,74.0,114.5,1.0,11.0,0.0,0.0,2.0,0.187,0
SMB_EU_001320,0.0,0.0,0.0,0.0,0.0,0.0,0.0,0.0,1.0,23.0,14373.1,-0.26,58.0,247.81,3.0,13.0,0.0,0.0,1.0,0.191,0
SMB_EU_001321,0.0,1.0,0.0,0.0,0.0,0.0,1.0,0.0,0.0,21.0,5740.89,-3.14,40.0,143.52,2.0,12.0,3.0,1.0,0.0,0.146,1
SMB_EU_001322,0.0,0.0,0.0,0.0,0.0,0.0,0.0,0.0,0.0,28.0,17962.74,-12.38,89.0,201.83,3.0,15.0,0.0,1.0,1.0,0.099,0
SMB_EU_001323,0.0,0.0,0.0,0.0,1.0,0.0,0.0,0.0,0.0,20.0,16973.05,-17.16,79.0,214.85,1.0,7.0,0.0,0.0,0.0,0.048,0
SMB_EU_001324,0.0,0.0,0.0,0.0,0.0,0.0,0.0,1.0,0.0,20.0,14238.35,-27.65,113.0,126.0,1.0,9.0,1.0,1.0,1.0,0.125,1
SMB_EU_001325,0.0,0.0,0.0,0.0,1.0,0.0,1.0,0.0,0.0,28.0,23769.35,-32.86,163.0,145.82,1.0,10.0,0.0,0.0,1.0,0.096,0
SMB_EU_001326,0.0,1.0,0.0,0.0,0.0,0.0,1.0,0.0,0.0,24.0,5590.58,-50.58,54.0,103.53,2.0,18.0,1.0,1.0,1.0,0.263,0
SMB_EU_001327,0.0,0.0,0.0,0.0,0.0,0.0,1.0,0.0,0.0,20.0,15094.11,-45.51,186.0,81.15,1.0,10.0,0.0,0.0,0.0,0.131,0
SMB_EU_001328,1.0,0.0,0.0,0.0,0.0,0.0,0.0,1.0,0.0,20.0,6186.33,26.58,47.0,131.62,1.0,14.0,2.0,0.0,3.0,0.038,0
SMB_EU_001329,0.0,0.0,1.0,0.0,0.0,0.0,1.0,0.0,0.0,87.0,3427.5,14.44,18.0,190.42,1.0,16.0,1.0,0.0,1.0,0.097,0
SMB_EU_001330,0.0,0.0,0.0,1.0,0.0,1.0,0.0,0.0,0.0,19.0,3951.21,-10.8,17.0,232.42,3.0,8.0,2.0,1.0,1.0,0.078,0
SMB_EU_001331,0.0,0.0,1.0,0.0,0.0,0.0,1.0,0.0,0.0,22.0,32496.4,-59.25,128.0,253.88,2.0,13.0,1.0,1.0,0.0,0.099,0
SMB_EU_001332,1.0,0.0,0.0,0.0,0.0,0.0,0.0,1.0,0.0,5.0,6197.53,23.11,65.0,95.35,4.0,14.0,0.0,0.0,0.0,0.039,0
SMB_EU_001333,0.0,1.0,0.0,0.0,0.0,0.0,0.0,0.0,1.0,51.0,16396.9,-71.28,117.0,140.14,2.0,9.0,1.0,0.0,1.0,0.066,1
SMB_EU_001334,0.0,0.0,0.0,0.0,1.0,0.0,0.0,0.0,0.0,2.0,13208.01,11.74,53.0,249.21,1.0,8.0,1.0,0.0,1.0,0.058,0
SMB_EU_001335,0.0,0.0,0.0,0.0,1.0,0.0,0.0,0.0,0.0,12.0,10849.13,-21.72,58.0,187.05,3.0,8.0,1.0,1.0,0.0,0.039,0
SMB_EU_001336,0.0,0.0,1.0,0.0,0.0,0.0,1.0,0.0,0.0,38.0,8131.95,25.26,68.0,119.59,2.0,12.0,1.0,0.0,2.0,0.104,0
SMB_EU_001337,0.0,0.0,0.0,0.0,0.0,0.0,1.0,0.0,0.0,5.0,6819.45,-54.28,41.0,166.33,2.0,9.0,0.0,0.0,0.0,0.143,0
SMB_EU_001338,0.0,0.0,1.0,0.0,0.0,0.0,0.0,0.0,0.0,15.0,6123.28,33.44,44.0,139.17,4.0,11.0,0.0,0.0,1.0,0.081,0
SMB_EU_001339,0.0,0.0,0.0,0.0,0.0,1.0,0.0,0.0,0.0,25.0,3286.31,-22.91,36.0,91.29,2.0,7.0,1.0,0.0,1.0,0.064,0
SMB_EU_001340,0.0,0.0,0.0,0.0,0.0,0.0,0.0,0.0,0.0,24.0,22937.68,-1.6,92.0,249.32,2.0,5.0,1.0,0.0,0.0,0.098,0
SMB_EU_001341,0.0,1.0,0.0,0.0,0.0,0.0,0.0,0.0,1.0,15.0,7162.15,-10.79,50.0,143.24,3.0,12.0,0.0,0.0,1.0,0.108,0
SMB_EU_001342,0.0,0.0,0.0,1.0,0.0,0.0,0.0,0.0,0.0,44.0,15233.14,2.92,53.0,287.42,3.0,12.0,0.0,0.0,1.0,0.061,0
SMB_EU_001343,0.0,0.0,0.0,0.0,1.0,1.0,0.0,0.0,0.0,46.0,6908.23,-2.7,25.0,276.33,2.0,12.0,1.0,0.0,0.0,0.079,0
SMB_EU_001344,1.0,0.0,0.0,0.0,0.0,0.0,0.0,0.0,0.0,39.0,18099.43,-6.02,76.0,238.15,1.0,9.0,1.0,1.0,1.0,0.07,0
SMB_EU_001345,1.0,0.0,0.0,0.0,0.0,0.0,0.0,0.0,0.0,18.0,29844.41,-24.87,197.0,151.49,4.0,10.0,0.0,0.0,1.0,0.121,0
SMB_EU_001346,0.0,0.0,0.0,1.0,0.0,0.0,0.0,0.0,0.0,29.0,7758.84,-7.72,55.0,141.07,2.0,5.0,0.0,0.0,1.0,0.196,0
SMB_EU_001347,0.0,1.0,0.0,0.0,0.0,0.0,0.0,0.0,0.0,16.0,21119.61,-16.66,114.0,185.26,1.0,11.0,1.0,0.0,1.0,0.146,0
SMB_EU_001348,0.0,1.0,0.0,0.0,0.0,0.0,0.0,0.0,0.0,106.0,23595.76,8.27,149.0,158.36,4.0,9.0,1.0,0.0,2.0,0.003,0
SMB_EU_001349,0.0,0.0,0.0,0.0,1.0,0.0,0.0,1.0,0.0,32.0,9033.58,-23.92,32.0,282.3,4.0,8.0,1.0,0.0,1.0,0.05,0
SMB_EU_001350,0.0,0.0,0.0,0.0,0.0,0.0,0.0,0.0,1.0,18.0,3855.4,11.11,36.0,107.09,1.0,13.0,2.0,1.0,0.0,0.212,0
SMB_EU_001351,0.0,0.0,0.0,0.0,1.0,0.0,0.0,0.0,0.0,94.0,17477.98,5.14,73.0,239.42,1.0,12.0,2.0,1.0,1.0,0.329,0
SMB_EU_001352,0.0,0.0,1.0,0.0,0.0,0.0,1.0,0.0,0.0,20.0,22400.59,-12.79,104.0,215.39,3.0,10.0,0.0,0.0,1.0,0.058,0
SMB_EU_001353,0.0,0.0,0.0,1.0,0.0,0.0,0.0,0.0,0.0,31.0,14133.92,3.08,55.0,256.98,1.0,6.0,1.0,1.0,0.0,0.174,0
SMB_EU_001354,1.0,0.0,0.0,0.0,0.0,0.0,0.0,0.0,0.0,44.0,20048.35,11.89,101.0,198.5,1.0,9.0,0.0,0.0,0.0,0.047,0
SMB_EU_001355,0.0,0.0,0.0,1.0,0.0,0.0,1.0,0.0,0.0,17.0,12777.41,-8.79,58.0,220.3,4.0,10.0,0.0,0.0,1.0,0.076,0
SMB_EU_001356,0.0,0.0,0.0,0.0,1.0,0.0,0.0,1.0,0.0,16.0,2702.44,-39.42,9.0,300.27,2.0,3.0,0.0,1.0,0.0,0.064,0
SMB_EU_001357,0.0,0.0,0.0,0.0,1.0,0.0,0.0,0.0,1.0,50.0,27045.47,-2.18,270.0,100.17,3.0,7.0,0.0,1.0,2.0,0.091,0
SMB_EU_001358,0.0,0.0,0.0,1.0,0.0,0.0,0.0,0.0,1.0,44.0,12145.09,-20.44,118.0,102.92,3.0,10.0,1.0,0.0,0.0,0.083,0
SMB_EU_001359,0.0,1.0,0.0,0.0,0.0,0.0,1.0,0.0,0.0,44.0,10925.98,12.77,66.0,165.55,3.0,13.0,1.0,0.0,1.0,0.055,0
SMB_EU_001360,0.0,0.0,1.0,0.0,0.0,0.0,0.0,1.0,0.0,36.0,1844.52,9.14,10.0,184.45,4.0,7.0,0.0,0.0,1.0,0.107,0
SMB_EU_001361,0.0,0.0,0.0,0.0,1.0,0.0,0.0,1.0,0.0,87.0,8053.97,-25.75,65.0,123.91,2.0,4.0,0.0,0.0,0.0,0.093,0
SMB_EU_001362,0.0,0.0,0.0,0.0,0.0,0.0,0.0,0.0,0.0,27.0,20325.91,2.59,207.0,98.19,3.0,11.0,1.0,0.0,1.0,0.067,0
SMB_EU_001363,0.0,0.0,1.0,0.0,0.0,0.0,0.0,0.0,0.0,13.0,39748.22,-51.58,468.0,84.93,3.0,9.0,2.0,0.0,0.0,0.036,0
SMB_EU_001364,0.0,0.0,1.0,0.0,0.0,0.0,0.0,1.0,0.0,9.0,4148.22,-2.45,17.0,244.01,4.0,12.0,0.0,0.0,1.0,0.07,0
SMB_EU_001365,1.0,0.0,0.0,0.0,0.0,0.0,0.0,0.0,0.0,19.0,8293.36,-47.33,44.0,188.49,3.0,12.0,0.0,0.0,0.0,0.048,0
SMB_EU_001366,0.0,0.0,0.0,0.0,0.0,0.0,0.0,0.0,0.0,1.0,9961.29,-16.32,38.0,262.14,4.0,10.0,1.0,0.0,1.0,0.047,0
SMB_EU_001367,1.0,0.0,0.0,0.0,0.0,0.0,0.0,0.0,0.0,63.0,11079.13,-1.02,70.0,158.27,1.0,13.0,2.0,0.0,1.0,0.031,0
SMB_EU_001368,0.0,0.0,0.0,0.0,1.0,1.0,0.0,0.0,0.0,34.0,3066.24,16.72,13.0,235.86,1.0,14.0,2.0,0.0,0.0,0.12,0
SMB_EU_001369,0.0,0.0,0.0,0.0,0.0,0.0,1.0,0.0,0.0,13.0,17349.05,-8.86,93.0,186.55,1.0,6.0,2.0,1.0,2.0,0.104,1
SMB_EU_001370,0.0,1.0,0.0,0.0,0.0,0.0,0.0,0.0,1.0,52.0,19962.26,-6.0,93.0,214.65,1.0,6.0,1.0,0.0,0.0,0.103,0
SMB_EU_001371,0.0,0.0,0.0,0.0,1.0,1.0,0.0,0.0,0.0,9.0,5334.98,26.72,33.0,161.67,1.0,10.0,0.0,0.0,1.0,0.03,0
SMB_EU_001372,0.0,0.0,0.0,0.0,0.0,1.0,0.0,0.0,0.0,11.0,4740.31,-4.45,48.0,98.76,1.0,16.0,3.0,0.0,3.0,0.041,0
SMB_EU_001373,0.0,0.0,0.0,0.0,1.0,0.0,1.0,0.0,0.0,28.0,2691.64,-1.93,9.0,299.07,4.0,8.0,0.0,0.0,1.0,0.103,0
SMB_EU_001374,0.0,0.0,0.0,1.0,0.0,1.0,0.0,0.0,0.0,68.0,9109.67,-30.72,35.0,260.28,1.0,10.0,0.0,0.0,1.0,0.075,0
SMB_EU_001375,0.0,1.0,0.0,0.0,0.0,0.0,1.0,0.0,0.0,34.0,21574.36,-20.18,145.0,148.79,2.0,9.0,2.0,1.0,1.0,0.08,0
SMB_EU_001376,0.0,0.0,0.0,0.0,1.0,0.0,1.0,0.0,0.0,1.0,5458.23,8.58,19.0,287.28,3.0,9.0,1.0,1.0,2.0,0.159,0
SMB_EU_001377,0.0,0.0,0.0,1.0,0.0,0.0,0.0,0.0,0.0,12.0,13984.92,-9.79,96.0,145.68,1.0,10.0,1.0,1.0,1.0,0.06,0
SMB_EU_001378,0.0,0.0,0.0,1.0,0.0,0.0,0.0,0.0,0.0,13.0,19465.14,-0.45,110.0,176.96,1.0,6.0,0.0,0.0,1.0,0.008,0
SMB_EU_001379,0.0,1.0,0.0,0.0,0.0,1.0,0.0,0.0,0.0,30.0,16884.74,6.67,69.0,244.71,1.0,7.0,0.0,0.0,4.0,0.135,0
SMB_EU_001380,0.0,0.0,1.0,0.0,0.0,0.0,1.0,0.0,0.0,7.0,9018.76,29.14,61.0,147.85,1.0,6.0,0.0,0.0,1.0,0.064,0
SMB_EU_001381,0.0,0.0,0.0,0.0,0.0,0.0,0.0,0.0,0.0,8.0,16866.14,-78.28,111.0,151.95,4.0,7.0,4.0,0.0,0.0,0.047,1
SMB_EU_001382,0.0,1.0,0.0,0.0,0.0,0.0,1.0,0.0,0.0,21.0,8908.74,12.97,52.0,171.32,3.0,11.0,1.0,0.0,1.0,0.096,0
SMB_EU_001383,0.0,0.0,0.0,0.0,1.0,0.0,0.0,0.0,1.0,40.0,3827.47,13.03,21.0,182.26,4.0,9.0,0.0,0.0,0.0,0.125,0
SMB_EU_001384,0.0,1.0,0.0,0.0,0.0,1.0,0.0,0.0,0.0,42.0,2518.55,-42.98,23.0,109.5,3.0,11.0,3.0,0.0,1.0,0.006,1
SMB_EU_001385,0.0,0.0,1.0,0.0,0.0,1.0,0.0,0.0,0.0,28.0,3694.93,8.99,44.0,83.98,1.0,10.0,0.0,0.0,1.0,0.118,0
SMB_EU_001386,0.0,1.0,0.0,0.0,0.0,0.0,0.0,0.0,0.0,47.0,27544.0,24.65,98.0,281.06,3.0,9.0,1.0,1.0,1.0,0.059,0
SMB_EU_001387,1.0,0.0,0.0,0.0,0.0,0.0,1.0,0.0,0.0,111.0,6541.9,-42.21,41.0,159.56,3.0,10.0,0.0,0.0,0.0,0.027,0
SMB_EU_001388,0.0,0.0,0.0,0.0,0.0,0.0,0.0,0.0,1.0,74.0,6549.98,-33.25,64.0,102.34,4.0,12.0,1.0,1.0,2.0,0.033,0
SMB_EU_001389,0.0,0.0,0.0,0.0,1.0,0.0,0.0,0.0,0.0,17.0,10802.15,6.07,44.0,245.5,1.0,11.0,3.0,0.0,1.0,0.045,0
SMB_EU_001390,0.0,0.0,0.0,1.0,0.0,0.0,0.0,0.0,0.0,7.0,13810.87,8.01,95.0,145.38,2.0,10.0,2.0,0.0,0.0,0.066,0
SMB_EU_001391,0.0,1.0,0.0,0.0,0.0,1.0,0.0,0.0,0.0,19.0,16660.23,-20.1,139.0,119.86,1.0,10.0,0.0,0.0,0.0,0.17,0
SMB_EU_001392,0.0,0.0,0.0,0.0,0.0,0.0,1.0,0.0,0.0,12.0,7306.2,2.49,25.0,292.25,1.0,10.0,1.0,0.0,1.0,0.084,0
SMB_EU_001393,0.0,0.0,0.0,0.0,0.0,0.0,0.0,1.0,0.0,36.0,3119.46,7.7,11.0,283.59,3.0,7.0,2.0,0.0,0.0,0.13,0
SMB_EU_001394,0.0,0.0,0.0,1.0,0.0,0.0,0.0,0.0,0.0,9.0,15228.94,-13.67,147.0,103.6,1.0,13.0,0.0,0.0,1.0,0.05,0
SMB_EU_001395,0.0,1.0,0.0,0.0,0.0,0.0,0.0,0.0,0.0,24.0,42995.71,2.46,155.0,277.39,2.0,6.0,0.0,0.0,1.0,0.099,0
SMB_EU_001396,1.0,0.0,0.0,0.0,0.0,0.0,1.0,0.0,0.0,12.0,5916.51,-30.79,21.0,281.74,2.0,11.0,1.0,1.0,2.0,0.097,1
SMB_EU_001397,0.0,0.0,0.0,1.0,0.0,0.0,1.0,0.0,0.0,20.0,3938.65,-18.45,18.0,218.81,1.0,16.0,0.0,1.0,1.0,0.058,0
SMB_EU_001398,0.0,1.0,0.0,0.0,0.0,0.0,0.0,1.0,0.0,25.0,3701.89,-35.96,19.0,194.84,1.0,7.0,1.0,0.0,2.0,0.065,1
SMB_EU_001399,0.0,0.0,1.0,0.0,0.0,1.0,0.0,0.0,0.0,40.0,6481.93,4.04,51.0,127.1,4.0,8.0,0.0,1.0,0.0,0.018,0
SMB_EU_001400,1.0,0.0,0.0,0.0,0.0,0.0,1.0,0.0,0.0,25.0,12090.09,6.54,113.0,106.99,3.0,8.0,1.0,0.0,1.0,0.113,0
SMB_EU_001401,0.0,0.0,0.0,0.0,0.0,0.0,1.0,0.0,0.0,16.0,14637.28,-19.03,69.0,212.13,3.0,16.0,1.0,1.0,1.0,0.044,0
SMB_EU_001402,0.0,0.0,0.0,0.0,0.0,1.0,0.0,0.0,0.0,44.0,3203.77,-14.07,12.0,266.98,3.0,12.0,1.0,0.0,1.0,0.033,0
SMB_EU_001403,0.0,0.0,0.0,0.0,0.0,1.0,0.0,0.0,0.0,26.0,3391.43,10.87,15.0,226.1,1.0,3.0,0.0,0.0,0.0,0.156,0
SMB_EU_001404,1.0,0.0,0.0,0.0,0.0,0.0,0.0,0.0,0.0,17.0,12355.4,-37.98,103.0,119.96,1.0,13.0,1.0,0.0,2.0,0.149,1
SMB_EU_001405,0.0,0.0,1.0,0.0,0.0,0.0,0.0,0.0,0.0,40.0,22618.0,13.31,157.0,144.06,1.0,12.0,2.0,0.0,1.0,0.098,0
SMB_EU_001406,0.0,0.0,0.0,1.0,0.0,0.0,1.0,0.0,0.0,30.0,3756.31,20.52,19.0,197.7,2.0,12.0,2.0,0.0,0.0,0.138,0
SMB_EU_001407,0.0,0.0,0.0,0.0,1.0,1.0,0.0,0.0,0.0,38.0,4167.7,8.07,19.0,219.35,2.0,13.0,1.0,0.0,0.0,0.12,0
SMB_EU_001408,1.0,0.0,0.0,0.0,0.0,0.0,0.0,0.0,1.0,55.0,6306.48,-6.22,66.0,95.55,1.0,12.0,2.0,0.0,1.0,0.157,1
SMB_EU_001409,0.0,0.0,1.0,0.0,0.0,0.0,1.0,0.0,0.0,10.0,14076.28,1.72,65.0,216.56,1.0,9.0,0.0,0.0,3.0,0.177,0
SMB_EU_001410,0.0,0.0,0.0,0.0,1.0,1.0,0.0,0.0,0.0,107.0,8237.66,24.9,34.0,242.28,3.0,15.0,1.0,1.0,2.0,0.074,0
SMB_EU_001411,0.0,0.0,0.0,0.0,0.0,0.0,0.0,0.0,0.0,35.0,25797.59,41.47,215.0,119.99,2.0,13.0,0.0,0.0,2.0,0.013,0
SMB_EU_001412,0.0,0.0,0.0,0.0,0.0,0.0,0.0,0.0,0.0,9.0,33490.34,6.95,250.0,133.96,4.0,17.0,1.0,0.0,0.0,0.099,0
SMB_EU_001413,0.0,1.0,0.0,0.0,0.0,0.0,0.0,0.0,0.0,60.0,12486.65,8.03,91.0,137.22,1.0,7.0,1.0,0.0,0.0,0.048,0
SMB_EU_001414,0.0,0.0,0.0,0.0,0.0,0.0,0.0,1.0,0.0,15.0,2452.22,10.89,9.0,272.47,2.0,10.0,0.0,0.0,2.0,0.05,0
SMB_EU_001415,0.0,0.0,0.0,1.0,0.0,0.0,0.0,0.0,0.0,75.0,7385.16,0.36,44.0,167.84,3.0,9.0,0.0,0.0,0.0,0.151,0
SMB_EU_001416,0.0,0.0,0.0,0.0,1.0,0.0,0.0,0.0,0.0,11.0,4978.78,17.46,25.0,199.15,4.0,9.0,0.0,0.0,1.0,0.172,0
SMB_EU_001417,0.0,0.0,0.0,0.0,0.0,0.0,0.0,0.0,0.0,24.0,11390.62,-13.81,48.0,237.3,1.0,10.0,0.0,0.0,2.0,0.055,0
SMB_EU_001418,0.0,0.0,0.0,0.0,0.0,0.0,1.0,0.0,0.0,45.0,6352.88,5.32,39.0,162.89,1.0,15.0,1.0,1.0,2.0,0.209,0
SMB_EU_001419,0.0,0.0,0.0,1.0,0.0,0.0,1.0,0.0,0.0,41.0,12832.4,-4.77,124.0,103.49,1.0,12.0,1.0,0.0,2.0,0.034,0
SMB_EU_001420,0.0,0.0,0.0,0.0,1.0,0.0,0.0,1.0,0.0,33.0,5051.0,-22.81,23.0,219.61,3.0,18.0,1.0,1.0,1.0,0.107,0
SMB_EU_001421,0.0,1.0,0.0,0.0,0.0,0.0,1.0,0.0,0.0,51.0,5961.04,10.99,26.0,229.27,2.0,14.0,1.0,1.0,1.0,0.085,0
SMB_EU_001422,0.0,0.0,0.0,1.0,0.0,1.0,0.0,0.0,0.0,18.0,5596.61,3.19,41.0,136.5,2.0,12.0,0.0,1.0,2.0,0.014,0
SMB_EU_001423,0.0,0.0,0.0,0.0,0.0,0.0,0.0,0.0,0.0,53.0,8041.91,-11.07,92.0,87.41,1.0,15.0,2.0,1.0,1.0,0.166,1
SMB_EU_001424,0.0,0.0,0.0,0.0,0.0,0.0,0.0,0.0,0.0,15.0,27751.62,-16.95,123.0,225.62,2.0,12.0,0.0,0.0,0.0,0.079,0
SMB_EU_001425,0.0,0.0,0.0,0.0,1.0,0.0,0.0,0.0,0.0,70.0,9360.52,9.92,40.0,234.01,1.0,12.0,1.0,0.0,2.0,0.073,0
SMB_EU_001426,0.0,0.0,0.0,0.0,1.0,0.0,0.0,0.0,0.0,17.0,7569.23,-69.93,88.0,86.01,3.0,10.0,1.0,0.0,1.0,0.162,1
SMB_EU_001427,0.0,0.0,0.0,0.0,0.0,0.0,1.0,0.0,0.0,8.0,13068.06,4.49,56.0,233.36,3.0,7.0,0.0,1.0,0.0,0.121,0
SMB_EU_001428,0.0,0.0,0.0,0.0,1.0,0.0,0.0,0.0,0.0,41.0,21169.23,12.65,74.0,286.07,2.0,12.0,0.0,0.0,1.0,0.04,0
SMB_EU_001429,0.0,0.0,1.0,0.0,0.0,1.0,0.0,0.0,0.0,29.0,2133.04,8.25,18.0,118.5,2.0,8.0,1.0,0.0,0.0,0.064,0
SMB_EU_001430,0.0,0.0,0.0,0.0,1.0,1.0,0.0,0.0,0.0,33.0,10021.78,-5.86,51.0,196.51,1.0,14.0,2.0,0.0,2.0,0.136,0
SMB_EU_001431,0.0,0.0,0.0,1.0,0.0,0.0,0.0,0.0,0.0,20.0,9612.79,-18.74,41.0,234.46,2.0,11.0,0.0,0.0,3.0,0.124,0
SMB_EU_001432,0.0,0.0,0.0,1.0,0.0,0.0,0.0,0.0,0.0,37.0,11984.18,8.81,92.0,130.26,1.0,12.0,1.0,0.0,2.0,0.016,0
SMB_EU_001433,0.0,0.0,0.0,1.0,0.0,0.0,1.0,0.0,0.0,66.0,8950.0,18.01,36.0,248.61,3.0,8.0,0.0,1.0,3.0,0.056,0
SMB_EU_001434,0.0,0.0,1.0,0.0,0.0,0.0,1.0,0.0,0.0,32.0,11374.98,-8.59,42.0,270.83,2.0,6.0,0.0,1.0,3.0,0.23,0
SMB_EU_001435,0.0,0.0,0.0,0.0,0.0,0.0,1.0,0.0,0.0,7.0,10451.33,7.6,40.0,261.28,1.0,8.0,0.0,0.0,1.0,0.019,0
SMB_EU_001436,0.0,0.0,0.0,0.0,0.0,0.0,0.0,1.0,0.0,26.0,4852.76,23.72,35.0,138.65,2.0,13.0,0.0,0.0,2.0,0.132,0
SMB_EU_001437,0.0,1.0,0.0,0.0,0.0,0.0,1.0,0.0,0.0,35.0,6200.66,5.08,24.0,258.36,1.0,16.0,3.0,0.0,0.0,0.125,0
SMB_EU_001438,1.0,0.0,0.0,0.0,0.0,0.0,1.0,0.0,0.0,73.0,10244.84,-5.95,60.0,170.75,1.0,13.0,1.0,0.0,1.0,0.045,0
SMB_EU_001439,0.0,0.0,0.0,0.0,0.0,0.0,0.0,0.0,0.0,43.0,13971.47,15.61,101.0,138.33,4.0,13.0,1.0,1.0,3.0,0.059,0
SMB_EU_001440,0.0,0.0,1.0,0.0,0.0,0.0,1.0,0.0,0.0,14.0,23633.24,-35.07,202.0,117.0,2.0,13.0,0.0,1.0,1.0,0.026,1
SMB_EU_001441,0.0,0.0,0.0,0.0,1.0,1.0,0.0,0.0,0.0,25.0,8530.13,-19.47,30.0,284.34,2.0,9.0,0.0,0.0,3.0,0.178,0
SMB_EU_001442,0.0,0.0,0.0,0.0,0.0,0.0,1.0,0.0,0.0,44.0,4596.95,12.18,26.0,176.81,2.0,8.0,0.0,1.0,2.0,0.048,0
SMB_EU_001443,0.0,0.0,1.0,0.0,0.0,0.0,1.0,0.0,0.0,37.0,6006.74,-6.09,22.0,273.03,2.0,8.0,0.0,1.0,0.0,0.151,0
SMB_EU_001444,0.0,0.0,0.0,1.0,0.0,1.0,0.0,0.0,0.0,39.0,6176.02,-4.75,54.0,114.37,2.0,6.0,1.0,1.0,3.0,0.107,1
SMB_EU_001445,0.0,0.0,0.0,0.0,1.0,0.0,0.0,0.0,0.0,8.0,32710.92,-9.4,132.0,247.81,1.0,7.0,1.0,0.0,1.0,0.027,0
SMB_EU_001446,0.0,0.0,0.0,0.0,0.0,0.0,0.0,1.0,0.0,41.0,11659.26,-7.09,112.0,104.1,2.0,7.0,1.0,0.0,1.0,0.062,0
SMB_EU_001447,0.0,0.0,1.0,0.0,0.0,1.0,0.0,0.0,0.0,31.0,4730.73,-0.63,56.0,84.48,3.0,8.0,1.0,0.0,3.0,0.021,0
SMB_EU_001448,1.0,0.0,0.0,0.0,0.0,0.0,0.0,0.0,0.0,42.0,8566.59,-29.53,29.0,295.4,4.0,16.0,0.0,0.0,0.0,0.13,0
SMB_EU_001449,0.0,0.0,0.0,0.0,1.0,1.0,0.0,0.0,0.0,29.0,3173.58,-23.48,33.0,96.17,1.0,12.0,1.0,0.0,2.0,0.066,0
SMB_EU_001450,0.0,0.0,1.0,0.0,0.0,0.0,1.0,0.0,0.0,23.0,9308.23,16.35,51.0,182.51,1.0,10.0,1.0,2.0,1.0,0.075,0
SMB_EU_001451,0.0,0.0,0.0,1.0,0.0,0.0,0.0,0.0,0.0,54.0,59759.06,6.99,219.0,272.87,4.0,7.0,1.0,0.0,0.0,0.037,0
SMB_EU_001452,0.0,0.0,1.0,0.0,0.0,0.0,0.0,0.0,0.0,36.0,20728.44,-21.48,80.0,259.11,2.0,10.0,1.0,0.0,1.0,0.123,0
SMB_EU_001453,0.0,0.0,0.0,0.0,1.0,0.0,0.0,0.0,0.0,10.0,5764.41,-2.81,31.0,185.95,4.0,10.0,1.0,0.0,0.0,0.053,0
SMB_EU_001454,0.0,0.0,1.0,0.0,0.0,1.0,0.0,0.0,0.0,28.0,3881.25,32.35,18.0,215.62,2.0,8.0,0.0,1.0,0.0,0.19,0
SMB_EU_001455,0.0,0.0,0.0,0.0,0.0,0.0,0.0,1.0,0.0,20.0,3438.69,-6.53,16.0,214.92,2.0,10.0,4.0,0.0,2.0,0.013,0
SMB_EU_001456,0.0,0.0,0.0,0.0,1.0,0.0,0.0,0.0,1.0,18.0,5496.01,22.71,53.0,103.7,1.0,14.0,1.0,1.0,1.0,0.111,0
SMB_EU_001457,0.0,0.0,1.0,0.0,0.0,1.0,0.0,0.0,0.0,37.0,4754.17,0.83,33.0,144.07,1.0,13.0,0.0,0.0,0.0,0.264,0
SMB_EU_001458,0.0,0.0,1.0,0.0,0.0,0.0,0.0,0.0,0.0,30.0,18721.77,-40.17,128.0,146.26,2.0,9.0,0.0,0.0,0.0,0.086,0
SMB_EU_001459,0.0,0.0,0.0,0.0,0.0,0.0,1.0,0.0,0.0,36.0,12044.77,9.61,74.0,162.77,1.0,5.0,0.0,1.0,2.0,0.172,0
SMB_EU_001460,0.0,0.0,1.0,0.0,0.0,0.0,0.0,0.0,0.0,49.0,28878.82,18.99,206.0,140.19,2.0,3.0,0.0,0.0,0.0,0.124,0
SMB_EU_001461,0.0,1.0,0.0,0.0,0.0,0.0,0.0,0.0,0.0,25.0,20544.06,-47.38,152.0,135.16,3.0,11.0,1.0,0.0,0.0,0.074,1
SMB_EU_001462,0.0,0.0,1.0,0.0,0.0,0.0,0.0,0.0,0.0,47.0,4643.93,18.5,29.0,160.14,1.0,8.0,1.0,1.0,1.0,0.191,0
SMB_EU_001463,0.0,0.0,0.0,0.0,0.0,0.0,0.0,0.0,1.0,16.0,4772.36,-25.02,29.0,164.56,1.0,9.0,0.0,0.0,1.0,0.047,0
SMB_EU_001464,0.0,0.0,1.0,0.0,0.0,0.0,0.0,0.0,0.0,56.0,13642.55,-20.78,73.0,186.88,4.0,10.0,2.0,0.0,1.0,0.088,0
SMB_EU_001465,0.0,0.0,0.0,0.0,1.0,0.0,0.0,0.0,0.0,17.0,16385.85,3.07,139.0,117.88,1.0,12.0,1.0,0.0,1.0,0.106,0
SMB_EU_001466,0.0,0.0,0.0,0.0,0.0,0.0,0.0,0.0,0.0,11.0,25151.09,7.16,99.0,254.05,2.0,9.0,0.0,1.0,2.0,0.093,0
SMB_EU_001467,0.0,0.0,0.0,0.0,1.0,0.0,0.0,1.0,0.0,34.0,5131.25,20.35,19.0,270.07,3.0,8.0,2.0,0.0,2.0,0.159,0
SMB_EU_001468,0.0,1.0,0.0,0.0,0.0,1.0,0.0,0.0,0.0,25.0,6185.35,9.58,46.0,134.46,1.0,6.0,0.0,1.0,2.0,0.099,0
SMB_EU_001469,0.0,0.0,0.0,0.0,1.0,1.0,0.0,0.0,0.0,28.0,6920.15,-17.9,65.0,106.46,3.0,10.0,0.0,2.0,0.0,0.258,0
SMB_EU_001470,1.0,0.0,0.0,0.0,0.0,0.0,0.0,0.0,0.0,10.0,12871.78,3.2,54.0,238.37,2.0,13.0,2.0,0.0,2.0,0.149,0
SMB_EU_001471,0.0,0.0,1.0,0.0,0.0,0.0,0.0,1.0,0.0,10.0,5267.57,9.01,19.0,277.24,1.0,12.0,1.0,0.0,2.0,0.036,0
SMB_EU_001472,1.0,0.0,0.0,0.0,0.0,0.0,1.0,0.0,0.0,20.0,15720.11,-49.35,179.0,87.82,3.0,5.0,1.0,0.0,3.0,0.033,0
SMB_EU_001473,0.0,0.0,0.0,0.0,1.0,0.0,0.0,1.0,0.0,42.0,4754.5,-0.65,57.0,83.41,2.0,7.0,1.0,0.0,0.0,0.109,0
SMB_EU_001474,0.0,1.0,0.0,0.0,0.0,0.0,0.0,0.0,0.0,21.0,14730.54,-5.03,122.0,120.74,2.0,10.0,1.0,0.0,0.0,0.056,0
SMB_EU_001475,0.0,1.0,0.0,0.0,0.0,0.0,0.0,0.0,0.0,10.0,14700.76,-9.82,64.0,229.7,2.0,14.0,0.0,0.0,0.0,0.151,0
SMB_EU_001476,0.0,0.0,1.0,0.0,0.0,0.0,0.0,0.0,0.0,56.0,32678.41,7.48,112.0,291.77,1.0,12.0,2.0,0.0,2.0,0.054,0
SMB_EU_001477,1.0,0.0,0.0,0.0,0.0,1.0,0.0,0.0,0.0,10.0,3086.16,-17.25,13.0,237.4,1.0,12.0,0.0,0.0,0.0,0.104,0
SMB_EU_001478,1.0,0.0,0.0,0.0,0.0,0.0,1.0,0.0,0.0,28.0,23218.51,6.25,113.0,205.47,1.0,10.0,1.0,0.0,0.0,0.038,0
SMB_EU_001479,1.0,0.0,0.0,0.0,0.0,0.0,0.0,1.0,0.0,42.0,2468.5,8.39,11.0,224.41,1.0,5.0,1.0,2.0,1.0,0.065,1
SMB_EU_001480,0.0,0.0,0.0,1.0,0.0,0.0,0.0,0.0,0.0,19.0,10130.17,16.26,77.0,131.56,1.0,10.0,1.0,0.0,1.0,0.076,0
SMB_EU_001481,1.0,0.0,0.0,0.0,0.0,0.0,0.0,0.0,0.0,42.0,23450.53,-16.85,101.0,232.18,1.0,11.0,2.0,0.0,1.0,0.141,0
SMB_EU_001482,0.0,0.0,0.0,0.0,0.0,0.0,1.0,0.0,0.0,69.0,14844.53,-22.58,98.0,151.47,1.0,12.0,3.0,0.0,1.0,0.012,0
SMB_EU_001483,0.0,0.0,1.0,0.0,0.0,0.0,0.0,0.0,0.0,41.0,6462.08,4.18,50.0,129.24,1.0,12.0,0.0,0.0,0.0,0.171,0
SMB_EU_001484,0.0,0.0,0.0,0.0,0.0,0.0,0.0,0.0,0.0,25.0,7786.79,-4.29,59.0,131.98,3.0,3.0,0.0,1.0,2.0,0.166,0
SMB_EU_001485,0.0,1.0,0.0,0.0,0.0,0.0,0.0,0.0,0.0,28.0,17721.1,43.54,78.0,227.19,1.0,9.0,0.0,0.0,3.0,0.122,0
SMB_EU_001486,0.0,1.0,0.0,0.0,0.0,1.0,0.0,0.0,0.0,3.0,24493.58,6.88,98.0,249.93,2.0,6.0,1.0,0.0,5.0,0.049,0
SMB_EU_001487,0.0,1.0,0.0,0.0,0.0,0.0,0.0,0.0,0.0,17.0,31683.87,0.87,152.0,208.45,2.0,5.0,1.0,0.0,0.0,0.037,0
SMB_EU_001488,0.0,0.0,1.0,0.0,0.0,0.0,0.0,0.0,1.0,4.0,7755.22,-2.59,82.0,94.58,3.0,12.0,0.0,1.0,3.0,0.261,0
SMB_EU_001489,0.0,1.0,0.0,0.0,0.0,1.0,0.0,0.0,0.0,13.0,1405.34,-18.27,16.0,87.83,2.0,6.0,3.0,0.0,2.0,0.024,0
SMB_EU_001490,0.0,0.0,0.0,1.0,0.0,0.0,0.0,1.0,0.0,26.0,5251.03,8.46,41.0,128.07,4.0,10.0,2.0,0.0,1.0,0.057,0
SMB_EU_001491,0.0,1.0,0.0,0.0,0.0,0.0,1.0,0.0,0.0,32.0,9942.51,-30.76,70.0,142.04,2.0,13.0,2.0,1.0,1.0,0.051,1
SMB_EU_001492,0.0,1.0,0.0,0.0,0.0,0.0,0.0,0.0,0.0,37.0,11922.57,-1.17,71.0,167.92,1.0,13.0,2.0,0.0,0.0,0.076,0
SMB_EU_001493,0.0,1.0,0.0,0.0,0.0,0.0,0.0,0.0,0.0,83.0,9003.52,1.42,93.0,96.81,2.0,12.0,1.0,0.0,1.0,0.136,0
SMB_EU_001494,0.0,0.0,0.0,0.0,0.0,1.0,0.0,0.0,0.0,7.0,6601.25,3.32,28.0,235.76,3.0,7.0,0.0,0.0,0.0,0.199,0
SMB_EU_001495,0.0,0.0,1.0,0.0,0.0,0.0,0.0,1.0,0.0,12.0,2840.79,-26.09,12.0,236.73,2.0,10.0,1.0,1.0,1.0,0.085,1
SMB_EU_001496,0.0,0.0,1.0,0.0,0.0,0.0,1.0,0.0,0.0,31.0,24604.04,12.56,157.0,156.71,2.0,12.0,2.0,1.0,2.0,0.061,0
SMB_EU_001497,0.0,0.0,1.0,0.0,0.0,0.0,1.0,0.0,0.0,45.0,19875.51,-12.7,97.0,204.9,3.0,11.0,1.0,0.0,0.0,0.077,0
SMB_EU_001498,0.0,0.0,0.0,1.0,0.0,0.0,0.0,1.0,0.0,15.0,7420.05,-2.07,73.0,101.64,1.0,8.0,1.0,0.0,1.0,0.05,0
SMB_EU_001499,0.0,1.0,0.0,0.0,0.0,0.0,1.0,0.0,0.0,30.0,8442.41,19.29,49.0,172.29,4.0,9.0,0.0,0.0,1.0,0.093,0
SMB_EU_001500,0.0,0.0,0.0,0.0,1.0,1.0,0.0,0.0,0.0,33.0,4037.64,26.69,15.0,269.18,2.0,7.0,1.0,1.0,2.0,0.04,0
SMB_EU_001501,0.0,0.0,0.0,1.0,0.0,0.0,0.0,0.0,0.0,73.0,14814.08,-25.51,66.0,224.46,2.0,6.0,1.0,2.0,0.0,0.116,0
SMB_EU_001502,0.0,0.0,0.0,1.0,0.0,0.0,0.0,1.0,0.0,8.0,13370.04,0.45,130.0,102.85,4.0,8.0,1.0,0.0,0.0,0.019,0
SMB_EU_001503,0.0,0.0,0.0,0.0,0.0,0.0,1.0,0.0,0.0,36.0,13472.28,-48.4,51.0,264.16,3.0,17.0,0.0,0.0,2.0,0.013,0
SMB_EU_001504,0.0,1.0,0.0,0.0,0.0,0.0,1.0,0.0,0.0,46.0,9039.98,-22.61,39.0,231.79,2.0,13.0,1.0,2.0,0.0,0.102,0
SMB_EU_001505,0.0,1.0,0.0,0.0,0.0,1.0,0.0,0.0,0.0,39.0,10445.22,12.04,58.0,180.09,3.0,11.0,0.0,0.0,2.0,0.043,0
SMB_EU_001506,0.0,1.0,0.0,0.0,0.0,0.0,0.0,0.0,1.0,60.0,12485.79,1.74,54.0,231.22,2.0,15.0,1.0,0.0,0.0,0.13,0
SMB_EU_001507,0.0,0.0,1.0,0.0,0.0,0.0,0.0,0.0,0.0,10.0,19026.2,2.91,161.0,118.18,2.0,14.0,0.0,2.0,0.0,0.102,0
SMB_EU_001508,0.0,0.0,0.0,1.0,0.0,0.0,0.0,0.0,0.0,3.0,27014.89,-13.76,134.0,201.6,4.0,15.0,0.0,2.0,2.0,0.078,0
SMB_EU_001509,0.0,0.0,1.0,0.0,0.0,1.0,0.0,0.0,0.0,57.0,8182.32,6.19,38.0,215.32,1.0,16.0,0.0,0.0,3.0,0.041,0
SMB_EU_001510,1.0,0.0,0.0,0.0,0.0,0.0,0.0,0.0,1.0,20.0,15064.72,12.57,53.0,284.24,2.0,10.0,1.0,2.0,1.0,0.05,0
SMB_EU_001511,1.0,0.0,0.0,0.0,0.0,0.0,0.0,1.0,0.0,25.0,5508.38,1.91,58.0,94.97,1.0,11.0,0.0,0.0,0.0,0.092,0
SMB_EU_001512,1.0,0.0,0.0,0.0,0.0,0.0,0.0,0.0,1.0,27.0,7727.22,-7.71,48.0,160.98,3.0,8.0,0.0,0.0,1.0,0.067,0
SMB_EU_001513,0.0,0.0,0.0,0.0,1.0,0.0,1.0,0.0,0.0,29.0,5757.73,-32.33,20.0,287.89,1.0,8.0,0.0,0.0,1.0,0.136,1
SMB_EU_001514,0.0,0.0,0.0,0.0,0.0,0.0,1.0,0.0,0.0,49.0,5360.49,3.31,42.0,127.63,3.0,8.0,0.0,1.0,1.0,0.023,0
SMB_EU_001515,0.0,0.0,0.0,0.0,0.0,1.0,0.0,0.0,0.0,36.0,2290.24,0.73,9.0,254.47,1.0,3.0,0.0,1.0,1.0,0.188,1
SMB_EU_001516,0.0,0.0,0.0,0.0,0.0,0.0,0.0,1.0,0.0,8.0,2892.94,13.57,36.0,80.36,1.0,10.0,0.0,0.0,1.0,0.064,0
SMB_EU_001517,0.0,0.0,1.0,0.0,0.0,0.0,0.0,0.0,0.0,24.0,8529.56,-7.2,100.0,85.3,4.0,7.0,0.0,0.0,2.0,0.203,0
SMB_EU_001518,0.0,0.0,0.0,0.0,1.0,0.0,1.0,0.0,0.0,33.0,5900.48,-70.79,39.0,151.29,1.0,11.0,3.0,0.0,0.0,0.068,1
SMB_EU_001519,0.0,1.0,0.0,0.0,0.0,0.0,0.0,1.0,0.0,38.0,12765.99,5.39,51.0,250.31,1.0,16.0,0.0,1.0,1.0,0.037,0
SMB_EU_001520,0.0,0.0,0.0,0.0,1.0,0.0,1.0,0.0,0.0,23.0,7278.35,-7.16,71.0,102.51,1.0,13.0,0.0,1.0,1.0,0.027,0
SMB_EU_001521,0.0,0.0,0.0,0.0,0.0,0.0,0.0,0.0,0.0,17.0,17341.64,11.76,106.0,163.6,3.0,10.0,0.0,1.0,1.0,0.13,0
SMB_EU_001522,0.0,0.0,0.0,0.0,1.0,0.0,0.0,0.0,0.0,50.0,17673.07,0.11,162.0,109.09,3.0,6.0,3.0,0.0,0.0,0.053,0
SMB_EU_001523,0.0,1.0,0.0,0.0,0.0,1.0,0.0,0.0,0.0,19.0,15553.85,9.82,120.0,129.62,3.0,12.0,0.0,1.0,3.0,0.141,0
SMB_EU_001524,0.0,0.0,0.0,0.0,0.0,0.0,0.0,1.0,0.0,41.0,3539.86,-15.21,19.0,186.31,1.0,10.0,0.0,0.0,2.0,0.09,1
SMB_EU_001525,0.0,0.0,0.0,1.0,0.0,0.0,0.0,0.0,0.0,48.0,13125.24,2.15,87.0,150.86,2.0,5.0,0.0,1.0,2.0,0.081,0
SMB_EU_001526,0.0,1.0,0.0,0.0,0.0,1.0,0.0,0.0,0.0,31.0,5629.61,-10.49,44.0,127.95,3.0,6.0,1.0,0.0,1.0,0.055,0
SMB_EU_001527,0.0,1.0,0.0,0.0,0.0,1.0,0.0,0.0,0.0,15.0,11866.04,-18.31,71.0,167.13,2.0,11.0,2.0,1.0,0.0,0.117,0
SMB_EU_001528,0.0,1.0,0.0,0.0,0.0,0.0,0.0,0.0,0.0,36.0,33599.58,-12.92,143.0,234.96,3.0,9.0,1.0,0.0,1.0,0.132,0
SMB_EU_001529,1.0,0.0,0.0,0.0,0.0,1.0,0.0,0.0,0.0,21.0,7976.58,-8.17,75.0,106.35,3.0,8.0,0.0,0.0,1.0,0.152,0
SMB_EU_001530,0.0,0.0,0.0,1.0,0.0,0.0,0.0,0.0,0.0,103.0,31431.04,-24.7,169.0,185.98,1.0,14.0,0.0,0.0,1.0,0.13,0
SMB_EU_001531,0.0,1.0,0.0,0.0,0.0,0.0,1.0,0.0,0.0,46.0,8899.88,-8.56,63.0,141.27,1.0,10.0,0.0,0.0,0.0,0.111,0
SMB_EU_001532,0.0,0.0,1.0,0.0,0.0,0.0,1.0,0.0,0.0,45.0,7212.96,-19.07,44.0,163.93,3.0,7.0,1.0,0.0,1.0,0.034,0
SMB_EU_001533,1.0,0.0,0.0,0.0,0.0,0.0,1.0,0.0,0.0,56.0,16226.99,1.97,62.0,261.73,2.0,13.0,1.0,0.0,1.0,0.045,0
SMB_EU_001534,0.0,1.0,0.0,0.0,0.0,0.0,0.0,0.0,0.0,4.0,20098.01,0.44,71.0,283.07,2.0,11.0,0.0,0.0,1.0,0.118,0
SMB_EU_001535,0.0,1.0,0.0,0.0,0.0,0.0,0.0,1.0,0.0,24.0,3215.94,-7.38,24.0,134.0,2.0,7.0,1.0,1.0,1.0,0.116,0
SMB_EU_001536,0.0,0.0,0.0,0.0,0.0,0.0,0.0,1.0,0.0,54.0,9096.51,-2.42,42.0,216.58,2.0,13.0,0.0,0.0,1.0,0.043,0
SMB_EU_001537,0.0,0.0,0.0,0.0,0.0,0.0,0.0,1.0,0.0,17.0,4412.06,14.64,19.0,232.21,2.0,12.0,0.0,0.0,3.0,0.072,0
SMB_EU_001538,0.0,0.0,1.0,0.0,0.0,0.0,0.0,0.0,0.0,7.0,12299.47,10.06,46.0,267.38,1.0,9.0,2.0,2.0,2.0,0.119,0
SMB_EU_001539,0.0,0.0,0.0,0.0,0.0,0.0,0.0,0.0,0.0,29.0,25632.29,-40.85,92.0,278.61,2.0,5.0,1.0,0.0,1.0,0.038,0
SMB_EU_001540,0.0,0.0,0.0,1.0,0.0,0.0,0.0,0.0,0.0,13.0,14221.44,-17.76,78.0,182.33,1.0,12.0,2.0,2.0,0.0,0.023,1
SMB_EU_001541,1.0,0.0,0.0,0.0,0.0,0.0,1.0,0.0,0.0,14.0,10102.84,-2.48,34.0,297.14,3.0,14.0,0.0,0.0,4.0,0.164,0
SMB_EU_001542,0.0,0.0,0.0,0.0,0.0,0.0,1.0,0.0,0.0,23.0,11900.8,15.77,41.0,290.26,3.0,8.0,0.0,0.0,1.0,0.142,0
SMB_EU_001543,0.0,0.0,1.0,0.0,0.0,1.0,0.0,0.0,0.0,9.0,3750.89,7.76,20.0,187.54,2.0,9.0,0.0,0.0,1.0,0.097,0
SMB_EU_001544,0.0,1.0,0.0,0.0,0.0,0.0,0.0,0.0,1.0,22.0,11337.72,-17.46,57.0,198.91,2.0,12.0,1.0,0.0,2.0,0.174,0
SMB_EU_001545,0.0,0.0,0.0,0.0,1.0,0.0,1.0,0.0,0.0,32.0,17977.58,-22.46,79.0,227.56,1.0,6.0,2.0,2.0,1.0,0.167,0
SMB_EU_001546,0.0,0.0,0.0,1.0,0.0,0.0,1.0,0.0,0.0,89.0,4506.68,-39.2,28.0,160.95,1.0,13.0,0.0,0.0,1.0,0.024,0
SMB_EU_001547,1.0,0.0,0.0,0.0,0.0,0.0,0.0,1.0,0.0,18.0,6549.46,-2.91,29.0,225.84,1.0,9.0,1.0,1.0,1.0,0.124,0
SMB_EU_001548,0.0,0.0,1.0,0.0,0.0,0.0,0.0,0.0,0.0,24.0,9119.09,-25.21,47.0,194.02,1.0,7.0,0.0,1.0,2.0,0.121,0
SMB_EU_001549,0.0,0.0,0.0,0.0,0.0,0.0,0.0,1.0,0.0,40.0,9228.32,-18.62,105.0,87.89,3.0,7.0,1.0,0.0,0.0,0.076,0
SMB_EU_001550,0.0,0.0,1.0,0.0,0.0,0.0,0.0,1.0,0.0,20.0,9175.91,-40.33,34.0,269.88,4.0,12.0,1.0,1.0,3.0,0.091,0
SMB_EU_001551,0.0,0.0,0.0,0.0,1.0,0.0,0.0,0.0,1.0,16.0,7276.36,15.09,25.0,291.05,1.0,9.0,1.0,0.0,2.0,0.024,0
SMB_EU_001552,0.0,0.0,1.0,0.0,0.0,0.0,0.0,0.0,0.0,54.0,56476.66,10.27,658.0,85.83,1.0,8.0,0.0,0.0,4.0,0.097,0
SMB_EU_001553,1.0,0.0,0.0,0.0,0.0,1.0,0.0,0.0,0.0,70.0,11654.99,9.76,46.0,253.37,3.0,17.0,0.0,0.0,1.0,0.095,0
SMB_EU_001554,0.0,0.0,0.0,0.0,1.0,0.0,0.0,0.0,0.0,20.0,22924.53,-0.97,139.0,164.92,3.0,13.0,0.0,0.0,1.0,0.053,0
SMB_EU_001555,0.0,1.0,0.0,0.0,0.0,1.0,0.0,0.0,0.0,16.0,8865.13,-6.1,42.0,211.07,2.0,14.0,1.0,0.0,1.0,0.06,1
SMB_EU_001556,0.0,0.0,0.0,0.0,0.0,0.0,0.0,0.0,0.0,14.0,27069.47,4.33,142.0,190.63,4.0,4.0,2.0,1.0,0.0,0.013,0
SMB_EU_001557,0.0,0.0,1.0,0.0,0.0,0.0,1.0,0.0,0.0,40.0,4401.99,12.32,22.0,200.09,2.0,10.0,2.0,0.0,0.0,0.058,0
SMB_EU_001558,0.0,1.0,0.0,0.0,0.0,0.0,0.0,0.0,0.0,60.0,16857.82,-52.2,89.0,189.41,3.0,8.0,0.0,0.0,1.0,0.098,0
SMB_EU_001559,1.0,0.0,0.0,0.0,0.0,0.0,0.0,0.0,0.0,35.0,18877.38,18.15,71.0,265.88,3.0,11.0,0.0,0.0,0.0,0.072,0
SMB_EU_001560,0.0,0.0,0.0,0.0,1.0,0.0,0.0,1.0,0.0,41.0,3932.82,-3.23,17.0,231.34,1.0,7.0,1.0,0.0,3.0,0.045,0
SMB_EU_001561,0.0,1.0,0.0,0.0,0.0,0.0,0.0,1.0,0.0,52.0,6608.22,-14.7,39.0,169.44,2.0,11.0,2.0,0.0,4.0,0.082,0
SMB_EU_001562,0.0,1.0,0.0,0.0,0.0,1.0,0.0,0.0,0.0,72.0,12563.25,-0.16,54.0,232.65,1.0,17.0,1.0,0.0,0.0,0.152,0
SMB_EU_001563,1.0,0.0,0.0,0.0,0.0,0.0,1.0,0.0,0.0,36.0,6211.36,1.59,21.0,295.78,2.0,9.0,0.0,1.0,3.0,0.051,0
SMB_EU_001564,0.0,1.0,0.0,0.0,0.0,0.0,0.0,1.0,0.0,19.0,4839.36,-1.23,50.0,96.79,1.0,8.0,0.0,2.0,2.0,0.139,0
SMB_EU_001565,1.0,0.0,0.0,0.0,0.0,0.0,0.0,0.0,0.0,43.0,9167.82,19.21,55.0,166.69,2.0,8.0,0.0,0.0,1.0,0.082,0
SMB_EU_001566,0.0,0.0,0.0,1.0,0.0,0.0,0.0,1.0,0.0,55.0,1711.28,12.08,6.0,285.21,2.0,9.0,0.0,2.0,0.0,0.084,0
SMB_EU_001567,0.0,0.0,1.0,0.0,0.0,0.0,0.0,0.0,1.0,22.0,14361.97,-21.46,59.0,243.42,1.0,9.0,2.0,0.0,1.0,0.119,1
SMB_EU_001568,0.0,0.0,0.0,0.0,0.0,0.0,1.0,0.0,0.0,4.0,7877.43,23.02,28.0,281.34,1.0,8.0,0.0,0.0,1.0,0.043,0
SMB_EU_001569,0.0,0.0,1.0,0.0,0.0,0.0,0.0,1.0,0.0,19.0,5144.8,-41.12,58.0,88.7,3.0,10.0,0.0,1.0,1.0,0.065,0
SMB_EU_001570,0.0,0.0,0.0,1.0,0.0,0.0,1.0,0.0,0.0,9.0,4425.47,32.27,16.0,276.59,2.0,9.0,2.0,2.0,2.0,0.032,0
SMB_EU_001571,0.0,0.0,1.0,0.0,0.0,0.0,0.0,0.0,0.0,2.0,13420.03,-4.31,53.0,253.21,3.0,8.0,0.0,0.0,1.0,0.043,0
SMB_EU_001572,0.0,0.0,0.0,0.0,0.0,0.0,0.0,0.0,0.0,20.0,28962.63,-24.63,112.0,258.59,3.0,10.0,0.0,0.0,1.0,0.041,0
SMB_EU_001573,1.0,0.0,0.0,0.0,0.0,0.0,1.0,0.0,0.0,25.0,8003.94,-0.9,38.0,210.63,1.0,6.0,0.0,0.0,2.0,0.047,0
SMB_EU_001574,0.0,0.0,0.0,0.0,1.0,0.0,0.0,1.0,0.0,37.0,5088.32,-29.42,56.0,90.86,2.0,12.0,0.0,0.0,2.0,0.121,0
SMB_EU_001575,0.0,0.0,0.0,0.0,0.0,0.0,1.0,0.0,0.0,41.0,9060.81,-34.03,46.0,196.97,3.0,10.0,1.0,0.0,2.0,0.027,0
SMB_EU_001576,0.0,0.0,0.0,0.0,0.0,0.0,1.0,0.0,0.0,21.0,3809.94,-2.0,22.0,173.18,2.0,12.0,2.0,0.0,0.0,0.045,0
SMB_EU_001577,0.0,0.0,0.0,0.0,0.0,1.0,0.0,0.0,0.0,39.0,8729.53,19.63,45.0,193.99,3.0,12.0,0.0,0.0,1.0,0.189,0
SMB_EU_001578,0.0,0.0,1.0,0.0,0.0,0.0,0.0,1.0,0.0,37.0,2354.48,8.48,10.0,235.45,2.0,9.0,1.0,1.0,0.0,0.045,0
SMB_EU_001579,0.0,0.0,1.0,0.0,0.0,0.0,0.0,0.0,1.0,36.0,5121.54,-14.38,24.0,213.4,2.0,13.0,0.0,0.0,0.0,0.154,0
SMB_EU_001580,0.0,0.0,1.0,0.0,0.0,0.0,0.0,1.0,0.0,15.0,2664.21,11.11,18.0,148.01,3.0,14.0,0.0,0.0,1.0,0.256,0
SMB_EU_001581,0.0,1.0,0.0,0.0,0.0,1.0,0.0,0.0,0.0,44.0,5401.22,-34.52,25.0,216.05,1.0,11.0,1.0,0.0,2.0,0.12,0
SMB_EU_001582,0.0,1.0,0.0,0.0,0.0,0.0,0.0,0.0,0.0,30.0,12140.88,-8.18,124.0,97.91,2.0,12.0,1.0,1.0,0.0,0.031,0
SMB_EU_001583,0.0,0.0,1.0,0.0,0.0,0.0,1.0,0.0,0.0,25.0,7994.12,11.88,98.0,81.57,1.0,10.0,2.0,0.0,0.0,0.16,0
SMB_EU_001584,0.0,0.0,0.0,1.0,0.0,0.0,1.0,0.0,0.0,16.0,4647.31,-2.36,28.0,165.98,1.0,10.0,0.0,1.0,0.0,0.113,0
SMB_EU_001585,0.0,0.0,0.0,0.0,1.0,0.0,0.0,0.0,0.0,20.0,27422.05,-27.88,111.0,247.05,1.0,4.0,2.0,1.0,0.0,0.215,0
SMB_EU_001586,0.0,0.0,0.0,0.0,0.0,1.0,0.0,0.0,0.0,48.0,9896.45,-61.07,38.0,260.43,2.0,9.0,2.0,0.0,1.0,0.135,1
SMB_EU_001587,0.0,0.0,1.0,0.0,0.0,0.0,0.0,0.0,0.0,39.0,13514.49,-36.42,67.0,201.71,3.0,7.0,1.0,0.0,2.0,0.036,0
SMB_EU_001588,0.0,1.0,0.0,0.0,0.0,0.0,0.0,1.0,0.0,17.0,3752.48,-7.9,14.0,268.03,1.0,8.0,1.0,1.0,1.0,0.018,0
SMB_EU_001589,0.0,0.0,0.0,1.0,0.0,0.0,0.0,0.0,0.0,29.0,10595.57,-31.24,98.0,108.12,3.0,10.0,2.0,1.0,2.0,0.104,0
SMB_EU_001590,1.0,0.0,0.0,0.0,0.0,0.0,1.0,0.0,0.0,37.0,6641.61,-0.34,23.0,288.77,1.0,11.0,1.0,0.0,3.0,0.14,0
SMB_EU_001591,0.0,0.0,1.0,0.0,0.0,0.0,1.0,0.0,0.0,18.0,3453.18,-19.28,12.0,287.76,1.0,17.0,0.0,0.0,1.0,0.053,0
SMB_EU_001592,0.0,0.0,0.0,0.0,1.0,0.0,0.0,1.0,0.0,43.0,2811.37,14.47,13.0,216.26,4.0,5.0,3.0,0.0,3.0,0.086,0
SMB_EU_001593,0.0,0.0,0.0,0.0,0.0,0.0,0.0,1.0,0.0,5.0,8377.17,-4.48,90.0,93.08,1.0,15.0,1.0,1.0,0.0,0.163,0
SMB_EU_001594,0.0,0.0,0.0,0.0,0.0,0.0,0.0,1.0,0.0,43.0,5992.6,-18.32,33.0,181.59,1.0,10.0,0.0,0.0,2.0,0.192,0
SMB_EU_001595,1.0,0.0,0.0,0.0,0.0,0.0,1.0,0.0,0.0,41.0,21327.69,-23.86,179.0,119.15,1.0,8.0,0.0,0.0,0.0,0.094,0
SMB_EU_001596,0.0,0.0,1.0,0.0,0.0,0.0,0.0,0.0,1.0,32.0,7521.06,-15.8,34.0,221.21,1.0,11.0,0.0,0.0,2.0,0.192,0
SMB_EU_001597,0.0,1.0,0.0,0.0,0.0,0.0,1.0,0.0,0.0,23.0,6440.03,13.19,53.0,121.51,2.0,7.0,0.0,0.0,3.0,0.047,0
SMB_EU_001598,0.0,0.0,0.0,0.0,0.0,0.0,1.0,0.0,0.0,13.0,6263.27,-11.54,34.0,184.21,1.0,8.0,0.0,1.0,2.0,0.051,0
SMB_EU_001599,0.0,0.0,0.0,0.0,0.0,0.0,0.0,0.0,1.0,27.0,7431.49,2.04,59.0,125.96,2.0,6.0,0.0,0.0,2.0,0.11,0
SMB_EU_001600,0.0,0.0,0.0,0.0,1.0,0.0,0.0,0.0,0.0,36.0,10095.38,-66.21,84.0,120.18,2.0,11.0,3.0,1.0,1.0,0.14,1
SMB_EU_001601,0.0,0.0,0.0,0.0,0.0,1.0,0.0,0.0,0.0,44.0,7059.35,-18.59,52.0,135.76,2.0,10.0,0.0,0.0,2.0,0.071,0
SMB_EU_001602,0.0,1.0,0.0,0.0,0.0,0.0,1.0,0.0,0.0,15.0,8140.93,7.83,94.0,86.61,3.0,9.0,0.0,0.0,2.0,0.133,0
SMB_EU_001603,0.0,1.0,0.0,0.0,0.0,1.0,0.0,0.0,0.0,20.0,4418.55,6.08,19.0,232.56,1.0,15.0,0.0,0.0,0.0,0.078,0
SMB_EU_001604,0.0,1.0,0.0,0.0,0.0,0.0,0.0,0.0,1.0,20.0,19066.14,17.17,129.0,147.8,2.0,13.0,1.0,0.0,0.0,0.14,0
SMB_EU_001605,0.0,0.0,0.0,0.0,0.0,0.0,0.0,0.0,0.0,7.0,46805.46,-0.52,200.0,234.03,2.0,7.0,1.0,0.0,0.0,0.096,0
SMB_EU_001606,0.0,0.0,0.0,1.0,0.0,1.0,0.0,0.0,0.0,57.0,12081.87,5.64,54.0,223.74,1.0,9.0,4.0,0.0,0.0,0.102,0
SMB_EU_001607,0.0,0.0,0.0,0.0,0.0,0.0,1.0,0.0,0.0,61.0,11182.12,4.03,118.0,94.76,3.0,11.0,0.0,0.0,0.0,0.106,0
SMB_EU_001608,1.0,0.0,0.0,0.0,0.0,1.0,0.0,0.0,0.0,14.0,9476.56,8.5,64.0,148.07,2.0,6.0,1.0,1.0,2.0,0.014,0
SMB_EU_001609,0.0,1.0,0.0,0.0,0.0,0.0,0.0,0.0,0.0,77.0,45690.92,-20.38,223.0,204.89,1.0,17.0,0.0,0.0,1.0,0.198,0
SMB_EU_001610,0.0,0.0,1.0,0.0,0.0,0.0,1.0,0.0,0.0,23.0,12624.42,-9.21,45.0,280.54,1.0,14.0,1.0,0.0,1.0,0.113,0
SMB_EU_001611,0.0,0.0,0.0,0.0,1.0,0.0,0.0,0.0,0.0,43.0,10558.58,7.8,63.0,167.6,1.0,7.0,2.0,0.0,1.0,0.079,0
SMB_EU_001612,0.0,0.0,1.0,0.0,0.0,0.0,1.0,0.0,0.0,42.0,10122.95,-1.26,53.0,191.0,3.0,10.0,1.0,1.0,1.0,0.01,0
SMB_EU_001613,0.0,0.0,0.0,1.0,0.0,0.0,0.0,0.0,1.0,2.0,13104.7,-22.48,53.0,247.26,3.0,9.0,1.0,2.0,0.0,0.118,0
SMB_EU_001614,0.0,1.0,0.0,0.0,0.0,0.0,0.0,0.0,0.0,28.0,8258.31,-66.7,32.0,258.07,2.0,11.0,2.0,0.0,0.0,0.164,1
SMB_EU_001615,0.0,1.0,0.0,0.0,0.0,0.0,1.0,0.0,0.0,13.0,6742.85,1.83,24.0,280.95,1.0,13.0,3.0,2.0,3.0,0.19,0
SMB_EU_001616,0.0,0.0,1.0,0.0,0.0,0.0,0.0,0.0,0.0,4.0,29028.71,1.78,153.0,189.73,2.0,10.0,1.0,1.0,0.0,0.089,0
SMB_EU_001617,0.0,0.0,0.0,0.0,1.0,0.0,0.0,0.0,0.0,31.0,5022.63,-59.15,41.0,122.5,3.0,8.0,0.0,0.0,1.0,0.024,1
SMB_EU_001618,0.0,0.0,1.0,0.0,0.0,0.0,0.0,1.0,0.0,39.0,2361.23,9.64,10.0,236.12,2.0,13.0,1.0,1.0,2.0,0.224,0
SMB_EU_001619,0.0,0.0,1.0,0.0,0.0,0.0,0.0,0.0,1.0,17.0,8096.08,-46.29,75.0,107.95,1.0,14.0,1.0,1.0,2.0,0.023,0
SMB_EU_001620,1.0,0.0,0.0,0.0,0.0,0.0,0.0,0.0,0.0,30.0,18546.07,-54.61,108.0,171.72,1.0,10.0,0.0,0.0,2.0,0.15,0
SMB_EU_001621,0.0,0.0,0.0,1.0,0.0,0.0,0.0,1.0,0.0,59.0,2214.13,26.48,10.0,221.41,1.0,12.0,1.0,1.0,1.0,0.101,0
SMB_EU_001622,0.0,0.0,0.0,0.0,0.0,1.0,0.0,0.0,0.0,23.0,5560.49,10.21,24.0,231.69,1.0,15.0,3.0,0.0,1.0,0.062,0
SMB_EU_001623,0.0,0.0,1.0,0.0,0.0,0.0,1.0,0.0,0.0,9.0,15985.83,10.11,66.0,242.21,3.0,10.0,1.0,0.0,0.0,0.185,0
SMB_EU_001624,0.0,0.0,0.0,0.0,1.0,1.0,0.0,0.0,0.0,46.0,6252.31,-13.46,51.0,122.59,1.0,16.0,0.0,0.0,0.0,0.062,0
SMB_EU_001625,0.0,0.0,0.0,0.0,0.0,0.0,0.0,0.0,0.0,20.0,26350.93,26.54,89.0,296.08,4.0,7.0,1.0,0.0,0.0,0.055,0
SMB_EU_001626,0.0,0.0,1.0,0.0,0.0,1.0,0.0,0.0,0.0,16.0,4205.91,20.65,35.0,120.17,2.0,8.0,1.0,0.0,0.0,0.103,0
SMB_EU_001627,0.0,0.0,0.0,0.0,0.0,0.0,0.0,1.0,0.0,22.0,3075.56,-12.65,30.0,102.52,2.0,15.0,1.0,0.0,0.0,0.058,0
SMB_EU_001628,0.0,0.0,0.0,1.0,0.0,0.0,0.0,0.0,0.0,21.0,24962.5,-7.12,110.0,226.93,2.0,13.0,0.0,0.0,2.0,0.013,0
SMB_EU_001629,0.0,0.0,0.0,0.0,0.0,0.0,0.0,0.0,1.0,6.0,11232.19,18.82,40.0,280.8,1.0,11.0,2.0,0.0,0.0,0.183,0
SMB_EU_001630,0.0,0.0,0.0,1.0,0.0,0.0,0.0,1.0,0.0,33.0,2454.89,26.94,12.0,204.57,1.0,10.0,1.0,1.0,1.0,0.121,0
SMB_EU_001631,1.0,0.0,0.0,0.0,0.0,0.0,0.0,0.0,0.0,33.0,9277.07,-18.97,44.0,210.84,4.0,13.0,1.0,1.0,1.0,0.226,1
SMB_EU_001632,0.0,1.0,0.0,0.0,0.0,1.0,0.0,0.0,0.0,22.0,15340.68,-15.06,77.0,199.23,2.0,11.0,0.0,0.0,0.0,0.149,0
SMB_EU_001633,0.0,0.0,1.0,0.0,0.0,0.0,0.0,0.0,0.0,31.0,8613.38,-41.08,96.0,89.72,1.0,7.0,1.0,0.0,1.0,0.038,0
SMB_EU_001634,1.0,0.0,0.0,0.0,0.0,0.0,0.0,0.0,1.0,41.0,15765.47,-32.57,69.0,228.49,1.0,12.0,0.0,0.0,2.0,0.199,1
SMB_EU_001635,0.0,0.0,0.0,0.0,1.0,1.0,0.0,0.0,0.0,32.0,4503.47,0.29,28.0,160.84,1.0,9.0,0.0,1.0,0.0,0.111,0
SMB_EU_001636,0.0,1.0,0.0,0.0,0.0,0.0,1.0,0.0,0.0,16.0,7984.77,17.79,28.0,285.17,1.0,11.0,2.0,0.0,1.0,0.134,0
SMB_EU_001637,0.0,1.0,0.0,0.0,0.0,0.0,0.0,0.0,0.0,13.0,17900.09,-21.58,148.0,120.95,1.0,7.0,1.0,1.0,1.0,0.079,0
SMB_EU_001638,0.0,0.0,0.0,0.0,0.0,1.0,0.0,0.0,0.0,84.0,1700.92,1.91,12.0,141.74,1.0,13.0,1.0,0.0,1.0,0.065,0
SMB_EU_001639,0.0,0.0,0.0,0.0,1.0,0.0,1.0,0.0,0.0,33.0,3326.14,-8.73,17.0,195.66,3.0,7.0,0.0,0.0,3.0,0.078,0
SMB_EU_001640,0.0,0.0,0.0,0.0,1.0,0.0,1.0,0.0,0.0,24.0,8425.32,24.6,46.0,183.16,3.0,10.0,1.0,0.0,0.0,0.082,0
SMB_EU_001641,0.0,0.0,0.0,1.0,0.0,0.0,0.0,0.0,0.0,38.0,9713.0,-8.55,58.0,167.47,1.0,6.0,1.0,0.0,1.0,0.02,0
SMB_EU_001642,0.0,0.0,0.0,0.0,1.0,0.0,0.0,0.0,0.0,17.0,27275.78,22.78,183.0,149.05,2.0,11.0,0.0,0.0,0.0,0.156,0
SMB_EU_001643,0.0,0.0,0.0,1.0,0.0,0.0,0.0,0.0,0.0,47.0,5722.34,-8.96,51.0,112.2,1.0,8.0,1.0,1.0,4.0,0.005,0
SMB_EU_001644,0.0,0.0,1.0,0.0,0.0,0.0,0.0,0.0,0.0,21.0,21056.37,11.57,81.0,259.96,1.0,12.0,1.0,0.0,2.0,0.205,0
SMB_EU_001645,0.0,0.0,0.0,0.0,0.0,0.0,1.0,0.0,0.0,5.0,3503.31,3.78,20.0,175.17,2.0,12.0,1.0,1.0,0.0,0.143,0
SMB_EU_001646,1.0,0.0,0.0,0.0,0.0,1.0,0.0,0.0,0.0,25.0,4857.37,-2.07,24.0,202.39,3.0,13.0,0.0,0.0,0.0,0.135,0
SMB_EU_001647,0.0,0.0,0.0,0.0,0.0,0.0,0.0,0.0,0.0,12.0,7920.26,-11.86,40.0,198.01,1.0,7.0,0.0,1.0,0.0,0.112,0
SMB_EU_001648,1.0,0.0,0.0,0.0,0.0,0.0,1.0,0.0,0.0,23.0,25050.64,-27.19,121.0,207.03,2.0,14.0,0.0,0.0,0.0,0.009,0
SMB_EU_001649,1.0,0.0,0.0,0.0,0.0,0.0,0.0,0.0,0.0,21.0,6715.07,-6.61,29.0,231.55,4.0,16.0,2.0,0.0,0.0,0.07,0
SMB_EU_001650,1.0,0.0,0.0,0.0,0.0,1.0,0.0,0.0,0.0,35.0,5576.29,-10.35,26.0,214.47,3.0,16.0,0.0,0.0,1.0,0.076,0
SMB_EU_001651,0.0,0.0,0.0,0.0,0.0,0.0,1.0,0.0,0.0,68.0,2838.68,22.09,20.0,141.93,1.0,8.0,0.0,1.0,2.0,0.02,0
SMB_EU_001652,0.0,1.0,0.0,0.0,0.0,0.0,1.0,0.0,0.0,44.0,20888.18,8.21,104.0,200.85,1.0,6.0,0.0,0.0,0.0,0.111,0
SMB_EU_001653,0.0,1.0,0.0,0.0,0.0,0.0,1.0,0.0,0.0,33.0,10177.82,9.65,76.0,133.92,4.0,13.0,0.0,0.0,1.0,0.018,0
SMB_EU_001654,0.0,1.0,0.0,0.0,0.0,0.0,0.0,1.0,0.0,29.0,5428.28,-5.87,26.0,208.78,1.0,8.0,0.0,1.0,1.0,0.056,0
SMB_EU_001655,0.0,0.0,0.0,0.0,0.0,0.0,0.0,1.0,0.0,33.0,12109.93,-2.79,69.0,175.51,2.0,14.0,1.0,0.0,2.0,0.01,0
SMB_EU_001656,0.0,0.0,0.0,0.0,1.0,0.0,0.0,1.0,0.0,62.0,5462.42,-3.73,62.0,88.1,2.0,7.0,1.0,1.0,1.0,0.083,0
SMB_EU_001657,0.0,0.0,1.0,0.0,0.0,0.0,0.0,1.0,0.0,38.0,5704.07,5.06,24.0,237.67,2.0,11.0,0.0,0.0,1.0,0.074,0
SMB_EU_001658,0.0,1.0,0.0,0.0,0.0,1.0,0.0,0.0,0.0,5.0,6493.45,9.63,46.0,141.16,1.0,13.0,0.0,1.0,2.0,0.095,0
SMB_EU_001659,0.0,1.0,0.0,0.0,0.0,0.0,0.0,0.0,0.0,12.0,21035.91,-0.45,74.0,284.27,3.0,11.0,0.0,1.0,1.0,0.132,0
SMB_EU_001660,0.0,0.0,0.0,1.0,0.0,1.0,0.0,0.0,0.0,52.0,4465.11,-52.55,32.0,139.53,1.0,5.0,3.0,0.0,2.0,0.022,1
SMB_EU_001661,0.0,0.0,1.0,0.0,0.0,0.0,1.0,0.0,0.0,32.0,7034.8,11.41,24.0,293.12,2.0,9.0,2.0,1.0,1.0,0.024,0
SMB_EU_001662,0.0,0.0,0.0,1.0,0.0,1.0,0.0,0.0,0.0,62.0,9756.76,0.5,54.0,180.68,2.0,7.0,1.0,0.0,0.0,0.124,0
SMB_EU_001663,0.0,0.0,0.0,0.0,1.0,0.0,0.0,1.0,0.0,42.0,5905.37,-21.61,69.0,85.59,1.0,9.0,0.0,0.0,0.0,0.103,1
SMB_EU_001664,0.0,0.0,0.0,1.0,0.0,0.0,0.0,0.0,0.0,29.0,14006.25,-32.03,145.0,96.59,3.0,8.0,1.0,0.0,0.0,0.121,0
SMB_EU_001665,0.0,0.0,0.0,0.0,1.0,0.0,0.0,0.0,0.0,28.0,6473.63,4.47,66.0,98.09,4.0,9.0,1.0,0.0,1.0,0.026,0
SMB_EU_001666,0.0,0.0,0.0,0.0,1.0,0.0,0.0,0.0,0.0,17.0,36850.91,-12.44,399.0,92.36,3.0,8.0,1.0,0.0,1.0,0.108,0
SMB_EU_001667,0.0,0.0,0.0,0.0,0.0,1.0,0.0,0.0,0.0,23.0,4034.52,6.47,29.0,139.12,1.0,11.0,0.0,0.0,0.0,0.029,0
SMB_EU_001668,0.0,0.0,0.0,0.0,1.0,1.0,0.0,0.0,0.0,10.0,10849.31,-64.55,72.0,150.68,2.0,8.0,0.0,0.0,0.0,0.107,1
SMB_EU_001669,0.0,0.0,0.0,0.0,0.0,0.0,0.0,1.0,0.0,14.0,5556.06,2.0,53.0,104.83,3.0,12.0,1.0,1.0,1.0,0.226,0
SMB_EU_001670,1.0,0.0,0.0,0.0,0.0,0.0,0.0,0.0,0.0,12.0,6903.16,-5.68,39.0,177.0,2.0,3.0,1.0,0.0,1.0,0.073,0
SMB_EU_001671,0.0,1.0,0.0,0.0,0.0,0.0,0.0,1.0,0.0,26.0,10599.46,26.28,66.0,160.6,3.0,10.0,0.0,1.0,2.0,0.03,0
SMB_EU_001672,0.0,0.0,0.0,0.0,1.0,1.0,0.0,0.0,0.0,19.0,6990.02,14.25,32.0,218.44,4.0,7.0,1.0,1.0,1.0,0.087,0
SMB_EU_001673,0.0,0.0,0.0,0.0,1.0,0.0,0.0,1.0,0.0,6.0,11141.15,20.21,91.0,122.43,1.0,10.0,1.0,0.0,0.0,0.095,0
SMB_EU_001674,1.0,0.0,0.0,0.0,0.0,0.0,0.0,0.0,0.0,38.0,13444.97,0.36,48.0,280.1,3.0,8.0,1.0,0.0,0.0,0.031,0
SMB_EU_001675,1.0,0.0,0.0,0.0,0.0,0.0,0.0,0.0,0.0,20.0,22884.98,12.34,118.0,193.94,1.0,10.0,1.0,0.0,0.0,0.01,0
SMB_EU_001676,0.0,1.0,0.0,0.0,0.0,1.0,0.0,0.0,0.0,46.0,2083.9,1.37,10.0,208.39,3.0,13.0,1.0,1.0,3.0,0.072,0
SMB_EU_001677,0.0,0.0,0.0,0.0,0.0,0.0,0.0,1.0,0.0,37.0,3703.61,22.04,42.0,88.18,3.0,10.0,1.0,0.0,0.0,0.02,0
SMB_EU_001678,0.0,1.0,0.0,0.0,0.0,0.0,0.0,0.0,1.0,91.0,4193.05,-1.09,21.0,199.67,2.0,15.0,3.0,0.0,1.0,0.186,0
SMB_EU_001679,0.0,0.0,0.0,0.0,0.0,0.0,1.0,0.0,0.0,26.0,6388.96,-20.96,40.0,159.72,3.0,7.0,1.0,0.0,0.0,0.093,0
SMB_EU_001680,0.0,0.0,1.0,0.0,0.0,0.0,1.0,0.0,0.0,17.0,10617.77,-54.39,37.0,286.97,3.0,3.0,0.0,1.0,3.0,0.148,1
SMB_EU_001681,0.0,1.0,0.0,0.0,0.0,0.0,0.0,0.0,1.0,14.0,6261.86,-9.33,23.0,272.25,2.0,10.0,0.0,1.0,1.0,0.083,0
SMB_EU_001682,0.0,0.0,0.0,0.0,1.0,0.0,0.0,0.0,0.0,41.0,25187.69,7.18,114.0,220.94,4.0,7.0,1.0,0.0,1.0,0.05,0
SMB_EU_001683,0.0,0.0,1.0,0.0,0.0,1.0,0.0,0.0,0.0,43.0,3588.71,8.16,14.0,256.34,1.0,9.0,0.0,0.0,2.0,0.337,0
SMB_EU_001684,1.0,0.0,0.0,0.0,0.0,0.0,0.0,0.0,0.0,27.0,25513.1,22.34,115.0,221.85,4.0,9.0,3.0,0.0,2.0,0.076,0
SMB_EU_001685,0.0,0.0,0.0,0.0,0.0,0.0,1.0,0.0,0.0,32.0,17554.25,-24.78,210.0,83.59,1.0,12.0,1.0,0.0,3.0,0.086,0
SMB_EU_001686,0.0,0.0,0.0,0.0,1.0,0.0,0.0,1.0,0.0,53.0,9184.83,-5.38,39.0,235.51,2.0,10.0,0.0,0.0,3.0,0.086,0
SMB_EU_001687,0.0,0.0,0.0,0.0,1.0,0.0,0.0,1.0,0.0,42.0,4067.08,-3.54,34.0,119.62,1.0,17.0,1.0,1.0,1.0,0.234,0
SMB_EU_001688,0.0,0.0,0.0,1.0,0.0,0.0,0.0,0.0,0.0,33.0,4190.32,11.13,18.0,232.8,1.0,10.0,0.0,1.0,0.0,0.081,0
SMB_EU_001689,0.0,0.0,1.0,0.0,0.0,0.0,0.0,0.0,0.0,10.0,21271.12,-10.39,258.0,82.45,2.0,9.0,0.0,0.0,0.0,0.046,0
SMB_EU_001690,1.0,0.0,0.0,0.0,0.0,0.0,0.0,1.0,0.0,14.0,4638.06,-50.78,31.0,149.61,1.0,13.0,4.0,0.0,2.0,0.138,1
SMB_EU_001691,0.0,0.0,0.0,0.0,0.0,0.0,1.0,0.0,0.0,20.0,4447.78,-18.16,23.0,193.38,4.0,13.0,0.0,0.0,0.0,0.04,0
SMB_EU_001692,0.0,0.0,0.0,1.0,0.0,0.0,0.0,1.0,0.0,21.0,3581.1,17.24,23.0,155.7,1.0,12.0,0.0,0.0,1.0,0.121,0
SMB_EU_001693,0.0,1.0,0.0,0.0,0.0,0.0,0.0,0.0,0.0,16.0,35470.64,-11.14,152.0,233.36,1.0,15.0,0.0,0.0,1.0,0.059,0
SMB_EU_001694,0.0,0.0,0.0,0.0,0.0,1.0,0.0,0.0,0.0,14.0,3032.4,-8.28,16.0,189.53,3.0,12.0,0.0,0.0,2.0,0.123,0
SMB_EU_001695,0.0,1.0,0.0,0.0,0.0,0.0,0.0,0.0,1.0,22.0,11919.91,9.52,41.0,290.73,3.0,5.0,3.0,0.0,2.0,0.065,0
SMB_EU_001696,0.0,0.0,0.0,0.0,0.0,1.0,0.0,0.0,0.0,29.0,6838.27,-10.48,43.0,159.03,3.0,10.0,1.0,0.0,1.0,0.15,0
SMB_EU_001697,0.0,0.0,0.0,0.0,0.0,0.0,0.0,0.0,0.0,37.0,12104.99,-25.57,51.0,237.35,1.0,11.0,2.0,0.0,2.0,0.083,0
SMB_EU_001698,0.0,0.0,0.0,0.0,0.0,1.0,0.0,0.0,0.0,6.0,8832.86,-23.73,33.0,267.66,3.0,5.0,0.0,1.0,3.0,0.101,0
SMB_EU_001699,0.0,0.0,0.0,0.0,1.0,0.0,0.0,0.0,0.0,19.0,39940.76,-0.85,294.0,135.85,2.0,13.0,1.0,0.0,2.0,0.155,0
SMB_EU_001700,0.0,0.0,1.0,0.0,0.0,0.0,0.0,0.0,0.0,7.0,12559.37,7.46,51.0,246.26,4.0,11.0,1.0,0.0,1.0,0.048,0
SMB_EU_001701,0.0,0.0,0.0,0.0,1.0,0.0,0.0,0.0,1.0,26.0,7778.13,-3.03,47.0,165.49,3.0,11.0,0.0,0.0,0.0,0.037,0
SMB_EU_001702,0.0,0.0,0.0,1.0,0.0,0.0,0.0,1.0,0.0,26.0,7262.16,6.46,67.0,108.39,3.0,7.0,0.0,0.0,0.0,0.181,0
SMB_EU_001703,0.0,1.0,0.0,0.0,0.0,1.0,0.0,0.0,0.0,24.0,10409.36,-24.19,129.0,80.69,3.0,14.0,0.0,0.0,0.0,0.014,0
SMB_EU_001704,0.0,0.0,0.0,1.0,0.0,0.0,0.0,0.0,0.0,22.0,13893.57,-23.18,57.0,243.75,2.0,6.0,0.0,0.0,0.0,0.069,0
SMB_EU_001705,0.0,0.0,0.0,1.0,0.0,0.0,1.0,0.0,0.0,19.0,6660.65,-19.78,55.0,121.1,3.0,4.0,1.0,0.0,0.0,0.055,1
SMB_EU_001706,0.0,0.0,0.0,0.0,0.0,0.0,1.0,0.0,0.0,25.0,2114.57,18.49,23.0,91.94,2.0,6.0,1.0,0.0,1.0,0.063,0
SMB_EU_001707,0.0,0.0,1.0,0.0,0.0,1.0,0.0,0.0,0.0,38.0,3762.01,11.53,20.0,188.1,1.0,8.0,0.0,0.0,3.0,0.071,0
SMB_EU_001708,0.0,0.0,0.0,0.0,0.0,0.0,0.0,1.0,0.0,20.0,2524.02,-9.9,16.0,157.75,1.0,5.0,0.0,1.0,1.0,0.177,0
SMB_EU_001709,0.0,0.0,1.0,0.0,0.0,0.0,0.0,0.0,0.0,11.0,22619.79,-3.57,97.0,233.19,1.0,12.0,0.0,1.0,0.0,0.154,0
SMB_EU_001710,0.0,0.0,1.0,0.0,0.0,0.0,0.0,1.0,0.0,32.0,4319.31,-0.03,42.0,102.84,3.0,10.0,0.0,0.0,3.0,0.075,0
SMB_EU_001711,0.0,0.0,0.0,0.0,0.0,0.0,1.0,0.0,0.0,44.0,6750.58,-31.42,62.0,108.88,2.0,11.0,0.0,1.0,0.0,0.052,0
SMB_EU_001712,0.0,0.0,0.0,0.0,0.0,0.0,0.0,0.0,0.0,10.0,14918.71,-29.96,88.0,169.53,2.0,11.0,0.0,0.0,3.0,0.045,0
SMB_EU_001713,1.0,0.0,0.0,0.0,0.0,0.0,1.0,0.0,0.0,9.0,4746.16,7.89,24.0,197.76,3.0,9.0,0.0,1.0,2.0,0.052,0
SMB_EU_001714,0.0,0.0,0.0,1.0,0.0,0.0,0.0,0.0,0.0,10.0,38091.78,-2.51,146.0,260.9,2.0,12.0,0.0,0.0,2.0,0.051,0
SMB_EU_001715,0.0,0.0,0.0,0.0,0.0,0.0,1.0,0.0,0.0,24.0,17432.88,11.89,83.0,210.03,1.0,10.0,1.0,0.0,0.0,0.082,0
SMB_EU_001716,0.0,0.0,0.0,0.0,1.0,0.0,0.0,0.0,1.0,71.0,23762.02,4.53,85.0,279.55,1.0,10.0,3.0,0.0,0.0,0.07,0
SMB_EU_001717,0.0,0.0,0.0,0.0,0.0,0.0,1.0,0.0,0.0,64.0,12055.15,0.66,94.0,128.25,1.0,14.0,1.0,0.0,1.0,0.018,0
SMB_EU_001718,0.0,0.0,1.0,0.0,0.0,0.0,0.0,0.0,1.0,32.0,8842.22,-11.15,42.0,210.53,1.0,10.0,1.0,0.0,0.0,0.109,1
SMB_EU_001719,0.0,0.0,0.0,0.0,1.0,0.0,0.0,0.0,0.0,10.0,39523.2,-1.7,176.0,224.56,1.0,12.0,1.0,2.0,0.0,0.095,0
SMB_EU_001720,0.0,1.0,0.0,0.0,0.0,0.0,0.0,0.0,1.0,63.0,5981.34,-62.77,25.0,239.25,2.0,7.0,2.0,0.0,1.0,0.008,1
SMB_EU_001721,0.0,0.0,0.0,0.0,0.0,1.0,0.0,0.0,0.0,65.0,3557.41,-0.6,12.0,296.45,1.0,14.0,3.0,1.0,0.0,0.049,1
SMB_EU_001722,0.0,0.0,0.0,0.0,0.0,0.0,0.0,0.0,1.0,14.0,6273.39,1.33,34.0,184.51,1.0,6.0,2.0,0.0,0.0,0.108,0
SMB_EU_001723,0.0,1.0,0.0,0.0,0.0,0.0,1.0,0.0,0.0,27.0,10948.08,-36.07,68.0,161.0,4.0,9.0,0.0,0.0,1.0,0.054,0
SMB_EU_001724,0.0,0.0,0.0,0.0,0.0,0.0,0.0,1.0,0.0,43.0,3165.07,-3.46,12.0,263.76,4.0,8.0,0.0,0.0,1.0,0.156,0
SMB_EU_001725,0.0,0.0,1.0,0.0,0.0,0.0,0.0,0.0,1.0,58.0,8198.91,-17.64,69.0,118.82,2.0,14.0,1.0,2.0,0.0,0.019,0
SMB_EU_001726,0.0,0.0,0.0,0.0,0.0,0.0,1.0,0.0,0.0,24.0,3059.74,7.48,35.0,87.42,1.0,5.0,0.0,1.0,1.0,0.079,0
SMB_EU_001727,0.0,0.0,0.0,1.0,0.0,0.0,1.0,0.0,0.0,46.0,10677.09,-26.22,60.0,177.95,3.0,13.0,0.0,0.0,1.0,0.043,0
SMB_EU_001728,0.0,0.0,0.0,0.0,1.0,0.0,0.0,0.0,0.0,34.0,6036.28,-6.4,45.0,134.14,2.0,19.0,0.0,0.0,0.0,0.059,0
SMB_EU_001729,1.0,0.0,0.0,0.0,0.0,0.0,0.0,0.0,1.0,33.0,5144.5,8.24,31.0,165.95,1.0,16.0,1.0,1.0,0.0,0.106,0
SMB_EU_001730,0.0,0.0,1.0,0.0,0.0,0.0,0.0,0.0,0.0,31.0,31135.56,8.87,105.0,296.53,2.0,11.0,1.0,0.0,0.0,0.166,0
SMB_EU_001731,0.0,1.0,0.0,0.0,0.0,0.0,0.0,0.0,0.0,73.0,30454.73,-3.45,194.0,156.98,1.0,5.0,0.0,1.0,3.0,0.064,1
SMB_EU_001732,0.0,0.0,1.0,0.0,0.0,0.0,1.0,0.0,0.0,28.0,10014.45,23.01,42.0,238.44,4.0,12.0,0.0,0.0,2.0,0.106,0
SMB_EU_001733,0.0,0.0,0.0,1.0,0.0,0.0,1.0,0.0,0.0,37.0,9438.9,-10.88,70.0,134.84,3.0,14.0,0.0,0.0,1.0,0.09,0
SMB_EU_001734,0.0,0.0,0.0,1.0,0.0,0.0,0.0,1.0,0.0,73.0,3635.92,22.07,25.0,145.44,1.0,9.0,1.0,0.0,1.0,0.046,0
SMB_EU_001735,0.0,0.0,0.0,0.0,0.0,0.0,1.0,0.0,0.0,38.0,5031.41,-3.38,38.0,132.41,2.0,9.0,0.0,1.0,1.0,0.074,0
SMB_EU_001736,0.0,0.0,0.0,0.0,1.0,1.0,0.0,0.0,0.0,18.0,4827.91,-12.65,23.0,209.91,2.0,17.0,0.0,0.0,4.0,0.063,0
SMB_EU_001737,0.0,0.0,0.0,1.0,0.0,0.0,0.0,0.0,1.0,26.0,3629.27,-5.27,28.0,129.62,3.0,13.0,2.0,0.0,2.0,0.053,0
SMB_EU_001738,0.0,0.0,0.0,0.0,0.0,0.0,1.0,0.0,0.0,15.0,9308.34,-16.49,39.0,238.68,2.0,14.0,0.0,0.0,1.0,0.094,0
SMB_EU_001739,0.0,1.0,0.0,0.0,0.0,1.0,0.0,0.0,0.0,25.0,6178.39,11.77,27.0,228.83,1.0,9.0,0.0,1.0,3.0,0.138,0
SMB_EU_001740,0.0,1.0,0.0,0.0,0.0,0.0,1.0,0.0,0.0,24.0,4569.43,-24.04,26.0,175.75,1.0,8.0,1.0,0.0,2.0,0.101,0
SMB_EU_001741,1.0,0.0,0.0,0.0,0.0,1.0,0.0,0.0,0.0,20.0,15378.47,-22.01,180.0,85.44,1.0,8.0,2.0,0.0,0.0,0.164,0
SMB_EU_001742,1.0,0.0,0.0,0.0,0.0,0.0,1.0,0.0,0.0,31.0,11514.3,-14.04,135.0,85.29,4.0,8.0,1.0,1.0,3.0,0.049,0
SMB_EU_001743,1.0,0.0,0.0,0.0,0.0,0.0,0.0,1.0,0.0,7.0,7572.65,12.55,38.0,199.28,4.0,11.0,1.0,1.0,0.0,0.07,0
SMB_EU_001744,0.0,0.0,0.0,0.0,0.0,0.0,0.0,0.0,0.0,83.0,11197.0,0.36,42.0,266.6,1.0,10.0,0.0,0.0,2.0,0.087,0
SMB_EU_001745,0.0,1.0,0.0,0.0,0.0,0.0,0.0,0.0,0.0,24.0,14988.03,4.06,71.0,211.1,1.0,16.0,1.0,0.0,1.0,0.077,0
SMB_EU_001746,0.0,0.0,0.0,1.0,0.0,1.0,0.0,0.0,0.0,27.0,8742.39,-8.85,50.0,174.85,2.0,9.0,0.0,0.0,0.0,0.062,0
SMB_EU_001747,0.0,0.0,0.0,0.0,0.0,0.0,1.0,0.0,0.0,63.0,8768.02,5.29,32.0,274.0,3.0,8.0,2.0,0.0,0.0,0.051,0
SMB_EU_001748,0.0,1.0,0.0,0.0,0.0,0.0,0.0,1.0,0.0,38.0,13073.38,2.02,106.0,123.33,1.0,9.0,1.0,1.0,0.0,0.072,0
SMB_EU_001749,1.0,0.0,0.0,0.0,0.0,0.0,0.0,0.0,0.0,20.0,13273.61,-21.87,83.0,159.92,2.0,9.0,0.0,0.0,3.0,0.045,1
SMB_EU_001750,0.0,0.0,0.0,0.0,0.0,1.0,0.0,0.0,0.0,22.0,4432.76,-14.44,22.0,201.49,1.0,12.0,1.0,1.0,1.0,0.045,0
SMB_EU_001751,0.0,0.0,0.0,1.0,0.0,0.0,1.0,0.0,0.0,52.0,11704.73,-8.11,81.0,144.5,1.0,12.0,0.0,0.0,1.0,0.168,0
SMB_EU_001752,0.0,0.0,0.0,0.0,0.0,1.0,0.0,0.0,0.0,56.0,2809.4,-11.32,9.0,312.16,3.0,12.0,0.0,0.0,2.0,0.06,0
SMB_EU_001753,0.0,0.0,0.0,0.0,0.0,0.0,1.0,0.0,0.0,18.0,13929.65,18.79,78.0,178.59,2.0,15.0,1.0,0.0,1.0,0.106,0
SMB_EU_001754,0.0,1.0,0.0,0.0,0.0,0.0,0.0,0.0,0.0,62.0,6873.15,0.11,75.0,91.64,2.0,10.0,1.0,0.0,2.0,0.115,0
SMB_EU_001755,0.0,0.0,0.0,0.0,1.0,0.0,1.0,0.0,0.0,8.0,11735.19,-11.68,99.0,118.54,3.0,4.0,1.0,1.0,2.0,0.062,0
SMB_EU_001756,1.0,0.0,0.0,0.0,0.0,0.0,0.0,1.0,0.0,67.0,3388.79,-7.36,17.0,199.34,3.0,18.0,1.0,1.0,0.0,0.151,0
SMB_EU_001757,0.0,0.0,0.0,0.0,1.0,0.0,0.0,0.0,0.0,34.0,19965.4,-7.57,99.0,201.67,1.0,11.0,0.0,0.0,2.0,0.053,0
SMB_EU_001758,0.0,0.0,0.0,1.0,0.0,0.0,0.0,1.0,0.0,61.0,8617.92,-4.32,29.0,297.17,2.0,12.0,0.0,1.0,3.0,0.103,1
SMB_EU_001759,0.0,0.0,0.0,0.0,0.0,0.0,0.0,1.0,0.0,41.0,5482.11,-16.13,26.0,210.85,3.0,10.0,2.0,0.0,2.0,0.043,0
SMB_EU_001760,0.0,0.0,1.0,0.0,0.0,0.0,1.0,0.0,0.0,19.0,3894.9,-12.21,17.0,229.11,2.0,6.0,2.0,0.0,2.0,0.044,0
SMB_EU_001761,0.0,0.0,0.0,1.0,0.0,1.0,0.0,0.0,0.0,25.0,3503.26,11.5,28.0,125.12,3.0,9.0,1.0,0.0,1.0,0.108,0
SMB_EU_001762,0.0,0.0,0.0,0.0,1.0,0.0,1.0,0.0,0.0,20.0,5166.76,2.78,50.0,103.34,1.0,9.0,1.0,0.0,1.0,0.053,0
SMB_EU_001763,0.0,0.0,0.0,0.0,0.0,0.0,0.0,0.0,0.0,16.0,4811.68,-61.93,23.0,209.2,1.0,9.0,1.0,0.0,2.0,0.278,1
SMB_EU_001764,0.0,0.0,0.0,1.0,0.0,0.0,0.0,1.0,0.0,37.0,9834.78,0.04,36.0,273.19,1.0,10.0,0.0,1.0,2.0,0.121,0
SMB_EU_001765,0.0,0.0,0.0,0.0,0.0,1.0,0.0,0.0,0.0,6.0,6409.77,-0.68,31.0,206.77,2.0,9.0,2.0,0.0,0.0,0.095,0
SMB_EU_001766,0.0,1.0,0.0,0.0,0.0,1.0,0.0,0.0,0.0,24.0,3035.72,-44.56,17.0,178.57,2.0,12.0,1.0,0.0,1.0,0.142,1
SMB_EU_001767,1.0,0.0,0.0,0.0,0.0,0.0,0.0,0.0,0.0,29.0,35925.78,7.76,173.0,207.66,4.0,10.0,1.0,1.0,0.0,0.034,0
SMB_EU_001768,0.0,0.0,0.0,1.0,0.0,0.0,0.0,0.0,0.0,6.0,9847.85,6.65,54.0,182.37,2.0,14.0,2.0,0.0,3.0,0.114,0
SMB_EU_001769,0.0,1.0,0.0,0.0,0.0,0.0,1.0,0.0,0.0,34.0,9297.87,-23.58,84.0,110.69,2.0,8.0,1.0,0.0,3.0,0.121,0
SMB_EU_001770,0.0,1.0,0.0,0.0,0.0,0.0,0.0,1.0,0.0,41.0,3047.36,-1.97,13.0,234.41,3.0,10.0,0.0,0.0,2.0,0.031,0
SMB_EU_001771,0.0,0.0,0.0,1.0,0.0,0.0,0.0,0.0,0.0,37.0,4468.68,-82.13,23.0,194.29,2.0,14.0,0.0,1.0,0.0,0.135,0
SMB_EU_001772,1.0,0.0,0.0,0.0,0.0,0.0,0.0,1.0,0.0,36.0,2205.1,9.53,13.0,169.62,3.0,8.0,2.0,1.0,1.0,0.013,0
SMB_EU_001773,0.0,0.0,0.0,0.0,1.0,0.0,1.0,0.0,0.0,29.0,6112.57,11.51,30.0,203.75,3.0,8.0,0.0,1.0,0.0,0.098,0
SMB_EU_001774,0.0,0.0,0.0,0.0,1.0,0.0,0.0,0.0,0.0,12.0,25713.81,-9.16,193.0,133.23,2.0,10.0,1.0,1.0,0.0,0.085,0
SMB_EU_001775,1.0,0.0,0.0,0.0,0.0,0.0,0.0,0.0,0.0,2.0,18466.72,-51.64,106.0,174.21,1.0,7.0,0.0,1.0,3.0,0.166,0
SMB_EU_001776,0.0,1.0,0.0,0.0,0.0,0.0,1.0,0.0,0.0,24.0,8702.1,-31.67,40.0,217.55,4.0,13.0,0.0,0.0,1.0,0.06,0
SMB_EU_001777,0.0,0.0,1.0,0.0,0.0,0.0,0.0,0.0,0.0,19.0,4490.81,14.59,35.0,128.31,2.0,6.0,1.0,1.0,1.0,0.028,0
SMB_EU_001778,0.0,0.0,0.0,1.0,0.0,0.0,0.0,1.0,0.0,29.0,10713.34,10.65,44.0,243.48,3.0,12.0,0.0,1.0,1.0,0.066,0
SMB_EU_001779,0.0,1.0,0.0,0.0,0.0,0.0,0.0,1.0,0.0,15.0,5718.15,17.25,29.0,197.18,3.0,10.0,1.0,0.0,0.0,0.069,0
SMB_EU_001780,0.0,0.0,0.0,0.0,1.0,0.0,0.0,0.0,0.0,54.0,13962.84,22.3,52.0,268.52,2.0,5.0,1.0,1.0,2.0,0.053,0
SMB_EU_001781,0.0,0.0,0.0,0.0,0.0,0.0,0.0,0.0,0.0,8.0,29592.0,-18.36,111.0,266.59,2.0,11.0,2.0,1.0,0.0,0.302,0
SMB_EU_001782,0.0,0.0,0.0,0.0,1.0,0.0,1.0,0.0,0.0,17.0,16910.58,13.32,90.0,187.9,4.0,4.0,0.0,0.0,3.0,0.037,0
SMB_EU_001783,0.0,0.0,0.0,1.0,0.0,0.0,0.0,1.0,0.0,23.0,9996.07,22.19,81.0,123.41,3.0,13.0,0.0,2.0,2.0,0.056,0
SMB_EU_001784,0.0,0.0,1.0,0.0,0.0,0.0,1.0,0.0,0.0,37.0,6897.71,-22.42,28.0,246.35,3.0,14.0,1.0,0.0,1.0,0.036,0
SMB_EU_001785,0.0,0.0,1.0,0.0,0.0,0.0,0.0,0.0,1.0,37.0,4929.01,-27.4,29.0,169.97,2.0,8.0,1.0,1.0,1.0,0.089,1
SMB_EU_001786,0.0,0.0,0.0,0.0,1.0,0.0,0.0,0.0,0.0,49.0,27150.73,-5.45,129.0,210.47,4.0,10.0,0.0,0.0,1.0,0.12,0
SMB_EU_001787,0.0,0.0,1.0,0.0,0.0,0.0,0.0,0.0,0.0,44.0,6612.87,12.83,64.0,103.33,3.0,8.0,1.0,0.0,1.0,0.033,0
SMB_EU_001788,0.0,0.0,1.0,0.0,0.0,0.0,0.0,0.0,1.0,24.0,28950.24,-35.91,132.0,219.32,3.0,6.0,1.0,1.0,1.0,0.246,0
SMB_EU_001789,0.0,0.0,0.0,0.0,0.0,0.0,1.0,0.0,0.0,46.0,8135.53,27.24,50.0,162.71,1.0,12.0,0.0,0.0,0.0,0.034,0
SMB_EU_001790,0.0,0.0,0.0,1.0,0.0,1.0,0.0,0.0,0.0,24.0,3174.75,-1.69,21.0,151.18,2.0,9.0,2.0,1.0,1.0,0.148,0
SMB_EU_001791,0.0,0.0,0.0,0.0,0.0,0.0,0.0,0.0,0.0,7.0,7163.0,13.74,24.0,298.46,1.0,12.0,2.0,0.0,1.0,0.043,0
SMB_EU_001792,1.0,0.0,0.0,0.0,0.0,0.0,1.0,0.0,0.0,8.0,3716.86,-52.74,21.0,176.99,3.0,10.0,0.0,0.0,0.0,0.074,0
SMB_EU_001793,0.0,0.0,0.0,1.0,0.0,0.0,0.0,0.0,0.0,22.0,16317.99,-19.07,71.0,229.83,2.0,11.0,1.0,1.0,2.0,0.046,0
SMB_EU_001794,0.0,0.0,1.0,0.0,0.0,1.0,0.0,0.0,0.0,12.0,5977.03,-34.82,27.0,221.37,1.0,10.0,0.0,0.0,0.0,0.017,0
SMB_EU_001795,0.0,0.0,0.0,0.0,0.0,0.0,0.0,1.0,0.0,25.0,2381.87,-47.07,23.0,103.56,2.0,8.0,0.0,0.0,1.0,0.004,0
SMB_EU_001796,0.0,0.0,0.0,0.0,0.0,0.0,1.0,0.0,0.0,45.0,6459.6,12.72,26.0,248.45,2.0,11.0,3.0,0.0,0.0,0.075,0
SMB_EU_001797,1.0,0.0,0.0,0.0,0.0,0.0,0.0,0.0,1.0,21.0,3960.87,4.33,26.0,152.34,3.0,12.0,0.0,0.0,1.0,0.103,0
SMB_EU_001798,0.0,0.0,0.0,0.0,0.0,0.0,1.0,0.0,0.0,5.0,11393.27,-24.55,45.0,253.18,2.0,17.0,0.0,0.0,1.0,0.152,0
SMB_EU_001799,0.0,0.0,0.0,0.0,0.0,0.0,1.0,0.0,0.0,39.0,7742.2,0.92,36.0,215.06,2.0,5.0,1.0,0.0,1.0,0.067,0
SMB_EU_001800,0.0,0.0,0.0,0.0,0.0,0.0,0.0,0.0,0.0,19.0,11953.32,-12.28,80.0,149.42,3.0,12.0,1.0,1.0,0.0,0.028,0
SMB_EU_001801,0.0,0.0,0.0,0.0,1.0,0.0,1.0,0.0,0.0,23.0,3693.5,-58.11,23.0,160.59,3.0,3.0,1.0,0.0,2.0,0.044,1
SMB_EU_001802,1.0,0.0,0.0,0.0,0.0,0.0,1.0,0.0,0.0,98.0,6681.54,-22.81,28.0,238.63,4.0,7.0,1.0,1.0,1.0,0.045,0
SMB_EU_001803,0.0,1.0,0.0,0.0,0.0,0.0,0.0,0.0,1.0,49.0,7017.37,9.28,35.0,200.5,2.0,9.0,1.0,0.0,0.0,0.04,0
SMB_EU_001804,0.0,1.0,0.0,0.0,0.0,0.0,0.0,0.0,0.0,56.0,18150.28,-38.99,80.0,226.88,3.0,8.0,0.0,1.0,3.0,0.114,1
SMB_EU_001805,0.0,1.0,0.0,0.0,0.0,0.0,1.0,0.0,0.0,21.0,8843.23,31.8,77.0,114.85,1.0,12.0,0.0,0.0,3.0,0.036,0
SMB_EU_001806,1.0,0.0,0.0,0.0,0.0,0.0,1.0,0.0,0.0,85.0,12867.15,-50.53,51.0,252.3,3.0,10.0,0.0,0.0,2.0,0.024,0
SMB_EU_001807,0.0,0.0,1.0,0.0,0.0,0.0,0.0,1.0,0.0,14.0,3738.53,11.51,25.0,149.54,3.0,9.0,0.0,0.0,2.0,0.112,0
SMB_EU_001808,0.0,0.0,0.0,0.0,0.0,0.0,0.0,1.0,0.0,7.0,1637.53,12.5,8.0,204.69,3.0,10.0,2.0,0.0,2.0,0.106,0
SMB_EU_001809,0.0,0.0,0.0,0.0,0.0,0.0,0.0,0.0,0.0,94.0,27186.1,-8.71,258.0,105.37,1.0,11.0,0.0,2.0,1.0,0.044,0
SMB_EU_001810,0.0,0.0,0.0,0.0,0.0,0.0,1.0,0.0,0.0,5.0,4562.28,-13.76,30.0,152.08,4.0,17.0,3.0,0.0,1.0,0.076,0
SMB_EU_001811,0.0,0.0,1.0,0.0,0.0,0.0,1.0,0.0,0.0,19.0,4117.69,-71.32,18.0,228.76,4.0,9.0,1.0,1.0,0.0,0.213,1
SMB_EU_001812,1.0,0.0,0.0,0.0,0.0,0.0,1.0,0.0,0.0,39.0,7795.69,-7.91,56.0,139.21,2.0,11.0,0.0,0.0,2.0,0.048,0
SMB_EU_001813,0.0,1.0,0.0,0.0,0.0,0.0,1.0,0.0,0.0,21.0,9590.8,3.04,35.0,274.02,2.0,10.0,0.0,0.0,2.0,0.041,0
SMB_EU_001814,0.0,0.0,0.0,0.0,0.0,0.0,0.0,0.0,0.0,16.0,10908.57,20.4,48.0,227.26,4.0,12.0,0.0,0.0,1.0,0.047,0
SMB_EU_001815,0.0,0.0,0.0,0.0,0.0,0.0,1.0,0.0,0.0,28.0,5790.54,16.58,21.0,275.74,2.0,12.0,2.0,0.0,2.0,0.092,0
SMB_EU_001816,0.0,0.0,0.0,0.0,1.0,0.0,0.0,0.0,0.0,26.0,11863.12,-24.23,71.0,167.09,2.0,8.0,1.0,0.0,1.0,0.059,1
SMB_EU_001817,0.0,1.0,0.0,0.0,0.0,0.0,0.0,0.0,0.0,30.0,35092.04,-11.83,401.0,87.51,2.0,13.0,1.0,1.0,1.0,0.111,0
SMB_EU_001818,1.0,0.0,0.0,0.0,0.0,0.0,0.0,0.0,1.0,60.0,8985.55,19.49,43.0,208.97,2.0,11.0,0.0,0.0,1.0,0.124,0
SMB_EU_001819,0.0,0.0,1.0,0.0,0.0,0.0,0.0,0.0,1.0,41.0,5035.17,-68.35,33.0,152.58,2.0,11.0,1.0,0.0,2.0,0.066,0
SMB_EU_001820,0.0,1.0,0.0,0.0,0.0,1.0,0.0,0.0,0.0,23.0,3377.34,-0.85,19.0,177.75,2.0,6.0,0.0,2.0,1.0,0.036,0
SMB_EU_001821,0.0,0.0,0.0,0.0,0.0,0.0,0.0,0.0,0.0,33.0,12903.77,-25.58,56.0,230.42,2.0,9.0,0.0,3.0,2.0,0.039,0
SMB_EU_001822,0.0,0.0,0.0,0.0,0.0,0.0,0.0,0.0,0.0,1.0,17301.01,17.3,74.0,233.8,4.0,9.0,0.0,1.0,1.0,0.128,0
SMB_EU_001823,0.0,0.0,1.0,0.0,0.0,0.0,0.0,0.0,0.0,25.0,20054.19,-52.27,233.0,86.07,3.0,9.0,1.0,0.0,2.0,0.104,1
SMB_EU_001824,1.0,0.0,0.0,0.0,0.0,0.0,0.0,1.0,0.0,35.0,5386.7,-24.64,22.0,244.85,3.0,7.0,1.0,0.0,0.0,0.062,0
SMB_EU_001825,0.0,0.0,1.0,0.0,0.0,0.0,0.0,0.0,0.0,15.0,9051.46,15.76,48.0,188.57,2.0,11.0,2.0,0.0,2.0,0.083,0
SMB_EU_001826,0.0,0.0,0.0,1.0,0.0,0.0,0.0,1.0,0.0,20.0,3877.04,28.8,19.0,204.05,3.0,12.0,1.0,0.0,2.0,0.015,0
SMB_EU_001827,0.0,0.0,0.0,0.0,0.0,0.0,0.0,0.0,1.0,49.0,13979.18,-4.36,96.0,145.62,2.0,14.0,0.0,0.0,0.0,0.02,0
SMB_EU_001828,0.0,0.0,0.0,0.0,1.0,0.0,0.0,0.0,0.0,12.0,7541.3,-0.7,44.0,171.39,3.0,13.0,1.0,0.0,1.0,0.032,0
SMB_EU_001829,1.0,0.0,0.0,0.0,0.0,1.0,0.0,0.0,0.0,50.0,4537.19,13.62,19.0,238.8,2.0,7.0,0.0,0.0,2.0,0.042,0
SMB_EU_001830,0.0,1.0,0.0,0.0,0.0,0.0,1.0,0.0,0.0,73.0,11449.19,4.34,46.0,248.9,1.0,13.0,1.0,1.0,1.0,0.01,0
SMB_EU_001831,0.0,0.0,0.0,0.0,1.0,0.0,1.0,0.0,0.0,20.0,13525.95,-5.6,82.0,164.95,2.0,9.0,0.0,0.0,1.0,0.07,0
SMB_EU_001832,0.0,0.0,1.0,0.0,0.0,0.0,0.0,0.0,0.0,12.0,13360.48,-7.28,58.0,230.35,3.0,6.0,0.0,0.0,0.0,0.111,0
SMB_EU_001833,0.0,0.0,1.0,0.0,0.0,0.0,1.0,0.0,0.0,16.0,6250.85,-23.5,46.0,135.89,4.0,8.0,0.0,0.0,3.0,0.023,0
SMB_EU_001834,1.0,0.0,0.0,0.0,0.0,0.0,0.0,1.0,0.0,70.0,2261.81,3.49,9.0,251.31,1.0,10.0,1.0,1.0,1.0,0.186,0
SMB_EU_001835,1.0,0.0,0.0,0.0,0.0,0.0,1.0,0.0,0.0,11.0,10966.28,-1.38,51.0,215.03,2.0,10.0,0.0,0.0,1.0,0.05,0
SMB_EU_001836,0.0,0.0,1.0,0.0,0.0,0.0,0.0,0.0,0.0,12.0,33092.88,-6.57,132.0,250.7,2.0,7.0,0.0,0.0,2.0,0.125,0
SMB_EU_001837,0.0,0.0,0.0,0.0,0.0,1.0,0.0,0.0,0.0,5.0,27962.15,-15.03,151.0,185.18,2.0,7.0,2.0,0.0,1.0,0.121,0
SMB_EU_001838,0.0,1.0,0.0,0.0,0.0,1.0,0.0,0.0,0.0,19.0,7565.72,-13.51,58.0,130.44,4.0,11.0,0.0,0.0,1.0,0.066,0
SMB_EU_001839,0.0,0.0,0.0,0.0,1.0,0.0,0.0,0.0,0.0,31.0,14549.0,9.28,83.0,175.29,2.0,9.0,0.0,0.0,1.0,0.095,0
SMB_EU_001840,0.0,1.0,0.0,0.0,0.0,0.0,0.0,1.0,0.0,64.0,2879.31,13.22,18.0,159.96,3.0,13.0,0.0,1.0,5.0,0.222,0
SMB_EU_001841,0.0,1.0,0.0,0.0,0.0,1.0,0.0,0.0,0.0,21.0,1943.41,-4.91,13.0,149.49,3.0,8.0,1.0,0.0,2.0,0.058,0
SMB_EU_001842,0.0,0.0,0.0,1.0,0.0,0.0,0.0,0.0,0.0,38.0,16680.26,-6.49,132.0,126.37,1.0,10.0,1.0,1.0,2.0,0.074,0
SMB_EU_001843,0.0,0.0,0.0,1.0,0.0,0.0,1.0,0.0,0.0,16.0,32774.31,-12.8,133.0,246.42,3.0,7.0,0.0,0.0,2.0,0.1,0
SMB_EU_001844,0.0,0.0,1.0,0.0,0.0,0.0,0.0,0.0,0.0,10.0,32154.02,14.05,325.0,98.94,2.0,6.0,2.0,0.0,0.0,0.146,0
SMB_EU_001845,0.0,0.0,0.0,0.0,1.0,0.0,0.0,1.0,0.0,59.0,9770.59,-54.95,35.0,279.16,3.0,8.0,0.0,0.0,4.0,0.171,1
SMB_EU_001846,0.0,1.0,0.0,0.0,0.0,1.0,0.0,0.0,0.0,30.0,6952.64,5.52,59.0,117.84,1.0,11.0,0.0,0.0,1.0,0.043,0
SMB_EU_001847,0.0,0.0,0.0,0.0,0.0,0.0,0.0,1.0,0.0,40.0,6203.74,5.38,21.0,295.42,1.0,10.0,1.0,0.0,1.0,0.013,0
SMB_EU_001848,0.0,0.0,0.0,0.0,0.0,0.0,0.0,0.0,0.0,29.0,3503.64,-4.62,12.0,291.97,3.0,9.0,1.0,0.0,1.0,0.092,0
SMB_EU_001849,0.0,0.0,0.0,0.0,1.0,0.0,1.0,0.0,0.0,7.0,12641.03,-17.48,75.0,168.55,2.0,6.0,0.0,0.0,1.0,0.093,0
SMB_EU_001850,0.0,0.0,1.0,0.0,0.0,0.0,1.0,0.0,0.0,49.0,5651.03,-45.31,19.0,297.42,4.0,11.0,0.0,0.0,2.0,0.218,0
SMB_EU_001851,0.0,1.0,0.0,0.0,0.0,0.0,0.0,0.0,0.0,15.0,9845.49,16.92,36.0,273.49,2.0,6.0,2.0,1.0,0.0,0.155,0
SMB_EU_001852,1.0,0.0,0.0,0.0,0.0,1.0,0.0,0.0,0.0,37.0,4942.17,-10.89,50.0,98.84,1.0,8.0,0.0,0.0,1.0,0.05,0
SMB_EU_001853,0.0,0.0,0.0,0.0,1.0,0.0,0.0,1.0,0.0,10.0,4035.92,-6.16,14.0,288.28,3.0,10.0,1.0,2.0,3.0,0.081,0
SMB_EU_001854,0.0,0.0,0.0,0.0,1.0,0.0,0.0,0.0,0.0,11.0,9751.97,-17.02,109.0,89.47,2.0,15.0,0.0,0.0,1.0,0.039,0
SMB_EU_001855,0.0,0.0,0.0,0.0,1.0,0.0,0.0,0.0,0.0,16.0,15125.37,-18.24,126.0,120.04,1.0,11.0,2.0,2.0,1.0,0.17,0
SMB_EU_001856,0.0,1.0,0.0,0.0,0.0,0.0,0.0,0.0,0.0,13.0,10730.43,-11.54,51.0,210.4,1.0,13.0,0.0,1.0,1.0,0.047,0
SMB_EU_001857,1.0,0.0,0.0,0.0,0.0,0.0,0.0,0.0,0.0,10.0,15930.63,2.09,163.0,97.73,1.0,10.0,1.0,0.0,0.0,0.13,0
SMB_EU_001858,0.0,0.0,0.0,1.0,0.0,0.0,1.0,0.0,0.0,93.0,3277.68,-48.47,28.0,117.06,1.0,10.0,0.0,1.0,0.0,0.033,1
SMB_EU_001859,0.0,0.0,0.0,0.0,1.0,0.0,1.0,0.0,0.0,27.0,7035.77,-43.59,24.0,293.16,2.0,12.0,1.0,0.0,2.0,0.03,0
SMB_EU_001860,1.0,0.0,0.0,0.0,0.0,0.0,1.0,0.0,0.0,6.0,4144.01,16.24,14.0,296.0,3.0,10.0,0.0,0.0,2.0,0.075,0
SMB_EU_001861,1.0,0.0,0.0,0.0,0.0,0.0,1.0,0.0,0.0,10.0,5444.32,-2.28,21.0,259.25,1.0,12.0,0.0,2.0,2.0,0.006,0
SMB_EU_001862,0.0,0.0,1.0,0.0,0.0,0.0,1.0,0.0,0.0,14.0,8718.79,20.32,45.0,193.75,3.0,16.0,0.0,0.0,0.0,0.203,0
SMB_EU_001863,0.0,0.0,0.0,0.0,0.0,0.0,1.0,0.0,0.0,18.0,3055.8,33.18,11.0,277.8,4.0,11.0,2.0,1.0,0.0,0.056,0
SMB_EU_001864,0.0,0.0,1.0,0.0,0.0,1.0,0.0,0.0,0.0,42.0,3663.12,-29.5,35.0,104.66,2.0,8.0,1.0,0.0,2.0,0.152,0
SMB_EU_001865,0.0,0.0,0.0,0.0,1.0,0.0,0.0,0.0,0.0,31.0,21103.29,1.42,73.0,289.09,3.0,9.0,0.0,1.0,2.0,0.033,0
SMB_EU_001866,0.0,0.0,0.0,0.0,1.0,0.0,0.0,0.0,1.0,26.0,3854.8,10.49,24.0,160.62,1.0,14.0,2.0,0.0,0.0,0.048,0
SMB_EU_001867,0.0,0.0,0.0,0.0,0.0,0.0,1.0,0.0,0.0,7.0,23246.67,0.23,86.0,270.31,1.0,8.0,1.0,0.0,3.0,0.053,0
SMB_EU_001868,0.0,0.0,0.0,0.0,0.0,0.0,0.0,0.0,0.0,38.0,30898.11,-27.54,136.0,227.19,2.0,11.0,0.0,0.0,1.0,0.116,0
SMB_EU_001869,0.0,0.0,0.0,0.0,0.0,0.0,0.0,0.0,0.0,7.0,11148.82,-51.93,38.0,293.39,3.0,7.0,1.0,0.0,0.0,0.058,0
SMB_EU_001870,1.0,0.0,0.0,0.0,0.0,0.0,1.0,0.0,0.0,23.0,4988.4,-14.27,18.0,277.13,3.0,10.0,0.0,0.0,2.0,0.086,0
SMB_EU_001871,1.0,0.0,0.0,0.0,0.0,0.0,0.0,1.0,0.0,32.0,5644.05,-10.15,20.0,282.2,4.0,16.0,3.0,0.0,1.0,0.063,0
SMB_EU_001872,0.0,0.0,0.0,0.0,0.0,0.0,1.0,0.0,0.0,33.0,3356.72,-1.62,15.0,223.78,2.0,10.0,0.0,0.0,1.0,0.094,0
SMB_EU_001873,0.0,0.0,0.0,1.0,0.0,0.0,0.0,0.0,1.0,29.0,2707.27,16.83,10.0,270.73,2.0,7.0,0.0,0.0,1.0,0.04,0
SMB_EU_001874,0.0,0.0,0.0,0.0,1.0,0.0,0.0,1.0,0.0,30.0,3795.58,6.61,15.0,253.04,3.0,7.0,1.0,0.0,2.0,0.056,0
SMB_EU_001875,1.0,0.0,0.0,0.0,0.0,0.0,0.0,0.0,0.0,28.0,13840.8,12.19,120.0,115.34,1.0,9.0,0.0,2.0,1.0,0.022,0
SMB_EU_001876,0.0,0.0,1.0,0.0,0.0,0.0,0.0,0.0,0.0,9.0,15874.38,-28.38,71.0,223.58,3.0,7.0,1.0,1.0,1.0,0.053,0
SMB_EU_001877,0.0,0.0,1.0,0.0,0.0,1.0,0.0,0.0,0.0,8.0,4149.2,10.92,37.0,112.14,2.0,10.0,0.0,0.0,3.0,0.136,0
SMB_EU_001878,0.0,0.0,0.0,1.0,0.0,0.0,0.0,0.0,0.0,45.0,32214.55,14.09,119.0,270.71,1.0,10.0,2.0,0.0,0.0,0.067,0
SMB_EU_001879,0.0,1.0,0.0,0.0,0.0,1.0,0.0,0.0,0.0,46.0,2446.54,-33.6,26.0,94.1,1.0,10.0,3.0,1.0,2.0,0.146,1
SMB_EU_001880,0.0,0.0,1.0,0.0,0.0,0.0,1.0,0.0,0.0,11.0,4040.97,11.48,14.0,288.64,4.0,5.0,0.0,1.0,1.0,0.021,0
SMB_EU_001881,0.0,0.0,1.0,0.0,0.0,0.0,1.0,0.0,0.0,30.0,10712.63,-21.36,64.0,167.38,2.0,18.0,3.0,0.0,0.0,0.011,0
SMB_EU_001882,0.0,0.0,0.0,0.0,1.0,0.0,0.0,0.0,0.0,34.0,7471.25,-29.55,64.0,116.74,1.0,9.0,1.0,1.0,3.0,0.127,0
SMB_EU_001883,0.0,0.0,1.0,0.0,0.0,0.0,0.0,0.0,0.0,26.0,7299.88,19.89,26.0,280.76,1.0,13.0,0.0,0.0,0.0,0.099,0
SMB_EU_001884,1.0,0.0,0.0,0.0,0.0,0.0,0.0,1.0,0.0,50.0,5384.1,-15.11,60.0,89.74,2.0,12.0,0.0,2.0,0.0,0.017,0
SMB_EU_001885,0.0,0.0,0.0,0.0,0.0,0.0,1.0,0.0,0.0,19.0,4251.74,-10.74,23.0,184.86,1.0,5.0,1.0,2.0,0.0,0.365,1
SMB_EU_001886,0.0,0.0,0.0,1.0,0.0,0.0,0.0,1.0,0.0,20.0,4616.27,-31.94,19.0,242.96,1.0,12.0,1.0,1.0,0.0,0.103,0
SMB_EU_001887,0.0,0.0,0.0,0.0,0.0,0.0,1.0,0.0,0.0,50.0,5256.83,-26.42,35.0,150.2,3.0,11.0,0.0,0.0,0.0,0.056,0
SMB_EU_001888,0.0,1.0,0.0,0.0,0.0,0.0,0.0,0.0,0.0,9.0,8944.62,-30.83,46.0,194.45,3.0,13.0,2.0,1.0,1.0,0.037,0
SMB_EU_001889,1.0,0.0,0.0,0.0,0.0,0.0,0.0,0.0,0.0,44.0,4248.93,-3.03,18.0,236.05,4.0,9.0,1.0,0.0,0.0,0.276,0
SMB_EU_001890,0.0,0.0,0.0,0.0,1.0,0.0,0.0,0.0,0.0,66.0,16310.16,5.21,56.0,291.25,1.0,7.0,0.0,0.0,3.0,0.044,0
SMB_EU_001891,0.0,0.0,0.0,0.0,0.0,0.0,1.0,0.0,0.0,37.0,3785.31,-3.4,37.0,102.31,4.0,11.0,1.0,0.0,2.0,0.03,0
SMB_EU_001892,0.0,1.0,0.0,0.0,0.0,0.0,0.0,0.0,0.0,25.0,13559.74,1.71,118.0,114.91,1.0,12.0,1.0,0.0,1.0,0.029,0
SMB_EU_001893,1.0,0.0,0.0,0.0,0.0,0.0,0.0,1.0,0.0,9.0,3677.29,-7.55,19.0,193.54,1.0,13.0,0.0,0.0,1.0,0.065,0
SMB_EU_001894,0.0,0.0,0.0,0.0,0.0,0.0,0.0,0.0,0.0,29.0,13251.96,5.28,77.0,172.1,1.0,8.0,2.0,0.0,1.0,0.233,0
SMB_EU_001895,0.0,0.0,1.0,0.0,0.0,0.0,0.0,0.0,0.0,15.0,13711.64,4.71,80.0,171.4,4.0,7.0,0.0,0.0,1.0,0.08,0
SMB_EU_001896,1.0,0.0,0.0,0.0,0.0,0.0,0.0,1.0,0.0,21.0,5615.97,28.47,39.0,144.0,4.0,10.0,1.0,1.0,4.0,0.119,0
SMB_EU_001897,0.0,0.0,1.0,0.0,0.0,0.0,0.0,1.0,0.0,33.0,3230.97,-5.72,16.0,201.94,3.0,13.0,1.0,2.0,2.0,0.06,0
SMB_EU_001898,0.0,0.0,0.0,0.0,0.0,0.0,0.0,0.0,0.0,13.0,31616.15,-2.76,115.0,274.92,1.0,7.0,2.0,0.0,2.0,0.047,0
SMB_EU_001899,0.0,1.0,0.0,0.0,0.0,0.0,0.0,0.0,0.0,10.0,4951.1,3.58,43.0,115.14,3.0,15.0,1.0,0.0,1.0,0.137,0
SMB_EU_001900,1.0,0.0,0.0,0.0,0.0,0.0,0.0,1.0,0.0,17.0,4364.41,14.47,34.0,128.37,2.0,14.0,1.0,2.0,1.0,0.081,0
SMB_EU_001901,0.0,0.0,1.0,0.0,0.0,1.0,0.0,0.0,0.0,61.0,9909.54,-16.37,44.0,225.22,1.0,8.0,0.0,1.0,3.0,0.02,0
SMB_EU_001902,0.0,0.0,0.0,0.0,0.0,0.0,1.0,0.0,0.0,34.0,10649.42,1.55,115.0,92.6,1.0,7.0,1.0,0.0,0.0,0.043,0
SMB_EU_001903,1.0,0.0,0.0,0.0,0.0,0.0,0.0,0.0,0.0,15.0,8357.41,-37.62,37.0,225.88,3.0,4.0,0.0,0.0,2.0,0.095,0
SMB_EU_001904,0.0,0.0,0.0,0.0,0.0,0.0,0.0,1.0,0.0,16.0,3078.65,-4.07,21.0,146.6,3.0,12.0,0.0,0.0,1.0,0.161,0
SMB_EU_001905,1.0,0.0,0.0,0.0,0.0,0.0,1.0,0.0,0.0,54.0,4372.64,-41.7,28.0,156.17,3.0,13.0,1.0,0.0,3.0,0.168,0
SMB_EU_001906,0.0,0.0,0.0,0.0,0.0,0.0,0.0,0.0,1.0,8.0,12893.99,-69.03,76.0,169.66,2.0,8.0,0.0,0.0,1.0,0.097,1
SMB_EU_001907,0.0,0.0,0.0,0.0,1.0,0.0,1.0,0.0,0.0,60.0,5131.96,-36.65,33.0,155.51,2.0,4.0,2.0,0.0,4.0,0.152,1
SMB_EU_001908,0.0,1.0,0.0,0.0,0.0,0.0,0.0,1.0,0.0,13.0,5827.06,-34.7,22.0,264.87,3.0,9.0,0.0,1.0,1.0,0.011,0
SMB_EU_001909,0.0,1.0,0.0,0.0,0.0,0.0,0.0,0.0,0.0,59.0,17577.7,-12.89,61.0,288.16,3.0,11.0,1.0,0.0,3.0,0.028,0
SMB_EU_001910,0.0,0.0,0.0,0.0,0.0,0.0,0.0,0.0,0.0,45.0,62121.14,-22.29,310.0,200.39,1.0,12.0,1.0,2.0,2.0,0.088,0
SMB_EU_001911,0.0,1.0,0.0,0.0,0.0,0.0,0.0,1.0,0.0,12.0,6033.87,-15.68,29.0,208.06,3.0,14.0,1.0,0.0,3.0,0.071,0
SMB_EU_001912,0.0,0.0,0.0,0.0,1.0,0.0,0.0,0.0,0.0,41.0,9219.9,4.39,97.0,95.05,1.0,10.0,0.0,1.0,2.0,0.075,0
SMB_EU_001913,0.0,0.0,0.0,0.0,1.0,0.0,0.0,0.0,0.0,6.0,6246.12,4.63,26.0,240.24,2.0,6.0,2.0,0.0,0.0,0.163,1
SMB_EU_001914,0.0,1.0,0.0,0.0,0.0,0.0,1.0,0.0,0.0,51.0,6779.68,-67.86,33.0,205.44,1.0,8.0,0.0,1.0,2.0,0.06,0
SMB_EU_001915,0.0,0.0,0.0,1.0,0.0,0.0,1.0,0.0,0.0,11.0,7448.33,2.34,82.0,90.83,2.0,11.0,0.0,0.0,2.0,0.122,0
SMB_EU_001916,1.0,0.0,0.0,0.0,0.0,0.0,1.0,0.0,0.0,51.0,2123.41,-14.02,17.0,124.91,1.0,7.0,2.0,0.0,1.0,0.024,0
SMB_EU_001917,0.0,0.0,0.0,0.0,1.0,1.0,0.0,0.0,0.0,9.0,3909.65,7.83,31.0,126.12,4.0,13.0,0.0,1.0,3.0,0.05,0
SMB_EU_001918,0.0,0.0,1.0,0.0,0.0,0.0,1.0,0.0,0.0,12.0,9562.54,-19.72,81.0,118.06,2.0,12.0,0.0,0.0,1.0,0.046,0
SMB_EU_001919,0.0,1.0,0.0,0.0,0.0,0.0,1.0,0.0,0.0,70.0,5812.6,-5.09,26.0,223.56,4.0,14.0,0.0,0.0,0.0,0.142,0
SMB_EU_001920,0.0,1.0,0.0,0.0,0.0,0.0,0.0,0.0,0.0,36.0,26822.05,-3.79,94.0,285.34,1.0,10.0,0.0,1.0,4.0,0.03,0
SMB_EU_001921,0.0,0.0,1.0,0.0,0.0,1.0,0.0,0.0,0.0,13.0,2355.48,16.69,10.0,235.55,3.0,10.0,1.0,0.0,3.0,0.083,0
SMB_EU_001922,0.0,0.0,0.0,0.0,0.0,0.0,0.0,1.0,0.0,32.0,7504.99,2.1,41.0,183.05,4.0,15.0,0.0,0.0,1.0,0.123,0
SMB_EU_001923,0.0,0.0,1.0,0.0,0.0,0.0,1.0,0.0,0.0,31.0,13842.94,-8.49,82.0,168.82,1.0,14.0,3.0,1.0,0.0,0.071,0
SMB_EU_001924,0.0,1.0,0.0,0.0,0.0,0.0,1.0,0.0,0.0,22.0,14201.38,-16.79,86.0,165.13,1.0,7.0,1.0,0.0,0.0,0.077,0
SMB_EU_001925,1.0,0.0,0.0,0.0,0.0,0.0,0.0,0.0,1.0,31.0,3517.36,8.22,17.0,206.9,2.0,12.0,0.0,0.0,2.0,0.057,0
SMB_EU_001926,0.0,0.0,0.0,0.0,0.0,0.0,0.0,0.0,0.0,55.0,18115.75,-4.98,114.0,158.91,2.0,5.0,0.0,0.0,0.0,0.048,0
SMB_EU_001927,0.0,0.0,1.0,0.0,0.0,0.0,0.0,1.0,0.0,44.0,3347.41,15.31,26.0,128.75,1.0,9.0,0.0,0.0,1.0,0.105,0
SMB_EU_001928,0.0,0.0,0.0,1.0,0.0,0.0,0.0,1.0,0.0,38.0,2150.61,-5.34,10.0,215.06,4.0,14.0,1.0,1.0,1.0,0.113,0
SMB_EU_001929,0.0,0.0,1.0,0.0,0.0,0.0,0.0,1.0,0.0,13.0,3900.55,-81.77,24.0,162.52,3.0,7.0,1.0,0.0,1.0,0.119,1
SMB_EU_001930,0.0,0.0,0.0,0.0,0.0,0.0,1.0,0.0,0.0,8.0,4648.08,-39.84,56.0,83.0,2.0,13.0,2.0,0.0,1.0,0.026,0
SMB_EU_001931,0.0,0.0,1.0,0.0,0.0,0.0,0.0,1.0,0.0,25.0,8687.53,6.8,102.0,85.17,1.0,13.0,1.0,2.0,1.0,0.113,0
SMB_EU_001932,0.0,0.0,1.0,0.0,0.0,0.0,0.0,1.0,0.0,45.0,6802.4,-24.1,48.0,141.72,1.0,8.0,1.0,0.0,2.0,0.018,0
SMB_EU_001933,0.0,0.0,1.0,0.0,0.0,1.0,0.0,0.0,0.0,4.0,3005.05,-13.28,16.0,187.82,1.0,8.0,0.0,0.0,2.0,0.128,0
SMB_EU_001934,0.0,0.0,1.0,0.0,0.0,0.0,0.0,0.0,0.0,18.0,9713.51,-18.46,62.0,156.67,2.0,12.0,0.0,0.0,1.0,0.258,0
SMB_EU_001935,0.0,0.0,1.0,0.0,0.0,0.0,0.0,0.0,0.0,36.0,11936.87,11.8,140.0,85.26,2.0,10.0,0.0,1.0,1.0,0.117,0
SMB_EU_001936,1.0,0.0,0.0,0.0,0.0,0.0,1.0,0.0,0.0,60.0,7659.9,25.09,59.0,129.83,1.0,7.0,0.0,0.0,0.0,0.065,0
SMB_EU_001937,0.0,1.0,0.0,0.0,0.0,0.0,0.0,0.0,0.0,25.0,27436.58,-3.15,271.0,101.24,4.0,13.0,0.0,1.0,2.0,0.101,0
SMB_EU_001938,1.0,0.0,0.0,0.0,0.0,1.0,0.0,0.0,0.0,17.0,9081.4,7.97,31.0,292.95,2.0,12.0,1.0,0.0,1.0,0.274,0
SMB_EU_001939,0.0,0.0,0.0,1.0,0.0,0.0,0.0,0.0,0.0,26.0,15469.73,7.58,104.0,148.75,1.0,9.0,1.0,1.0,0.0,0.051,0
SMB_EU_001940,0.0,0.0,0.0,0.0,0.0,0.0,0.0,0.0,0.0,38.0,12828.39,-0.03,154.0,83.3,3.0,6.0,1.0,0.0,5.0,0.062,1
SMB_EU_001941,0.0,0.0,0.0,0.0,0.0,0.0,0.0,0.0,0.0,6.0,5176.03,-9.79,23.0,225.04,1.0,9.0,3.0,0.0,2.0,0.033,1
SMB_EU_001942,0.0,1.0,0.0,0.0,0.0,1.0,0.0,0.0,0.0,12.0,13026.14,-3.3,99.0,131.58,3.0,5.0,1.0,0.0,1.0,0.074,0
SMB_EU_001943,1.0,0.0,0.0,0.0,0.0,0.0,0.0,0.0,1.0,13.0,6882.39,-5.11,34.0,202.42,3.0,5.0,0.0,0.0,1.0,0.045,0
SMB_EU_001944,1.0,0.0,0.0,0.0,0.0,0.0,1.0,0.0,0.0,20.0,20335.04,1.13,180.0,112.97,4.0,11.0,1.0,1.0,2.0,0.104,0
SMB_EU_001945,1.0,0.0,0.0,0.0,0.0,0.0,0.0,0.0,0.0,53.0,16873.02,37.56,57.0,296.02,1.0,6.0,0.0,0.0,2.0,0.05,0
SMB_EU_001946,0.0,0.0,0.0,1.0,0.0,0.0,1.0,0.0,0.0,11.0,26966.95,0.46,92.0,293.12,1.0,9.0,1.0,1.0,0.0,0.038,0
SMB_EU_001947,0.0,0.0,0.0,1.0,0.0,1.0,0.0,0.0,0.0,15.0,8632.66,-12.82,38.0,227.18,1.0,14.0,1.0,0.0,0.0,0.139,0
SMB_EU_001948,0.0,0.0,0.0,0.0,0.0,0.0,0.0,1.0,0.0,8.0,2117.48,-17.32,9.0,235.28,1.0,15.0,0.0,3.0,4.0,0.119,0
SMB_EU_001949,0.0,1.0,0.0,0.0,0.0,0.0,0.0,0.0,1.0,20.0,6225.01,-6.78,36.0,172.92,3.0,7.0,1.0,0.0,2.0,0.06,0
SMB_EU_001950,0.0,0.0,0.0,1.0,0.0,0.0,0.0,0.0,0.0,22.0,13552.48,-68.19,46.0,294.62,3.0,9.0,0.0,1.0,4.0,0.156,1
SMB_EU_001951,0.0,0.0,0.0,0.0,0.0,0.0,0.0,0.0,1.0,23.0,5327.89,9.95,31.0,171.87,4.0,13.0,0.0,0.0,1.0,0.155,0
SMB_EU_001952,0.0,1.0,0.0,0.0,0.0,0.0,1.0,0.0,0.0,101.0,6380.24,-49.8,48.0,132.92,1.0,7.0,1.0,0.0,1.0,0.051,1
SMB_EU_001953,0.0,0.0,1.0,0.0,0.0,1.0,0.0,0.0,0.0,45.0,2642.16,-19.0,25.0,105.69,3.0,16.0,1.0,1.0,1.0,0.103,0
SMB_EU_001954,1.0,0.0,0.0,0.0,0.0,0.0,1.0,0.0,0.0,25.0,8027.51,-17.44,64.0,125.43,1.0,8.0,0.0,0.0,0.0,0.159,0
SMB_EU_001955,0.0,0.0,0.0,0.0,1.0,0.0,0.0,1.0,0.0,37.0,5765.46,-9.46,28.0,205.91,4.0,10.0,1.0,0.0,3.0,0.007,0
SMB_EU_001956,0.0,0.0,0.0,0.0,1.0,0.0,0.0,0.0,0.0,17.0,8211.9,6.38,61.0,134.62,1.0,5.0,3.0,1.0,1.0,0.02,0
SMB_EU_001957,0.0,0.0,1.0,0.0,0.0,1.0,0.0,0.0,0.0,89.0,19219.24,7.49,86.0,223.48,3.0,8.0,0.0,0.0,3.0,0.3,0
SMB_EU_001958,0.0,0.0,0.0,1.0,0.0,0.0,0.0,1.0,0.0,46.0,5194.22,8.19,32.0,162.32,1.0,9.0,1.0,2.0,1.0,0.043,0
SMB_EU_001959,0.0,0.0,1.0,0.0,0.0,0.0,1.0,0.0,0.0,42.0,4900.79,-4.02,18.0,272.27,1.0,2.0,1.0,0.0,0.0,0.022,0
SMB_EU_001960,1.0,0.0,0.0,0.0,0.0,0.0,1.0,0.0,0.0,61.0,3009.33,10.29,15.0,200.62,3.0,12.0,0.0,1.0,1.0,0.183,0
SMB_EU_001961,0.0,0.0,0.0,0.0,0.0,0.0,0.0,1.0,0.0,75.0,5183.1,-13.84,24.0,215.96,4.0,12.0,0.0,0.0,1.0,0.043,0
SMB_EU_001962,0.0,1.0,0.0,0.0,0.0,0.0,0.0,0.0,0.0,12.0,12829.63,-36.81,63.0,203.64,3.0,15.0,2.0,1.0,1.0,0.085,0
SMB_EU_001963,1.0,0.0,0.0,0.0,0.0,0.0,1.0,0.0,0.0,56.0,12797.71,10.6,47.0,272.29,1.0,8.0,0.0,0.0,2.0,0.3,0
SMB_EU_001964,0.0,1.0,0.0,0.0,0.0,0.0,0.0,0.0,0.0,35.0,13763.61,-53.28,146.0,94.27,2.0,9.0,1.0,0.0,0.0,0.06,1
SMB_EU_001965,0.0,0.0,1.0,0.0,0.0,1.0,0.0,0.0,0.0,32.0,2931.54,-9.15,31.0,94.57,1.0,8.0,1.0,1.0,1.0,0.038,0
SMB_EU_001966,0.0,0.0,1.0,0.0,0.0,0.0,1.0,0.0,0.0,69.0,21799.18,-22.07,93.0,234.4,3.0,7.0,1.0,0.0,2.0,0.205,1
SMB_EU_001967,0.0,0.0,0.0,0.0,0.0,0.0,0.0,0.0,0.0,12.0,19480.72,-30.55,78.0,249.75,1.0,11.0,1.0,0.0,2.0,0.15,1
SMB_EU_001968,0.0,1.0,0.0,0.0,0.0,0.0,1.0,0.0,0.0,26.0,6868.71,0.78,39.0,176.12,4.0,17.0,0.0,0.0,1.0,0.018,0
SMB_EU_001969,0.0,1.0,0.0,0.0,0.0,0.0,0.0,0.0,0.0,23.0,16557.4,24.73,105.0,157.69,2.0,9.0,2.0,0.0,1.0,0.025,0
SMB_EU_001970,0.0,0.0,0.0,0.0,0.0,0.0,0.0,1.0,0.0,35.0,6644.99,-2.08,47.0,141.38,2.0,9.0,1.0,1.0,1.0,0.012,0
SMB_EU_001971,0.0,0.0,0.0,0.0,0.0,0.0,0.0,0.0,1.0,36.0,3818.7,-5.42,29.0,131.68,3.0,17.0,1.0,0.0,2.0,0.071,0
SMB_EU_001972,1.0,0.0,0.0,0.0,0.0,1.0,0.0,0.0,0.0,55.0,6595.42,-0.37,24.0,274.81,3.0,11.0,0.0,0.0,1.0,0.17,0
SMB_EU_001973,0.0,1.0,0.0,0.0,0.0,0.0,1.0,0.0,0.0,27.0,6106.58,32.69,42.0,145.39,1.0,3.0,1.0,0.0,1.0,0.126,0
SMB_EU_001974,0.0,0.0,0.0,1.0,0.0,0.0,0.0,0.0,1.0,73.0,12202.06,11.28,55.0,221.86,1.0,5.0,1.0,0.0,2.0,0.084,0
SMB_EU_001975,0.0,1.0,0.0,0.0,0.0,0.0,0.0,0.0,0.0,38.0,9620.93,-14.0,38.0,253.18,1.0,10.0,1.0,1.0,1.0,0.135,1
SMB_EU_001976,0.0,0.0,0.0,0.0,1.0,0.0,1.0,0.0,0.0,11.0,5565.69,-53.39,66.0,84.33,2.0,7.0,2.0,1.0,2.0,0.097,1
SMB_EU_001977,0.0,1.0,0.0,0.0,0.0,0.0,0.0,0.0,1.0,17.0,24408.89,4.99,279.0,87.49,1.0,12.0,1.0,0.0,0.0,0.06,0
SMB_EU_001978,0.0,0.0,0.0,1.0,0.0,0.0,0.0,1.0,0.0,42.0,10464.46,-15.85,68.0,153.89,3.0,11.0,2.0,1.0,1.0,0.032,0
SMB_EU_001979,0.0,0.0,0.0,0.0,1.0,0.0,0.0,1.0,0.0,36.0,692.19,11.39,3.0,230.73,1.0,12.0,3.0,0.0,0.0,0.13,0
SMB_EU_001980,0.0,0.0,0.0,0.0,1.0,0.0,0.0,1.0,0.0,35.0,10009.1,-12.27,73.0,137.11,3.0,6.0,0.0,1.0,1.0,0.128,0
SMB_EU_001981,0.0,0.0,0.0,0.0,0.0,0.0,1.0,0.0,0.0,80.0,7654.17,-22.66,95.0,80.57,3.0,12.0,0.0,1.0,0.0,0.028,0
SMB_EU_001982,1.0,0.0,0.0,0.0,0.0,0.0,1.0,0.0,0.0,51.0,5230.63,-19.78,36.0,145.3,4.0,13.0,1.0,4.0,2.0,0.061,0
SMB_EU_001983,0.0,0.0,0.0,1.0,0.0,1.0,0.0,0.0,0.0,20.0,3278.73,-1.23,33.0,99.36,1.0,8.0,0.0,0.0,0.0,0.055,0
SMB_EU_001984,0.0,0.0,0.0,1.0,0.0,0.0,1.0,0.0,0.0,24.0,4526.6,-0.02,35.0,129.33,3.0,10.0,1.0,1.0,1.0,0.076,0
SMB_EU_001985,0.0,0.0,0.0,0.0,0.0,0.0,0.0,0.0,0.0,19.0,9975.07,-11.47,65.0,153.46,4.0,10.0,0.0,1.0,2.0,0.224,0
SMB_EU_001986,0.0,0.0,0.0,0.0,0.0,0.0,0.0,1.0,0.0,14.0,2542.53,-9.38,24.0,105.94,1.0,11.0,0.0,0.0,2.0,0.153,0
SMB_EU_001987,1.0,0.0,0.0,0.0,0.0,0.0,0.0,1.0,0.0,84.0,2218.16,16.93,9.0,246.46,4.0,13.0,1.0,0.0,0.0,0.017,0
SMB_EU_001988,0.0,0.0,0.0,1.0,0.0,0.0,0.0,0.0,0.0,36.0,8035.12,-36.62,59.0,136.19,1.0,13.0,0.0,1.0,1.0,0.012,0
SMB_EU_001989,0.0,0.0,0.0,1.0,0.0,0.0,0.0,1.0,0.0,10.0,6070.7,-14.35,27.0,224.84,1.0,6.0,1.0,0.0,5.0,0.103,0
SMB_EU_001990,1.0,0.0,0.0,0.0,0.0,0.0,0.0,1.0,0.0,69.0,5152.55,-29.26,24.0,214.69,2.0,14.0,0.0,0.0,0.0,0.043,0
SMB_EU_001991,1.0,0.0,0.0,0.0,0.0,1.0,0.0,0.0,0.0,15.0,8375.19,-13.72,30.0,279.17,1.0,9.0,0.0,0.0,1.0,0.107,0
SMB_EU_001992,0.0,0.0,0.0,0.0,0.0,0.0,1.0,0.0,0.0,32.0,7687.68,2.36,77.0,99.84,4.0,6.0,0.0,2.0,2.0,0.096,0
SMB_EU_001993,0.0,0.0,1.0,0.0,0.0,0.0,0.0,0.0,0.0,28.0,6848.59,-9.48,54.0,126.83,1.0,8.0,0.0,0.0,0.0,0.028,0
SMB_EU_001994,0.0,0.0,0.0,0.0,0.0,0.0,0.0,0.0,0.0,7.0,20180.46,-40.42,75.0,269.07,2.0,11.0,3.0,0.0,0.0,0.05,1
SMB_EU_001995,1.0,0.0,0.0,0.0,0.0,0.0,1.0,0.0,0.0,4.0,4378.16,-8.84,17.0,257.54,2.0,11.0,2.0,1.0,3.0,0.094,1
SMB_EU_001996,0.0,0.0,1.0,0.0,0.0,0.0,0.0,0.0,0.0,45.0,22109.75,-1.09,181.0,122.15,3.0,13.0,0.0,2.0,1.0,0.021,0
SMB_EU_001997,0.0,0.0,0.0,0.0,1.0,0.0,1.0,0.0,0.0,59.0,3974.46,11.77,38.0,104.59,1.0,14.0,0.0,1.0,1.0,0.046,0
SMB_EU_001998,0.0,0.0,0.0,0.0,0.0,0.0,0.0,0.0,0.0,33.0,9930.04,-0.01,37.0,268.38,3.0,11.0,0.0,1.0,3.0,0.103,0
SMB_EU_001999,0.0,0.0,0.0,0.0,0.0,0.0,0.0,0.0,1.0,118.0,7245.57,0.93,61.0,118.78,1.0,7.0,1.0,0.0,2.0,0.081,0
SMB_EU_002000,0.0,1.0,0.0,0.0,0.0,0.0,1.0,0.0,0.0,16.0,11990.14,-3.37,44.0,272.5,3.0,17.0,0.0,0.0,0.0,0.097,0
SMB_EU_002001,0.0,1.0,0.0,0.0,0.0,0.0,0.0,1.0,0.0,6.0,5556.88,-7.49,19.0,292.47,4.0,11.0,1.0,0.0,1.0,0.066,0
SMB_EU_002002,0.0,1.0,0.0,0.0,0.0,1.0,0.0,0.0,0.0,36.0,6072.44,-27.91,47.0,129.2,1.0,6.0,0.0,0.0,1.0,0.053,0
SMB_EU_002003,0.0,0.0,0.0,0.0,1.0,0.0,1.0,0.0,0.0,12.0,24799.98,11.14,94.0,263.83,1.0,8.0,1.0,0.0,1.0,0.068,0
SMB_EU_002004,0.0,1.0,0.0,0.0,0.0,0.0,0.0,0.0,1.0,26.0,2989.29,30.68,17.0,175.84,2.0,7.0,0.0,0.0,0.0,0.049,0
SMB_EU_002005,0.0,1.0,0.0,0.0,0.0,1.0,0.0,0.0,0.0,52.0,3217.91,9.16,13.0,247.53,1.0,14.0,0.0,0.0,3.0,0.078,0
SMB_EU_002006,1.0,0.0,0.0,0.0,0.0,0.0,0.0,0.0,0.0,18.0,7840.77,-7.48,46.0,170.45,1.0,12.0,0.0,1.0,1.0,0.177,0
SMB_EU_002007,0.0,0.0,0.0,1.0,0.0,0.0,0.0,1.0,0.0,26.0,1728.14,-44.74,18.0,96.01,1.0,13.0,1.0,1.0,0.0,0.077,1
SMB_EU_002008,1.0,0.0,0.0,0.0,0.0,0.0,0.0,0.0,0.0,57.0,9740.95,-18.34,41.0,237.58,2.0,14.0,1.0,0.0,2.0,0.071,0
SMB_EU_002009,0.0,0.0,0.0,0.0,0.0,1.0,0.0,0.0,0.0,23.0,9065.0,-12.22,80.0,113.31,1.0,13.0,2.0,2.0,1.0,0.003,0
SMB_EU_002010,0.0,0.0,0.0,1.0,0.0,0.0,1.0,0.0,0.0,36.0,5609.45,12.15,20.0,280.47,2.0,8.0,0.0,0.0,0.0,0.047,0
SMB_EU_002011,0.0,0.0,0.0,0.0,0.0,0.0,0.0,1.0,0.0,40.0,4094.47,-11.4,24.0,170.6,2.0,4.0,1.0,0.0,1.0,0.139,1
SMB_EU_002012,0.0,0.0,0.0,0.0,0.0,0.0,0.0,0.0,0.0,23.0,5336.22,5.24,54.0,98.82,3.0,6.0,0.0,0.0,2.0,0.162,0
SMB_EU_002013,0.0,0.0,0.0,0.0,1.0,1.0,0.0,0.0,0.0,24.0,3720.45,-15.9,29.0,128.29,4.0,11.0,0.0,0.0,2.0,0.093,0
SMB_EU_002014,0.0,0.0,0.0,0.0,0.0,0.0,1.0,0.0,0.0,26.0,6064.32,-32.38,22.0,275.65,2.0,6.0,1.0,0.0,1.0,0.107,0
SMB_EU_002015,0.0,0.0,0.0,1.0,0.0,1.0,0.0,0.0,0.0,16.0,8821.57,-18.51,59.0,149.52,2.0,14.0,1.0,3.0,2.0,0.08,0
SMB_EU_002016,0.0,1.0,0.0,0.0,0.0,0.0,0.0,1.0,0.0,35.0,1830.31,4.09,7.0,261.47,1.0,8.0,0.0,0.0,1.0,0.026,0
SMB_EU_002017,0.0,1.0,0.0,0.0,0.0,0.0,0.0,0.0,0.0,17.0,11416.33,-2.97,97.0,117.69,2.0,11.0,0.0,0.0,1.0,0.134,0
SMB_EU_002018,0.0,0.0,0.0,0.0,1.0,1.0,0.0,0.0,0.0,18.0,11517.3,-40.03,63.0,182.81,4.0,7.0,2.0,1.0,0.0,0.051,0
SMB_EU_002019,0.0,0.0,0.0,0.0,0.0,0.0,0.0,0.0,0.0,12.0,11484.52,-5.94,42.0,273.44,3.0,9.0,1.0,1.0,1.0,0.041,1
SMB_EU_002020,0.0,0.0,1.0,0.0,0.0,0.0,0.0,1.0,0.0,60.0,1405.09,-42.1,16.0,87.82,1.0,9.0,1.0,0.0,0.0,0.084,0
SMB_EU_002021,0.0,0.0,0.0,0.0,1.0,0.0,0.0,0.0,0.0,9.0,32315.78,2.32,220.0,146.89,4.0,8.0,0.0,0.0,0.0,0.083,0
SMB_EU_002022,0.0,0.0,1.0,0.0,0.0,0.0,0.0,1.0,0.0,81.0,7770.82,-15.03,28.0,277.53,3.0,10.0,2.0,1.0,1.0,0.164,0
SMB_EU_002023,0.0,0.0,0.0,0.0,1.0,0.0,0.0,1.0,0.0,25.0,8423.93,-15.12,40.0,210.6,1.0,7.0,0.0,0.0,1.0,0.072,1
SMB_EU_002024,0.0,0.0,0.0,0.0,0.0,0.0,0.0,0.0,0.0,20.0,5268.68,-5.38,22.0,239.49,3.0,10.0,0.0,2.0,0.0,0.104,0
SMB_EU_002025,0.0,1.0,0.0,0.0,0.0,0.0,1.0,0.0,0.0,12.0,19824.43,-30.26,75.0,264.33,1.0,11.0,0.0,0.0,2.0,0.108,0
SMB_EU_002026,0.0,1.0,0.0,0.0,0.0,0.0,0.0,0.0,0.0,13.0,9431.78,-15.08,48.0,196.5,2.0,10.0,0.0,4.0,0.0,0.049,0
SMB_EU_002027,1.0,0.0,0.0,0.0,0.0,0.0,0.0,1.0,0.0,16.0,3683.17,13.86,14.0,263.08,1.0,14.0,1.0,0.0,1.0,0.104,0
SMB_EU_002028,0.0,0.0,0.0,0.0,1.0,0.0,1.0,0.0,0.0,120.0,5247.62,-5.02,24.0,218.65,1.0,11.0,2.0,1.0,1.0,0.064,0
SMB_EU_002029,0.0,1.0,0.0,0.0,0.0,0.0,0.0,0.0,0.0,16.0,26475.31,-3.4,115.0,230.22,3.0,10.0,4.0,0.0,1.0,0.103,0
SMB_EU_002030,0.0,0.0,1.0,0.0,0.0,0.0,0.0,1.0,0.0,37.0,4488.68,-78.69,40.0,112.22,3.0,11.0,0.0,1.0,1.0,0.175,1
SMB_EU_002031,0.0,0.0,0.0,0.0,0.0,0.0,0.0,0.0,0.0,22.0,20027.27,31.07,70.0,286.1,1.0,13.0,0.0,0.0,1.0,0.045,0
SMB_EU_002032,0.0,0.0,1.0,0.0,0.0,1.0,0.0,0.0,0.0,86.0,6279.56,36.41,25.0,251.18,1.0,15.0,3.0,0.0,0.0,0.096,0
SMB_EU_002033,0.0,0.0,0.0,1.0,0.0,0.0,1.0,0.0,0.0,31.0,7556.56,-11.71,56.0,134.94,2.0,10.0,0.0,0.0,1.0,0.02,0
SMB_EU_002034,0.0,0.0,0.0,0.0,1.0,0.0,1.0,0.0,0.0,10.0,4532.94,18.39,22.0,206.04,3.0,9.0,1.0,2.0,0.0,0.168,0
SMB_EU_002035,0.0,0.0,1.0,0.0,0.0,0.0,0.0,1.0,0.0,19.0,14831.04,-1.38,91.0,162.98,1.0,7.0,1.0,0.0,0.0,0.045,0
SMB_EU_002036,0.0,1.0,0.0,0.0,0.0,0.0,1.0,0.0,0.0,106.0,3324.79,24.06,15.0,221.65,3.0,7.0,1.0,0.0,2.0,0.066,0
SMB_EU_002037,0.0,0.0,0.0,0.0,0.0,0.0,0.0,0.0,0.0,46.0,19209.45,5.04,64.0,300.15,4.0,13.0,1.0,1.0,0.0,0.031,0
SMB_EU_002038,0.0,0.0,0.0,0.0,0.0,0.0,0.0,1.0,0.0,26.0,6267.84,-25.49,70.0,89.54,2.0,11.0,0.0,0.0,3.0,0.107,0
SMB_EU_002039,0.0,1.0,0.0,0.0,0.0,0.0,0.0,0.0,0.0,13.0,29984.0,-37.49,104.0,288.31,1.0,14.0,1.0,1.0,2.0,0.222,1
SMB_EU_002040,0.0,1.0,0.0,0.0,0.0,0.0,0.0,0.0,1.0,14.0,20698.86,-13.18,216.0,95.83,1.0,8.0,0.0,0.0,3.0,0.112,1
SMB_EU_002041,0.0,0.0,0.0,0.0,1.0,0.0,0.0,0.0,1.0,11.0,8287.86,0.31,46.0,180.17,1.0,8.0,2.0,0.0,3.0,0.111,0
SMB_EU_002042,0.0,0.0,1.0,0.0,0.0,0.0,0.0,0.0,0.0,7.0,20620.52,2.98,111.0,185.77,1.0,9.0,1.0,2.0,0.0,0.077,0
SMB_EU_002043,0.0,0.0,0.0,1.0,0.0,0.0,1.0,0.0,0.0,44.0,23066.14,-18.22,166.0,138.95,3.0,11.0,0.0,0.0,0.0,0.204,0
SMB_EU_002044,0.0,0.0,0.0,0.0,0.0,0.0,0.0,1.0,0.0,39.0,4808.24,-10.93,23.0,209.05,1.0,11.0,0.0,0.0,0.0,0.121,0
SMB_EU_002045,0.0,0.0,0.0,0.0,1.0,0.0,0.0,0.0,0.0,29.0,7910.49,8.3,30.0,263.68,1.0,14.0,0.0,0.0,0.0,0.07,0
SMB_EU_002046,1.0,0.0,0.0,0.0,0.0,0.0,1.0,0.0,0.0,65.0,6351.94,-20.75,44.0,144.36,2.0,7.0,1.0,0.0,1.0,0.084,0
SMB_EU_002047,0.0,0.0,0.0,0.0,0.0,0.0,0.0,1.0,0.0,43.0,2285.65,2.01,24.0,95.24,4.0,12.0,2.0,0.0,0.0,0.033,0
SMB_EU_002048,1.0,0.0,0.0,0.0,0.0,0.0,1.0,0.0,0.0,8.0,9999.47,18.57,46.0,217.38,1.0,6.0,1.0,0.0,0.0,0.175,0
SMB_EU_002049,0.0,0.0,1.0,0.0,0.0,0.0,0.0,1.0,0.0,27.0,9469.84,5.78,39.0,242.82,3.0,14.0,1.0,0.0,1.0,0.227,0
SMB_EU_002050,0.0,0.0,0.0,0.0,0.0,0.0,1.0,0.0,0.0,48.0,7439.6,-40.29,26.0,286.14,2.0,10.0,0.0,2.0,1.0,0.082,0
SMB_EU_002051,0.0,0.0,0.0,1.0,0.0,0.0,1.0,0.0,0.0,27.0,3024.86,-30.3,26.0,116.34,3.0,9.0,2.0,0.0,3.0,0.027,1
SMB_EU_002052,0.0,0.0,0.0,1.0,0.0,0.0,1.0,0.0,0.0,29.0,14767.55,-12.33,53.0,278.63,3.0,12.0,1.0,0.0,0.0,0.139,0
SMB_EU_002053,0.0,0.0,0.0,0.0,0.0,0.0,0.0,0.0,1.0,7.0,3100.13,30.81,17.0,182.36,1.0,15.0,0.0,1.0,0.0,0.089,0
SMB_EU_002054,0.0,0.0,0.0,0.0,1.0,1.0,0.0,0.0,0.0,17.0,2373.08,-8.99,18.0,131.84,2.0,10.0,0.0,0.0,2.0,0.119,0
SMB_EU_002055,0.0,0.0,0.0,0.0,1.0,0.0,0.0,1.0,0.0,37.0,4492.61,18.97,15.0,299.51,3.0,10.0,1.0,0.0,1.0,0.081,0
SMB_EU_002056,0.0,0.0,1.0,0.0,0.0,0.0,0.0,0.0,0.0,24.0,17446.19,-9.16,132.0,132.17,4.0,9.0,1.0,0.0,1.0,0.043,0
SMB_EU_002057,0.0,0.0,0.0,1.0,0.0,0.0,0.0,0.0,0.0,8.0,19324.98,-4.17,80.0,241.56,1.0,11.0,0.0,0.0,2.0,0.058,0
SMB_EU_002058,0.0,1.0,0.0,0.0,0.0,0.0,1.0,0.0,0.0,47.0,7688.75,7.73,30.0,256.29,1.0,10.0,1.0,0.0,1.0,0.072,0
SMB_EU_002059,0.0,0.0,1.0,0.0,0.0,0.0,0.0,0.0,0.0,23.0,43123.86,1.51,247.0,174.59,1.0,7.0,0.0,0.0,0.0,0.178,0
SMB_EU_002060,0.0,0.0,1.0,0.0,0.0,1.0,0.0,0.0,0.0,28.0,6239.25,5.72,27.0,231.08,3.0,10.0,2.0,0.0,2.0,0.013,0
SMB_EU_002061,0.0,0.0,0.0,0.0,0.0,1.0,0.0,0.0,0.0,8.0,11162.5,-12.28,54.0,206.71,3.0,12.0,1.0,0.0,0.0,0.044,0
SMB_EU_002062,0.0,0.0,0.0,1.0,0.0,0.0,0.0,0.0,0.0,6.0,24052.12,-40.35,197.0,122.09,2.0,8.0,1.0,0.0,1.0,0.111,1
SMB_EU_002063,1.0,0.0,0.0,0.0,0.0,0.0,0.0,0.0,1.0,30.0,4143.33,-13.29,17.0,243.73,1.0,11.0,2.0,0.0,1.0,0.066,1
SMB_EU_002064,0.0,0.0,0.0,1.0,0.0,0.0,1.0,0.0,0.0,60.0,7225.4,-55.52,25.0,289.02,1.0,8.0,1.0,0.0,1.0,0.058,1
SMB_EU_002065,0.0,0.0,0.0,0.0,0.0,0.0,0.0,0.0,1.0,46.0,32175.87,-3.44,172.0,187.07,2.0,7.0,0.0,1.0,0.0,0.079,0
SMB_EU_002066,1.0,0.0,0.0,0.0,0.0,0.0,1.0,0.0,0.0,42.0,5911.09,15.56,20.0,295.55,4.0,13.0,1.0,1.0,2.0,0.025,0
SMB_EU_002067,0.0,0.0,0.0,0.0,0.0,0.0,0.0,0.0,0.0,31.0,10006.93,-22.48,57.0,175.56,3.0,6.0,3.0,2.0,1.0,0.125,1
SMB_EU_002068,0.0,1.0,0.0,0.0,0.0,0.0,0.0,0.0,0.0,10.0,16616.49,7.27,90.0,184.63,3.0,17.0,1.0,0.0,1.0,0.081,0
SMB_EU_002069,0.0,0.0,0.0,0.0,0.0,0.0,0.0,0.0,0.0,3.0,11324.16,2.12,50.0,226.48,2.0,11.0,1.0,0.0,0.0,0.178,0
SMB_EU_002070,0.0,1.0,0.0,0.0,0.0,1.0,0.0,0.0,0.0,115.0,3726.75,-16.73,31.0,120.22,4.0,10.0,0.0,0.0,3.0,0.065,0
SMB_EU_002071,1.0,0.0,0.0,0.0,0.0,0.0,0.0,0.0,0.0,23.0,11224.29,-28.92,40.0,280.61,3.0,6.0,1.0,0.0,1.0,0.025,1
SMB_EU_002072,0.0,0.0,0.0,1.0,0.0,0.0,0.0,0.0,0.0,17.0,35419.27,-43.92,138.0,256.66,1.0,14.0,0.0,0.0,1.0,0.066,0
SMB_EU_002073,0.0,0.0,0.0,0.0,0.0,0.0,0.0,1.0,0.0,28.0,4606.49,11.4,17.0,270.97,3.0,7.0,0.0,1.0,2.0,0.064,0
SMB_EU_002074,0.0,0.0,0.0,0.0,1.0,1.0,0.0,0.0,0.0,12.0,2704.49,-16.03,13.0,208.04,2.0,9.0,0.0,0.0,4.0,0.093,0
SMB_EU_002075,0.0,0.0,0.0,0.0,1.0,0.0,0.0,1.0,0.0,19.0,2018.57,-30.61,7.0,288.37,3.0,10.0,0.0,0.0,0.0,0.072,0
SMB_EU_002076,0.0,0.0,0.0,0.0,1.0,0.0,1.0,0.0,0.0,80.0,30069.89,2.64,131.0,229.54,4.0,6.0,0.0,0.0,1.0,0.068,0
SMB_EU_002077,0.0,1.0,0.0,0.0,0.0,1.0,0.0,0.0,0.0,34.0,5247.54,5.31,27.0,194.35,1.0,6.0,0.0,0.0,1.0,0.051,0
SMB_EU_002078,0.0,0.0,0.0,1.0,0.0,1.0,0.0,0.0,0.0,40.0,7787.4,-2.69,27.0,288.42,3.0,6.0,1.0,2.0,3.0,0.105,0
SMB_EU_002079,0.0,0.0,0.0,0.0,1.0,0.0,0.0,0.0,0.0,25.0,9442.53,0.42,53.0,178.16,2.0,6.0,0.0,0.0,1.0,0.041,0
SMB_EU_002080,1.0,0.0,0.0,0.0,0.0,0.0,0.0,0.0,0.0,55.0,18185.81,-18.14,96.0,189.44,4.0,12.0,0.0,0.0,0.0,0.062,0
SMB_EU_002081,0.0,0.0,0.0,0.0,0.0,0.0,0.0,0.0,0.0,54.0,36004.65,-6.88,307.0,117.28,1.0,11.0,0.0,0.0,1.0,0.106,0
SMB_EU_002082,0.0,0.0,0.0,0.0,0.0,0.0,1.0,0.0,0.0,23.0,5409.1,-4.18,19.0,284.69,3.0,9.0,0.0,0.0,2.0,0.087,0
SMB_EU_002083,0.0,0.0,0.0,1.0,0.0,0.0,1.0,0.0,0.0,27.0,10533.85,1.19,82.0,128.46,1.0,9.0,3.0,0.0,0.0,0.062,0
SMB_EU_002084,0.0,0.0,0.0,0.0,1.0,0.0,1.0,0.0,0.0,61.0,3441.8,-18.3,28.0,122.92,1.0,10.0,1.0,0.0,3.0,0.107,0
SMB_EU_002085,0.0,0.0,0.0,1.0,0.0,1.0,0.0,0.0,0.0,28.0,20195.89,-2.28,197.0,102.52,1.0,8.0,2.0,0.0,0.0,0.039,0
SMB_EU_002086,0.0,0.0,0.0,1.0,0.0,1.0,0.0,0.0,0.0,21.0,7048.97,-0.96,39.0,180.74,2.0,9.0,3.0,1.0,0.0,0.151,1
SMB_EU_002087,0.0,0.0,0.0,0.0,0.0,0.0,0.0,0.0,1.0,22.0,7025.51,24.56,50.0,140.51,4.0,10.0,0.0,0.0,1.0,0.014,0
SMB_EU_002088,0.0,0.0,1.0,0.0,0.0,0.0,0.0,1.0,0.0,19.0,4181.68,-4.47,17.0,245.98,1.0,8.0,1.0,1.0,0.0,0.047,0
SMB_EU_002089,1.0,0.0,0.0,0.0,0.0,0.0,1.0,0.0,0.0,28.0,5890.96,-38.31,40.0,147.27,1.0,9.0,0.0,0.0,1.0,0.051,0
SMB_EU_002090,0.0,1.0,0.0,0.0,0.0,0.0,0.0,1.0,0.0,19.0,3796.56,13.78,16.0,237.28,1.0,8.0,0.0,0.0,1.0,0.062,0
SMB_EU_002091,1.0,0.0,0.0,0.0,0.0,0.0,0.0,1.0,0.0,28.0,1151.36,-37.54,9.0,127.93,2.0,9.0,1.0,0.0,2.0,0.002,0
SMB_EU_002092,0.0,0.0,0.0,0.0,1.0,0.0,0.0,0.0,0.0,15.0,14143.72,20.64,108.0,130.96,1.0,11.0,1.0,1.0,1.0,0.063,0
SMB_EU_002093,0.0,0.0,0.0,0.0,0.0,1.0,0.0,0.0,0.0,35.0,5516.99,26.46,21.0,262.71,4.0,8.0,2.0,0.0,3.0,0.129,0
SMB_EU_002094,0.0,0.0,0.0,1.0,0.0,0.0,0.0,0.0,1.0,38.0,12066.36,-0.43,75.0,160.88,2.0,12.0,1.0,1.0,2.0,0.021,0
SMB_EU_002095,0.0,1.0,0.0,0.0,0.0,0.0,0.0,0.0,0.0,43.0,10959.03,-8.09,105.0,104.37,3.0,17.0,2.0,1.0,4.0,0.019,1
SMB_EU_002096,1.0,0.0,0.0,0.0,0.0,0.0,0.0,0.0,1.0,39.0,5666.68,24.41,19.0,298.25,3.0,9.0,1.0,0.0,1.0,0.034,0
SMB_EU_002097,0.0,0.0,1.0,0.0,0.0,0.0,1.0,0.0,0.0,52.0,7962.77,11.93,67.0,118.85,3.0,8.0,0.0,0.0,1.0,0.158,0
SMB_EU_002098,0.0,0.0,1.0,0.0,0.0,0.0,1.0,0.0,0.0,29.0,3040.5,1.23,27.0,112.61,4.0,14.0,0.0,0.0,2.0,0.059,0
SMB_EU_002099,1.0,0.0,0.0,0.0,0.0,0.0,0.0,0.0,0.0,27.0,16347.98,-6.69,103.0,158.72,4.0,7.0,0.0,0.0,0.0,0.109,0
SMB_EU_002100,0.0,1.0,0.0,0.0,0.0,1.0,0.0,0.0,0.0,17.0,1963.38,19.81,19.0,103.34,1.0,3.0,0.0,1.0,0.0,0.062,0
SMB_EU_002101,0.0,0.0,0.0,0.0,1.0,0.0,0.0,1.0,0.0,45.0,9795.56,-5.04,86.0,113.9,4.0,8.0,0.0,0.0,1.0,0.102,0
SMB_EU_002102,0.0,0.0,0.0,1.0,0.0,0.0,0.0,0.0,1.0,18.0,13568.98,3.73,51.0,266.06,2.0,7.0,1.0,0.0,4.0,0.103,0
SMB_EU_002103,0.0,0.0,0.0,0.0,0.0,0.0,0.0,0.0,0.0,6.0,8604.96,-40.7,73.0,117.88,1.0,13.0,0.0,1.0,1.0,0.103,0
SMB_EU_002104,0.0,0.0,1.0,0.0,0.0,0.0,1.0,0.0,0.0,16.0,11895.07,-20.97,114.0,104.34,2.0,6.0,0.0,1.0,2.0,0.084,0
SMB_EU_002105,1.0,0.0,0.0,0.0,0.0,0.0,0.0,1.0,0.0,48.0,5345.99,-20.86,20.0,267.3,1.0,14.0,0.0,0.0,0.0,0.163,0
SMB_EU_002106,0.0,1.0,0.0,0.0,0.0,1.0,0.0,0.0,0.0,41.0,3275.12,-14.07,18.0,181.95,2.0,7.0,1.0,2.0,1.0,0.08,1
SMB_EU_002107,0.0,0.0,0.0,0.0,1.0,0.0,1.0,0.0,0.0,32.0,2376.71,-20.37,21.0,113.18,3.0,8.0,0.0,0.0,1.0,0.048,0
SMB_EU_002108,0.0,0.0,0.0,0.0,1.0,0.0,0.0,0.0,0.0,101.0,18136.23,7.39,87.0,208.46,1.0,14.0,0.0,0.0,2.0,0.216,0
SMB_EU_002109,0.0,1.0,0.0,0.0,0.0,0.0,0.0,1.0,0.0,35.0,3104.55,-17.77,35.0,88.7,1.0,14.0,2.0,0.0,1.0,0.065,1
SMB_EU_002110,0.0,0.0,0.0,0.0,1.0,0.0,0.0,1.0,0.0,14.0,9644.81,2.89,55.0,175.36,4.0,10.0,0.0,1.0,1.0,0.006,0
SMB_EU_002111,0.0,0.0,0.0,0.0,0.0,0.0,0.0,0.0,0.0,13.0,15126.84,27.48,72.0,210.09,2.0,12.0,1.0,0.0,1.0,0.029,0
SMB_EU_002112,0.0,0.0,0.0,0.0,0.0,0.0,0.0,0.0,0.0,39.0,9858.17,21.42,34.0,289.95,1.0,11.0,1.0,0.0,1.0,0.164,1
SMB_EU_002113,0.0,0.0,0.0,0.0,0.0,0.0,0.0,0.0,1.0,67.0,26467.77,-52.03,174.0,152.11,4.0,10.0,1.0,0.0,1.0,0.107,0
SMB_EU_002114,0.0,0.0,0.0,0.0,1.0,1.0,0.0,0.0,0.0,27.0,8479.3,-19.18,34.0,249.39,4.0,10.0,0.0,0.0,2.0,0.222,0
SMB_EU_002115,0.0,0.0,1.0,0.0,0.0,0.0,0.0,0.0,0.0,35.0,1673.64,-11.65,15.0,111.58,1.0,10.0,3.0,0.0,1.0,0.085,0
SMB_EU_002116,0.0,0.0,0.0,0.0,0.0,0.0,0.0,0.0,0.0,37.0,11203.38,-46.13,64.0,175.05,2.0,9.0,0.0,0.0,1.0,0.103,0
SMB_EU_002117,0.0,0.0,0.0,1.0,0.0,0.0,0.0,1.0,0.0,103.0,2179.26,-24.81,17.0,128.19,4.0,9.0,0.0,1.0,1.0,0.05,0
SMB_EU_002118,0.0,0.0,1.0,0.0,0.0,0.0,1.0,0.0,0.0,50.0,4950.87,-0.16,26.0,190.42,1.0,16.0,1.0,0.0,1.0,0.106,0
SMB_EU_002119,0.0,0.0,0.0,0.0,0.0,0.0,1.0,0.0,0.0,59.0,7334.59,-10.23,43.0,170.57,2.0,11.0,3.0,1.0,1.0,0.114,0
SMB_EU_002120,0.0,0.0,0.0,0.0,1.0,0.0,0.0,0.0,0.0,14.0,18550.18,14.31,63.0,294.45,1.0,9.0,1.0,0.0,0.0,0.088,0
SMB_EU_002121,1.0,0.0,0.0,0.0,0.0,0.0,0.0,0.0,0.0,18.0,17546.77,-7.12,62.0,283.01,3.0,11.0,2.0,0.0,1.0,0.244,0
SMB_EU_002122,0.0,0.0,0.0,1.0,0.0,1.0,0.0,0.0,0.0,17.0,11455.65,-4.08,55.0,208.28,1.0,13.0,2.0,1.0,0.0,0.038,0
SMB_EU_002123,0.0,0.0,0.0,0.0,1.0,0.0,1.0,0.0,0.0,23.0,11721.22,5.34,99.0,118.4,2.0,12.0,1.0,2.0,1.0,0.105,0
SMB_EU_002124,0.0,1.0,0.0,0.0,0.0,1.0,0.0,0.0,0.0,29.0,8470.65,-1.63,42.0,201.68,1.0,7.0,0.0,0.0,1.0,0.034,0
SMB_EU_002125,0.0,0.0,0.0,0.0,1.0,0.0,0.0,0.0,0.0,34.0,16927.6,12.16,67.0,252.65,1.0,9.0,0.0,1.0,2.0,0.022,0
SMB_EU_002126,0.0,0.0,1.0,0.0,0.0,0.0,1.0,0.0,0.0,26.0,17314.09,6.46,196.0,88.34,1.0,13.0,2.0,1.0,1.0,0.078,0
SMB_EU_002127,0.0,0.0,1.0,0.0,0.0,0.0,1.0,0.0,0.0,17.0,6617.22,-5.64,38.0,174.14,1.0,9.0,4.0,0.0,1.0,0.062,0
SMB_EU_002128,0.0,0.0,0.0,0.0,0.0,0.0,0.0,0.0,1.0,12.0,7561.3,-27.85,85.0,88.96,3.0,8.0,0.0,0.0,1.0,0.066,0
SMB_EU_002129,0.0,0.0,0.0,0.0,1.0,0.0,0.0,1.0,0.0,36.0,1593.76,22.49,12.0,132.81,4.0,13.0,1.0,0.0,0.0,0.158,0
SMB_EU_002130,0.0,0.0,0.0,1.0,0.0,0.0,1.0,0.0,0.0,43.0,15076.54,-34.11,150.0,100.51,3.0,7.0,2.0,1.0,3.0,0.063,1
SMB_EU_002131,0.0,0.0,0.0,0.0,0.0,0.0,0.0,1.0,0.0,24.0,4774.47,-25.89,16.0,298.4,2.0,10.0,0.0,1.0,2.0,0.092,0
SMB_EU_002132,0.0,0.0,0.0,0.0,0.0,1.0,0.0,0.0,0.0,7.0,34880.32,-28.75,298.0,117.05,1.0,13.0,2.0,0.0,1.0,0.1,0
SMB_EU_002133,0.0,0.0,1.0,0.0,0.0,0.0,0.0,0.0,1.0,50.0,7056.19,-0.17,62.0,113.81,1.0,8.0,0.0,0.0,3.0,0.04,0
SMB_EU_002134,0.0,0.0,0.0,1.0,0.0,0.0,0.0,0.0,0.0,23.0,15818.77,1.5,54.0,292.94,1.0,6.0,0.0,0.0,2.0,0.07,0
SMB_EU_002135,1.0,0.0,0.0,0.0,0.0,1.0,0.0,0.0,0.0,9.0,8328.33,2.23,43.0,193.68,3.0,13.0,2.0,0.0,2.0,0.146,0
SMB_EU_002136,0.0,0.0,0.0,0.0,1.0,0.0,1.0,0.0,0.0,27.0,4130.1,45.21,17.0,242.95,1.0,14.0,0.0,0.0,0.0,0.04,0
SMB_EU_002137,0.0,0.0,0.0,0.0,0.0,0.0,0.0,0.0,0.0,52.0,18600.32,-9.47,122.0,152.46,4.0,3.0,1.0,0.0,2.0,0.02,0
SMB_EU_002138,1.0,0.0,0.0,0.0,0.0,0.0,0.0,0.0,1.0,20.0,9189.13,12.31,47.0,195.51,3.0,13.0,1.0,1.0,1.0,0.038,0
SMB_EU_002139,0.0,0.0,0.0,0.0,0.0,0.0,0.0,0.0,0.0,2.0,12501.36,7.85,153.0,81.71,4.0,7.0,1.0,2.0,1.0,0.181,0
SMB_EU_002140,0.0,0.0,0.0,0.0,1.0,0.0,0.0,0.0,0.0,22.0,30314.09,-10.18,178.0,170.3,2.0,12.0,2.0,0.0,1.0,0.021,0
SMB_EU_002141,1.0,0.0,0.0,0.0,0.0,0.0,1.0,0.0,0.0,16.0,4651.51,12.09,23.0,202.24,2.0,9.0,0.0,1.0,0.0,0.146,0
SMB_EU_002142,0.0,0.0,1.0,0.0,0.0,0.0,0.0,1.0,0.0,31.0,5896.62,-2.46,31.0,190.21,1.0,12.0,0.0,0.0,2.0,0.084,0
SMB_EU_002143,1.0,0.0,0.0,0.0,0.0,1.0,0.0,0.0,0.0,27.0,14361.6,13.13,85.0,168.96,2.0,12.0,1.0,0.0,0.0,0.068,0
SMB_EU_002144,0.0,1.0,0.0,0.0,0.0,0.0,0.0,0.0,0.0,19.0,9816.62,29.41,39.0,251.71,4.0,13.0,0.0,0.0,1.0,0.096,0
SMB_EU_002145,0.0,0.0,0.0,1.0,0.0,0.0,0.0,0.0,1.0,18.0,7531.49,2.26,40.0,188.29,1.0,15.0,0.0,0.0,1.0,0.226,0
SMB_EU_002146,1.0,0.0,0.0,0.0,0.0,0.0,1.0,0.0,0.0,62.0,32675.46,-4.22,149.0,219.3,1.0,9.0,2.0,0.0,2.0,0.21,0
SMB_EU_002147,0.0,0.0,0.0,1.0,0.0,0.0,0.0,0.0,0.0,38.0,19939.14,15.77,165.0,120.84,1.0,8.0,2.0,1.0,2.0,0.159,0
SMB_EU_002148,0.0,1.0,0.0,0.0,0.0,0.0,0.0,0.0,1.0,38.0,6642.62,20.95,25.0,265.7,4.0,12.0,0.0,0.0,1.0,0.07,0
SMB_EU_002149,0.0,0.0,0.0,1.0,0.0,0.0,0.0,0.0,0.0,48.0,24279.32,-13.25,152.0,159.73,1.0,15.0,2.0,1.0,1.0,0.07,0
SMB_EU_002150,1.0,0.0,0.0,0.0,0.0,0.0,0.0,0.0,0.0,23.0,10667.42,-30.51,57.0,187.15,3.0,9.0,2.0,1.0,0.0,0.081,1
SMB_EU_002151,0.0,1.0,0.0,0.0,0.0,0.0,0.0,0.0,0.0,73.0,5865.58,-44.51,37.0,158.53,1.0,7.0,0.0,0.0,0.0,0.033,0
SMB_EU_002152,0.0,0.0,0.0,0.0,0.0,0.0,0.0,1.0,0.0,34.0,11391.37,-1.98,41.0,277.84,3.0,12.0,1.0,1.0,4.0,0.09,0
SMB_EU_002153,1.0,0.0,0.0,0.0,0.0,0.0,1.0,0.0,0.0,29.0,4127.23,-14.31,15.0,275.15,2.0,8.0,1.0,1.0,1.0,0.173,0
SMB_EU_002154,1.0,0.0,0.0,0.0,0.0,0.0,0.0,0.0,1.0,34.0,39183.36,8.11,303.0,129.32,1.0,10.0,1.0,2.0,3.0,0.075,1
SMB_EU_002155,0.0,0.0,0.0,0.0,0.0,0.0,0.0,1.0,0.0,22.0,3727.88,-12.57,15.0,248.53,3.0,4.0,1.0,0.0,1.0,0.088,0
SMB_EU_002156,0.0,1.0,0.0,0.0,0.0,0.0,1.0,0.0,0.0,16.0,28771.93,-5.02,280.0,102.76,3.0,13.0,0.0,1.0,1.0,0.077,0
SMB_EU_002157,0.0,0.0,0.0,0.0,0.0,0.0,0.0,1.0,0.0,56.0,2199.51,0.92,25.0,87.98,2.0,7.0,2.0,1.0,1.0,0.065,0
SMB_EU_002158,0.0,1.0,0.0,0.0,0.0,0.0,0.0,0.0,0.0,11.0,27753.07,-8.65,105.0,264.31,3.0,14.0,0.0,0.0,0.0,0.152,0
SMB_EU_002159,0.0,0.0,0.0,1.0,0.0,0.0,0.0,0.0,0.0,12.0,20244.56,-16.43,186.0,108.84,1.0,10.0,1.0,1.0,1.0,0.193,0
SMB_EU_002160,1.0,0.0,0.0,0.0,0.0,0.0,0.0,1.0,0.0,25.0,8265.46,-7.46,72.0,114.8,4.0,8.0,0.0,0.0,3.0,0.181,0
SMB_EU_002161,0.0,0.0,1.0,0.0,0.0,0.0,0.0,0.0,1.0,14.0,16087.43,1.11,75.0,214.5,1.0,8.0,1.0,0.0,2.0,0.062,0
SMB_EU_002162,0.0,0.0,1.0,0.0,0.0,0.0,1.0,0.0,0.0,7.0,5934.57,-22.13,23.0,258.02,1.0,6.0,2.0,0.0,1.0,0.099,0
SMB_EU_002163,0.0,1.0,0.0,0.0,0.0,0.0,0.0,0.0,0.0,11.0,6839.7,-6.36,56.0,122.14,1.0,12.0,0.0,0.0,1.0,0.236,0
SMB_EU_002164,0.0,0.0,0.0,0.0,1.0,0.0,0.0,0.0,0.0,14.0,14548.67,1.32,138.0,105.43,1.0,13.0,0.0,0.0,1.0,0.011,0
SMB_EU_002165,0.0,0.0,0.0,1.0,0.0,0.0,0.0,0.0,0.0,35.0,17147.77,17.92,177.0,96.88,2.0,12.0,1.0,0.0,3.0,0.057,0
SMB_EU_002166,0.0,0.0,0.0,0.0,1.0,0.0,0.0,0.0,0.0,24.0,11301.59,-4.69,132.0,85.62,2.0,9.0,1.0,0.0,1.0,0.093,0
SMB_EU_002167,0.0,0.0,1.0,0.0,0.0,0.0,1.0,0.0,0.0,50.0,9449.61,-18.69,89.0,106.18,2.0,8.0,0.0,1.0,1.0,0.113,0
SMB_EU_002168,0.0,0.0,0.0,0.0,0.0,1.0,0.0,0.0,0.0,11.0,7312.13,-3.14,25.0,292.49,1.0,8.0,0.0,0.0,1.0,0.08,0
SMB_EU_002169,0.0,0.0,1.0,0.0,0.0,0.0,0.0,0.0,0.0,12.0,8688.8,-8.5,86.0,101.03,1.0,9.0,0.0,0.0,2.0,0.087,0
SMB_EU_002170,0.0,1.0,0.0,0.0,0.0,0.0,1.0,0.0,0.0,31.0,10139.35,8.28,48.0,211.24,3.0,4.0,3.0,0.0,1.0,0.021,0
SMB_EU_002171,0.0,0.0,1.0,0.0,0.0,0.0,0.0,1.0,0.0,16.0,4259.33,-5.07,15.0,283.96,3.0,15.0,0.0,0.0,1.0,0.198,0
SMB_EU_002172,0.0,0.0,0.0,0.0,0.0,0.0,0.0,1.0,0.0,21.0,3285.27,-40.66,15.0,219.02,1.0,13.0,1.0,0.0,2.0,0.171,1
SMB_EU_002173,0.0,0.0,0.0,0.0,0.0,0.0,0.0,0.0,0.0,11.0,24058.19,55.37,276.0,87.17,2.0,8.0,0.0,0.0,1.0,0.182,0
SMB_EU_002174,0.0,0.0,0.0,0.0,1.0,0.0,0.0,0.0,0.0,11.0,9410.78,2.14,45.0,209.13,1.0,13.0,0.0,0.0,2.0,0.069,0
SMB_EU_002175,0.0,1.0,0.0,0.0,0.0,1.0,0.0,0.0,0.0,15.0,4561.99,1.34,16.0,285.12,3.0,7.0,0.0,1.0,2.0,0.189,0
SMB_EU_002176,1.0,0.0,0.0,0.0,0.0,0.0,0.0,0.0,0.0,52.0,15662.68,-77.56,104.0,150.6,4.0,10.0,0.0,1.0,2.0,0.113,0
SMB_EU_002177,0.0,1.0,0.0,0.0,0.0,0.0,1.0,0.0,0.0,9.0,18247.51,-21.97,122.0,149.57,1.0,12.0,0.0,0.0,0.0,0.141,0
SMB_EU_002178,0.0,0.0,1.0,0.0,0.0,0.0,0.0,1.0,0.0,55.0,5613.13,-1.38,42.0,133.65,3.0,12.0,2.0,0.0,3.0,0.082,0
SMB_EU_002179,0.0,0.0,1.0,0.0,0.0,0.0,1.0,0.0,0.0,48.0,10983.72,-47.87,57.0,192.7,2.0,18.0,0.0,1.0,1.0,0.083,0
SMB_EU_002180,0.0,0.0,0.0,1.0,0.0,0.0,1.0,0.0,0.0,19.0,6691.62,-13.5,51.0,131.21,1.0,6.0,0.0,1.0,1.0,0.047,0
SMB_EU_002181,0.0,1.0,0.0,0.0,0.0,0.0,1.0,0.0,0.0,27.0,7631.98,3.56,32.0,238.5,2.0,8.0,3.0,1.0,1.0,0.075,0
SMB_EU_002182,0.0,0.0,0.0,0.0,0.0,0.0,1.0,0.0,0.0,33.0,7768.8,-17.79,35.0,221.97,2.0,9.0,0.0,0.0,0.0,0.084,0
SMB_EU_002183,0.0,0.0,0.0,0.0,0.0,0.0,1.0,0.0,0.0,42.0,9539.35,-37.57,57.0,167.36,3.0,11.0,2.0,1.0,0.0,0.144,1
SMB_EU_002184,0.0,1.0,0.0,0.0,0.0,0.0,0.0,0.0,1.0,12.0,7535.64,-1.5,32.0,235.49,3.0,9.0,1.0,1.0,0.0,0.067,0
SMB_EU_002185,0.0,0.0,1.0,0.0,0.0,0.0,0.0,0.0,0.0,45.0,33516.91,-29.02,330.0,101.57,4.0,16.0,2.0,0.0,0.0,0.176,0
SMB_EU_002186,0.0,0.0,0.0,0.0,1.0,0.0,1.0,0.0,0.0,29.0,6395.16,-40.94,26.0,245.97,2.0,12.0,1.0,0.0,1.0,0.06,0
SMB_EU_002187,0.0,0.0,0.0,0.0,1.0,0.0,1.0,0.0,0.0,13.0,2872.25,12.42,14.0,205.16,2.0,14.0,0.0,1.0,3.0,0.198,0
SMB_EU_002188,1.0,0.0,0.0,0.0,0.0,0.0,0.0,0.0,1.0,29.0,46660.71,-23.63,213.0,219.06,2.0,8.0,0.0,0.0,1.0,0.103,0
SMB_EU_002189,1.0,0.0,0.0,0.0,0.0,0.0,0.0,0.0,0.0,13.0,12324.99,9.25,131.0,94.08,1.0,15.0,0.0,0.0,0.0,0.13,0
SMB_EU_002190,0.0,0.0,1.0,0.0,0.0,0.0,0.0,0.0,0.0,27.0,32981.67,-21.15,153.0,215.57,2.0,15.0,1.0,1.0,2.0,0.004,0
SMB_EU_002191,0.0,1.0,0.0,0.0,0.0,0.0,0.0,1.0,0.0,19.0,11615.17,2.01,62.0,187.34,3.0,15.0,0.0,0.0,0.0,0.152,0
SMB_EU_002192,0.0,0.0,0.0,0.0,1.0,0.0,0.0,0.0,0.0,30.0,26447.95,-29.61,142.0,186.25,1.0,18.0,0.0,2.0,1.0,0.226,0
SMB_EU_002193,0.0,0.0,1.0,0.0,0.0,0.0,0.0,0.0,0.0,31.0,13319.56,-51.88,88.0,151.36,4.0,5.0,1.0,0.0,2.0,0.089,1
SMB_EU_002194,0.0,0.0,1.0,0.0,0.0,0.0,1.0,0.0,0.0,60.0,9501.53,-19.48,116.0,81.91,3.0,8.0,1.0,0.0,0.0,0.07,0
SMB_EU_002195,0.0,0.0,0.0,0.0,0.0,0.0,0.0,0.0,0.0,40.0,6982.06,28.77,40.0,174.55,3.0,9.0,0.0,1.0,2.0,0.116,0
SMB_EU_002196,0.0,0.0,0.0,1.0,0.0,0.0,0.0,0.0,0.0,36.0,49508.23,3.56,294.0,168.4,4.0,7.0,1.0,0.0,0.0,0.145,0
SMB_EU_002197,0.0,0.0,0.0,1.0,0.0,1.0,0.0,0.0,0.0,6.0,3599.07,8.12,21.0,171.38,2.0,7.0,0.0,1.0,0.0,0.065,1
SMB_EU_002198,0.0,0.0,0.0,0.0,1.0,0.0,0.0,0.0,0.0,50.0,12880.44,-25.75,60.0,214.67,1.0,7.0,2.0,0.0,1.0,0.073,0
SMB_EU_002199,0.0,0.0,1.0,0.0,0.0,1.0,0.0,0.0,0.0,20.0,6367.15,-18.82,44.0,144.71,3.0,12.0,0.0,0.0,2.0,0.073,0
SMB_EU_002200,0.0,1.0,0.0,0.0,0.0,0.0,1.0,0.0,0.0,11.0,7500.56,6.56,54.0,138.9,4.0,9.0,2.0,0.0,2.0,0.058,0
SMB_EU_002201,0.0,0.0,0.0,0.0,1.0,0.0,1.0,0.0,0.0,91.0,5394.16,-7.86,28.0,192.65,1.0,10.0,2.0,3.0,0.0,0.101,0
SMB_EU_002202,0.0,0.0,0.0,0.0,0.0,0.0,0.0,0.0,0.0,16.0,34627.69,-25.31,165.0,209.86,1.0,7.0,0.0,0.0,1.0,0.067,0
SMB_EU_002203,0.0,0.0,0.0,1.0,0.0,0.0,0.0,0.0,1.0,64.0,15917.07,-20.85,78.0,204.07,1.0,6.0,1.0,0.0,3.0,0.184,1
SMB_EU_002204,0.0,0.0,0.0,0.0,0.0,0.0,0.0,0.0,0.0,33.0,18197.4,-17.9,66.0,275.72,1.0,9.0,1.0,1.0,0.0,0.206,0
SMB_EU_002205,1.0,0.0,0.0,0.0,0.0,1.0,0.0,0.0,0.0,39.0,4721.03,4.84,19.0,248.48,4.0,12.0,1.0,0.0,2.0,0.194,0
SMB_EU_002206,0.0,0.0,0.0,0.0,1.0,0.0,0.0,0.0,0.0,27.0,28406.44,-3.69,311.0,91.34,1.0,15.0,2.0,0.0,2.0,0.1,0
SMB_EU_002207,0.0,1.0,0.0,0.0,0.0,0.0,1.0,0.0,0.0,13.0,6054.25,18.95,30.0,201.81,3.0,9.0,1.0,0.0,2.0,0.079,0
SMB_EU_002208,0.0,0.0,0.0,0.0,1.0,0.0,1.0,0.0,0.0,44.0,20525.68,-44.34,119.0,172.48,3.0,14.0,1.0,0.0,1.0,0.174,0
SMB_EU_002209,0.0,1.0,0.0,0.0,0.0,0.0,0.0,0.0,0.0,32.0,16035.14,8.75,101.0,158.76,3.0,11.0,0.0,0.0,1.0,0.066,0
SMB_EU_002210,0.0,0.0,0.0,0.0,1.0,0.0,1.0,0.0,0.0,32.0,16731.79,-58.29,58.0,288.48,1.0,9.0,1.0,0.0,2.0,0.081,0
SMB_EU_002211,1.0,0.0,0.0,0.0,0.0,0.0,1.0,0.0,0.0,29.0,7471.9,6.9,41.0,182.24,3.0,14.0,0.0,0.0,0.0,0.061,0
SMB_EU_002212,1.0,0.0,0.0,0.0,0.0,0.0,0.0,1.0,0.0,22.0,5219.27,-40.44,22.0,237.24,4.0,4.0,0.0,1.0,2.0,0.027,1
SMB_EU_002213,0.0,0.0,0.0,0.0,0.0,0.0,1.0,0.0,0.0,44.0,16688.07,-14.47,57.0,292.77,1.0,9.0,1.0,0.0,0.0,0.099,0
SMB_EU_002214,0.0,0.0,0.0,0.0,1.0,1.0,0.0,0.0,0.0,38.0,22378.81,-12.34,198.0,113.02,1.0,10.0,3.0,0.0,2.0,0.105,0
SMB_EU_002215,1.0,0.0,0.0,0.0,0.0,0.0,0.0,0.0,0.0,47.0,38254.85,-11.76,416.0,91.96,4.0,3.0,0.0,0.0,1.0,0.016,0
SMB_EU_002216,0.0,1.0,0.0,0.0,0.0,0.0,0.0,0.0,0.0,23.0,25389.38,-0.04,170.0,149.35,2.0,9.0,0.0,0.0,2.0,0.011,0
SMB_EU_002217,1.0,0.0,0.0,0.0,0.0,1.0,0.0,0.0,0.0,22.0,8544.86,-23.34,95.0,89.95,2.0,14.0,0.0,0.0,0.0,0.069,0
SMB_EU_002218,0.0,1.0,0.0,0.0,0.0,0.0,0.0,0.0,0.0,18.0,11066.04,-18.71,105.0,105.39,4.0,10.0,2.0,0.0,1.0,0.023,0
SMB_EU_002219,0.0,0.0,0.0,0.0,1.0,0.0,0.0,0.0,0.0,29.0,17906.93,2.03,60.0,298.45,3.0,7.0,3.0,0.0,2.0,0.162,1
SMB_EU_002220,0.0,0.0,0.0,0.0,0.0,0.0,0.0,1.0,0.0,7.0,2891.02,-1.92,10.0,289.1,2.0,8.0,0.0,0.0,0.0,0.095,0
SMB_EU_002221,1.0,0.0,0.0,0.0,0.0,0.0,0.0,1.0,0.0,119.0,6264.55,2.85,27.0,232.02,2.0,10.0,1.0,0.0,1.0,0.282,0
SMB_EU_002222,0.0,0.0,1.0,0.0,0.0,0.0,1.0,0.0,0.0,17.0,10417.34,-0.68,42.0,248.03,1.0,5.0,1.0,0.0,3.0,0.134,0
SMB_EU_002223,0.0,0.0,0.0,0.0,0.0,0.0,1.0,0.0,0.0,59.0,2466.83,37.78,22.0,112.13,1.0,9.0,1.0,0.0,0.0,0.025,0
SMB_EU_002224,0.0,1.0,0.0,0.0,0.0,0.0,0.0,1.0,0.0,20.0,5117.58,1.9,24.0,213.23,2.0,9.0,2.0,1.0,2.0,0.04,0
SMB_EU_002225,0.0,0.0,0.0,0.0,0.0,0.0,0.0,0.0,0.0,40.0,19239.69,-36.21,169.0,113.84,1.0,9.0,2.0,0.0,3.0,0.034,1
SMB_EU_002226,0.0,0.0,0.0,1.0,0.0,1.0,0.0,0.0,0.0,77.0,5706.09,1.52,35.0,163.03,4.0,9.0,0.0,0.0,1.0,0.09,0
SMB_EU_002227,0.0,1.0,0.0,0.0,0.0,0.0,0.0,0.0,0.0,39.0,18594.75,-40.47,119.0,156.26,1.0,11.0,0.0,0.0,3.0,0.123,1
SMB_EU_002228,0.0,0.0,1.0,0.0,0.0,0.0,1.0,0.0,0.0,74.0,3576.58,-43.44,17.0,210.39,2.0,8.0,0.0,0.0,1.0,0.089,0
SMB_EU_002229,0.0,1.0,0.0,0.0,0.0,1.0,0.0,0.0,0.0,57.0,3766.86,10.27,39.0,96.59,3.0,5.0,1.0,0.0,1.0,0.093,0
SMB_EU_002230,0.0,1.0,0.0,0.0,0.0,0.0,0.0,0.0,0.0,13.0,27910.78,5.94,272.0,102.61,3.0,9.0,0.0,0.0,1.0,0.212,0
SMB_EU_002231,1.0,0.0,0.0,0.0,0.0,0.0,1.0,0.0,0.0,44.0,8002.74,-53.23,37.0,216.29,2.0,12.0,2.0,0.0,1.0,0.033,0
SMB_EU_002232,0.0,0.0,0.0,0.0,0.0,0.0,0.0,0.0,0.0,35.0,18393.14,1.66,84.0,218.97,2.0,9.0,0.0,0.0,2.0,0.067,0
SMB_EU_002233,0.0,0.0,0.0,0.0,1.0,0.0,0.0,1.0,0.0,16.0,3602.13,23.98,23.0,156.61,4.0,13.0,1.0,0.0,3.0,0.044,0
SMB_EU_002234,0.0,0.0,0.0,0.0,1.0,1.0,0.0,0.0,0.0,54.0,6070.59,-32.69,54.0,112.42,1.0,19.0,1.0,0.0,1.0,0.109,0
SMB_EU_002235,0.0,0.0,1.0,0.0,0.0,0.0,1.0,0.0,0.0,10.0,2010.2,-14.79,7.0,287.17,3.0,12.0,0.0,0.0,1.0,0.023,0
SMB_EU_002236,0.0,0.0,1.0,0.0,0.0,0.0,0.0,0.0,0.0,51.0,24919.67,-4.79,272.0,91.62,4.0,7.0,0.0,0.0,1.0,0.152,0
SMB_EU_002237,0.0,0.0,0.0,0.0,1.0,0.0,0.0,1.0,0.0,44.0,14793.64,-31.71,62.0,238.61,1.0,8.0,1.0,0.0,2.0,0.143,0
SMB_EU_002238,0.0,0.0,0.0,0.0,0.0,0.0,0.0,1.0,0.0,30.0,2639.07,2.06,24.0,109.96,4.0,7.0,2.0,0.0,1.0,0.08,0
SMB_EU_002239,0.0,0.0,0.0,0.0,0.0,1.0,0.0,0.0,0.0,17.0,3412.89,19.68,15.0,227.53,3.0,10.0,0.0,0.0,1.0,0.131,0
SMB_EU_002240,0.0,1.0,0.0,0.0,0.0,0.0,1.0,0.0,0.0,44.0,10422.53,-20.12,46.0,226.58,2.0,11.0,0.0,0.0,0.0,0.063,0
SMB_EU_002241,1.0,0.0,0.0,0.0,0.0,0.0,0.0,1.0,0.0,5.0,12106.78,2.25,47.0,257.59,2.0,12.0,0.0,1.0,1.0,0.089,0
SMB_EU_002242,0.0,0.0,0.0,0.0,0.0,1.0,0.0,0.0,0.0,15.0,5992.45,14.78,36.0,166.46,4.0,11.0,0.0,1.0,0.0,0.113,0
SMB_EU_002243,0.0,0.0,1.0,0.0,0.0,0.0,1.0,0.0,0.0,27.0,3826.12,-39.11,45.0,85.02,1.0,10.0,2.0,0.0,1.0,0.071,0
SMB_EU_002244,0.0,0.0,0.0,0.0,1.0,0.0,0.0,0.0,0.0,30.0,13235.2,-37.51,51.0,259.51,2.0,5.0,4.0,0.0,2.0,0.074,1
SMB_EU_002245,0.0,0.0,0.0,0.0,1.0,0.0,0.0,0.0,0.0,15.0,8085.65,-28.02,46.0,175.78,3.0,12.0,0.0,0.0,2.0,0.143,0
SMB_EU_002246,0.0,0.0,0.0,1.0,0.0,1.0,0.0,0.0,0.0,15.0,4016.66,7.57,15.0,267.78,3.0,7.0,0.0,0.0,5.0,0.033,0
SMB_EU_002247,0.0,0.0,0.0,0.0,0.0,0.0,1.0,0.0,0.0,39.0,6665.98,-22.58,27.0,246.89,1.0,7.0,1.0,2.0,1.0,0.033,0
SMB_EU_002248,1.0,0.0,0.0,0.0,0.0,1.0,0.0,0.0,0.0,13.0,3435.51,-14.97,18.0,190.86,1.0,8.0,0.0,0.0,2.0,0.044,1
SMB_EU_002249,0.0,0.0,1.0,0.0,0.0,0.0,0.0,0.0,1.0,21.0,5643.37,12.32,19.0,297.02,3.0,15.0,0.0,1.0,2.0,0.029,0
SMB_EU_002250,0.0,0.0,0.0,0.0,0.0,0.0,0.0,1.0,0.0,10.0,5228.68,2.37,29.0,180.3,2.0,13.0,2.0,0.0,3.0,0.113,0
SMB_EU_002251,0.0,0.0,0.0,0.0,0.0,0.0,0.0,0.0,1.0,28.0,10239.43,10.9,44.0,232.71,1.0,12.0,0.0,2.0,1.0,0.057,0
SMB_EU_002252,0.0,0.0,0.0,0.0,1.0,0.0,0.0,0.0,1.0,23.0,3829.89,-13.94,17.0,225.29,1.0,10.0,1.0,0.0,0.0,0.07,0
SMB_EU_002253,0.0,0.0,1.0,0.0,0.0,0.0,1.0,0.0,0.0,4.0,10147.94,22.1,52.0,195.15,2.0,14.0,0.0,0.0,0.0,0.114,0
SMB_EU_002254,1.0,0.0,0.0,0.0,0.0,1.0,0.0,0.0,0.0,9.0,4771.21,10.33,23.0,207.44,2.0,9.0,2.0,1.0,2.0,0.123,1
SMB_EU_002255,0.0,0.0,0.0,0.0,1.0,0.0,0.0,0.0,0.0,61.0,23108.65,13.34,90.0,256.76,3.0,9.0,0.0,0.0,1.0,0.059,0
SMB_EU_002256,0.0,0.0,1.0,0.0,0.0,0.0,0.0,1.0,0.0,16.0,7986.37,-16.2,39.0,204.78,1.0,9.0,0.0,0.0,0.0,0.069,0
SMB_EU_002257,0.0,0.0,0.0,1.0,0.0,0.0,0.0,0.0,0.0,35.0,10819.23,17.57,60.0,180.32,3.0,11.0,1.0,0.0,3.0,0.063,0
SMB_EU_002258,0.0,0.0,0.0,1.0,0.0,0.0,0.0,0.0,1.0,12.0,13009.93,-42.21,58.0,224.31,4.0,8.0,0.0,0.0,0.0,0.078,0
SMB_EU_002259,0.0,1.0,0.0,0.0,0.0,1.0,0.0,0.0,0.0,67.0,3631.28,-9.17,41.0,88.57,2.0,7.0,0.0,0.0,2.0,0.108,0
SMB_EU_002260,0.0,0.0,0.0,1.0,0.0,0.0,0.0,1.0,0.0,6.0,11063.98,9.38,106.0,104.38,1.0,4.0,1.0,0.0,1.0,0.063,0
SMB_EU_002261,1.0,0.0,0.0,0.0,0.0,0.0,1.0,0.0,0.0,58.0,4952.83,8.75,46.0,107.67,4.0,12.0,1.0,0.0,1.0,0.026,0
SMB_EU_002262,0.0,0.0,1.0,0.0,0.0,0.0,1.0,0.0,0.0,29.0,9885.72,-42.33,57.0,173.43,1.0,11.0,2.0,0.0,1.0,0.041,0
SMB_EU_002263,0.0,0.0,0.0,0.0,1.0,0.0,0.0,1.0,0.0,43.0,4467.69,30.84,16.0,279.23,2.0,8.0,0.0,0.0,1.0,0.064,0
SMB_EU_002264,0.0,0.0,0.0,1.0,0.0,0.0,1.0,0.0,0.0,62.0,4346.21,-18.69,20.0,217.31,2.0,10.0,1.0,0.0,1.0,0.014,0
SMB_EU_002265,0.0,0.0,1.0,0.0,0.0,0.0,0.0,1.0,0.0,33.0,8584.75,9.08,29.0,296.03,3.0,6.0,2.0,0.0,0.0,0.144,0
SMB_EU_002266,0.0,0.0,1.0,0.0,0.0,0.0,1.0,0.0,0.0,79.0,5534.29,-51.73,62.0,89.26,2.0,6.0,0.0,2.0,1.0,0.063,0
SMB_EU_002267,0.0,0.0,1.0,0.0,0.0,1.0,0.0,0.0,0.0,61.0,2163.48,-39.95,9.0,240.39,2.0,11.0,1.0,1.0,5.0,0.094,0
SMB_EU_002268,1.0,0.0,0.0,0.0,0.0,0.0,0.0,0.0,0.0,42.0,2661.37,-23.25,18.0,147.85,4.0,6.0,1.0,0.0,1.0,0.112,0
SMB_EU_002269,0.0,1.0,0.0,0.0,0.0,1.0,0.0,0.0,0.0,55.0,3549.24,1.69,42.0,84.51,4.0,4.0,1.0,0.0,1.0,0.115,0
SMB_EU_002270,0.0,0.0,0.0,1.0,0.0,1.0,0.0,0.0,0.0,27.0,13698.75,-56.68,52.0,263.44,2.0,10.0,0.0,0.0,2.0,0.044,0
SMB_EU_002271,0.0,0.0,0.0,0.0,0.0,0.0,0.0,0.0,0.0,13.0,31902.78,-8.64,276.0,115.59,2.0,10.0,0.0,1.0,2.0,0.074,0
SMB_EU_002272,0.0,1.0,0.0,0.0,0.0,0.0,1.0,0.0,0.0,108.0,5198.04,-4.64,41.0,126.78,3.0,6.0,0.0,1.0,0.0,0.127,0
SMB_EU_002273,0.0,0.0,0.0,1.0,0.0,0.0,1.0,0.0,0.0,29.0,6390.22,-35.72,41.0,155.86,3.0,9.0,1.0,0.0,0.0,0.027,0
SMB_EU_002274,0.0,0.0,1.0,0.0,0.0,1.0,0.0,0.0,0.0,34.0,4539.48,-16.46,18.0,252.19,1.0,7.0,1.0,0.0,2.0,0.156,0
SMB_EU_002275,0.0,0.0,0.0,0.0,1.0,0.0,0.0,0.0,0.0,9.0,6739.53,13.83,31.0,217.4,2.0,14.0,0.0,0.0,3.0,0.069,0
SMB_EU_002276,0.0,0.0,1.0,0.0,0.0,0.0,0.0,1.0,0.0,64.0,2829.61,25.97,20.0,141.48,1.0,7.0,2.0,1.0,2.0,0.043,0
SMB_EU_002277,1.0,0.0,0.0,0.0,0.0,0.0,0.0,0.0,0.0,33.0,27024.39,-14.15,231.0,116.99,2.0,11.0,1.0,0.0,0.0,0.029,0
SMB_EU_002278,0.0,0.0,0.0,1.0,0.0,0.0,0.0,0.0,0.0,39.0,20295.17,-31.01,195.0,104.08,3.0,15.0,2.0,0.0,1.0,0.069,0
SMB_EU_002279,0.0,0.0,1.0,0.0,0.0,0.0,0.0,0.0,0.0,43.0,17670.62,16.48,156.0,113.27,1.0,12.0,1.0,0.0,0.0,0.029,0
SMB_EU_002280,0.0,0.0,0.0,0.0,0.0,0.0,1.0,0.0,0.0,16.0,3590.72,-7.8,13.0,276.21,1.0,8.0,1.0,0.0,2.0,0.071,0
SMB_EU_002281,0.0,1.0,0.0,0.0,0.0,0.0,0.0,0.0,0.0,63.0,15934.27,10.14,56.0,284.54,2.0,7.0,1.0,1.0,1.0,0.122,0
SMB_EU_002282,0.0,1.0,0.0,0.0,0.0,0.0,0.0,0.0,1.0,36.0,2258.99,-0.51,8.0,282.37,3.0,8.0,0.0,0.0,0.0,0.131,0
SMB_EU_002283,0.0,0.0,0.0,1.0,0.0,0.0,0.0,1.0,0.0,5.0,8290.58,17.86,31.0,267.44,3.0,10.0,0.0,0.0,1.0,0.163,0
SMB_EU_002284,0.0,0.0,0.0,0.0,0.0,0.0,0.0,0.0,0.0,55.0,17517.41,-19.24,64.0,273.71,1.0,16.0,1.0,0.0,1.0,0.039,0
SMB_EU_002285,0.0,0.0,0.0,0.0,0.0,1.0,0.0,0.0,0.0,26.0,2676.79,-16.57,10.0,267.68,1.0,14.0,0.0,0.0,1.0,0.139,0
SMB_EU_002286,0.0,1.0,0.0,0.0,0.0,0.0,0.0,1.0,0.0,17.0,13187.81,4.19,45.0,293.06,3.0,5.0,1.0,0.0,1.0,0.047,0
SMB_EU_002287,0.0,0.0,0.0,0.0,1.0,0.0,0.0,0.0,0.0,7.0,5105.67,1.44,19.0,268.72,2.0,13.0,0.0,2.0,0.0,0.039,0
SMB_EU_002288,0.0,1.0,0.0,0.0,0.0,0.0,1.0,0.0,0.0,21.0,10997.03,-57.45,61.0,180.28,2.0,10.0,0.0,0.0,1.0,0.231,1
SMB_EU_002289,0.0,0.0,0.0,1.0,0.0,0.0,1.0,0.0,0.0,19.0,11162.33,8.64,74.0,150.84,2.0,15.0,2.0,0.0,0.0,0.18,0
SMB_EU_002290,0.0,0.0,0.0,0.0,0.0,0.0,0.0,0.0,0.0,59.0,7129.55,-13.96,34.0,209.69,2.0,9.0,1.0,2.0,1.0,0.125,0
SMB_EU_002291,0.0,0.0,1.0,0.0,0.0,0.0,0.0,0.0,1.0,18.0,8797.91,-20.54,41.0,214.58,2.0,13.0,0.0,0.0,1.0,0.05,0
SMB_EU_002292,0.0,1.0,0.0,0.0,0.0,1.0,0.0,0.0,0.0,8.0,2247.15,-7.5,11.0,204.29,4.0,5.0,0.0,0.0,2.0,0.193,0
SMB_EU_002293,0.0,0.0,0.0,0.0,0.0,0.0,1.0,0.0,0.0,40.0,1450.08,-5.82,6.0,241.68,3.0,11.0,0.0,0.0,1.0,0.026,1
SMB_EU_002294,0.0,0.0,0.0,1.0,0.0,0.0,1.0,0.0,0.0,61.0,4215.28,-4.26,18.0,234.18,1.0,13.0,1.0,0.0,2.0,0.136,0
SMB_EU_002295,0.0,0.0,0.0,0.0,0.0,0.0,0.0,1.0,0.0,22.0,3453.76,19.04,35.0,98.68,2.0,11.0,0.0,0.0,2.0,0.16,0
SMB_EU_002296,0.0,0.0,0.0,0.0,0.0,0.0,0.0,1.0,0.0,88.0,7359.5,11.56,52.0,141.53,2.0,5.0,0.0,1.0,2.0,0.063,0
SMB_EU_002297,0.0,0.0,0.0,0.0,0.0,1.0,0.0,0.0,0.0,55.0,6247.64,-16.5,23.0,271.64,1.0,8.0,2.0,0.0,3.0,0.095,1
SMB_EU_002298,0.0,0.0,0.0,0.0,0.0,1.0,0.0,0.0,0.0,65.0,6346.39,3.33,30.0,211.55,2.0,7.0,0.0,1.0,2.0,0.033,0
SMB_EU_002299,0.0,0.0,0.0,0.0,0.0,0.0,1.0,0.0,0.0,39.0,4352.67,-6.51,29.0,150.09,2.0,5.0,0.0,1.0,5.0,0.077,1
SMB_EU_002300,0.0,1.0,0.0,0.0,0.0,0.0,0.0,1.0,0.0,36.0,3637.99,-12.81,14.0,259.86,3.0,16.0,2.0,1.0,1.0,0.206,0
SMB_EU_002301,1.0,0.0,0.0,0.0,0.0,0.0,0.0,1.0,0.0,17.0,2861.89,-17.96,21.0,136.28,1.0,9.0,1.0,1.0,3.0,0.055,0
SMB_EU_002302,0.0,0.0,1.0,0.0,0.0,0.0,0.0,0.0,0.0,76.0,7192.69,-10.42,42.0,171.25,1.0,16.0,0.0,0.0,3.0,0.055,0
SMB_EU_002303,0.0,0.0,0.0,1.0,0.0,0.0,0.0,1.0,0.0,68.0,3501.59,-0.64,25.0,140.06,1.0,12.0,1.0,0.0,1.0,0.069,0
SMB_EU_002304,0.0,1.0,0.0,0.0,0.0,0.0,1.0,0.0,0.0,77.0,8365.77,-17.32,31.0,269.86,3.0,10.0,2.0,0.0,0.0,0.295,0
SMB_EU_002305,0.0,0.0,0.0,0.0,1.0,0.0,1.0,0.0,0.0,28.0,5673.8,2.54,24.0,236.41,4.0,12.0,0.0,0.0,0.0,0.031,0
SMB_EU_002306,0.0,1.0,0.0,0.0,0.0,0.0,1.0,0.0,0.0,22.0,6588.59,-2.92,36.0,183.02,2.0,12.0,1.0,1.0,2.0,0.322,0
SMB_EU_002307,0.0,0.0,0.0,0.0,0.0,0.0,1.0,0.0,0.0,46.0,12138.6,-5.96,43.0,282.29,2.0,9.0,1.0,1.0,1.0,0.063,0
SMB_EU_002308,0.0,0.0,1.0,0.0,0.0,0.0,0.0,0.0,0.0,20.0,11107.24,17.42,39.0,284.8,1.0,22.0,1.0,0.0,1.0,0.101,0
SMB_EU_002309,0.0,0.0,0.0,0.0,0.0,0.0,0.0,0.0,0.0,28.0,6737.37,-36.91,28.0,240.62,2.0,13.0,1.0,0.0,0.0,0.061,0
SMB_EU_002310,0.0,1.0,0.0,0.0,0.0,0.0,0.0,0.0,0.0,5.0,21033.62,-5.76,76.0,276.76,2.0,4.0,4.0,0.0,5.0,0.023,0
SMB_EU_002311,0.0,0.0,0.0,1.0,0.0,0.0,0.0,0.0,0.0,34.0,17594.04,-35.29,74.0,237.76,1.0,12.0,1.0,0.0,1.0,0.022,0
SMB_EU_002312,0.0,0.0,0.0,0.0,1.0,0.0,0.0,0.0,0.0,42.0,18269.74,3.58,84.0,217.5,3.0,11.0,0.0,1.0,1.0,0.045,0
SMB_EU_002313,0.0,0.0,0.0,1.0,0.0,0.0,1.0,0.0,0.0,66.0,11645.79,11.43,67.0,173.82,1.0,7.0,1.0,0.0,2.0,0.06,0
SMB_EU_002314,1.0,0.0,0.0,0.0,0.0,1.0,0.0,0.0,0.0,48.0,7891.17,-20.27,56.0,140.91,3.0,11.0,1.0,0.0,1.0,0.115,0
SMB_EU_002315,0.0,0.0,0.0,0.0,1.0,0.0,0.0,0.0,0.0,53.0,15260.8,-18.35,164.0,93.05,2.0,11.0,2.0,0.0,5.0,0.048,0
SMB_EU_002316,0.0,0.0,0.0,0.0,0.0,0.0,0.0,0.0,0.0,85.0,62986.59,-25.47,246.0,256.04,4.0,12.0,1.0,0.0,1.0,0.108,1
SMB_EU_002317,0.0,1.0,0.0,0.0,0.0,0.0,0.0,1.0,0.0,15.0,2312.79,0.95,22.0,105.13,1.0,10.0,1.0,0.0,0.0,0.083,0
SMB_EU_002318,0.0,1.0,0.0,0.0,0.0,0.0,0.0,1.0,0.0,13.0,3516.93,-5.11,21.0,167.47,1.0,10.0,0.0,0.0,0.0,0.225,0
SMB_EU_002319,0.0,0.0,0.0,1.0,0.0,0.0,0.0,1.0,0.0,32.0,8933.77,-4.18,68.0,131.38,4.0,11.0,2.0,3.0,1.0,0.07,0
SMB_EU_002320,0.0,1.0,0.0,0.0,0.0,0.0,0.0,0.0,0.0,12.0,16339.77,-5.52,91.0,179.56,1.0,15.0,0.0,0.0,1.0,0.022,0
SMB_EU_002321,0.0,0.0,0.0,0.0,1.0,0.0,1.0,0.0,0.0,35.0,12606.28,-14.6,84.0,150.07,2.0,5.0,1.0,1.0,2.0,0.061,1
SMB_EU_002322,1.0,0.0,0.0,0.0,0.0,1.0,0.0,0.0,0.0,12.0,6643.33,16.98,25.0,265.73,2.0,9.0,1.0,0.0,2.0,0.107,0
SMB_EU_002323,0.0,0.0,1.0,0.0,0.0,0.0,1.0,0.0,0.0,14.0,18244.72,4.09,62.0,294.27,2.0,15.0,0.0,0.0,3.0,0.027,0
SMB_EU_002324,0.0,1.0,0.0,0.0,0.0,0.0,0.0,0.0,0.0,7.0,8195.16,-17.77,29.0,282.59,2.0,12.0,1.0,1.0,1.0,0.182,0
SMB_EU_002325,1.0,0.0,0.0,0.0,0.0,0.0,1.0,0.0,0.0,33.0,17902.09,-10.51,83.0,215.69,3.0,13.0,0.0,0.0,0.0,0.113,0
SMB_EU_002326,0.0,0.0,0.0,0.0,1.0,0.0,0.0,1.0,0.0,9.0,10094.96,-13.08,34.0,296.91,1.0,6.0,1.0,0.0,1.0,0.045,0
SMB_EU_002327,1.0,0.0,0.0,0.0,0.0,0.0,1.0,0.0,0.0,40.0,3870.05,21.09,23.0,168.26,3.0,7.0,1.0,0.0,1.0,0.02,0
SMB_EU_002328,0.0,0.0,0.0,0.0,0.0,0.0,0.0,0.0,1.0,45.0,13139.51,-23.69,67.0,196.11,2.0,10.0,0.0,0.0,1.0,0.047,0
SMB_EU_002329,0.0,0.0,1.0,0.0,0.0,0.0,0.0,1.0,0.0,16.0,4872.53,-1.9,36.0,135.35,2.0,8.0,1.0,0.0,1.0,0.144,0
SMB_EU_002330,0.0,0.0,0.0,0.0,0.0,0.0,0.0,0.0,0.0,49.0,10423.9,25.61,38.0,274.31,2.0,7.0,0.0,0.0,1.0,0.101,0
SMB_EU_002331,0.0,1.0,0.0,0.0,0.0,0.0,0.0,1.0,0.0,45.0,1610.05,21.78,13.0,123.85,4.0,11.0,1.0,0.0,0.0,0.178,0
SMB_EU_002332,0.0,0.0,0.0,0.0,0.0,1.0,0.0,0.0,0.0,57.0,3271.57,-3.46,15.0,218.1,3.0,14.0,0.0,0.0,1.0,0.012,0
SMB_EU_002333,0.0,0.0,1.0,0.0,0.0,0.0,0.0,1.0,0.0,15.0,7646.94,-45.94,30.0,254.9,1.0,12.0,0.0,0.0,2.0,0.101,0
SMB_EU_002334,0.0,0.0,1.0,0.0,0.0,0.0,0.0,0.0,0.0,15.0,24443.27,-5.44,116.0,210.72,3.0,13.0,1.0,0.0,1.0,0.027,0
SMB_EU_002335,0.0,0.0,0.0,0.0,0.0,0.0,0.0,1.0,0.0,43.0,4406.2,-60.42,45.0,97.92,2.0,8.0,0.0,1.0,1.0,0.131,1
SMB_EU_002336,0.0,1.0,0.0,0.0,0.0,0.0,0.0,0.0,0.0,32.0,24489.42,26.01,114.0,214.82,4.0,7.0,1.0,0.0,3.0,0.035,0
SMB_EU_002337,0.0,0.0,0.0,1.0,0.0,0.0,0.0,0.0,1.0,34.0,15869.21,-15.1,64.0,247.96,1.0,14.0,0.0,0.0,0.0,0.25,0
SMB_EU_002338,0.0,1.0,0.0,0.0,0.0,0.0,0.0,0.0,0.0,67.0,16458.37,13.02,136.0,121.02,2.0,14.0,0.0,1.0,3.0,0.147,0
SMB_EU_002339,0.0,0.0,0.0,0.0,0.0,0.0,0.0,0.0,0.0,51.0,9724.52,10.36,40.0,243.11,2.0,9.0,0.0,0.0,1.0,0.087,0
SMB_EU_002340,0.0,1.0,0.0,0.0,0.0,0.0,0.0,1.0,0.0,45.0,6514.76,-4.57,24.0,271.45,3.0,14.0,3.0,0.0,2.0,0.061,0
SMB_EU_002341,1.0,0.0,0.0,0.0,0.0,0.0,0.0,1.0,0.0,42.0,6696.79,27.15,23.0,291.16,1.0,14.0,0.0,0.0,1.0,0.156,0
SMB_EU_002342,0.0,0.0,0.0,0.0,0.0,1.0,0.0,0.0,0.0,54.0,8990.12,-23.39,53.0,169.62,1.0,12.0,1.0,1.0,1.0,0.211,0
SMB_EU_002343,0.0,0.0,0.0,0.0,0.0,0.0,1.0,0.0,0.0,25.0,13446.02,-32.96,157.0,85.64,3.0,12.0,0.0,0.0,1.0,0.073,0
SMB_EU_002344,0.0,1.0,0.0,0.0,0.0,0.0,0.0,0.0,0.0,11.0,6624.34,-7.34,38.0,174.32,1.0,11.0,0.0,0.0,0.0,0.125,0
SMB_EU_002345,0.0,0.0,0.0,0.0,1.0,0.0,0.0,0.0,1.0,18.0,6627.76,14.41,29.0,228.54,1.0,7.0,0.0,0.0,1.0,0.051,0
SMB_EU_002346,0.0,0.0,1.0,0.0,0.0,0.0,0.0,1.0,0.0,16.0,1600.42,5.3,6.0,266.74,3.0,8.0,1.0,1.0,0.0,0.068,0
SMB_EU_002347,0.0,0.0,1.0,0.0,0.0,0.0,0.0,1.0,0.0,2.0,7827.44,-82.88,27.0,289.91,4.0,17.0,1.0,0.0,2.0,0.091,1
SMB_EU_002348,0.0,1.0,0.0,0.0,0.0,0.0,1.0,0.0,0.0,42.0,7043.14,18.59,25.0,281.73,3.0,10.0,0.0,0.0,3.0,0.136,0
SMB_EU_002349,0.0,0.0,1.0,0.0,0.0,0.0,0.0,0.0,0.0,22.0,19424.57,7.28,86.0,225.87,2.0,7.0,2.0,0.0,3.0,0.089,0
SMB_EU_002350,0.0,0.0,0.0,0.0,0.0,1.0,0.0,0.0,0.0,25.0,2475.28,-15.53,11.0,225.03,1.0,8.0,0.0,1.0,2.0,0.066,0
SMB_EU_002351,0.0,0.0,1.0,0.0,0.0,0.0,0.0,1.0,0.0,19.0,11588.65,-5.25,144.0,80.48,3.0,6.0,0.0,0.0,0.0,0.069,0
SMB_EU_002352,0.0,0.0,0.0,0.0,1.0,0.0,1.0,0.0,0.0,28.0,3907.27,-19.5,24.0,162.8,1.0,9.0,2.0,0.0,0.0,0.033,1
SMB_EU_002353,0.0,0.0,1.0,0.0,0.0,0.0,0.0,1.0,0.0,73.0,7957.99,-2.56,28.0,284.21,2.0,12.0,0.0,1.0,1.0,0.04,0
SMB_EU_002354,0.0,0.0,0.0,0.0,1.0,0.0,0.0,0.0,0.0,7.0,16100.02,-53.89,69.0,233.33,1.0,12.0,0.0,2.0,1.0,0.086,1
SMB_EU_002355,1.0,0.0,0.0,0.0,0.0,0.0,1.0,0.0,0.0,82.0,7140.45,-56.99,39.0,183.09,3.0,10.0,2.0,0.0,0.0,0.044,0
SMB_EU_002356,0.0,0.0,0.0,0.0,0.0,0.0,0.0,0.0,0.0,33.0,12755.39,-31.33,124.0,102.87,2.0,10.0,3.0,1.0,1.0,0.163,0
SMB_EU_002357,0.0,0.0,0.0,0.0,1.0,0.0,0.0,0.0,0.0,20.0,10228.85,-47.32,76.0,134.59,4.0,6.0,0.0,0.0,3.0,0.32,0
SMB_EU_002358,0.0,0.0,0.0,0.0,0.0,0.0,0.0,0.0,0.0,22.0,32627.91,5.06,161.0,202.66,1.0,5.0,1.0,1.0,2.0,0.071,0
SMB_EU_002359,0.0,0.0,0.0,1.0,0.0,0.0,1.0,0.0,0.0,14.0,8060.77,-28.87,29.0,277.96,3.0,7.0,1.0,0.0,1.0,0.155,0
SMB_EU_002360,0.0,0.0,0.0,0.0,0.0,0.0,1.0,0.0,0.0,5.0,3735.6,0.47,37.0,100.96,2.0,9.0,0.0,0.0,0.0,0.078,0
SMB_EU_002361,0.0,0.0,0.0,0.0,0.0,0.0,0.0,1.0,0.0,12.0,3971.17,-26.99,35.0,113.46,2.0,13.0,0.0,0.0,1.0,0.219,0
SMB_EU_002362,0.0,0.0,0.0,1.0,0.0,0.0,1.0,0.0,0.0,28.0,8640.37,0.76,39.0,221.55,2.0,10.0,0.0,0.0,1.0,0.075,0
SMB_EU_002363,0.0,1.0,0.0,0.0,0.0,0.0,1.0,0.0,0.0,24.0,13709.99,-0.09,95.0,144.32,3.0,8.0,0.0,0.0,0.0,0.021,0
SMB_EU_002364,0.0,0.0,0.0,1.0,0.0,0.0,0.0,0.0,0.0,38.0,10436.18,-33.88,89.0,117.26,2.0,5.0,0.0,1.0,2.0,0.037,0
SMB_EU_002365,0.0,0.0,1.0,0.0,0.0,0.0,0.0,0.0,0.0,19.0,10863.24,12.93,91.0,119.38,1.0,6.0,0.0,1.0,1.0,0.115,0
SMB_EU_002366,0.0,0.0,0.0,0.0,0.0,0.0,0.0,1.0,0.0,17.0,5070.79,15.71,27.0,187.81,4.0,7.0,0.0,1.0,2.0,0.035,0
SMB_EU_002367,0.0,0.0,0.0,0.0,0.0,0.0,0.0,0.0,0.0,100.0,25332.93,-24.15,122.0,207.65,1.0,14.0,1.0,0.0,1.0,0.109,0
SMB_EU_002368,0.0,0.0,1.0,0.0,0.0,0.0,0.0,1.0,0.0,14.0,2199.4,-0.87,8.0,274.93,4.0,10.0,0.0,0.0,2.0,0.023,0
SMB_EU_002369,0.0,1.0,0.0,0.0,0.0,1.0,0.0,0.0,0.0,15.0,8125.22,30.16,41.0,198.18,3.0,9.0,2.0,0.0,0.0,0.054,0
SMB_EU_002370,1.0,0.0,0.0,0.0,0.0,0.0,1.0,0.0,0.0,53.0,6055.72,1.79,26.0,232.91,3.0,10.0,0.0,0.0,0.0,0.041,0
SMB_EU_002371,0.0,0.0,1.0,0.0,0.0,0.0,1.0,0.0,0.0,45.0,6584.92,-12.47,55.0,119.73,1.0,8.0,1.0,1.0,2.0,0.063,0
SMB_EU_002372,0.0,0.0,0.0,0.0,1.0,0.0,0.0,0.0,0.0,21.0,49848.86,-1.2,210.0,237.38,2.0,5.0,1.0,0.0,2.0,0.232,0
SMB_EU_002373,0.0,0.0,1.0,0.0,0.0,0.0,0.0,0.0,0.0,48.0,13332.02,-56.37,60.0,222.2,2.0,10.0,1.0,0.0,5.0,0.251,1
SMB_EU_002374,0.0,0.0,0.0,1.0,0.0,0.0,0.0,1.0,0.0,30.0,7863.68,-17.65,62.0,126.83,2.0,12.0,0.0,0.0,1.0,0.119,0
SMB_EU_002375,0.0,0.0,1.0,0.0,0.0,1.0,0.0,0.0,0.0,19.0,9235.99,13.04,41.0,225.27,1.0,9.0,0.0,0.0,2.0,0.136,0
SMB_EU_002376,0.0,1.0,0.0,0.0,0.0,0.0,0.0,0.0,0.0,43.0,7389.32,8.77,58.0,127.4,2.0,15.0,0.0,2.0,2.0,0.109,0
SMB_EU_002377,0.0,1.0,0.0,0.0,0.0,0.0,1.0,0.0,0.0,28.0,2643.77,-20.02,13.0,203.37,1.0,9.0,2.0,0.0,3.0,0.098,0
SMB_EU_002378,1.0,0.0,0.0,0.0,0.0,0.0,1.0,0.0,0.0,5.0,13092.39,-1.4,58.0,225.73,1.0,7.0,0.0,1.0,1.0,0.297,0
SMB_EU_002379,0.0,0.0,0.0,1.0,0.0,1.0,0.0,0.0,0.0,43.0,3131.87,-8.5,13.0,240.91,1.0,12.0,1.0,0.0,1.0,0.044,0
SMB_EU_002380,1.0,0.0,0.0,0.0,0.0,0.0,0.0,0.0,0.0,25.0,5526.42,-24.02,20.0,276.32,3.0,12.0,0.0,1.0,1.0,0.092,0
SMB_EU_002381,1.0,0.0,0.0,0.0,0.0,0.0,0.0,0.0,0.0,70.0,27764.2,-21.22,96.0,289.21,3.0,13.0,3.0,0.0,0.0,0.045,0
SMB_EU_002382,0.0,0.0,0.0,0.0,1.0,0.0,1.0,0.0,0.0,49.0,4339.61,-43.92,17.0,255.27,4.0,9.0,0.0,0.0,0.0,0.113,0
SMB_EU_002383,0.0,0.0,0.0,0.0,1.0,1.0,0.0,0.0,0.0,32.0,3774.43,-46.53,14.0,269.6,2.0,13.0,1.0,0.0,1.0,0.022,0
SMB_EU_002384,0.0,0.0,0.0,1.0,0.0,0.0,0.0,1.0,0.0,21.0,16347.28,-6.87,194.0,84.26,3.0,13.0,0.0,0.0,0.0,0.176,0
SMB_EU_002385,0.0,1.0,0.0,0.0,0.0,0.0,0.0,0.0,0.0,28.0,5541.19,-14.39,35.0,158.32,2.0,12.0,2.0,0.0,0.0,0.096,0
SMB_EU_002386,0.0,0.0,1.0,0.0,0.0,0.0,0.0,0.0,0.0,14.0,7058.82,-46.99,80.0,88.24,2.0,14.0,0.0,0.0,4.0,0.002,1
SMB_EU_002387,0.0,1.0,0.0,0.0,0.0,0.0,0.0,0.0,1.0,32.0,6830.55,11.21,53.0,128.88,2.0,8.0,1.0,0.0,3.0,0.043,0
SMB_EU_002388,0.0,0.0,1.0,0.0,0.0,0.0,0.0,0.0,0.0,73.0,12986.31,-43.69,79.0,164.38,3.0,13.0,0.0,1.0,1.0,0.106,1
SMB_EU_002389,1.0,0.0,0.0,0.0,0.0,1.0,0.0,0.0,0.0,88.0,3509.64,15.03,13.0,269.97,1.0,5.0,0.0,0.0,1.0,0.055,0
SMB_EU_002390,0.0,0.0,1.0,0.0,0.0,0.0,1.0,0.0,0.0,60.0,3991.82,-3.42,21.0,190.09,1.0,8.0,1.0,0.0,0.0,0.036,0
SMB_EU_002391,0.0,1.0,0.0,0.0,0.0,1.0,0.0,0.0,0.0,31.0,14846.38,24.04,67.0,221.59,1.0,13.0,0.0,0.0,1.0,0.128,0
SMB_EU_002392,0.0,0.0,0.0,0.0,0.0,0.0,1.0,0.0,0.0,8.0,9367.38,5.22,59.0,158.77,1.0,7.0,0.0,0.0,3.0,0.121,0
SMB_EU_002393,0.0,0.0,0.0,1.0,0.0,0.0,0.0,0.0,1.0,27.0,12785.68,-44.75,60.0,213.09,2.0,10.0,1.0,1.0,1.0,0.1,0
SMB_EU_002394,0.0,0.0,0.0,0.0,0.0,0.0,0.0,1.0,0.0,51.0,4604.82,1.39,18.0,255.82,2.0,8.0,0.0,0.0,0.0,0.042,0
SMB_EU_002395,0.0,0.0,0.0,0.0,1.0,0.0,0.0,1.0,0.0,47.0,5948.33,-18.72,41.0,145.08,3.0,4.0,0.0,0.0,0.0,0.268,0
SMB_EU_002396,0.0,1.0,0.0,0.0,0.0,0.0,0.0,1.0,0.0,25.0,8751.1,-4.59,31.0,282.29,1.0,8.0,2.0,1.0,3.0,0.123,0
SMB_EU_002397,0.0,0.0,0.0,0.0,0.0,1.0,0.0,0.0,0.0,23.0,3300.19,6.45,26.0,126.93,3.0,8.0,2.0,2.0,0.0,0.033,0
SMB_EU_002398,0.0,0.0,0.0,0.0,0.0,0.0,0.0,0.0,0.0,36.0,17583.34,-38.56,62.0,283.6,1.0,6.0,0.0,0.0,5.0,0.088,1
SMB_EU_002399,0.0,0.0,1.0,0.0,0.0,0.0,0.0,1.0,0.0,29.0,7591.76,-6.15,88.0,86.27,1.0,12.0,0.0,0.0,1.0,0.017,0
SMB_EU_002400,0.0,0.0,1.0,0.0,0.0,0.0,0.0,0.0,1.0,26.0,22739.49,41.01,114.0,199.47,3.0,11.0,1.0,0.0,1.0,0.07,0
SMB_EU_002401,0.0,1.0,0.0,0.0,0.0,0.0,0.0,0.0,0.0,26.0,48268.77,-28.97,163.0,296.13,3.0,12.0,3.0,0.0,1.0,0.105,1
SMB_EU_002402,0.0,0.0,0.0,0.0,0.0,0.0,0.0,0.0,1.0,65.0,9385.26,-25.18,44.0,213.3,2.0,8.0,1.0,0.0,2.0,0.023,0
SMB_EU_002403,0.0,1.0,0.0,0.0,0.0,1.0,0.0,0.0,0.0,12.0,11881.03,18.2,59.0,201.37,1.0,6.0,2.0,0.0,2.0,0.052,0
SMB_EU_002404,0.0,1.0,0.0,0.0,0.0,0.0,0.0,0.0,0.0,22.0,3022.09,9.11,13.0,232.47,4.0,12.0,1.0,0.0,2.0,0.021,0
SMB_EU_002405,0.0,0.0,1.0,0.0,0.0,0.0,0.0,0.0,0.0,23.0,38069.75,3.48,265.0,143.66,4.0,9.0,0.0,0.0,1.0,0.059,0
SMB_EU_002406,0.0,0.0,1.0,0.0,0.0,0.0,1.0,0.0,0.0,31.0,5175.37,-6.97,56.0,92.42,2.0,11.0,0.0,0.0,3.0,0.065,0
SMB_EU_002407,0.0,1.0,0.0,0.0,0.0,0.0,1.0,0.0,0.0,28.0,6922.54,-22.68,51.0,135.74,4.0,13.0,2.0,0.0,1.0,0.103,0
SMB_EU_002408,0.0,0.0,0.0,0.0,0.0,0.0,1.0,0.0,0.0,27.0,10423.93,24.29,88.0,118.45,1.0,6.0,0.0,1.0,1.0,0.071,0
SMB_EU_002409,0.0,0.0,0.0,0.0,1.0,0.0,0.0,0.0,0.0,13.0,13680.68,3.02,48.0,285.01,2.0,16.0,1.0,1.0,1.0,0.083,0
SMB_EU_002410,0.0,0.0,0.0,1.0,0.0,0.0,0.0,0.0,0.0,28.0,16876.5,-22.05,63.0,267.88,4.0,12.0,0.0,0.0,0.0,0.277,1
SMB_EU_002411,0.0,0.0,1.0,0.0,0.0,0.0,0.0,0.0,0.0,42.0,38887.23,-51.8,259.0,150.14,2.0,10.0,1.0,0.0,1.0,0.071,1
SMB_EU_002412,0.0,0.0,0.0,0.0,0.0,0.0,0.0,0.0,1.0,32.0,7147.0,5.77,27.0,264.7,2.0,6.0,1.0,0.0,1.0,0.033,0
SMB_EU_002413,0.0,0.0,0.0,1.0,0.0,0.0,0.0,0.0,0.0,12.0,7813.84,-14.79,62.0,126.03,1.0,13.0,2.0,0.0,0.0,0.058,0
SMB_EU_002414,0.0,0.0,0.0,0.0,0.0,0.0,0.0,0.0,0.0,30.0,44528.46,-1.5,359.0,124.03,1.0,9.0,2.0,2.0,0.0,0.125,1
SMB_EU_002415,0.0,0.0,0.0,1.0,0.0,0.0,1.0,0.0,0.0,29.0,10973.68,-12.14,44.0,249.4,1.0,13.0,0.0,0.0,0.0,0.023,0
SMB_EU_002416,0.0,0.0,0.0,0.0,1.0,0.0,1.0,0.0,0.0,22.0,25350.16,-69.35,167.0,151.8,2.0,13.0,0.0,0.0,2.0,0.045,1
SMB_EU_002417,0.0,1.0,0.0,0.0,0.0,0.0,0.0,1.0,0.0,32.0,8394.83,-11.48,89.0,94.32,1.0,10.0,0.0,1.0,1.0,0.106,0
SMB_EU_002418,0.0,0.0,0.0,0.0,0.0,1.0,0.0,0.0,0.0,18.0,2711.77,-10.12,11.0,246.52,1.0,9.0,1.0,0.0,1.0,0.202,0
SMB_EU_002419,0.0,0.0,0.0,0.0,0.0,0.0,0.0,1.0,0.0,44.0,7364.48,11.64,25.0,294.58,2.0,11.0,3.0,0.0,0.0,0.026,0
SMB_EU_002420,0.0,1.0,0.0,0.0,0.0,0.0,1.0,0.0,0.0,85.0,4432.98,-24.57,22.0,201.5,3.0,7.0,0.0,0.0,1.0,0.047,0
SMB_EU_002421,0.0,0.0,0.0,0.0,0.0,1.0,0.0,0.0,0.0,46.0,6026.81,-18.12,44.0,136.97,3.0,6.0,0.0,0.0,4.0,0.211,0
SMB_EU_002422,0.0,0.0,0.0,0.0,0.0,0.0,0.0,0.0,0.0,15.0,14333.82,-16.08,88.0,162.88,3.0,11.0,2.0,0.0,1.0,0.075,0
SMB_EU_002423,1.0,0.0,0.0,0.0,0.0,0.0,1.0,0.0,0.0,42.0,3030.85,5.69,14.0,216.49,2.0,10.0,1.0,0.0,0.0,0.109,0
SMB_EU_002424,0.0,0.0,0.0,1.0,0.0,0.0,1.0,0.0,0.0,49.0,4912.36,15.79,21.0,233.92,2.0,9.0,2.0,0.0,3.0,0.054,0
SMB_EU_002425,0.0,1.0,0.0,0.0,0.0,0.0,1.0,0.0,0.0,36.0,30040.72,-43.86,109.0,275.6,3.0,6.0,2.0,1.0,0.0,0.073,0
SMB_EU_002426,0.0,0.0,0.0,0.0,1.0,0.0,0.0,0.0,0.0,39.0,17306.4,-15.04,62.0,279.14,1.0,11.0,0.0,0.0,0.0,0.042,0
SMB_EU_002427,0.0,0.0,0.0,0.0,0.0,0.0,1.0,0.0,0.0,27.0,7200.02,14.84,27.0,266.67,2.0,12.0,1.0,1.0,0.0,0.129,0
SMB_EU_002428,0.0,0.0,0.0,0.0,1.0,0.0,0.0,0.0,1.0,11.0,26707.88,-26.64,120.0,222.57,2.0,8.0,1.0,1.0,2.0,0.08,0
SMB_EU_002429,0.0,1.0,0.0,0.0,0.0,0.0,0.0,0.0,0.0,25.0,11826.1,-3.04,66.0,179.18,2.0,14.0,2.0,0.0,0.0,0.116,0
SMB_EU_002430,0.0,0.0,0.0,0.0,1.0,0.0,1.0,0.0,0.0,14.0,7573.0,-14.54,33.0,229.48,1.0,13.0,1.0,0.0,0.0,0.125,0
SMB_EU_002431,0.0,0.0,1.0,0.0,0.0,0.0,1.0,0.0,0.0,24.0,14496.73,-31.18,64.0,226.51,1.0,15.0,0.0,0.0,0.0,0.085,0
SMB_EU_002432,1.0,0.0,0.0,0.0,0.0,1.0,0.0,0.0,0.0,19.0,4717.68,-8.44,37.0,127.5,2.0,9.0,0.0,0.0,1.0,0.078,0
SMB_EU_002433,0.0,0.0,0.0,0.0,1.0,0.0,1.0,0.0,0.0,13.0,5111.69,-13.1,27.0,189.32,1.0,4.0,1.0,0.0,0.0,0.047,1
SMB_EU_002434,0.0,1.0,0.0,0.0,0.0,0.0,0.0,1.0,0.0,64.0,1293.28,9.71,10.0,129.33,4.0,9.0,1.0,0.0,1.0,0.048,0
SMB_EU_002435,0.0,0.0,0.0,0.0,1.0,0.0,0.0,0.0,1.0,28.0,5131.13,-74.31,18.0,285.06,4.0,13.0,1.0,0.0,0.0,0.102,1
SMB_EU_002436,0.0,1.0,0.0,0.0,0.0,0.0,1.0,0.0,0.0,19.0,4535.0,-1.02,30.0,151.17,2.0,8.0,0.0,0.0,0.0,0.057,0
SMB_EU_002437,0.0,1.0,0.0,0.0,0.0,0.0,0.0,0.0,0.0,7.0,16497.19,11.86,64.0,257.77,4.0,10.0,1.0,0.0,0.0,0.088,0
SMB_EU_002438,0.0,1.0,0.0,0.0,0.0,0.0,1.0,0.0,0.0,47.0,5546.5,-16.84,34.0,163.13,3.0,14.0,1.0,2.0,0.0,0.023,0
SMB_EU_002439,0.0,0.0,1.0,0.0,0.0,1.0,0.0,0.0,0.0,33.0,21901.84,-62.31,88.0,248.88,1.0,10.0,0.0,0.0,1.0,0.056,0
SMB_EU_002440,0.0,0.0,0.0,0.0,0.0,0.0,0.0,0.0,0.0,93.0,7952.39,13.66,62.0,128.26,2.0,16.0,2.0,1.0,1.0,0.028,0
SMB_EU_002441,0.0,0.0,1.0,0.0,0.0,0.0,0.0,0.0,0.0,16.0,34758.99,-51.83,140.0,248.28,1.0,11.0,0.0,1.0,0.0,0.071,0
SMB_EU_002442,0.0,0.0,1.0,0.0,0.0,0.0,1.0,0.0,0.0,60.0,9127.51,4.99,76.0,120.1,3.0,13.0,0.0,1.0,2.0,0.148,0
SMB_EU_002443,1.0,0.0,0.0,0.0,0.0,1.0,0.0,0.0,0.0,25.0,9735.94,-26.32,52.0,187.23,1.0,12.0,1.0,1.0,3.0,0.005,1
SMB_EU_002444,1.0,0.0,0.0,0.0,0.0,0.0,0.0,0.0,0.0,14.0,23468.57,-14.16,224.0,104.77,3.0,13.0,0.0,0.0,1.0,0.054,0
SMB_EU_002445,0.0,0.0,0.0,1.0,0.0,0.0,1.0,0.0,0.0,21.0,2113.83,-7.57,11.0,192.17,2.0,12.0,0.0,1.0,2.0,0.014,0
SMB_EU_002446,0.0,1.0,0.0,0.0,0.0,1.0,0.0,0.0,0.0,30.0,5958.55,7.7,23.0,259.07,1.0,11.0,2.0,0.0,2.0,0.059,0
SMB_EU_002447,0.0,1.0,0.0,0.0,0.0,1.0,0.0,0.0,0.0,19.0,5126.5,-10.51,21.0,244.12,4.0,12.0,1.0,0.0,2.0,0.063,0
SMB_EU_002448,0.0,0.0,0.0,0.0,0.0,0.0,0.0,1.0,0.0,11.0,2533.62,-28.81,28.0,90.49,4.0,10.0,1.0,1.0,2.0,0.086,0
SMB_EU_002449,0.0,0.0,0.0,0.0,0.0,0.0,1.0,0.0,0.0,14.0,10540.42,-10.31,56.0,188.22,3.0,16.0,1.0,0.0,2.0,0.076,0
SMB_EU_002450,0.0,1.0,0.0,0.0,0.0,0.0,0.0,1.0,0.0,40.0,14004.27,-7.96,52.0,269.31,3.0,11.0,0.0,0.0,2.0,0.042,0
SMB_EU_002451,0.0,1.0,0.0,0.0,0.0,1.0,0.0,0.0,0.0,12.0,1206.78,-31.23,5.0,241.36,3.0,9.0,1.0,1.0,2.0,0.064,1
SMB_EU_002452,0.0,0.0,0.0,0.0,1.0,0.0,1.0,0.0,0.0,17.0,5805.23,-17.25,62.0,93.63,2.0,5.0,0.0,0.0,0.0,0.227,0
SMB_EU_002453,0.0,0.0,1.0,0.0,0.0,1.0,0.0,0.0,0.0,13.0,2841.41,11.39,19.0,149.55,1.0,6.0,0.0,0.0,1.0,0.05,0
SMB_EU_002454,0.0,1.0,0.0,0.0,0.0,0.0,0.0,0.0,0.0,33.0,15660.11,-55.6,77.0,203.38,1.0,8.0,4.0,0.0,0.0,0.145,1
SMB_EU_002455,0.0,0.0,1.0,0.0,0.0,0.0,0.0,0.0,1.0,120.0,7402.75,-8.63,63.0,117.5,1.0,14.0,0.0,0.0,0.0,0.052,0
SMB_EU_002456,0.0,0.0,0.0,0.0,0.0,0.0,1.0,0.0,0.0,39.0,5562.43,-18.26,24.0,231.77,2.0,7.0,1.0,0.0,0.0,0.077,0
SMB_EU_002457,0.0,0.0,0.0,1.0,0.0,1.0,0.0,0.0,0.0,16.0,9074.46,-17.19,41.0,221.33,2.0,6.0,2.0,0.0,0.0,0.105,0
SMB_EU_002458,0.0,0.0,1.0,0.0,0.0,0.0,0.0,0.0,0.0,33.0,40035.2,-11.08,321.0,124.72,1.0,9.0,0.0,0.0,0.0,0.035,1
SMB_EU_002459,0.0,0.0,0.0,1.0,0.0,0.0,0.0,0.0,1.0,17.0,44434.48,-2.25,221.0,201.06,1.0,10.0,0.0,0.0,1.0,0.048,0
SMB_EU_002460,0.0,1.0,0.0,0.0,0.0,0.0,0.0,0.0,0.0,31.0,9624.12,9.05,37.0,260.11,3.0,6.0,1.0,0.0,1.0,0.015,0
SMB_EU_002461,0.0,0.0,0.0,0.0,1.0,0.0,0.0,0.0,1.0,69.0,3018.32,-4.5,19.0,158.86,1.0,13.0,0.0,4.0,1.0,0.101,0
SMB_EU_002462,0.0,0.0,0.0,0.0,1.0,0.0,0.0,0.0,1.0,27.0,12587.98,-3.5,94.0,133.91,1.0,11.0,0.0,1.0,1.0,0.155,0
SMB_EU_002463,0.0,0.0,1.0,0.0,0.0,0.0,0.0,0.0,0.0,35.0,39422.67,-1.26,168.0,234.66,2.0,11.0,1.0,0.0,2.0,0.016,0
SMB_EU_002464,0.0,0.0,1.0,0.0,0.0,0.0,0.0,1.0,0.0,28.0,8147.02,7.15,85.0,95.85,1.0,16.0,0.0,0.0,1.0,0.091,0
SMB_EU_002465,0.0,0.0,1.0,0.0,0.0,0.0,0.0,0.0,1.0,50.0,23594.95,9.67,90.0,262.17,4.0,14.0,0.0,0.0,2.0,0.101,0
SMB_EU_002466,0.0,0.0,0.0,0.0,0.0,0.0,0.0,0.0,0.0,43.0,13101.91,-20.8,46.0,284.82,3.0,4.0,1.0,1.0,0.0,0.053,0
SMB_EU_002467,0.0,1.0,0.0,0.0,0.0,0.0,0.0,0.0,0.0,22.0,10405.2,-4.23,36.0,289.03,2.0,10.0,0.0,0.0,2.0,0.045,0
SMB_EU_002468,0.0,0.0,0.0,0.0,0.0,0.0,0.0,0.0,0.0,43.0,16075.75,18.41,92.0,174.74,1.0,11.0,1.0,1.0,2.0,0.012,0
SMB_EU_002469,0.0,0.0,0.0,1.0,0.0,0.0,0.0,0.0,0.0,31.0,12301.46,-19.74,57.0,215.82,2.0,9.0,1.0,0.0,1.0,0.041,0
SMB_EU_002470,0.0,0.0,1.0,0.0,0.0,0.0,1.0,0.0,0.0,20.0,11909.04,-45.43,44.0,270.66,3.0,8.0,1.0,0.0,1.0,0.103,0
SMB_EU_002471,0.0,1.0,0.0,0.0,0.0,0.0,1.0,0.0,0.0,21.0,14314.92,-2.56,111.0,128.96,4.0,3.0,0.0,1.0,0.0,0.146,0
SMB_EU_002472,0.0,0.0,0.0,0.0,1.0,0.0,0.0,0.0,0.0,31.0,28131.79,-8.5,327.0,86.03,2.0,10.0,0.0,1.0,1.0,0.074,0
SMB_EU_002473,0.0,0.0,0.0,0.0,1.0,0.0,0.0,0.0,0.0,35.0,20376.98,-30.73,124.0,164.33,3.0,15.0,1.0,0.0,2.0,0.103,0
SMB_EU_002474,1.0,0.0,0.0,0.0,0.0,0.0,1.0,0.0,0.0,25.0,9271.41,-21.98,34.0,272.69,1.0,13.0,2.0,0.0,1.0,0.207,1
SMB_EU_002475,0.0,0.0,0.0,1.0,0.0,0.0,0.0,1.0,0.0,35.0,8053.4,22.67,42.0,191.75,2.0,10.0,1.0,0.0,2.0,0.109,0
SMB_EU_002476,0.0,0.0,0.0,0.0,1.0,0.0,0.0,1.0,0.0,16.0,1539.78,0.08,8.0,192.47,1.0,9.0,0.0,0.0,1.0,0.047,0
SMB_EU_002477,0.0,0.0,0.0,0.0,0.0,0.0,1.0,0.0,0.0,12.0,9077.37,-38.72,39.0,232.75,1.0,10.0,0.0,1.0,2.0,0.075,1
SMB_EU_002478,1.0,0.0,0.0,0.0,0.0,1.0,0.0,0.0,0.0,8.0,6191.93,-8.66,30.0,206.4,2.0,5.0,0.0,0.0,1.0,0.18,0
SMB_EU_002479,0.0,0.0,0.0,0.0,0.0,1.0,0.0,0.0,0.0,39.0,6818.28,-8.49,74.0,92.14,1.0,13.0,2.0,0.0,0.0,0.145,0
SMB_EU_002480,1.0,0.0,0.0,0.0,0.0,0.0,0.0,0.0,1.0,7.0,8539.06,-41.87,42.0,203.31,3.0,9.0,2.0,0.0,1.0,0.046,0
SMB_EU_002481,0.0,1.0,0.0,0.0,0.0,0.0,1.0,0.0,0.0,35.0,10366.24,6.42,47.0,220.56,4.0,5.0,1.0,0.0,1.0,0.055,0
SMB_EU_002482,0.0,0.0,0.0,0.0,1.0,0.0,1.0,0.0,0.0,19.0,5667.11,8.97,26.0,217.97,2.0,10.0,0.0,0.0,2.0,0.025,0
SMB_EU_002483,0.0,0.0,0.0,0.0,1.0,0.0,0.0,0.0,1.0,22.0,17724.34,5.65,74.0,239.52,1.0,9.0,0.0,1.0,1.0,0.028,0
SMB_EU_002484,0.0,0.0,0.0,0.0,0.0,0.0,0.0,0.0,1.0,22.0,11958.17,-20.05,62.0,192.87,1.0,13.0,2.0,0.0,2.0,0.038,0
SMB_EU_002485,0.0,0.0,0.0,1.0,0.0,0.0,0.0,1.0,0.0,108.0,5473.12,-39.71,20.0,273.66,2.0,5.0,0.0,0.0,0.0,0.054,0
SMB_EU_002486,0.0,0.0,0.0,0.0,1.0,0.0,0.0,1.0,0.0,18.0,3290.13,12.75,18.0,182.79,2.0,14.0,1.0,0.0,2.0,0.105,0
SMB_EU_002487,0.0,0.0,0.0,1.0,0.0,0.0,1.0,0.0,0.0,14.0,13047.96,-29.38,67.0,194.75,2.0,14.0,1.0,0.0,2.0,0.068,0
SMB_EU_002488,0.0,0.0,0.0,0.0,1.0,0.0,0.0,0.0,0.0,82.0,16980.17,4.39,67.0,253.44,2.0,6.0,0.0,0.0,1.0,0.122,0
SMB_EU_002489,0.0,0.0,1.0,0.0,0.0,0.0,1.0,0.0,0.0,9.0,5084.27,-52.8,19.0,267.59,3.0,8.0,0.0,1.0,0.0,0.134,1
SMB_EU_002490,0.0,1.0,0.0,0.0,0.0,0.0,1.0,0.0,0.0,11.0,7732.6,-45.03,35.0,220.93,1.0,11.0,2.0,0.0,1.0,0.173,1
SMB_EU_002491,0.0,1.0,0.0,0.0,0.0,0.0,0.0,1.0,0.0,48.0,7292.8,-49.67,68.0,107.25,3.0,12.0,0.0,0.0,3.0,0.095,0
SMB_EU_002492,0.0,0.0,0.0,0.0,0.0,0.0,1.0,0.0,0.0,36.0,11138.26,-9.96,73.0,152.58,4.0,11.0,0.0,0.0,2.0,0.149,0
SMB_EU_002493,1.0,0.0,0.0,0.0,0.0,0.0,0.0,0.0,0.0,20.0,20090.67,-10.64,238.0,84.41,1.0,9.0,1.0,0.0,0.0,0.171,0
SMB_EU_002494,0.0,1.0,0.0,0.0,0.0,0.0,0.0,0.0,1.0,12.0,9513.8,-37.64,66.0,144.15,2.0,5.0,2.0,1.0,0.0,0.124,1
SMB_EU_002495,0.0,0.0,0.0,1.0,0.0,0.0,1.0,0.0,0.0,4.0,14804.53,8.7,72.0,205.62,2.0,14.0,0.0,2.0,0.0,0.094,0
SMB_EU_002496,0.0,0.0,0.0,1.0,0.0,0.0,0.0,0.0,1.0,71.0,18914.0,-34.53,74.0,255.59,3.0,8.0,1.0,0.0,1.0,0.121,0
SMB_EU_002497,0.0,0.0,1.0,0.0,0.0,0.0,0.0,0.0,1.0,43.0,14007.85,2.36,67.0,209.07,2.0,13.0,2.0,0.0,1.0,0.343,0
SMB_EU_002498,0.0,0.0,0.0,0.0,1.0,1.0,0.0,0.0,0.0,66.0,4217.69,-46.21,48.0,87.87,3.0,9.0,1.0,0.0,2.0,0.084,1
SMB_EU_002499,0.0,0.0,0.0,0.0,1.0,0.0,1.0,0.0,0.0,54.0,4240.17,2.86,31.0,136.78,2.0,8.0,0.0,0.0,0.0,0.132,0
SMB_EU_002500,0.0,1.0,0.0,0.0,0.0,0.0,0.0,0.0,0.0,37.0,10823.14,-34.82,52.0,208.14,2.0,6.0,1.0,0.0,1.0,0.053,0
SMB_EU_002501,1.0,0.0,0.0,0.0,0.0,0.0,0.0,0.0,0.0,17.0,48436.04,-24.93,205.0,236.27,3.0,12.0,2.0,0.0,1.0,0.109,0
SMB_EU_002502,1.0,0.0,0.0,0.0,0.0,0.0,0.0,0.0,0.0,12.0,17762.11,-29.74,66.0,269.12,4.0,8.0,0.0,0.0,1.0,0.137,0
SMB_EU_002503,0.0,0.0,1.0,0.0,0.0,0.0,0.0,0.0,0.0,57.0,53726.98,2.33,183.0,293.59,3.0,16.0,1.0,0.0,1.0,0.078,0
SMB_EU_002504,0.0,0.0,0.0,0.0,1.0,0.0,0.0,0.0,1.0,19.0,8373.78,1.32,30.0,279.13,4.0,11.0,2.0,0.0,0.0,0.044,0
SMB_EU_002505,0.0,0.0,0.0,0.0,0.0,0.0,1.0,0.0,0.0,13.0,6849.35,-59.99,37.0,185.12,1.0,11.0,0.0,0.0,2.0,0.097,0
SMB_EU_002506,0.0,0.0,0.0,0.0,0.0,0.0,0.0,1.0,0.0,16.0,4782.69,-18.31,20.0,239.13,1.0,9.0,0.0,0.0,1.0,0.081,0
SMB_EU_002507,0.0,0.0,0.0,0.0,1.0,0.0,1.0,0.0,0.0,60.0,7569.58,-16.03,57.0,132.8,2.0,9.0,2.0,0.0,0.0,0.053,1
SMB_EU_002508,0.0,0.0,0.0,1.0,0.0,1.0,0.0,0.0,0.0,14.0,3771.86,-20.67,40.0,94.3,1.0,8.0,2.0,1.0,0.0,0.191,0
SMB_EU_002509,0.0,0.0,0.0,0.0,1.0,0.0,0.0,0.0,1.0,21.0,4517.31,8.31,49.0,92.19,3.0,11.0,2.0,0.0,2.0,0.011,0
SMB_EU_002510,0.0,0.0,0.0,0.0,1.0,0.0,0.0,0.0,0.0,25.0,20264.13,-1.73,152.0,133.32,1.0,9.0,0.0,1.0,0.0,0.011,0
SMB_EU_002511,0.0,0.0,0.0,0.0,0.0,0.0,1.0,0.0,0.0,32.0,15065.12,-0.78,171.0,88.1,2.0,9.0,4.0,0.0,2.0,0.017,0
SMB_EU_002512,0.0,0.0,0.0,0.0,1.0,1.0,0.0,0.0,0.0,13.0,26016.95,-25.58,97.0,268.22,3.0,8.0,0.0,0.0,0.0,0.062,0
SMB_EU_002513,0.0,0.0,0.0,1.0,0.0,0.0,0.0,1.0,0.0,25.0,3854.38,-0.5,21.0,183.54,2.0,9.0,2.0,1.0,0.0,0.059,0
SMB_EU_002514,0.0,0.0,0.0,1.0,0.0,1.0,0.0,0.0,0.0,49.0,4855.76,9.5,19.0,255.57,1.0,11.0,0.0,1.0,2.0,0.22,0
SMB_EU_002515,0.0,0.0,1.0,0.0,0.0,0.0,0.0,0.0,0.0,93.0,9443.37,-27.63,33.0,286.16,4.0,13.0,0.0,0.0,0.0,0.124,0
SMB_EU_002516,0.0,0.0,0.0,0.0,1.0,0.0,0.0,0.0,0.0,11.0,29473.36,-8.03,99.0,297.71,3.0,10.0,0.0,0.0,1.0,0.197,0
SMB_EU_002517,0.0,0.0,0.0,0.0,0.0,0.0,0.0,0.0,1.0,13.0,14676.05,-23.56,51.0,287.77,2.0,12.0,3.0,2.0,2.0,0.031,1
SMB_EU_002518,0.0,0.0,0.0,1.0,0.0,0.0,0.0,0.0,1.0,14.0,5317.82,-6.3,22.0,241.72,3.0,10.0,0.0,0.0,2.0,0.101,0
SMB_EU_002519,0.0,0.0,1.0,0.0,0.0,0.0,0.0,0.0,0.0,41.0,8729.7,-39.98,49.0,178.16,2.0,13.0,0.0,1.0,0.0,0.118,0
SMB_EU_002520,1.0,0.0,0.0,0.0,0.0,0.0,0.0,1.0,0.0,12.0,8854.69,5.71,42.0,210.83,2.0,9.0,0.0,0.0,2.0,0.038,0
SMB_EU_002521,0.0,0.0,1.0,0.0,0.0,0.0,0.0,0.0,0.0,24.0,18877.45,2.54,73.0,258.6,1.0,8.0,0.0,0.0,2.0,0.149,0
SMB_EU_002522,0.0,0.0,0.0,0.0,0.0,0.0,0.0,0.0,0.0,22.0,23643.39,19.37,85.0,278.16,3.0,11.0,2.0,1.0,1.0,0.083,0
SMB_EU_002523,0.0,1.0,0.0,0.0,0.0,0.0,1.0,0.0,0.0,98.0,4710.44,-0.81,16.0,294.4,2.0,19.0,0.0,0.0,1.0,0.059,0
SMB_EU_002524,0.0,1.0,0.0,0.0,0.0,0.0,0.0,0.0,0.0,18.0,4861.83,5.08,20.0,243.09,3.0,11.0,0.0,0.0,2.0,0.172,0
SMB_EU_002525,1.0,0.0,0.0,0.0,0.0,0.0,0.0,0.0,0.0,17.0,8873.52,-8.37,45.0,197.19,1.0,10.0,2.0,0.0,2.0,0.063,0
SMB_EU_002526,0.0,1.0,0.0,0.0,0.0,0.0,1.0,0.0,0.0,41.0,12086.65,-16.55,41.0,294.8,3.0,16.0,1.0,0.0,0.0,0.1,0
SMB_EU_002527,0.0,0.0,0.0,0.0,0.0,0.0,0.0,0.0,0.0,33.0,53233.35,12.52,183.0,290.89,1.0,8.0,0.0,2.0,0.0,0.034,0
SMB_EU_002528,0.0,0.0,0.0,0.0,1.0,0.0,0.0,1.0,0.0,16.0,3864.22,18.65,21.0,184.01,2.0,11.0,0.0,1.0,1.0,0.051,0
SMB_EU_002529,0.0,0.0,0.0,0.0,0.0,1.0,0.0,0.0,0.0,62.0,23506.41,-39.87,106.0,221.76,3.0,9.0,0.0,1.0,2.0,0.016,1
SMB_EU_002530,0.0,0.0,0.0,0.0,1.0,1.0,0.0,0.0,0.0,9.0,9871.5,1.97,38.0,259.78,3.0,11.0,1.0,1.0,1.0,0.073,0
SMB_EU_002531,0.0,0.0,1.0,0.0,0.0,0.0,0.0,0.0,1.0,26.0,3901.67,-48.27,22.0,177.35,3.0,8.0,1.0,1.0,1.0,0.056,0
SMB_EU_002532,1.0,0.0,0.0,0.0,0.0,0.0,1.0,0.0,0.0,21.0,9096.25,17.12,35.0,259.89,2.0,8.0,1.0,1.0,3.0,0.031,0
SMB_EU_002533,0.0,1.0,0.0,0.0,0.0,1.0,0.0,0.0,0.0,24.0,10075.88,8.69,96.0,104.96,2.0,9.0,0.0,0.0,3.0,0.07,1
SMB_EU_002534,0.0,0.0,0.0,0.0,0.0,0.0,0.0,1.0,0.0,16.0,1166.66,30.37,6.0,194.44,1.0,13.0,0.0,0.0,3.0,0.03,0
SMB_EU_002535,1.0,0.0,0.0,0.0,0.0,0.0,0.0,0.0,0.0,25.0,22081.07,-17.32,119.0,185.56,1.0,11.0,1.0,0.0,2.0,0.113,0
SMB_EU_002536,1.0,0.0,0.0,0.0,0.0,0.0,0.0,0.0,0.0,31.0,30316.22,12.94,131.0,231.42,3.0,7.0,0.0,1.0,1.0,0.119,0
SMB_EU_002537,1.0,0.0,0.0,0.0,0.0,0.0,1.0,0.0,0.0,3.0,10163.09,8.24,96.0,105.87,4.0,13.0,1.0,0.0,1.0,0.015,0
SMB_EU_002538,0.0,0.0,0.0,0.0,0.0,0.0,0.0,1.0,0.0,19.0,4818.22,-5.13,47.0,102.52,2.0,8.0,0.0,0.0,1.0,0.221,0
SMB_EU_002539,1.0,0.0,0.0,0.0,0.0,0.0,0.0,0.0,0.0,14.0,13521.68,-22.49,49.0,275.95,3.0,10.0,0.0,2.0,3.0,0.06,0
SMB_EU_002540,1.0,0.0,0.0,0.0,0.0,0.0,0.0,1.0,0.0,79.0,4352.04,6.04,30.0,145.07,3.0,15.0,0.0,0.0,4.0,0.122,0
SMB_EU_002541,0.0,0.0,1.0,0.0,0.0,1.0,0.0,0.0,0.0,36.0,2962.91,-14.05,20.0,148.15,4.0,4.0,2.0,1.0,1.0,0.085,0
SMB_EU_002542,1.0,0.0,0.0,0.0,0.0,1.0,0.0,0.0,0.0,14.0,3971.9,-1.78,16.0,248.24,3.0,9.0,1.0,1.0,0.0,0.009,0
SMB_EU_002543,0.0,0.0,0.0,0.0,1.0,0.0,0.0,1.0,0.0,18.0,3894.17,-14.23,23.0,169.31,2.0,4.0,0.0,1.0,5.0,0.062,1
SMB_EU_002544,0.0,0.0,1.0,0.0,0.0,1.0,0.0,0.0,0.0,22.0,6422.81,-28.91,24.0,267.62,1.0,7.0,1.0,0.0,0.0,0.022,0
SMB_EU_002545,0.0,0.0,0.0,0.0,0.0,0.0,0.0,0.0,0.0,18.0,10739.85,-17.64,64.0,167.81,2.0,11.0,0.0,0.0,2.0,0.139,0
SMB_EU_002546,0.0,0.0,0.0,1.0,0.0,0.0,0.0,0.0,0.0,38.0,8904.64,14.84,36.0,247.35,1.0,13.0,1.0,0.0,0.0,0.023,0
SMB_EU_002547,0.0,0.0,0.0,0.0,0.0,0.0,0.0,1.0,0.0,70.0,7887.67,3.32,40.0,197.19,3.0,6.0,0.0,0.0,0.0,0.089,0
SMB_EU_002548,0.0,1.0,0.0,0.0,0.0,0.0,0.0,0.0,0.0,1.0,18735.47,-49.03,66.0,283.87,2.0,13.0,2.0,1.0,1.0,0.092,0
SMB_EU_002549,0.0,1.0,0.0,0.0,0.0,0.0,0.0,0.0,0.0,21.0,10853.77,5.72,71.0,152.87,2.0,7.0,1.0,0.0,0.0,0.133,0
SMB_EU_002550,0.0,0.0,0.0,0.0,0.0,0.0,1.0,0.0,0.0,92.0,10839.63,10.85,68.0,159.41,4.0,11.0,2.0,0.0,1.0,0.018,0
SMB_EU_002551,0.0,1.0,0.0,0.0,0.0,0.0,0.0,0.0,1.0,22.0,6857.41,-29.58,23.0,298.15,3.0,13.0,1.0,0.0,0.0,0.075,0
SMB_EU_002552,0.0,0.0,0.0,0.0,0.0,0.0,1.0,0.0,0.0,32.0,8308.51,1.75,34.0,244.37,3.0,15.0,0.0,1.0,0.0,0.111,0
SMB_EU_002553,1.0,0.0,0.0,0.0,0.0,1.0,0.0,0.0,0.0,4.0,10770.23,-49.94,43.0,250.47,1.0,12.0,2.0,0.0,2.0,0.054,1
SMB_EU_002554,0.0,0.0,0.0,0.0,1.0,0.0,0.0,0.0,0.0,62.0,10441.68,-36.8,72.0,145.02,1.0,11.0,0.0,0.0,0.0,0.025,0
SMB_EU_002555,0.0,0.0,0.0,0.0,0.0,0.0,0.0,0.0,0.0,11.0,7423.15,5.79,38.0,195.35,1.0,8.0,0.0,0.0,2.0,0.269,0
SMB_EU_002556,0.0,0.0,0.0,0.0,1.0,1.0,0.0,0.0,0.0,36.0,5499.62,7.27,37.0,148.64,3.0,7.0,1.0,0.0,3.0,0.116,0
SMB_EU_002557,0.0,0.0,0.0,1.0,0.0,0.0,1.0,0.0,0.0,13.0,3530.23,-7.23,26.0,135.78,2.0,13.0,0.0,0.0,0.0,0.065,0
SMB_EU_002558,0.0,1.0,0.0,0.0,0.0,1.0,0.0,0.0,0.0,2.0,5079.89,-21.18,26.0,195.38,1.0,13.0,4.0,1.0,1.0,0.068,0
SMB_EU_002559,0.0,0.0,0.0,0.0,0.0,0.0,0.0,1.0,0.0,33.0,4225.15,14.16,14.0,301.8,3.0,9.0,1.0,1.0,1.0,0.042,0
SMB_EU_002560,0.0,0.0,0.0,1.0,0.0,0.0,0.0,1.0,0.0,44.0,1140.23,-0.97,9.0,126.69,1.0,14.0,1.0,1.0,2.0,0.064,0
SMB_EU_002561,1.0,0.0,0.0,0.0,0.0,0.0,1.0,0.0,0.0,25.0,10999.2,2.62,82.0,134.14,2.0,5.0,0.0,0.0,1.0,0.078,0
SMB_EU_002562,1.0,0.0,0.0,0.0,0.0,0.0,0.0,1.0,0.0,10.0,4480.9,-23.04,34.0,131.79,3.0,9.0,1.0,0.0,2.0,0.04,0
SMB_EU_002563,0.0,0.0,0.0,0.0,0.0,1.0,0.0,0.0,0.0,104.0,12193.43,-1.03,48.0,254.03,2.0,10.0,0.0,1.0,1.0,0.01,0
SMB_EU_002564,0.0,0.0,0.0,0.0,0.0,0.0,0.0,1.0,0.0,43.0,5690.27,-30.18,30.0,189.68,4.0,7.0,0.0,0.0,2.0,0.078,1
SMB_EU_002565,0.0,1.0,0.0,0.0,0.0,0.0,0.0,0.0,0.0,30.0,23322.42,-7.74,142.0,164.24,2.0,16.0,2.0,0.0,1.0,0.223,0
SMB_EU_002566,0.0,1.0,0.0,0.0,0.0,0.0,0.0,0.0,0.0,55.0,30632.87,0.95,115.0,266.37,1.0,11.0,1.0,0.0,0.0,0.084,0
SMB_EU_002567,0.0,1.0,0.0,0.0,0.0,0.0,0.0,0.0,1.0,18.0,8316.11,11.51,57.0,145.9,1.0,12.0,1.0,2.0,2.0,0.061,0
SMB_EU_002568,0.0,1.0,0.0,0.0,0.0,0.0,0.0,1.0,0.0,84.0,4997.53,-14.99,30.0,166.58,2.0,6.0,2.0,0.0,2.0,0.091,0
SMB_EU_002569,1.0,0.0,0.0,0.0,0.0,0.0,0.0,0.0,0.0,43.0,5835.29,5.61,61.0,95.66,3.0,7.0,0.0,0.0,3.0,0.065,0
SMB_EU_002570,0.0,0.0,0.0,0.0,1.0,0.0,0.0,0.0,0.0,52.0,31556.29,22.03,297.0,106.25,4.0,7.0,1.0,0.0,0.0,0.03,0
SMB_EU_002571,0.0,1.0,0.0,0.0,0.0,0.0,0.0,0.0,0.0,21.0,13744.4,-9.61,125.0,109.96,4.0,14.0,0.0,0.0,0.0,0.107,0
SMB_EU_002572,0.0,0.0,0.0,0.0,1.0,0.0,0.0,0.0,0.0,11.0,8203.92,-23.21,52.0,157.77,2.0,7.0,3.0,0.0,2.0,0.01,1
SMB_EU_002573,0.0,1.0,0.0,0.0,0.0,0.0,0.0,0.0,0.0,30.0,23380.06,4.35,120.0,194.83,2.0,8.0,0.0,0.0,4.0,0.188,0
SMB_EU_002574,0.0,0.0,0.0,1.0,0.0,0.0,0.0,0.0,0.0,18.0,4055.94,-43.98,51.0,79.53,2.0,9.0,1.0,0.0,0.0,0.235,0
SMB_EU_002575,0.0,1.0,0.0,0.0,0.0,0.0,0.0,1.0,0.0,90.0,3864.66,-61.48,32.0,120.77,2.0,11.0,1.0,0.0,0.0,0.081,0
SMB_EU_002576,0.0,0.0,1.0,0.0,0.0,0.0,1.0,0.0,0.0,8.0,13796.68,13.85,116.0,118.94,1.0,10.0,0.0,0.0,3.0,0.012,0
SMB_EU_002577,0.0,0.0,0.0,0.0,1.0,1.0,0.0,0.0,0.0,65.0,4614.14,28.15,34.0,135.71,1.0,14.0,2.0,0.0,1.0,0.113,0
SMB_EU_002578,0.0,0.0,1.0,0.0,0.0,0.0,1.0,0.0,0.0,6.0,5200.15,-15.01,45.0,115.56,2.0,12.0,3.0,0.0,2.0,0.02,0
SMB_EU_002579,0.0,1.0,0.0,0.0,0.0,0.0,0.0,0.0,0.0,13.0,11685.6,-63.58,95.0,123.01,1.0,9.0,0.0,2.0,1.0,0.064,1
SMB_EU_002580,0.0,0.0,1.0,0.0,0.0,0.0,1.0,0.0,0.0,6.0,2395.24,-6.6,8.0,299.41,4.0,15.0,0.0,1.0,1.0,0.026,0
SMB_EU_002581,0.0,0.0,0.0,0.0,0.0,0.0,0.0,0.0,0.0,18.0,23042.43,-8.22,109.0,211.4,3.0,14.0,1.0,0.0,1.0,0.143,1
SMB_EU_002582,0.0,0.0,0.0,0.0,1.0,0.0,0.0,1.0,0.0,23.0,4644.6,29.0,19.0,244.45,2.0,9.0,1.0,1.0,0.0,0.062,0
SMB_EU_002583,0.0,0.0,0.0,1.0,0.0,0.0,0.0,1.0,0.0,16.0,4246.28,-37.42,16.0,265.39,1.0,9.0,1.0,0.0,0.0,0.248,1
SMB_EU_002584,0.0,0.0,0.0,1.0,0.0,0.0,1.0,0.0,0.0,36.0,6808.97,-5.82,30.0,226.97,2.0,8.0,0.0,1.0,1.0,0.132,0
SMB_EU_002585,0.0,0.0,1.0,0.0,0.0,0.0,0.0,0.0,0.0,23.0,15127.25,24.24,64.0,236.36,2.0,6.0,1.0,3.0,2.0,0.099,0
SMB_EU_002586,0.0,0.0,1.0,0.0,0.0,0.0,0.0,0.0,0.0,4.0,22200.45,8.65,101.0,219.81,2.0,9.0,2.0,2.0,3.0,0.031,0
SMB_EU_002587,0.0,0.0,0.0,0.0,0.0,0.0,0.0,1.0,0.0,12.0,4846.22,14.79,22.0,220.28,3.0,6.0,0.0,1.0,0.0,0.075,0
SMB_EU_002588,0.0,0.0,1.0,0.0,0.0,0.0,0.0,1.0,0.0,20.0,2208.81,-13.59,8.0,276.1,3.0,10.0,1.0,1.0,1.0,0.085,0
SMB_EU_002589,0.0,1.0,0.0,0.0,0.0,0.0,0.0,0.0,0.0,54.0,21186.41,-7.95,175.0,121.07,3.0,11.0,2.0,0.0,1.0,0.049,0
SMB_EU_002590,1.0,0.0,0.0,0.0,0.0,1.0,0.0,0.0,0.0,29.0,8092.21,-15.6,58.0,139.52,2.0,14.0,1.0,0.0,0.0,0.028,0
SMB_EU_002591,1.0,0.0,0.0,0.0,0.0,0.0,0.0,1.0,0.0,19.0,5656.21,-17.17,56.0,101.0,1.0,13.0,2.0,0.0,2.0,0.129,0
SMB_EU_002592,1.0,0.0,0.0,0.0,0.0,0.0,1.0,0.0,0.0,7.0,15250.1,18.38,58.0,262.93,2.0,11.0,0.0,1.0,0.0,0.116,0
SMB_EU_002593,0.0,0.0,1.0,0.0,0.0,0.0,0.0,0.0,0.0,30.0,15275.92,-32.52,85.0,179.72,4.0,6.0,2.0,0.0,0.0,0.08,0
SMB_EU_002594,0.0,0.0,0.0,1.0,0.0,0.0,0.0,0.0,1.0,62.0,17532.39,-5.46,63.0,278.29,3.0,7.0,0.0,0.0,1.0,0.038,0
SMB_EU_002595,0.0,0.0,0.0,0.0,0.0,0.0,0.0,1.0,0.0,21.0,11632.05,-4.81,68.0,171.06,1.0,8.0,1.0,1.0,1.0,0.022,0
SMB_EU_002596,1.0,0.0,0.0,0.0,0.0,0.0,0.0,0.0,0.0,13.0,21272.98,-23.21,120.0,177.27,3.0,11.0,0.0,1.0,2.0,0.123,0
SMB_EU_002597,0.0,1.0,0.0,0.0,0.0,0.0,0.0,0.0,0.0,39.0,9576.29,-10.11,54.0,177.34,1.0,10.0,2.0,0.0,1.0,0.042,0
SMB_EU_002598,0.0,0.0,0.0,1.0,0.0,0.0,0.0,0.0,0.0,55.0,13867.93,11.6,65.0,213.35,2.0,14.0,1.0,0.0,0.0,0.032,0
SMB_EU_002599,0.0,1.0,0.0,0.0,0.0,0.0,0.0,0.0,0.0,23.0,31543.38,-13.13,127.0,248.37,3.0,14.0,0.0,1.0,0.0,0.03,0
SMB_EU_002600,0.0,0.0,0.0,0.0,0.0,1.0,0.0,0.0,0.0,42.0,2442.89,1.39,16.0,152.68,2.0,11.0,0.0,1.0,3.0,0.042,0
SMB_EU_002601,0.0,0.0,1.0,0.0,0.0,0.0,0.0,0.0,0.0,19.0,11856.52,-19.62,54.0,219.57,2.0,7.0,2.0,0.0,3.0,0.171,1
SMB_EU_002602,0.0,0.0,0.0,0.0,0.0,0.0,0.0,1.0,0.0,44.0,4070.07,-2.16,33.0,123.34,1.0,8.0,1.0,0.0,0.0,0.066,0
SMB_EU_002603,1.0,0.0,0.0,0.0,0.0,0.0,0.0,1.0,0.0,64.0,2975.2,-34.46,15.0,198.35,1.0,9.0,0.0,0.0,0.0,0.027,0
SMB_EU_002604,0.0,1.0,0.0,0.0,0.0,0.0,1.0,0.0,0.0,48.0,13506.47,-18.33,67.0,201.59,3.0,11.0,3.0,1.0,0.0,0.106,0
SMB_EU_002605,0.0,0.0,0.0,0.0,0.0,0.0,0.0,0.0,0.0,38.0,18805.31,11.86,68.0,276.55,3.0,3.0,0.0,1.0,1.0,0.083,0
SMB_EU_002606,0.0,0.0,0.0,1.0,0.0,0.0,0.0,0.0,0.0,78.0,9790.53,-7.62,35.0,279.73,3.0,10.0,0.0,0.0,1.0,0.028,0
SMB_EU_002607,0.0,0.0,0.0,0.0,0.0,1.0,0.0,0.0,0.0,22.0,8628.47,-14.54,46.0,187.58,1.0,11.0,0.0,0.0,1.0,0.047,0
SMB_EU_002608,0.0,1.0,0.0,0.0,0.0,0.0,1.0,0.0,0.0,38.0,7274.62,-46.84,85.0,85.58,3.0,10.0,2.0,0.0,3.0,0.044,1
SMB_EU_002609,1.0,0.0,0.0,0.0,0.0,1.0,0.0,0.0,0.0,22.0,3517.12,0.66,13.0,270.55,1.0,9.0,1.0,1.0,0.0,0.055,0
SMB_EU_002610,0.0,0.0,0.0,0.0,0.0,0.0,0.0,1.0,0.0,38.0,3259.87,-27.22,41.0,79.51,1.0,9.0,0.0,1.0,1.0,0.199,0
SMB_EU_002611,1.0,0.0,0.0,0.0,0.0,0.0,0.0,0.0,0.0,43.0,19485.7,-20.96,105.0,185.58,2.0,8.0,0.0,0.0,2.0,0.115,0
SMB_EU_002612,0.0,0.0,0.0,0.0,0.0,0.0,0.0,0.0,1.0,50.0,15809.81,19.29,187.0,84.54,2.0,10.0,0.0,0.0,3.0,0.024,0
SMB_EU_002613,0.0,1.0,0.0,0.0,0.0,0.0,0.0,0.0,1.0,27.0,6720.51,-15.98,43.0,156.29,1.0,10.0,2.0,4.0,2.0,0.105,1
SMB_EU_002614,1.0,0.0,0.0,0.0,0.0,0.0,1.0,0.0,0.0,5.0,11090.69,-37.28,50.0,221.81,1.0,8.0,0.0,1.0,3.0,0.096,1
SMB_EU_002615,0.0,1.0,0.0,0.0,0.0,0.0,1.0,0.0,0.0,23.0,20666.09,-20.18,128.0,161.45,2.0,8.0,0.0,1.0,3.0,0.08,0
SMB_EU_002616,0.0,0.0,0.0,0.0,0.0,0.0,0.0,0.0,1.0,42.0,4228.73,9.88,15.0,281.92,1.0,13.0,0.0,1.0,3.0,0.043,0
SMB_EU_002617,0.0,1.0,0.0,0.0,0.0,0.0,0.0,0.0,1.0,33.0,11140.94,-4.67,50.0,222.82,1.0,14.0,2.0,1.0,1.0,0.044,0
SMB_EU_002618,0.0,1.0,0.0,0.0,0.0,0.0,1.0,0.0,0.0,37.0,13168.6,-2.56,59.0,223.2,2.0,13.0,0.0,1.0,0.0,0.057,0
SMB_EU_002619,0.0,0.0,0.0,0.0,1.0,0.0,1.0,0.0,0.0,44.0,7556.07,1.86,47.0,160.77,1.0,11.0,1.0,0.0,1.0,0.177,0
SMB_EU_002620,0.0,1.0,0.0,0.0,0.0,0.0,1.0,0.0,0.0,11.0,16817.36,-18.81,190.0,88.51,2.0,14.0,0.0,0.0,1.0,0.13,0
SMB_EU_002621,1.0,0.0,0.0,0.0,0.0,0.0,0.0,0.0,1.0,46.0,33667.29,8.92,139.0,242.21,4.0,10.0,0.0,0.0,0.0,0.144,0
SMB_EU_002622,0.0,0.0,0.0,0.0,1.0,0.0,1.0,0.0,0.0,81.0,9830.16,8.3,41.0,239.76,1.0,9.0,2.0,0.0,1.0,0.028,0
SMB_EU_002623,0.0,0.0,0.0,1.0,0.0,0.0,0.0,0.0,0.0,20.0,13038.37,0.26,66.0,197.55,4.0,9.0,0.0,0.0,0.0,0.258,0
SMB_EU_002624,0.0,0.0,0.0,0.0,1.0,0.0,0.0,1.0,0.0,51.0,8985.64,-59.1,52.0,172.8,1.0,6.0,0.0,1.0,2.0,0.013,0
SMB_EU_002625,0.0,1.0,0.0,0.0,0.0,0.0,1.0,0.0,0.0,29.0,13259.08,-66.99,67.0,197.9,1.0,5.0,0.0,1.0,2.0,0.04,1
SMB_EU_002626,0.0,0.0,0.0,0.0,1.0,1.0,0.0,0.0,0.0,36.0,1323.74,-39.69,5.0,264.75,3.0,12.0,1.0,0.0,0.0,0.049,0
SMB_EU_002627,0.0,0.0,0.0,0.0,0.0,0.0,0.0,0.0,0.0,48.0,14975.4,-3.0,63.0,237.7,3.0,13.0,0.0,2.0,1.0,0.1,0
SMB_EU_002628,0.0,0.0,1.0,0.0,0.0,0.0,0.0,1.0,0.0,33.0,3945.9,-6.95,18.0,219.22,2.0,13.0,1.0,0.0,1.0,0.138,0
SMB_EU_002629,0.0,0.0,0.0,1.0,0.0,0.0,0.0,0.0,0.0,20.0,19031.08,-39.75,68.0,279.87,1.0,10.0,0.0,0.0,1.0,0.107,1
SMB_EU_002630,0.0,1.0,0.0,0.0,0.0,1.0,0.0,0.0,0.0,34.0,5341.81,-4.0,25.0,213.67,3.0,9.0,1.0,2.0,0.0,0.068,0
SMB_EU_002631,0.0,0.0,1.0,0.0,0.0,1.0,0.0,0.0,0.0,13.0,5701.07,-13.38,69.0,82.62,4.0,8.0,0.0,1.0,1.0,0.136,1
SMB_EU_002632,1.0,0.0,0.0,0.0,0.0,0.0,1.0,0.0,0.0,8.0,4766.03,10.89,22.0,216.64,4.0,12.0,1.0,0.0,0.0,0.063,0
SMB_EU_002633,0.0,0.0,0.0,0.0,0.0,0.0,1.0,0.0,0.0,67.0,12430.57,5.63,58.0,214.32,2.0,11.0,1.0,0.0,2.0,0.035,0
SMB_EU_002634,0.0,0.0,0.0,0.0,0.0,0.0,0.0,0.0,0.0,37.0,40490.83,-4.69,425.0,95.27,3.0,13.0,2.0,1.0,1.0,0.02,0
SMB_EU_002635,1.0,0.0,0.0,0.0,0.0,0.0,0.0,0.0,0.0,43.0,9020.02,-5.4,52.0,173.46,3.0,9.0,0.0,0.0,1.0,0.031,0
SMB_EU_002636,0.0,0.0,1.0,0.0,0.0,0.0,0.0,1.0,0.0,32.0,2162.37,-13.72,10.0,216.24,3.0,8.0,1.0,0.0,0.0,0.043,0
SMB_EU_002637,0.0,0.0,0.0,0.0,1.0,0.0,0.0,1.0,0.0,6.0,5060.37,10.88,22.0,230.02,4.0,12.0,0.0,1.0,4.0,0.035,0
SMB_EU_002638,1.0,0.0,0.0,0.0,0.0,0.0,0.0,0.0,0.0,64.0,14744.3,-5.4,53.0,278.19,3.0,15.0,2.0,0.0,0.0,0.115,0
SMB_EU_002639,0.0,0.0,0.0,0.0,1.0,1.0,0.0,0.0,0.0,20.0,12113.48,-11.55,46.0,263.34,3.0,10.0,0.0,0.0,0.0,0.026,0
SMB_EU_002640,1.0,0.0,0.0,0.0,0.0,1.0,0.0,0.0,0.0,23.0,2869.8,-64.85,27.0,106.29,2.0,10.0,1.0,0.0,0.0,0.173,1
SMB_EU_002641,0.0,1.0,0.0,0.0,0.0,0.0,0.0,1.0,0.0,59.0,3620.69,5.88,17.0,212.98,2.0,10.0,0.0,1.0,2.0,0.055,0
SMB_EU_002642,0.0,0.0,0.0,0.0,0.0,0.0,0.0,0.0,0.0,13.0,4134.76,-60.08,20.0,206.74,4.0,10.0,0.0,0.0,1.0,0.018,0
SMB_EU_002643,1.0,0.0,0.0,0.0,0.0,0.0,0.0,0.0,0.0,21.0,34227.88,-30.19,233.0,146.9,1.0,14.0,1.0,1.0,1.0,0.17,0
SMB_EU_002644,0.0,0.0,1.0,0.0,0.0,0.0,0.0,0.0,0.0,20.0,17433.21,-18.05,145.0,120.23,1.0,9.0,0.0,0.0,1.0,0.152,0
SMB_EU_002645,0.0,0.0,0.0,0.0,0.0,0.0,0.0,0.0,0.0,13.0,11358.77,-3.5,92.0,123.46,1.0,5.0,2.0,0.0,0.0,0.042,0
SMB_EU_002646,0.0,1.0,0.0,0.0,0.0,0.0,0.0,0.0,0.0,29.0,6784.82,-3.08,57.0,119.03,4.0,15.0,0.0,0.0,3.0,0.026,0
SMB_EU_002647,0.0,0.0,0.0,0.0,1.0,0.0,0.0,0.0,0.0,14.0,7168.99,-3.65,28.0,256.04,3.0,19.0,1.0,1.0,1.0,0.164,0
SMB_EU_002648,0.0,0.0,0.0,1.0,0.0,0.0,1.0,0.0,0.0,66.0,10257.42,-39.78,91.0,112.72,1.0,11.0,0.0,0.0,1.0,0.067,0
SMB_EU_002649,0.0,0.0,0.0,1.0,0.0,0.0,0.0,1.0,0.0,7.0,2572.77,-22.14,19.0,135.41,1.0,11.0,1.0,1.0,1.0,0.057,1
SMB_EU_002650,0.0,0.0,0.0,1.0,0.0,0.0,1.0,0.0,0.0,10.0,8515.13,-13.12,67.0,127.09,3.0,9.0,1.0,0.0,2.0,0.103,0
SMB_EU_002651,0.0,0.0,0.0,0.0,0.0,0.0,1.0,0.0,0.0,21.0,27254.22,17.76,115.0,236.99,2.0,12.0,0.0,0.0,1.0,0.143,0
SMB_EU_002652,0.0,1.0,0.0,0.0,0.0,0.0,0.0,0.0,0.0,27.0,12176.38,15.54,106.0,114.87,1.0,7.0,0.0,0.0,1.0,0.2,0
SMB_EU_002653,0.0,1.0,0.0,0.0,0.0,0.0,1.0,0.0,0.0,16.0,4493.24,-19.69,53.0,84.78,4.0,9.0,1.0,0.0,1.0,0.046,0
SMB_EU_002654,0.0,0.0,0.0,0.0,0.0,1.0,0.0,0.0,0.0,45.0,7545.59,-49.16,46.0,164.03,2.0,9.0,3.0,0.0,0.0,0.07,1
SMB_EU_002655,1.0,0.0,0.0,0.0,0.0,0.0,0.0,0.0,0.0,23.0,7189.17,-35.8,49.0,146.72,3.0,10.0,3.0,0.0,4.0,0.183,0
SMB_EU_002656,0.0,1.0,0.0,0.0,0.0,0.0,0.0,0.0,0.0,39.0,42099.71,-16.81,251.0,167.73,3.0,9.0,1.0,0.0,2.0,0.015,0
SMB_EU_002657,1.0,0.0,0.0,0.0,0.0,0.0,0.0,0.0,0.0,63.0,34821.05,0.49,142.0,245.22,1.0,12.0,1.0,0.0,0.0,0.049,0
SMB_EU_002658,0.0,0.0,0.0,0.0,1.0,0.0,1.0,0.0,0.0,76.0,7249.54,-16.8,88.0,82.38,2.0,12.0,0.0,0.0,3.0,0.08,0
SMB_EU_002659,0.0,0.0,0.0,0.0,0.0,0.0,1.0,0.0,0.0,22.0,4669.56,-16.54,53.0,88.1,2.0,5.0,0.0,2.0,0.0,0.118,0
SMB_EU_002660,0.0,0.0,1.0,0.0,0.0,0.0,0.0,1.0,0.0,29.0,3872.79,5.52,28.0,138.31,4.0,9.0,1.0,0.0,0.0,0.069,0
SMB_EU_002661,0.0,0.0,0.0,1.0,0.0,0.0,0.0,0.0,0.0,33.0,12561.68,14.2,46.0,273.08,1.0,10.0,0.0,1.0,1.0,0.154,0
SMB_EU_002662,0.0,0.0,0.0,0.0,1.0,0.0,0.0,0.0,0.0,22.0,18881.65,-2.91,161.0,117.28,3.0,4.0,1.0,1.0,1.0,0.02,0
SMB_EU_002663,0.0,0.0,0.0,0.0,0.0,0.0,1.0,0.0,0.0,12.0,14927.74,24.74,50.0,298.55,2.0,14.0,0.0,0.0,0.0,0.054,0
SMB_EU_002664,0.0,0.0,1.0,0.0,0.0,0.0,0.0,0.0,0.0,53.0,8053.79,3.18,31.0,259.8,3.0,11.0,0.0,0.0,1.0,0.03,0
SMB_EU_002665,0.0,0.0,1.0,0.0,0.0,1.0,0.0,0.0,0.0,12.0,11004.51,-11.65,61.0,180.4,3.0,11.0,1.0,0.0,0.0,0.077,0
SMB_EU_002666,0.0,1.0,0.0,0.0,0.0,1.0,0.0,0.0,0.0,56.0,8691.72,-16.3,36.0,241.44,1.0,8.0,0.0,0.0,0.0,0.077,0
SMB_EU_002667,0.0,0.0,0.0,0.0,0.0,0.0,0.0,1.0,0.0,37.0,3686.82,15.27,19.0,194.04,1.0,12.0,1.0,1.0,0.0,0.04,0
SMB_EU_002668,0.0,0.0,1.0,0.0,0.0,0.0,1.0,0.0,0.0,32.0,4167.91,1.93,20.0,208.4,1.0,10.0,2.0,0.0,0.0,0.09,0
SMB_EU_002669,1.0,0.0,0.0,0.0,0.0,0.0,0.0,0.0,0.0,15.0,16083.43,10.14,77.0,208.88,2.0,10.0,4.0,0.0,1.0,0.019,0
SMB_EU_002670,0.0,1.0,0.0,0.0,0.0,0.0,0.0,1.0,0.0,4.0,2647.68,-39.87,12.0,220.64,4.0,12.0,0.0,0.0,3.0,0.154,0
SMB_EU_002671,0.0,0.0,1.0,0.0,0.0,0.0,0.0,0.0,1.0,52.0,16633.74,3.67,178.0,93.45,1.0,16.0,0.0,0.0,0.0,0.059,0
SMB_EU_002672,0.0,1.0,0.0,0.0,0.0,0.0,1.0,0.0,0.0,15.0,4075.98,-7.68,19.0,214.53,2.0,9.0,1.0,0.0,0.0,0.007,0
SMB_EU_002673,1.0,0.0,0.0,0.0,0.0,0.0,0.0,0.0,0.0,38.0,20835.83,-20.91,88.0,236.77,4.0,10.0,0.0,0.0,2.0,0.204,0
SMB_EU_002674,0.0,0.0,0.0,0.0,0.0,0.0,1.0,0.0,0.0,40.0,7622.25,-0.94,51.0,149.46,4.0,13.0,0.0,2.0,3.0,0.121,0
SMB_EU_002675,0.0,0.0,0.0,0.0,1.0,0.0,1.0,0.0,0.0,27.0,5714.84,16.38,19.0,300.78,3.0,9.0,1.0,0.0,0.0,0.039,0
SMB_EU_002676,0.0,1.0,0.0,0.0,0.0,0.0,0.0,0.0,0.0,32.0,14102.49,33.99,126.0,111.92,3.0,7.0,1.0,1.0,1.0,0.079,0
SMB_EU_002677,0.0,1.0,0.0,0.0,0.0,0.0,1.0,0.0,0.0,36.0,15293.55,3.63,55.0,278.06,1.0,8.0,1.0,0.0,2.0,0.108,0
SMB_EU_002678,0.0,0.0,0.0,0.0,0.0,0.0,0.0,1.0,0.0,31.0,2445.09,-10.64,11.0,222.28,1.0,13.0,0.0,0.0,2.0,0.111,0
SMB_EU_002679,0.0,0.0,0.0,0.0,0.0,0.0,0.0,0.0,0.0,14.0,11713.67,-11.54,52.0,225.26,1.0,7.0,0.0,1.0,0.0,0.143,1
SMB_EU_002680,0.0,0.0,0.0,1.0,0.0,0.0,1.0,0.0,0.0,7.0,5095.69,14.45,19.0,268.19,2.0,7.0,0.0,1.0,0.0,0.062,0
SMB_EU_002681,0.0,1.0,0.0,0.0,0.0,0.0,1.0,0.0,0.0,16.0,7816.77,-14.95,30.0,260.56,2.0,11.0,0.0,0.0,1.0,0.15,1
SMB_EU_002682,1.0,0.0,0.0,0.0,0.0,0.0,0.0,1.0,0.0,20.0,3315.57,9.34,21.0,157.88,2.0,10.0,1.0,2.0,2.0,0.059,0
SMB_EU_002683,0.0,0.0,0.0,0.0,0.0,0.0,1.0,0.0,0.0,65.0,2769.3,-19.22,12.0,230.77,1.0,12.0,1.0,0.0,1.0,0.078,0
SMB_EU_002684,0.0,1.0,0.0,0.0,0.0,1.0,0.0,0.0,0.0,10.0,3185.72,-51.93,35.0,91.02,1.0,13.0,1.0,1.0,1.0,0.15,1
SMB_EU_002685,0.0,1.0,0.0,0.0,0.0,0.0,0.0,0.0,0.0,71.0,40073.02,-23.52,220.0,182.15,1.0,9.0,1.0,1.0,0.0,0.05,0
SMB_EU_002686,0.0,0.0,0.0,0.0,0.0,1.0,0.0,0.0,0.0,86.0,6957.33,-5.35,24.0,289.89,4.0,7.0,0.0,0.0,1.0,0.048,0
SMB_EU_002687,0.0,0.0,0.0,0.0,0.0,0.0,0.0,0.0,0.0,17.0,17038.36,-21.87,121.0,140.81,4.0,12.0,0.0,0.0,2.0,0.059,0
SMB_EU_002688,0.0,1.0,0.0,0.0,0.0,0.0,1.0,0.0,0.0,84.0,6752.24,-42.78,74.0,91.25,1.0,8.0,1.0,0.0,0.0,0.178,0
SMB_EU_002689,0.0,0.0,0.0,1.0,0.0,0.0,1.0,0.0,0.0,24.0,7756.0,13.76,37.0,209.62,1.0,10.0,1.0,0.0,2.0,0.068,0
SMB_EU_002690,0.0,1.0,0.0,0.0,0.0,0.0,1.0,0.0,0.0,21.0,6181.46,-13.47,39.0,158.5,4.0,14.0,0.0,0.0,1.0,0.127,0
SMB_EU_002691,0.0,0.0,0.0,1.0,0.0,0.0,0.0,0.0,0.0,65.0,20577.69,3.21,126.0,163.31,1.0,8.0,0.0,1.0,3.0,0.06,0
SMB_EU_002692,0.0,0.0,1.0,0.0,0.0,1.0,0.0,0.0,0.0,31.0,6374.11,-53.49,31.0,205.62,4.0,13.0,1.0,1.0,3.0,0.082,0
SMB_EU_002693,0.0,0.0,0.0,0.0,0.0,0.0,0.0,0.0,0.0,28.0,7428.24,23.82,34.0,218.48,2.0,6.0,2.0,1.0,1.0,0.132,0
SMB_EU_002694,0.0,0.0,0.0,1.0,0.0,0.0,1.0,0.0,0.0,16.0,9315.47,-51.5,53.0,175.76,2.0,8.0,0.0,0.0,0.0,0.144,1
SMB_EU_002695,0.0,0.0,0.0,0.0,1.0,0.0,0.0,0.0,0.0,17.0,3430.84,-17.04,18.0,190.6,3.0,8.0,2.0,0.0,3.0,0.139,0
SMB_EU_002696,0.0,0.0,0.0,1.0,0.0,1.0,0.0,0.0,0.0,29.0,7691.19,10.45,26.0,295.81,1.0,6.0,1.0,0.0,1.0,0.089,0
SMB_EU_002697,0.0,0.0,1.0,0.0,0.0,0.0,0.0,0.0,1.0,65.0,3863.64,-34.66,13.0,297.2,1.0,12.0,0.0,0.0,2.0,0.095,0
SMB_EU_002698,0.0,1.0,0.0,0.0,0.0,1.0,0.0,0.0,0.0,10.0,5663.98,-8.14,24.0,236.0,3.0,12.0,0.0,1.0,0.0,0.055,0
SMB_EU_002699,1.0,0.0,0.0,0.0,0.0,0.0,0.0,0.0,0.0,25.0,7324.86,1.5,63.0,116.27,4.0,6.0,1.0,0.0,0.0,0.171,0
SMB_EU_002700,1.0,0.0,0.0,0.0,0.0,1.0,0.0,0.0,0.0,8.0,6010.17,6.63,38.0,158.16,3.0,11.0,1.0,1.0,2.0,0.09,0
SMB_EU_002701,0.0,0.0,0.0,1.0,0.0,0.0,0.0,0.0,1.0,15.0,12732.93,3.06,46.0,276.8,3.0,11.0,0.0,0.0,2.0,0.111,0
SMB_EU_002702,0.0,0.0,0.0,0.0,1.0,0.0,0.0,1.0,0.0,42.0,12318.89,6.88,71.0,173.51,4.0,7.0,2.0,0.0,2.0,0.02,0
SMB_EU_002703,0.0,0.0,0.0,0.0,0.0,0.0,0.0,0.0,0.0,13.0,5949.07,-7.59,21.0,283.29,1.0,9.0,1.0,0.0,2.0,0.096,1
SMB_EU_002704,0.0,0.0,0.0,0.0,0.0,0.0,1.0,0.0,0.0,55.0,14364.0,7.89,77.0,186.55,2.0,10.0,1.0,0.0,0.0,0.061,0
SMB_EU_002705,1.0,0.0,0.0,0.0,0.0,0.0,0.0,0.0,0.0,13.0,16228.06,0.26,60.0,270.47,1.0,8.0,3.0,0.0,0.0,0.111,0
SMB_EU_002706,1.0,0.0,0.0,0.0,0.0,0.0,0.0,0.0,0.0,17.0,11446.11,-7.08,130.0,88.05,1.0,11.0,0.0,0.0,3.0,0.107,0
SMB_EU_002707,0.0,0.0,0.0,0.0,0.0,0.0,0.0,1.0,0.0,5.0,7888.07,-3.69,45.0,175.29,3.0,13.0,0.0,0.0,2.0,0.046,0
SMB_EU_002708,0.0,1.0,0.0,0.0,0.0,0.0,0.0,0.0,0.0,55.0,13020.11,-1.47,56.0,232.5,1.0,11.0,1.0,0.0,1.0,0.162,0
SMB_EU_002709,0.0,0.0,0.0,0.0,0.0,0.0,1.0,0.0,0.0,49.0,12304.44,-21.68,46.0,267.49,1.0,5.0,0.0,1.0,2.0,0.088,1
SMB_EU_002710,0.0,1.0,0.0,0.0,0.0,0.0,0.0,1.0,0.0,9.0,2756.82,-39.74,13.0,212.06,2.0,11.0,1.0,0.0,2.0,0.051,1
SMB_EU_002711,1.0,0.0,0.0,0.0,0.0,0.0,0.0,1.0,0.0,21.0,3420.0,0.97,29.0,117.93,1.0,10.0,0.0,0.0,1.0,0.072,0
SMB_EU_002712,0.0,0.0,0.0,1.0,0.0,0.0,0.0,0.0,0.0,20.0,26422.35,-20.26,96.0,275.23,1.0,8.0,1.0,1.0,2.0,0.048,1
SMB_EU_002713,0.0,1.0,0.0,0.0,0.0,1.0,0.0,0.0,0.0,19.0,14628.91,-67.69,71.0,206.04,1.0,10.0,1.0,0.0,1.0,0.148,1
SMB_EU_002714,0.0,1.0,0.0,0.0,0.0,0.0,0.0,0.0,0.0,86.0,14688.0,35.77,142.0,103.44,4.0,13.0,0.0,0.0,2.0,0.039,0
SMB_EU_002715,0.0,0.0,0.0,0.0,0.0,0.0,0.0,1.0,0.0,19.0,939.0,-16.94,5.0,187.8,3.0,12.0,0.0,0.0,1.0,0.169,0
SMB_EU_002716,0.0,1.0,0.0,0.0,0.0,0.0,0.0,1.0,0.0,14.0,4437.13,-5.76,19.0,233.53,3.0,7.0,2.0,0.0,1.0,0.058,0
SMB_EU_002717,0.0,0.0,1.0,0.0,0.0,0.0,0.0,0.0,0.0,6.0,15294.69,-12.51,85.0,179.94,3.0,4.0,1.0,0.0,1.0,0.089,0
SMB_EU_002718,0.0,0.0,0.0,0.0,1.0,1.0,0.0,0.0,0.0,14.0,5217.9,-59.76,19.0,274.63,4.0,11.0,1.0,0.0,1.0,0.393,1
SMB_EU_002719,0.0,0.0,0.0,0.0,1.0,0.0,0.0,1.0,0.0,65.0,6118.04,-12.22,35.0,174.8,1.0,12.0,1.0,1.0,1.0,0.073,0
SMB_EU_002720,0.0,0.0,0.0,0.0,0.0,0.0,0.0,0.0,0.0,31.0,11267.29,-23.82,54.0,208.65,4.0,12.0,2.0,1.0,2.0,0.096,0
SMB_EU_002721,0.0,0.0,0.0,0.0,1.0,0.0,0.0,0.0,0.0,31.0,24813.12,-10.78,196.0,126.6,2.0,11.0,2.0,0.0,2.0,0.167,0
SMB_EU_002722,1.0,0.0,0.0,0.0,0.0,0.0,0.0,1.0,0.0,15.0,2482.86,15.83,13.0,190.99,1.0,14.0,1.0,1.0,0.0,0.116,0
SMB_EU_002723,1.0,0.0,0.0,0.0,0.0,0.0,1.0,0.0,0.0,58.0,16802.89,1.22,130.0,129.25,3.0,9.0,0.0,0.0,1.0,0.04,0
SMB_EU_002724,0.0,0.0,0.0,1.0,0.0,0.0,0.0,0.0,0.0,39.0,38019.44,-15.04,293.0,129.76,1.0,10.0,0.0,4.0,2.0,0.109,1
SMB_EU_002725,0.0,1.0,0.0,0.0,0.0,0.0,0.0,1.0,0.0,19.0,2891.0,-20.9,20.0,144.55,1.0,14.0,0.0,0.0,1.0,0.012,0
SMB_EU_002726,0.0,1.0,0.0,0.0,0.0,0.0,0.0,1.0,0.0,12.0,2890.06,-14.37,32.0,90.31,1.0,8.0,1.0,0.0,1.0,0.029,1
SMB_EU_002727,0.0,0.0,0.0,0.0,0.0,0.0,0.0,0.0,0.0,25.0,19191.5,-23.46,166.0,115.61,2.0,10.0,0.0,0.0,1.0,0.025,0
SMB_EU_002728,0.0,1.0,0.0,0.0,0.0,0.0,1.0,0.0,0.0,13.0,3923.99,-0.05,23.0,170.61,3.0,11.0,0.0,0.0,1.0,0.215,0
SMB_EU_002729,0.0,1.0,0.0,0.0,0.0,0.0,0.0,0.0,0.0,23.0,11161.7,28.61,103.0,108.37,1.0,15.0,0.0,0.0,1.0,0.055,0
SMB_EU_002730,0.0,0.0,0.0,1.0,0.0,0.0,0.0,0.0,0.0,29.0,29065.92,-27.41,266.0,109.27,3.0,2.0,0.0,0.0,2.0,0.028,0
SMB_EU_002731,1.0,0.0,0.0,0.0,0.0,0.0,1.0,0.0,0.0,15.0,12453.55,-19.96,43.0,289.62,1.0,8.0,1.0,0.0,1.0,0.07,0
SMB_EU_002732,0.0,0.0,0.0,1.0,0.0,0.0,0.0,1.0,0.0,3.0,16404.5,11.29,94.0,174.52,2.0,8.0,3.0,0.0,1.0,0.054,0
SMB_EU_002733,0.0,0.0,0.0,0.0,0.0,0.0,0.0,0.0,0.0,36.0,16618.57,-9.63,98.0,169.58,1.0,10.0,1.0,0.0,1.0,0.27,1
SMB_EU_002734,0.0,0.0,0.0,0.0,1.0,0.0,0.0,0.0,0.0,16.0,10397.31,-12.64,75.0,138.63,3.0,13.0,2.0,1.0,2.0,0.165,0
SMB_EU_002735,0.0,0.0,0.0,0.0,1.0,0.0,0.0,0.0,0.0,29.0,15468.35,-12.56,80.0,193.35,4.0,4.0,0.0,0.0,0.0,0.072,0
SMB_EU_002736,1.0,0.0,0.0,0.0,0.0,0.0,0.0,0.0,1.0,24.0,8222.48,2.13,39.0,210.83,1.0,9.0,1.0,0.0,1.0,0.175,0
SMB_EU_002737,0.0,0.0,0.0,0.0,1.0,0.0,0.0,0.0,0.0,77.0,13819.99,26.17,80.0,172.75,4.0,10.0,0.0,0.0,1.0,0.109,0
SMB_EU_002738,0.0,0.0,1.0,0.0,0.0,0.0,1.0,0.0,0.0,27.0,7886.55,-71.93,47.0,167.8,3.0,8.0,1.0,0.0,1.0,0.042,1
SMB_EU_002739,0.0,0.0,0.0,0.0,1.0,0.0,1.0,0.0,0.0,49.0,4573.97,15.36,20.0,228.7,1.0,7.0,0.0,0.0,3.0,0.067,0
SMB_EU_002740,0.0,0.0,0.0,0.0,0.0,1.0,0.0,0.0,0.0,20.0,7107.07,10.2,25.0,284.28,2.0,14.0,1.0,0.0,1.0,0.036,1
SMB_EU_002741,0.0,1.0,0.0,0.0,0.0,1.0,0.0,0.0,0.0,13.0,2576.83,-22.34,9.0,286.31,3.0,7.0,1.0,0.0,1.0,0.08,0
SMB_EU_002742,0.0,1.0,0.0,0.0,0.0,0.0,0.0,0.0,0.0,37.0,9756.7,8.38,92.0,106.05,2.0,7.0,2.0,0.0,1.0,0.109,0
SMB_EU_002743,0.0,0.0,0.0,0.0,0.0,0.0,0.0,0.0,0.0,15.0,13967.36,1.09,62.0,225.28,2.0,13.0,2.0,0.0,3.0,0.101,1
SMB_EU_002744,0.0,0.0,0.0,0.0,0.0,0.0,1.0,0.0,0.0,43.0,2062.07,1.37,25.0,82.48,2.0,6.0,1.0,0.0,1.0,0.092,0
SMB_EU_002745,0.0,0.0,1.0,0.0,0.0,0.0,0.0,0.0,0.0,9.0,23794.28,5.05,109.0,218.3,2.0,14.0,1.0,0.0,0.0,0.159,0
SMB_EU_002746,1.0,0.0,0.0,0.0,0.0,0.0,0.0,0.0,0.0,33.0,4376.1,-60.72,24.0,182.34,1.0,12.0,0.0,0.0,3.0,0.037,1
SMB_EU_002747,0.0,0.0,1.0,0.0,0.0,0.0,1.0,0.0,0.0,26.0,11955.53,1.05,64.0,186.81,2.0,9.0,1.0,0.0,2.0,0.185,0
SMB_EU_002748,0.0,0.0,0.0,0.0,0.0,0.0,1.0,0.0,0.0,68.0,3683.1,3.62,18.0,204.62,3.0,6.0,1.0,2.0,0.0,0.04,0
SMB_EU_002749,1.0,0.0,0.0,0.0,0.0,0.0,1.0,0.0,0.0,36.0,6274.48,11.19,26.0,241.33,3.0,7.0,1.0,1.0,2.0,0.022,0
SMB_EU_002750,0.0,0.0,1.0,0.0,0.0,0.0,1.0,0.0,0.0,24.0,10923.54,-22.91,45.0,242.75,2.0,14.0,2.0,0.0,3.0,0.091,1
SMB_EU_002751,0.0,1.0,0.0,0.0,0.0,1.0,0.0,0.0,0.0,46.0,22435.47,19.36,250.0,89.74,1.0,8.0,0.0,1.0,0.0,0.083,0
SMB_EU_002752,0.0,0.0,1.0,0.0,0.0,0.0,1.0,0.0,0.0,3.0,8578.96,-17.33,35.0,245.11,1.0,7.0,1.0,0.0,2.0,0.037,1
SMB_EU_002753,0.0,1.0,0.0,0.0,0.0,0.0,0.0,0.0,0.0,39.0,4565.26,-29.31,17.0,268.54,4.0,7.0,1.0,0.0,0.0,0.274,1
SMB_EU_002754,0.0,1.0,0.0,0.0,0.0,0.0,1.0,0.0,0.0,41.0,14177.53,1.19,149.0,95.15,2.0,12.0,2.0,2.0,1.0,0.098,0
SMB_EU_002755,0.0,0.0,0.0,0.0,1.0,0.0,0.0,0.0,1.0,45.0,7830.87,-19.22,52.0,150.59,2.0,11.0,3.0,1.0,0.0,0.103,0
SMB_EU_002756,0.0,1.0,0.0,0.0,0.0,0.0,0.0,1.0,0.0,42.0,5214.18,-45.66,21.0,248.29,1.0,6.0,0.0,2.0,2.0,0.03,1
SMB_EU_002757,0.0,0.0,0.0,1.0,0.0,0.0,1.0,0.0,0.0,38.0,11180.37,-14.18,59.0,189.5,1.0,8.0,1.0,1.0,3.0,0.029,0
SMB_EU_002758,0.0,0.0,0.0,0.0,1.0,0.0,0.0,0.0,0.0,20.0,3946.48,16.03,17.0,232.15,1.0,10.0,1.0,0.0,1.0,0.06,0
SMB_EU_002759,1.0,0.0,0.0,0.0,0.0,0.0,1.0,0.0,0.0,30.0,8031.44,-10.66,42.0,191.22,3.0,11.0,1.0,1.0,2.0,0.023,0
SMB_EU_002760,0.0,0.0,0.0,0.0,0.0,0.0,0.0,0.0,0.0,16.0,11730.99,-22.42,40.0,293.27,2.0,10.0,0.0,0.0,1.0,0.117,0
SMB_EU_002761,0.0,0.0,0.0,0.0,0.0,0.0,1.0,0.0,0.0,14.0,16652.2,23.01,58.0,287.11,2.0,11.0,0.0,0.0,0.0,0.13,0
SMB_EU_002762,0.0,0.0,0.0,0.0,0.0,1.0,0.0,0.0,0.0,21.0,9281.54,-45.41,65.0,142.79,4.0,9.0,1.0,0.0,2.0,0.154,0
SMB_EU_002763,0.0,0.0,1.0,0.0,0.0,0.0,0.0,0.0,0.0,23.0,5651.09,-26.98,34.0,166.21,1.0,13.0,0.0,0.0,2.0,0.232,0
SMB_EU_002764,0.0,0.0,0.0,1.0,0.0,0.0,0.0,1.0,0.0,35.0,10665.49,-47.32,61.0,174.84,1.0,8.0,0.0,1.0,0.0,0.102,1
SMB_EU_002765,0.0,0.0,0.0,0.0,0.0,0.0,1.0,0.0,0.0,61.0,10476.73,-28.38,102.0,102.71,1.0,11.0,0.0,0.0,0.0,0.095,0
SMB_EU_002766,0.0,0.0,0.0,0.0,1.0,0.0,0.0,1.0,0.0,49.0,1976.04,25.13,12.0,164.67,2.0,12.0,1.0,0.0,2.0,0.048,0
SMB_EU_002767,0.0,0.0,0.0,1.0,0.0,0.0,0.0,1.0,0.0,33.0,5170.09,-30.75,21.0,246.19,4.0,14.0,0.0,1.0,1.0,0.099,0
SMB_EU_002768,0.0,1.0,0.0,0.0,0.0,0.0,1.0,0.0,0.0,56.0,14884.75,7.37,56.0,265.8,4.0,13.0,1.0,1.0,0.0,0.083,0
SMB_EU_002769,0.0,0.0,0.0,1.0,0.0,0.0,0.0,0.0,0.0,27.0,7240.02,9.85,26.0,278.46,2.0,13.0,2.0,0.0,1.0,0.189,0
SMB_EU_002770,0.0,0.0,1.0,0.0,0.0,0.0,1.0,0.0,0.0,38.0,18283.3,-5.03,220.0,83.11,3.0,4.0,0.0,0.0,2.0,0.196,0
SMB_EU_002771,0.0,0.0,0.0,0.0,0.0,0.0,0.0,0.0,0.0,21.0,6052.51,3.39,24.0,252.19,4.0,9.0,2.0,0.0,1.0,0.065,0
SMB_EU_002772,0.0,1.0,0.0,0.0,0.0,0.0,0.0,0.0,0.0,26.0,9330.74,23.91,49.0,190.42,2.0,6.0,0.0,0.0,2.0,0.018,0
SMB_EU_002773,1.0,0.0,0.0,0.0,0.0,1.0,0.0,0.0,0.0,22.0,3407.7,-0.49,27.0,126.21,1.0,10.0,1.0,0.0,0.0,0.094,0
SMB_EU_002774,0.0,0.0,0.0,1.0,0.0,0.0,0.0,0.0,0.0,7.0,34267.95,14.13,181.0,189.33,3.0,8.0,1.0,0.0,0.0,0.03,0
SMB_EU_002775,0.0,0.0,1.0,0.0,0.0,0.0,0.0,0.0,1.0,7.0,6703.4,-29.87,25.0,268.14,3.0,9.0,0.0,0.0,2.0,0.045,0
SMB_EU_002776,0.0,0.0,0.0,1.0,0.0,0.0,1.0,0.0,0.0,9.0,3981.87,16.86,23.0,173.12,2.0,10.0,3.0,1.0,0.0,0.077,0
SMB_EU_002777,0.0,0.0,0.0,0.0,0.0,0.0,0.0,0.0,1.0,33.0,11755.85,-22.83,39.0,301.43,1.0,8.0,1.0,0.0,0.0,0.17,0
SMB_EU_002778,0.0,0.0,0.0,0.0,0.0,0.0,1.0,0.0,0.0,62.0,11895.38,15.14,55.0,216.28,2.0,8.0,1.0,0.0,2.0,0.092,0
SMB_EU_002779,0.0,0.0,0.0,1.0,0.0,0.0,0.0,1.0,0.0,56.0,7463.02,-24.52,40.0,186.58,2.0,9.0,2.0,0.0,0.0,0.093,0
SMB_EU_002780,0.0,0.0,0.0,0.0,0.0,0.0,0.0,0.0,0.0,39.0,12746.37,-1.44,88.0,144.85,1.0,16.0,2.0,0.0,3.0,0.149,0
SMB_EU_002781,0.0,0.0,0.0,0.0,0.0,0.0,1.0,0.0,0.0,18.0,9320.0,-1.49,113.0,82.48,2.0,5.0,1.0,0.0,2.0,0.052,0
SMB_EU_002782,0.0,0.0,0.0,0.0,1.0,0.0,0.0,1.0,0.0,13.0,3384.81,-46.27,16.0,211.55,1.0,9.0,0.0,0.0,2.0,0.166,0
SMB_EU_002783,0.0,0.0,0.0,0.0,1.0,0.0,0.0,0.0,0.0,29.0,40973.73,-12.31,198.0,206.94,2.0,6.0,0.0,0.0,0.0,0.079,0
SMB_EU_002784,1.0,0.0,0.0,0.0,0.0,1.0,0.0,0.0,0.0,18.0,11920.77,-3.09,62.0,192.27,1.0,12.0,1.0,1.0,1.0,0.045,0
SMB_EU_002785,0.0,0.0,0.0,0.0,1.0,1.0,0.0,0.0,0.0,8.0,11490.65,33.12,58.0,198.11,4.0,7.0,1.0,3.0,0.0,0.077,0
SMB_EU_002786,0.0,1.0,0.0,0.0,0.0,0.0,0.0,0.0,0.0,12.0,24155.69,19.53,91.0,265.45,1.0,8.0,1.0,2.0,1.0,0.066,0
SMB_EU_002787,0.0,0.0,0.0,0.0,1.0,0.0,0.0,0.0,0.0,20.0,20489.04,-13.07,137.0,149.56,2.0,8.0,0.0,2.0,1.0,0.03,0
SMB_EU_002788,0.0,0.0,0.0,0.0,0.0,0.0,0.0,1.0,0.0,60.0,2369.84,-22.66,12.0,197.49,1.0,14.0,0.0,0.0,1.0,0.102,0
SMB_EU_002789,0.0,0.0,0.0,0.0,1.0,0.0,1.0,0.0,0.0,6.0,11698.05,1.44,51.0,229.37,1.0,17.0,1.0,0.0,3.0,0.111,0
SMB_EU_002790,0.0,0.0,0.0,0.0,1.0,1.0,0.0,0.0,0.0,10.0,6425.78,-29.13,51.0,126.0,3.0,8.0,0.0,0.0,0.0,0.118,0
SMB_EU_002791,1.0,0.0,0.0,0.0,0.0,0.0,0.0,1.0,0.0,22.0,10670.22,-35.46,38.0,280.8,1.0,6.0,1.0,0.0,1.0,0.089,0
SMB_EU_002792,0.0,0.0,0.0,0.0,1.0,0.0,1.0,0.0,0.0,15.0,12986.28,6.69,54.0,240.49,2.0,11.0,2.0,0.0,1.0,0.169,0
SMB_EU_002793,0.0,0.0,1.0,0.0,0.0,0.0,1.0,0.0,0.0,36.0,11130.29,12.69,121.0,91.99,1.0,11.0,1.0,0.0,2.0,0.086,0
SMB_EU_002794,0.0,1.0,0.0,0.0,0.0,0.0,0.0,1.0,0.0,22.0,1820.12,-12.51,7.0,260.02,2.0,7.0,3.0,0.0,1.0,0.032,0
SMB_EU_002795,0.0,0.0,0.0,1.0,0.0,0.0,0.0,0.0,0.0,8.0,14220.01,29.33,50.0,284.4,3.0,8.0,0.0,0.0,1.0,0.022,0
SMB_EU_002796,0.0,0.0,1.0,0.0,0.0,0.0,0.0,0.0,0.0,18.0,10732.91,-21.7,42.0,255.55,4.0,8.0,1.0,1.0,2.0,0.18,0
SMB_EU_002797,0.0,0.0,0.0,0.0,0.0,0.0,1.0,0.0,0.0,30.0,9307.88,8.22,54.0,172.37,2.0,9.0,0.0,0.0,1.0,0.155,0
SMB_EU_002798,0.0,0.0,1.0,0.0,0.0,0.0,0.0,0.0,0.0,41.0,11689.85,-18.48,39.0,299.74,3.0,11.0,0.0,0.0,1.0,0.167,0
SMB_EU_002799,0.0,0.0,0.0,0.0,1.0,0.0,1.0,0.0,0.0,10.0,6779.3,6.02,63.0,107.61,3.0,11.0,0.0,1.0,2.0,0.084,0
SMB_EU_002800,0.0,0.0,0.0,0.0,0.0,0.0,0.0,0.0,0.0,31.0,19756.26,4.23,100.0,197.56,1.0,11.0,1.0,1.0,2.0,0.102,0
SMB_EU_002801,1.0,0.0,0.0,0.0,0.0,0.0,0.0,1.0,0.0,21.0,3858.02,7.7,33.0,116.91,4.0,13.0,0.0,0.0,3.0,0.049,0
SMB_EU_002802,0.0,0.0,0.0,0.0,1.0,0.0,0.0,0.0,0.0,56.0,16135.23,23.86,91.0,177.31,2.0,8.0,0.0,0.0,0.0,0.187,0
SMB_EU_002803,0.0,0.0,0.0,0.0,1.0,0.0,0.0,0.0,0.0,18.0,6027.93,-2.64,21.0,287.04,1.0,11.0,0.0,0.0,1.0,0.141,0
SMB_EU_002804,0.0,0.0,0.0,0.0,1.0,0.0,0.0,0.0,1.0,8.0,5461.83,30.72,21.0,260.09,4.0,4.0,1.0,0.0,1.0,0.114,0
SMB_EU_002805,0.0,0.0,0.0,1.0,0.0,1.0,0.0,0.0,0.0,15.0,8894.08,-53.68,35.0,254.12,1.0,9.0,2.0,0.0,3.0,0.121,0
SMB_EU_002806,0.0,0.0,0.0,0.0,1.0,0.0,0.0,1.0,0.0,4.0,2390.07,-4.36,15.0,159.34,2.0,11.0,2.0,0.0,0.0,0.047,0
SMB_EU_002807,1.0,0.0,0.0,0.0,0.0,0.0,0.0,0.0,0.0,5.0,31673.65,-19.58,111.0,285.35,2.0,9.0,0.0,0.0,2.0,0.027,0
SMB_EU_002808,0.0,0.0,0.0,0.0,0.0,0.0,0.0,1.0,0.0,6.0,8971.72,12.45,56.0,160.21,2.0,11.0,0.0,1.0,0.0,0.075,0
SMB_EU_002809,0.0,0.0,0.0,1.0,0.0,0.0,1.0,0.0,0.0,36.0,6810.76,-6.82,77.0,88.45,3.0,9.0,0.0,0.0,1.0,0.066,0
SMB_EU_002810,1.0,0.0,0.0,0.0,0.0,0.0,1.0,0.0,0.0,33.0,48360.43,1.26,220.0,219.82,1.0,6.0,1.0,1.0,1.0,0.005,0
SMB_EU_002811,0.0,1.0,0.0,0.0,0.0,0.0,1.0,0.0,0.0,37.0,16866.07,9.53,106.0,159.11,2.0,3.0,0.0,0.0,1.0,0.072,0
SMB_EU_002812,0.0,0.0,1.0,0.0,0.0,0.0,0.0,0.0,0.0,17.0,8486.55,-2.26,75.0,113.15,1.0,5.0,0.0,0.0,1.0,0.22,0
SMB_EU_002813,0.0,0.0,1.0,0.0,0.0,0.0,0.0,1.0,0.0,12.0,7823.58,2.01,27.0,289.76,1.0,12.0,0.0,0.0,0.0,0.075,0
SMB_EU_002814,0.0,0.0,0.0,0.0,0.0,0.0,0.0,0.0,0.0,95.0,15604.64,-12.26,71.0,219.78,3.0,7.0,0.0,0.0,0.0,0.169,0
SMB_EU_002815,0.0,0.0,1.0,0.0,0.0,1.0,0.0,0.0,0.0,29.0,3764.94,-73.51,13.0,289.61,3.0,13.0,1.0,0.0,3.0,0.1,1
SMB_EU_002816,1.0,0.0,0.0,0.0,0.0,0.0,0.0,1.0,0.0,11.0,2631.34,1.6,13.0,202.41,2.0,12.0,3.0,0.0,1.0,0.076,0
SMB_EU_002817,0.0,0.0,0.0,1.0,0.0,1.0,0.0,0.0,0.0,66.0,10899.27,2.1,116.0,93.96,1.0,21.0,1.0,0.0,2.0,0.027,0
SMB_EU_002818,0.0,0.0,0.0,0.0,0.0,0.0,0.0,0.0,0.0,60.0,10478.05,7.91,121.0,86.6,2.0,8.0,0.0,0.0,1.0,0.025,0
SMB_EU_002819,0.0,0.0,0.0,0.0,0.0,1.0,0.0,0.0,0.0,40.0,5644.23,-60.06,20.0,282.21,1.0,11.0,1.0,1.0,3.0,0.133,1
SMB_EU_002820,0.0,1.0,0.0,0.0,0.0,0.0,0.0,0.0,0.0,23.0,8631.64,-56.78,98.0,88.08,3.0,7.0,1.0,1.0,1.0,0.107,1
SMB_EU_002821,0.0,0.0,0.0,0.0,1.0,0.0,1.0,0.0,0.0,14.0,5106.67,-14.48,24.0,212.78,1.0,11.0,0.0,4.0,1.0,0.044,1
SMB_EU_002822,0.0,1.0,0.0,0.0,0.0,0.0,0.0,0.0,1.0,19.0,8340.03,15.83,57.0,146.32,2.0,8.0,0.0,0.0,3.0,0.042,0
SMB_EU_002823,0.0,0.0,1.0,0.0,0.0,0.0,1.0,0.0,0.0,54.0,10098.14,-10.0,44.0,229.5,2.0,9.0,2.0,1.0,1.0,0.181,0
SMB_EU_002824,0.0,1.0,0.0,0.0,0.0,0.0,1.0,0.0,0.0,15.0,1692.87,-6.63,12.0,141.07,4.0,6.0,1.0,2.0,1.0,0.037,0
SMB_EU_002825,0.0,1.0,0.0,0.0,0.0,0.0,0.0,1.0,0.0,9.0,5051.02,-4.69,57.0,88.61,1.0,7.0,1.0,1.0,4.0,0.074,0
SMB_EU_002826,0.0,0.0,0.0,0.0,1.0,0.0,0.0,0.0,0.0,39.0,9586.71,-41.21,40.0,239.67,1.0,7.0,3.0,1.0,4.0,0.051,1
SMB_EU_002827,1.0,0.0,0.0,0.0,0.0,1.0,0.0,0.0,0.0,25.0,13917.92,-10.4,94.0,148.06,4.0,9.0,1.0,0.0,1.0,0.061,0
SMB_EU_002828,0.0,0.0,0.0,0.0,0.0,0.0,0.0,0.0,0.0,15.0,87680.7,-13.07,436.0,201.1,2.0,11.0,0.0,0.0,2.0,0.071,0
SMB_EU_002829,0.0,0.0,0.0,1.0,0.0,0.0,0.0,0.0,0.0,16.0,12091.26,21.01,48.0,251.9,3.0,9.0,0.0,0.0,1.0,0.019,0
SMB_EU_002830,0.0,0.0,0.0,0.0,0.0,0.0,0.0,0.0,0.0,4.0,5337.26,10.2,23.0,232.05,3.0,13.0,1.0,1.0,0.0,0.158,0
SMB_EU_002831,0.0,0.0,0.0,1.0,0.0,0.0,0.0,0.0,0.0,17.0,16089.65,-16.03,103.0,156.21,1.0,7.0,2.0,0.0,1.0,0.096,0
SMB_EU_002832,0.0,0.0,1.0,0.0,0.0,0.0,0.0,0.0,0.0,51.0,13260.54,21.74,54.0,245.57,1.0,11.0,0.0,1.0,2.0,0.013,0
SMB_EU_002833,0.0,0.0,0.0,0.0,0.0,0.0,0.0,1.0,0.0,12.0,16317.67,-35.25,58.0,281.34,1.0,12.0,1.0,0.0,2.0,0.103,0
SMB_EU_002834,0.0,1.0,0.0,0.0,0.0,0.0,0.0,0.0,0.0,105.0,40772.34,5.15,190.0,214.59,3.0,14.0,0.0,0.0,1.0,0.019,0
SMB_EU_002835,0.0,1.0,0.0,0.0,0.0,0.0,0.0,0.0,1.0,26.0,15126.52,-8.79,64.0,236.35,3.0,11.0,1.0,0.0,2.0,0.081,0
SMB_EU_002836,0.0,0.0,0.0,0.0,1.0,0.0,1.0,0.0,0.0,7.0,5626.15,16.75,21.0,267.91,3.0,8.0,1.0,0.0,0.0,0.074,0
SMB_EU_002837,0.0,0.0,0.0,0.0,1.0,0.0,0.0,0.0,0.0,30.0,22526.9,-11.12,85.0,265.02,2.0,12.0,1.0,1.0,1.0,0.051,0
SMB_EU_002838,0.0,0.0,0.0,0.0,0.0,1.0,0.0,0.0,0.0,12.0,7034.05,-15.81,45.0,156.31,1.0,6.0,0.0,0.0,2.0,0.187,0
SMB_EU_002839,1.0,0.0,0.0,0.0,0.0,0.0,0.0,0.0,1.0,40.0,10402.21,-21.51,35.0,297.21,2.0,16.0,1.0,0.0,3.0,0.045,0
SMB_EU_002840,0.0,1.0,0.0,0.0,0.0,0.0,1.0,0.0,0.0,57.0,3140.88,-4.54,36.0,87.25,4.0,11.0,2.0,0.0,3.0,0.143,0
SMB_EU_002841,0.0,1.0,0.0,0.0,0.0,1.0,0.0,0.0,0.0,45.0,11345.68,-9.53,38.0,298.57,3.0,14.0,1.0,0.0,3.0,0.1,0
SMB_EU_002842,1.0,0.0,0.0,0.0,0.0,0.0,0.0,1.0,0.0,45.0,5334.11,3.84,40.0,133.35,1.0,13.0,2.0,0.0,1.0,0.056,0
SMB_EU_002843,0.0,0.0,0.0,0.0,1.0,0.0,1.0,0.0,0.0,19.0,7530.31,-18.04,43.0,175.12,1.0,13.0,1.0,1.0,1.0,0.005,0
SMB_EU_002844,0.0,0.0,0.0,0.0,1.0,0.0,0.0,1.0,0.0,12.0,3488.05,32.29,13.0,268.31,3.0,14.0,0.0,1.0,0.0,0.2,0
SMB_EU_002845,0.0,0.0,1.0,0.0,0.0,0.0,1.0,0.0,0.0,37.0,4969.26,9.74,37.0,134.3,2.0,11.0,0.0,0.0,2.0,0.078,0
SMB_EU_002846,0.0,1.0,0.0,0.0,0.0,0.0,0.0,1.0,0.0,13.0,6048.4,11.66,47.0,128.69,2.0,9.0,1.0,0.0,2.0,0.13,0
SMB_EU_002847,1.0,0.0,0.0,0.0,0.0,0.0,0.0,0.0,1.0,19.0,3151.02,-26.08,14.0,225.07,2.0,16.0,0.0,0.0,4.0,0.041,1
SMB_EU_002848,0.0,1.0,0.0,0.0,0.0,1.0,0.0,0.0,0.0,14.0,9635.54,-24.6,41.0,235.01,1.0,11.0,1.0,0.0,2.0,0.104,0
SMB_EU_002849,0.0,0.0,1.0,0.0,0.0,0.0,0.0,0.0,0.0,15.0,7969.22,-13.67,98.0,81.32,1.0,8.0,1.0,0.0,2.0,0.035,0
SMB_EU_002850,0.0,1.0,0.0,0.0,0.0,0.0,1.0,0.0,0.0,39.0,2326.19,12.35,13.0,178.94,1.0,11.0,1.0,1.0,2.0,0.085,0
SMB_EU_002851,0.0,0.0,1.0,0.0,0.0,0.0,0.0,0.0,1.0,14.0,26852.58,-12.16,143.0,187.78,1.0,19.0,2.0,0.0,2.0,0.072,0
SMB_EU_002852,0.0,1.0,0.0,0.0,0.0,0.0,0.0,0.0,0.0,39.0,8963.83,-4.13,64.0,140.06,1.0,11.0,0.0,1.0,1.0,0.172,0
SMB_EU_002853,0.0,0.0,0.0,0.0,0.0,0.0,1.0,0.0,0.0,57.0,5186.95,-1.17,26.0,199.5,1.0,9.0,1.0,0.0,2.0,0.045,0
SMB_EU_002854,0.0,0.0,0.0,0.0,1.0,1.0,0.0,0.0,0.0,17.0,11851.83,-19.16,104.0,113.96,1.0,16.0,0.0,0.0,0.0,0.048,0
SMB_EU_002855,0.0,0.0,0.0,0.0,0.0,0.0,0.0,0.0,0.0,11.0,45636.54,-5.41,302.0,151.11,1.0,14.0,0.0,1.0,2.0,0.133,1
SMB_EU_002856,0.0,0.0,0.0,1.0,0.0,0.0,1.0,0.0,0.0,49.0,3188.79,13.72,13.0,245.29,1.0,8.0,0.0,1.0,2.0,0.039,0
SMB_EU_002857,0.0,1.0,0.0,0.0,0.0,0.0,1.0,0.0,0.0,32.0,4507.49,10.94,17.0,265.15,2.0,15.0,1.0,0.0,0.0,0.02,0
SMB_EU_002858,0.0,0.0,0.0,0.0,0.0,0.0,1.0,0.0,0.0,14.0,4710.69,16.7,22.0,214.12,4.0,13.0,0.0,0.0,1.0,0.079,0
SMB_EU_002859,0.0,0.0,0.0,0.0,0.0,1.0,0.0,0.0,0.0,20.0,10513.29,15.15,109.0,96.45,1.0,11.0,2.0,0.0,1.0,0.203,0
SMB_EU_002860,0.0,0.0,0.0,0.0,0.0,1.0,0.0,0.0,0.0,34.0,16042.46,6.09,70.0,229.18,1.0,16.0,0.0,0.0,2.0,0.017,0
SMB_EU_002861,0.0,0.0,0.0,0.0,1.0,0.0,0.0,0.0,0.0,7.0,7845.17,4.9,28.0,280.18,2.0,10.0,5.0,2.0,1.0,0.03,0
SMB_EU_002862,0.0,1.0,0.0,0.0,0.0,0.0,0.0,1.0,0.0,72.0,11684.76,-23.19,61.0,191.55,3.0,14.0,3.0,0.0,2.0,0.198,0
SMB_EU_002863,0.0,0.0,0.0,0.0,1.0,0.0,0.0,1.0,0.0,47.0,3267.47,-9.41,17.0,192.2,1.0,8.0,1.0,0.0,1.0,0.184,0
SMB_EU_002864,0.0,0.0,1.0,0.0,0.0,1.0,0.0,0.0,0.0,26.0,7340.69,-65.96,25.0,293.63,1.0,9.0,0.0,1.0,2.0,0.103,1
SMB_EU_002865,0.0,0.0,0.0,1.0,0.0,0.0,1.0,0.0,0.0,70.0,3730.6,-10.34,17.0,219.45,4.0,6.0,0.0,0.0,1.0,0.043,0
SMB_EU_002866,0.0,0.0,1.0,0.0,0.0,1.0,0.0,0.0,0.0,63.0,5576.72,-4.89,22.0,253.49,1.0,8.0,0.0,1.0,3.0,0.055,1
SMB_EU_002867,0.0,0.0,0.0,1.0,0.0,0.0,0.0,0.0,0.0,22.0,14032.59,-9.84,63.0,222.74,4.0,9.0,2.0,0.0,1.0,0.025,0
SMB_EU_002868,1.0,0.0,0.0,0.0,0.0,1.0,0.0,0.0,0.0,21.0,4966.25,6.21,39.0,127.34,3.0,8.0,1.0,1.0,0.0,0.053,0
SMB_EU_002869,0.0,1.0,0.0,0.0,0.0,1.0,0.0,0.0,0.0,22.0,7559.02,3.03,53.0,142.62,3.0,12.0,1.0,0.0,0.0,0.137,0
SMB_EU_002870,0.0,1.0,0.0,0.0,0.0,0.0,0.0,0.0,0.0,38.0,8197.52,-22.96,36.0,227.71,2.0,10.0,1.0,0.0,3.0,0.064,0
SMB_EU_002871,0.0,0.0,0.0,0.0,1.0,0.0,0.0,0.0,1.0,36.0,5296.21,5.27,29.0,182.63,1.0,9.0,0.0,0.0,2.0,0.145,0
SMB_EU_002872,0.0,0.0,0.0,0.0,1.0,0.0,1.0,0.0,0.0,5.0,10403.73,17.93,62.0,167.8,3.0,13.0,0.0,0.0,0.0,0.039,0
SMB_EU_002873,0.0,0.0,0.0,0.0,1.0,1.0,0.0,0.0,0.0,34.0,13423.15,-0.13,158.0,84.96,1.0,8.0,1.0,0.0,0.0,0.085,1
SMB_EU_002874,0.0,1.0,0.0,0.0,0.0,0.0,1.0,0.0,0.0,34.0,7891.24,15.13,29.0,272.11,2.0,12.0,2.0,0.0,0.0,0.099,0
SMB_EU_002875,1.0,0.0,0.0,0.0,0.0,0.0,0.0,0.0,1.0,22.0,12175.52,-21.38,44.0,276.72,1.0,10.0,1.0,1.0,0.0,0.056,0
SMB_EU_002876,0.0,0.0,0.0,1.0,0.0,0.0,1.0,0.0,0.0,27.0,12607.47,16.94,69.0,182.72,1.0,12.0,1.0,1.0,1.0,0.13,0
SMB_EU_002877,0.0,0.0,0.0,1.0,0.0,0.0,1.0,0.0,0.0,6.0,13167.41,24.22,56.0,235.13,2.0,11.0,0.0,0.0,1.0,0.136,0
SMB_EU_002878,0.0,0.0,0.0,0.0,0.0,0.0,0.0,0.0,0.0,9.0,8464.96,8.65,71.0,119.22,2.0,8.0,1.0,1.0,4.0,0.017,1
SMB_EU_002879,0.0,0.0,1.0,0.0,0.0,0.0,0.0,0.0,0.0,13.0,9410.67,1.56,49.0,192.05,1.0,11.0,1.0,0.0,3.0,0.071,0
SMB_EU_002880,0.0,0.0,0.0,0.0,0.0,0.0,1.0,0.0,0.0,38.0,5287.77,1.46,30.0,176.26,2.0,10.0,1.0,1.0,2.0,0.178,0
SMB_EU_002881,0.0,1.0,0.0,0.0,0.0,1.0,0.0,0.0,0.0,58.0,19085.71,-7.05,85.0,224.54,3.0,7.0,0.0,0.0,2.0,0.088,0
SMB_EU_002882,0.0,0.0,0.0,0.0,1.0,0.0,0.0,0.0,0.0,36.0,20347.66,-7.56,111.0,183.31,2.0,6.0,1.0,0.0,0.0,0.069,0
SMB_EU_002883,0.0,0.0,0.0,0.0,0.0,0.0,1.0,0.0,0.0,28.0,10563.78,13.53,56.0,188.64,2.0,9.0,2.0,0.0,0.0,0.06,0
SMB_EU_002884,0.0,0.0,0.0,0.0,0.0,0.0,0.0,0.0,0.0,42.0,18686.32,-72.75,129.0,144.86,3.0,11.0,0.0,1.0,2.0,0.04,1
SMB_EU_002885,0.0,0.0,0.0,0.0,0.0,0.0,0.0,1.0,0.0,2.0,2263.61,24.22,25.0,90.54,3.0,7.0,0.0,0.0,1.0,0.047,0
SMB_EU_002886,0.0,0.0,0.0,0.0,1.0,1.0,0.0,0.0,0.0,55.0,19195.46,-2.28,68.0,282.29,2.0,11.0,1.0,1.0,0.0,0.146,0
SMB_EU_002887,0.0,0.0,0.0,1.0,0.0,0.0,0.0,1.0,0.0,23.0,6665.54,42.93,81.0,82.29,4.0,7.0,0.0,1.0,1.0,0.046,0
SMB_EU_002888,0.0,1.0,0.0,0.0,0.0,1.0,0.0,0.0,0.0,51.0,9259.55,-10.4,65.0,142.45,2.0,10.0,0.0,0.0,0.0,0.066,0
SMB_EU_002889,1.0,0.0,0.0,0.0,0.0,0.0,0.0,0.0,0.0,40.0,5200.41,3.75,29.0,179.32,1.0,13.0,0.0,0.0,0.0,0.049,0
SMB_EU_002890,1.0,0.0,0.0,0.0,0.0,0.0,1.0,0.0,0.0,14.0,12771.65,-5.28,85.0,150.25,3.0,10.0,0.0,1.0,2.0,0.101,0
SMB_EU_002891,0.0,1.0,0.0,0.0,0.0,0.0,0.0,0.0,0.0,31.0,12113.53,-36.11,60.0,201.89,1.0,10.0,1.0,0.0,1.0,0.02,0
SMB_EU_002892,0.0,0.0,1.0,0.0,0.0,0.0,0.0,1.0,0.0,15.0,2260.91,15.96,12.0,188.41,4.0,9.0,1.0,0.0,3.0,0.063,0
SMB_EU_002893,1.0,0.0,0.0,0.0,0.0,0.0,0.0,0.0,1.0,35.0,5078.25,-16.58,37.0,137.25,2.0,9.0,2.0,0.0,0.0,0.15,0
SMB_EU_002894,0.0,0.0,1.0,0.0,0.0,0.0,0.0,0.0,0.0,78.0,7022.46,-10.14,71.0,98.91,3.0,15.0,1.0,0.0,1.0,0.032,0
SMB_EU_002895,0.0,0.0,0.0,0.0,0.0,0.0,1.0,0.0,0.0,35.0,3707.55,8.79,34.0,109.05,2.0,9.0,2.0,0.0,2.0,0.11,0
SMB_EU_002896,0.0,0.0,0.0,0.0,1.0,0.0,1.0,0.0,0.0,13.0,8295.97,11.17,44.0,188.54,1.0,16.0,1.0,0.0,0.0,0.023,0
SMB_EU_002897,0.0,0.0,0.0,1.0,0.0,0.0,0.0,0.0,0.0,47.0,11893.51,-20.88,45.0,264.3,3.0,10.0,1.0,1.0,1.0,0.068,0
SMB_EU_002898,0.0,1.0,0.0,0.0,0.0,1.0,0.0,0.0,0.0,13.0,7331.65,8.73,72.0,101.83,3.0,7.0,0.0,0.0,0.0,0.044,0
SMB_EU_002899,0.0,0.0,0.0,1.0,0.0,0.0,1.0,0.0,0.0,57.0,21868.06,1.93,95.0,230.19,4.0,11.0,1.0,0.0,2.0,0.046,0
SMB_EU_002900,0.0,0.0,0.0,0.0,0.0,0.0,0.0,0.0,1.0,11.0,8327.16,-13.77,33.0,252.34,2.0,5.0,0.0,1.0,1.0,0.241,0
SMB_EU_002901,0.0,0.0,0.0,0.0,0.0,0.0,0.0,0.0,0.0,52.0,3900.55,-11.83,28.0,139.31,2.0,7.0,0.0,0.0,1.0,0.099,0
SMB_EU_002902,1.0,0.0,0.0,0.0,0.0,0.0,0.0,0.0,1.0,17.0,7783.84,-30.5,34.0,228.94,4.0,14.0,0.0,0.0,3.0,0.185,0
SMB_EU_002903,0.0,0.0,0.0,0.0,0.0,0.0,0.0,1.0,0.0,38.0,10231.53,-14.19,44.0,232.53,1.0,12.0,1.0,1.0,2.0,0.128,0
SMB_EU_002904,0.0,1.0,0.0,0.0,0.0,0.0,0.0,1.0,0.0,47.0,4748.72,15.23,20.0,237.44,1.0,11.0,1.0,1.0,0.0,0.184,0
SMB_EU_002905,0.0,0.0,0.0,1.0,0.0,1.0,0.0,0.0,0.0,30.0,15019.63,-19.34,54.0,278.14,1.0,9.0,1.0,1.0,0.0,0.093,0
SMB_EU_002906,0.0,0.0,0.0,0.0,0.0,1.0,0.0,0.0,0.0,19.0,7873.67,-10.52,47.0,167.52,4.0,6.0,0.0,0.0,0.0,0.055,0
SMB_EU_002907,0.0,0.0,0.0,0.0,1.0,1.0,0.0,0.0,0.0,31.0,1991.32,-8.61,15.0,132.75,1.0,13.0,0.0,0.0,2.0,0.1,0
SMB_EU_002908,0.0,1.0,0.0,0.0,0.0,1.0,0.0,0.0,0.0,23.0,6407.75,13.72,32.0,200.24,3.0,24.0,1.0,0.0,1.0,0.012,0
SMB_EU_002909,0.0,1.0,0.0,0.0,0.0,1.0,0.0,0.0,0.0,27.0,7170.39,-7.44,76.0,94.35,2.0,14.0,0.0,0.0,5.0,0.083,0
SMB_EU_002910,0.0,1.0,0.0,0.0,0.0,0.0,0.0,0.0,1.0,7.0,17209.1,-5.45,112.0,153.65,1.0,13.0,0.0,1.0,0.0,0.146,0
SMB_EU_002911,0.0,1.0,0.0,0.0,0.0,0.0,0.0,1.0,0.0,41.0,14897.89,-4.33,54.0,275.89,4.0,12.0,1.0,0.0,2.0,0.058,0
SMB_EU_002912,0.0,0.0,0.0,0.0,0.0,0.0,0.0,1.0,0.0,30.0,8619.9,-9.86,44.0,195.91,2.0,13.0,0.0,0.0,0.0,0.104,0
SMB_EU_002913,1.0,0.0,0.0,0.0,0.0,0.0,0.0,1.0,0.0,5.0,6512.52,20.99,37.0,176.01,2.0,14.0,2.0,0.0,0.0,0.051,0
SMB_EU_002914,0.0,0.0,0.0,0.0,1.0,0.0,1.0,0.0,0.0,20.0,12002.97,13.48,87.0,137.97,1.0,8.0,1.0,1.0,1.0,0.057,0
SMB_EU_002915,0.0,1.0,0.0,0.0,0.0,0.0,1.0,0.0,0.0,3.0,7232.88,1.65,54.0,133.94,1.0,7.0,1.0,1.0,1.0,0.063,0
SMB_EU_002916,0.0,0.0,1.0,0.0,0.0,0.0,0.0,0.0,0.0,27.0,6235.9,15.37,47.0,132.68,3.0,13.0,1.0,0.0,1.0,0.012,0
SMB_EU_002917,1.0,0.0,0.0,0.0,0.0,0.0,0.0,0.0,0.0,37.0,15378.15,-24.41,59.0,260.65,1.0,17.0,2.0,0.0,3.0,0.067,1
SMB_EU_002918,0.0,0.0,0.0,0.0,1.0,0.0,0.0,1.0,0.0,15.0,6225.24,-18.43,21.0,296.44,2.0,10.0,1.0,0.0,2.0,0.036,0
SMB_EU_002919,0.0,0.0,0.0,1.0,0.0,0.0,0.0,0.0,0.0,15.0,7285.28,-16.5,37.0,196.9,1.0,14.0,0.0,0.0,1.0,0.059,0
SMB_EU_002920,0.0,1.0,0.0,0.0,0.0,1.0,0.0,0.0,0.0,19.0,13299.58,11.03,136.0,97.79,3.0,15.0,2.0,1.0,0.0,0.04,0
SMB_EU_002921,0.0,1.0,0.0,0.0,0.0,0.0,0.0,0.0,0.0,14.0,27420.66,-41.15,112.0,244.83,3.0,12.0,0.0,0.0,1.0,0.064,0
SMB_EU_002922,1.0,0.0,0.0,0.0,0.0,0.0,1.0,0.0,0.0,12.0,3512.7,-28.24,13.0,270.21,3.0,15.0,1.0,0.0,0.0,0.075,0
SMB_EU_002923,1.0,0.0,0.0,0.0,0.0,1.0,0.0,0.0,0.0,4.0,13616.18,-15.94,48.0,283.67,1.0,17.0,0.0,1.0,1.0,0.26,0
SMB_EU_002924,0.0,0.0,0.0,0.0,0.0,0.0,0.0,1.0,0.0,14.0,4155.57,6.25,19.0,218.71,2.0,12.0,0.0,0.0,0.0,0.02,0
SMB_EU_002925,0.0,1.0,0.0,0.0,0.0,0.0,1.0,0.0,0.0,7.0,5014.56,36.4,26.0,192.87,1.0,13.0,2.0,0.0,2.0,0.062,0
SMB_EU_002926,0.0,0.0,0.0,0.0,1.0,1.0,0.0,0.0,0.0,55.0,11465.31,-26.96,53.0,216.33,1.0,15.0,3.0,0.0,1.0,0.104,0
SMB_EU_002927,1.0,0.0,0.0,0.0,0.0,1.0,0.0,0.0,0.0,62.0,5818.99,23.66,70.0,83.13,1.0,13.0,1.0,0.0,0.0,0.147,0
SMB_EU_002928,0.0,0.0,0.0,0.0,1.0,0.0,1.0,0.0,0.0,36.0,25001.92,5.1,112.0,223.23,4.0,6.0,0.0,1.0,0.0,0.224,0
SMB_EU_002929,1.0,0.0,0.0,0.0,0.0,0.0,1.0,0.0,0.0,53.0,4795.65,4.99,20.0,239.78,4.0,15.0,3.0,0.0,1.0,0.113,0
SMB_EU_002930,0.0,1.0,0.0,0.0,0.0,0.0,0.0,0.0,1.0,13.0,3184.29,-15.5,13.0,244.95,2.0,5.0,0.0,1.0,0.0,0.039,0
SMB_EU_002931,0.0,0.0,1.0,0.0,0.0,0.0,0.0,0.0,0.0,37.0,12676.97,14.28,62.0,204.47,2.0,5.0,0.0,0.0,2.0,0.078,0
SMB_EU_002932,0.0,0.0,1.0,0.0,0.0,0.0,1.0,0.0,0.0,36.0,12845.26,-1.1,55.0,233.55,2.0,10.0,1.0,0.0,2.0,0.139,0
SMB_EU_002933,0.0,0.0,0.0,0.0,0.0,0.0,1.0,0.0,0.0,32.0,4586.68,10.39,21.0,218.41,1.0,18.0,1.0,2.0,1.0,0.047,0
SMB_EU_002934,0.0,0.0,1.0,0.0,0.0,1.0,0.0,0.0,0.0,19.0,2701.21,-27.26,26.0,103.89,3.0,10.0,0.0,0.0,1.0,0.088,0
SMB_EU_002935,1.0,0.0,0.0,0.0,0.0,1.0,0.0,0.0,0.0,26.0,6883.42,4.19,25.0,275.34,3.0,11.0,2.0,0.0,0.0,0.319,0
SMB_EU_002936,0.0,0.0,0.0,0.0,0.0,1.0,0.0,0.0,0.0,31.0,2493.15,-1.32,11.0,226.65,2.0,9.0,4.0,1.0,1.0,0.086,0
SMB_EU_002937,1.0,0.0,0.0,0.0,0.0,0.0,1.0,0.0,0.0,30.0,9616.28,3.37,40.0,240.41,3.0,9.0,1.0,0.0,1.0,0.071,0
SMB_EU_002938,0.0,0.0,1.0,0.0,0.0,0.0,0.0,1.0,0.0,12.0,4075.79,15.0,26.0,156.76,4.0,12.0,1.0,0.0,1.0,0.119,0
SMB_EU_002939,0.0,0.0,0.0,0.0,1.0,0.0,0.0,0.0,0.0,59.0,20180.77,-73.89,72.0,280.29,2.0,12.0,1.0,0.0,1.0,0.104,1
SMB_EU_002940,0.0,0.0,0.0,0.0,0.0,0.0,0.0,0.0,0.0,27.0,6538.8,-22.39,34.0,192.32,2.0,14.0,1.0,0.0,0.0,0.093,0
SMB_EU_002941,0.0,1.0,0.0,0.0,0.0,0.0,0.0,0.0,0.0,43.0,32686.04,6.39,142.0,230.18,4.0,11.0,0.0,0.0,0.0,0.129,0
SMB_EU_002942,0.0,0.0,1.0,0.0,0.0,0.0,0.0,0.0,0.0,17.0,13439.92,21.61,46.0,292.17,3.0,16.0,0.0,0.0,2.0,0.11,0
SMB_EU_002943,0.0,1.0,0.0,0.0,0.0,0.0,0.0,1.0,0.0,35.0,7905.44,25.39,28.0,282.34,3.0,7.0,3.0,0.0,2.0,0.049,0
SMB_EU_002944,1.0,0.0,0.0,0.0,0.0,0.0,0.0,0.0,1.0,28.0,16008.98,-18.37,72.0,222.35,1.0,10.0,2.0,1.0,0.0,0.087,0
SMB_EU_002945,1.0,0.0,0.0,0.0,0.0,0.0,0.0,0.0,0.0,13.0,7490.11,-54.13,64.0,117.03,1.0,9.0,1.0,1.0,2.0,0.13,1
SMB_EU_002946,0.0,0.0,0.0,0.0,0.0,0.0,0.0,1.0,0.0,26.0,8489.18,-22.19,29.0,292.73,2.0,11.0,1.0,0.0,1.0,0.084,0
SMB_EU_002947,0.0,0.0,0.0,1.0,0.0,0.0,0.0,1.0,0.0,20.0,2126.33,-8.26,7.0,303.76,1.0,7.0,1.0,0.0,2.0,0.056,0
SMB_EU_002948,0.0,0.0,0.0,1.0,0.0,0.0,0.0,0.0,1.0,22.0,3955.64,-15.18,38.0,104.1,4.0,9.0,0.0,0.0,0.0,0.071,0
SMB_EU_002949,0.0,1.0,0.0,0.0,0.0,0.0,1.0,0.0,0.0,48.0,25993.36,-0.19,145.0,179.26,2.0,13.0,0.0,1.0,1.0,0.079,0
SMB_EU_002950,0.0,0.0,0.0,0.0,1.0,1.0,0.0,0.0,0.0,24.0,11691.61,-5.61,58.0,201.58,4.0,3.0,2.0,0.0,1.0,0.034,0
SMB_EU_002951,1.0,0.0,0.0,0.0,0.0,0.0,0.0,0.0,0.0,46.0,52052.29,8.18,519.0,100.29,1.0,12.0,0.0,0.0,1.0,0.068,0
SMB_EU_002952,0.0,0.0,1.0,0.0,0.0,0.0,0.0,1.0,0.0,38.0,4004.06,-41.86,33.0,121.34,1.0,6.0,0.0,0.0,0.0,0.181,1
SMB_EU_002953,1.0,0.0,0.0,0.0,0.0,0.0,1.0,0.0,0.0,28.0,8507.08,-26.28,43.0,197.84,1.0,5.0,2.0,1.0,2.0,0.086,1
SMB_EU_002954,0.0,0.0,0.0,1.0,0.0,1.0,0.0,0.0,0.0,50.0,8233.18,-49.24,28.0,294.04,1.0,19.0,1.0,0.0,1.0,0.047,0
SMB_EU_002955,0.0,0.0,0.0,0.0,1.0,0.0,0.0,0.0,0.0,47.0,14890.64,-6.03,173.0,86.07,2.0,6.0,1.0,1.0,0.0,0.088,0
SMB_EU_002956,0.0,0.0,1.0,0.0,0.0,0.0,0.0,0.0,0.0,28.0,9586.62,8.8,34.0,281.96,1.0,16.0,1.0,1.0,2.0,0.057,0
SMB_EU_002957,1.0,0.0,0.0,0.0,0.0,1.0,0.0,0.0,0.0,29.0,3504.71,14.09,13.0,269.59,2.0,5.0,3.0,0.0,1.0,0.075,0
SMB_EU_002958,0.0,0.0,0.0,0.0,1.0,0.0,0.0,1.0,0.0,50.0,5684.57,23.94,21.0,270.69,3.0,9.0,0.0,0.0,3.0,0.112,0
SMB_EU_002959,0.0,1.0,0.0,0.0,0.0,1.0,0.0,0.0,0.0,39.0,3163.39,-3.15,19.0,166.49,1.0,10.0,3.0,0.0,0.0,0.091,0
SMB_EU_002960,1.0,0.0,0.0,0.0,0.0,0.0,0.0,1.0,0.0,59.0,2592.23,16.29,14.0,185.16,1.0,11.0,2.0,0.0,1.0,0.227,0
SMB_EU_002961,0.0,0.0,0.0,0.0,0.0,0.0,0.0,0.0,0.0,23.0,18995.33,1.52,113.0,168.1,2.0,8.0,0.0,1.0,1.0,0.074,0
SMB_EU_002962,0.0,1.0,0.0,0.0,0.0,0.0,0.0,0.0,0.0,10.0,14167.56,-9.17,49.0,289.13,3.0,10.0,1.0,0.0,0.0,0.139,0
SMB_EU_002963,0.0,1.0,0.0,0.0,0.0,0.0,0.0,0.0,0.0,15.0,26321.18,-11.65,135.0,194.97,4.0,12.0,1.0,0.0,2.0,0.094,0
SMB_EU_002964,0.0,0.0,0.0,0.0,1.0,0.0,1.0,0.0,0.0,5.0,6199.66,-16.45,63.0,98.41,3.0,8.0,0.0,1.0,0.0,0.085,0
SMB_EU_002965,0.0,0.0,0.0,0.0,1.0,1.0,0.0,0.0,0.0,14.0,4233.4,-11.13,30.0,141.11,4.0,10.0,1.0,1.0,6.0,0.137,0
SMB_EU_002966,1.0,0.0,0.0,0.0,0.0,1.0,0.0,0.0,0.0,39.0,7736.05,-9.22,43.0,179.91,1.0,11.0,1.0,0.0,0.0,0.013,0
SMB_EU_002967,1.0,0.0,0.0,0.0,0.0,1.0,0.0,0.0,0.0,24.0,3686.01,10.6,13.0,283.54,1.0,8.0,0.0,0.0,0.0,0.171,0
SMB_EU_002968,0.0,0.0,1.0,0.0,0.0,0.0,0.0,1.0,0.0,13.0,3368.82,-18.62,16.0,210.55,3.0,11.0,2.0,1.0,0.0,0.009,0
SMB_EU_002969,0.0,0.0,0.0,0.0,1.0,1.0,0.0,0.0,0.0,17.0,4139.96,-26.2,18.0,230.0,3.0,6.0,1.0,0.0,1.0,0.133,0
SMB_EU_002970,0.0,0.0,0.0,1.0,0.0,0.0,1.0,0.0,0.0,32.0,7054.18,-16.68,71.0,99.35,3.0,10.0,2.0,1.0,0.0,0.025,0
SMB_EU_002971,0.0,1.0,0.0,0.0,0.0,0.0,1.0,0.0,0.0,18.0,23171.05,-11.65,85.0,272.6,2.0,16.0,0.0,0.0,0.0,0.128,0
SMB_EU_002972,0.0,0.0,0.0,0.0,0.0,1.0,0.0,0.0,0.0,22.0,2626.59,-4.55,13.0,202.05,1.0,9.0,1.0,0.0,0.0,0.104,0
SMB_EU_002973,1.0,0.0,0.0,0.0,0.0,0.0,0.0,0.0,0.0,7.0,32634.0,17.59,115.0,283.77,1.0,12.0,0.0,1.0,1.0,0.089,0
SMB_EU_002974,1.0,0.0,0.0,0.0,0.0,0.0,1.0,0.0,0.0,54.0,12454.89,-8.22,70.0,177.93,1.0,15.0,0.0,0.0,3.0,0.079,0
SMB_EU_002975,0.0,1.0,0.0,0.0,0.0,0.0,0.0,0.0,0.0,59.0,38406.91,25.21,167.0,229.98,1.0,14.0,1.0,1.0,0.0,0.046,0
SMB_EU_002976,0.0,0.0,0.0,0.0,0.0,1.0,0.0,0.0,0.0,13.0,39400.21,-25.2,215.0,183.26,3.0,10.0,0.0,0.0,2.0,0.066,0
SMB_EU_002977,1.0,0.0,0.0,0.0,0.0,0.0,0.0,0.0,0.0,20.0,35407.44,-5.23,318.0,111.34,1.0,7.0,0.0,1.0,1.0,0.081,1
SMB_EU_002978,0.0,0.0,0.0,0.0,0.0,0.0,0.0,1.0,0.0,4.0,8713.19,11.78,62.0,140.54,2.0,14.0,0.0,0.0,0.0,0.123,0
SMB_EU_002979,1.0,0.0,0.0,0.0,0.0,1.0,0.0,0.0,0.0,51.0,2729.89,12.71,29.0,94.13,4.0,12.0,1.0,1.0,2.0,0.069,0
SMB_EU_002980,0.0,0.0,0.0,0.0,1.0,0.0,0.0,0.0,0.0,9.0,7361.89,-5.04,42.0,175.28,2.0,11.0,0.0,1.0,3.0,0.119,0
SMB_EU_002981,0.0,0.0,0.0,1.0,0.0,0.0,0.0,1.0,0.0,25.0,6206.22,-18.94,28.0,221.65,1.0,10.0,0.0,0.0,3.0,0.052,0
SMB_EU_002982,0.0,1.0,0.0,0.0,0.0,1.0,0.0,0.0,0.0,11.0,2166.07,12.18,16.0,135.38,3.0,5.0,1.0,1.0,2.0,0.18,0
SMB_EU_002983,1.0,0.0,0.0,0.0,0.0,1.0,0.0,0.0,0.0,25.0,8680.01,-10.23,46.0,188.7,3.0,5.0,2.0,0.0,0.0,0.031,0
SMB_EU_002984,1.0,0.0,0.0,0.0,0.0,1.0,0.0,0.0,0.0,45.0,1666.63,4.72,9.0,185.18,1.0,18.0,1.0,1.0,0.0,0.044,0
SMB_EU_002985,0.0,0.0,1.0,0.0,0.0,0.0,1.0,0.0,0.0,38.0,15971.11,10.55,81.0,197.17,3.0,9.0,3.0,0.0,1.0,0.066,0
SMB_EU_002986,0.0,0.0,0.0,0.0,1.0,1.0,0.0,0.0,0.0,39.0,4946.79,-9.16,41.0,120.65,1.0,9.0,2.0,0.0,2.0,0.032,0
SMB_EU_002987,0.0,0.0,0.0,0.0,0.0,0.0,0.0,0.0,0.0,8.0,16183.76,25.41,82.0,197.36,3.0,5.0,2.0,0.0,3.0,0.103,0
SMB_EU_002988,0.0,0.0,0.0,1.0,0.0,0.0,0.0,0.0,1.0,25.0,5744.26,-12.53,36.0,159.56,1.0,11.0,0.0,0.0,0.0,0.187,0
SMB_EU_002989,1.0,0.0,0.0,0.0,0.0,0.0,0.0,1.0,0.0,84.0,1600.51,2.16,11.0,145.5,2.0,11.0,0.0,0.0,0.0,0.069,0
SMB_EU_002990,0.0,0.0,0.0,0.0,1.0,1.0,0.0,0.0,0.0,30.0,12585.89,-47.41,60.0,209.76,2.0,10.0,0.0,0.0,0.0,0.137,1
SMB_EU_002991,0.0,0.0,0.0,0.0,0.0,0.0,0.0,0.0,0.0,26.0,33430.58,1.55,297.0,112.56,3.0,10.0,0.0,0.0,0.0,0.027,0
SMB_EU_002992,1.0,0.0,0.0,0.0,0.0,0.0,1.0,0.0,0.0,21.0,6478.89,-16.01,23.0,281.69,3.0,11.0,2.0,0.0,0.0,0.069,0
SMB_EU_002993,0.0,0.0,1.0,0.0,0.0,0.0,0.0,0.0,0.0,28.0,22313.86,-4.41,78.0,286.08,3.0,8.0,0.0,1.0,3.0,0.099,0
SMB_EU_002994,0.0,1.0,0.0,0.0,0.0,0.0,0.0,0.0,0.0,25.0,11864.08,-23.8,53.0,223.85,1.0,9.0,1.0,0.0,0.0,0.115,0
SMB_EU_002995,0.0,0.0,0.0,0.0,0.0,0.0,0.0,0.0,0.0,75.0,17834.67,12.0,122.0,146.19,3.0,7.0,1.0,2.0,1.0,0.026,0
SMB_EU_002996,0.0,0.0,0.0,0.0,1.0,0.0,0.0,0.0,0.0,43.0,23654.04,5.34,109.0,217.01,1.0,12.0,2.0,1.0,0.0,0.055,0
SMB_EU_002997,0.0,0.0,0.0,0.0,0.0,0.0,1.0,0.0,0.0,23.0,11161.75,16.31,53.0,210.6,2.0,7.0,0.0,1.0,0.0,0.161,0
SMB_EU_002998,0.0,1.0,0.0,0.0,0.0,0.0,0.0,0.0,1.0,42.0,20121.85,-5.22,121.0,166.3,2.0,10.0,0.0,0.0,2.0,0.354,0
SMB_EU_002999,0.0,1.0,0.0,0.0,0.0,0.0,1.0,0.0,0.0,14.0,10921.9,17.01,76.0,143.71,1.0,8.0,0.0,0.0,1.0,0.028,0
SMB_EU_003000,0.0,0.0,0.0,0.0,1.0,0.0,0.0,0.0,1.0,25.0,9152.94,0.59,78.0,117.35,1.0,13.0,0.0,0.0,2.0,0.09,0
SMB_EU_003001,0.0,0.0,1.0,0.0,0.0,0.0,0.0,0.0,1.0,18.0,5699.47,-30.07,45.0,126.65,3.0,15.0,1.0,0.0,0.0,0.267,1
SMB_EU_003002,1.0,0.0,0.0,0.0,0.0,0.0,0.0,0.0,0.0,40.0,11256.51,31.71,50.0,225.13,1.0,8.0,1.0,1.0,0.0,0.031,0
SMB_EU_003003,0.0,1.0,0.0,0.0,0.0,0.0,0.0,1.0,0.0,24.0,8129.25,-7.27,30.0,270.98,1.0,7.0,2.0,1.0,0.0,0.128,0
SMB_EU_003004,0.0,0.0,1.0,0.0,0.0,0.0,0.0,0.0,0.0,28.0,6091.87,18.41,37.0,164.65,2.0,9.0,1.0,0.0,1.0,0.088,0
SMB_EU_003005,0.0,0.0,1.0,0.0,0.0,1.0,0.0,0.0,0.0,22.0,11649.27,7.2,109.0,106.87,1.0,14.0,0.0,0.0,1.0,0.025,0
SMB_EU_003006,1.0,0.0,0.0,0.0,0.0,0.0,0.0,0.0,0.0,33.0,12671.61,-8.58,153.0,82.82,1.0,15.0,0.0,0.0,3.0,0.081,0
SMB_EU_003007,0.0,0.0,0.0,0.0,1.0,0.0,0.0,0.0,0.0,41.0,9178.71,-19.74,54.0,169.98,2.0,13.0,2.0,2.0,0.0,0.116,1
SMB_EU_003008,0.0,0.0,0.0,0.0,0.0,1.0,0.0,0.0,0.0,60.0,3103.48,-15.5,24.0,129.31,1.0,14.0,0.0,0.0,1.0,0.087,0
SMB_EU_003009,0.0,0.0,1.0,0.0,0.0,0.0,0.0,0.0,0.0,21.0,22481.01,16.96,149.0,150.88,4.0,13.0,0.0,0.0,1.0,0.213,0
SMB_EU_003010,0.0,0.0,0.0,0.0,0.0,1.0,0.0,0.0,0.0,12.0,5947.52,-5.49,45.0,132.17,4.0,9.0,2.0,0.0,1.0,0.138,0
SMB_EU_003011,0.0,0.0,1.0,0.0,0.0,0.0,0.0,0.0,0.0,34.0,38912.26,1.37,172.0,226.23,2.0,11.0,1.0,2.0,1.0,0.054,0
SMB_EU_003012,0.0,1.0,0.0,0.0,0.0,0.0,0.0,0.0,0.0,9.0,7030.13,2.16,32.0,219.69,1.0,15.0,0.0,0.0,1.0,0.109,0
SMB_EU_003013,0.0,1.0,0.0,0.0,0.0,0.0,1.0,0.0,0.0,20.0,5655.02,11.65,20.0,282.75,2.0,8.0,0.0,0.0,2.0,0.16,0
SMB_EU_003014,0.0,1.0,0.0,0.0,0.0,0.0,1.0,0.0,0.0,7.0,7569.36,1.1,32.0,236.54,1.0,4.0,1.0,2.0,1.0,0.185,0
SMB_EU_003015,0.0,0.0,1.0,0.0,0.0,0.0,0.0,0.0,0.0,120.0,9553.77,16.5,82.0,116.51,2.0,9.0,2.0,0.0,3.0,0.161,0
SMB_EU_003016,0.0,1.0,0.0,0.0,0.0,0.0,1.0,0.0,0.0,55.0,8029.42,4.37,33.0,243.32,1.0,9.0,1.0,0.0,2.0,0.029,0
SMB_EU_003017,1.0,0.0,0.0,0.0,0.0,0.0,1.0,0.0,0.0,51.0,9690.46,2.03,81.0,119.64,3.0,4.0,0.0,3.0,2.0,0.211,0
SMB_EU_003018,0.0,1.0,0.0,0.0,0.0,0.0,0.0,1.0,0.0,61.0,6686.75,-10.49,33.0,202.63,1.0,13.0,0.0,0.0,2.0,0.02,0
SMB_EU_003019,0.0,0.0,0.0,0.0,0.0,0.0,1.0,0.0,0.0,48.0,19749.77,-14.18,204.0,96.81,2.0,10.0,0.0,0.0,3.0,0.045,0
SMB_EU_003020,1.0,0.0,0.0,0.0,0.0,1.0,0.0,0.0,0.0,30.0,2744.71,-47.39,30.0,91.49,1.0,12.0,0.0,0.0,1.0,0.109,1
SMB_EU_003021,0.0,1.0,0.0,0.0,0.0,0.0,0.0,0.0,0.0,31.0,18369.77,18.51,101.0,181.88,2.0,14.0,1.0,0.0,3.0,0.075,0
SMB_EU_003022,0.0,0.0,0.0,1.0,0.0,0.0,0.0,1.0,0.0,58.0,3391.5,-2.2,33.0,102.77,1.0,14.0,0.0,0.0,2.0,0.167,0
SMB_EU_003023,0.0,0.0,1.0,0.0,0.0,0.0,0.0,0.0,0.0,60.0,19415.24,-6.01,132.0,147.09,4.0,12.0,0.0,1.0,1.0,0.144,0
SMB_EU_003024,0.0,1.0,0.0,0.0,0.0,0.0,0.0,0.0,0.0,13.0,19430.61,-29.28,126.0,154.21,2.0,8.0,0.0,0.0,2.0,0.135,0
SMB_EU_003025,0.0,0.0,0.0,0.0,0.0,0.0,0.0,0.0,0.0,23.0,8297.04,-9.6,33.0,251.43,1.0,6.0,0.0,0.0,2.0,0.069,0
SMB_EU_003026,0.0,1.0,0.0,0.0,0.0,0.0,0.0,0.0,0.0,27.0,8735.18,-11.58,57.0,153.25,1.0,10.0,0.0,1.0,3.0,0.034,0
SMB_EU_003027,0.0,0.0,0.0,0.0,1.0,1.0,0.0,0.0,0.0,49.0,8155.93,-11.92,43.0,189.67,1.0,11.0,1.0,0.0,0.0,0.03,0
SMB_EU_003028,0.0,0.0,1.0,0.0,0.0,0.0,1.0,0.0,0.0,14.0,8113.13,4.99,32.0,253.54,2.0,9.0,0.0,0.0,0.0,0.012,0
SMB_EU_003029,0.0,0.0,1.0,0.0,0.0,0.0,0.0,0.0,1.0,13.0,7888.86,-57.21,63.0,125.22,1.0,7.0,1.0,0.0,2.0,0.046,1
SMB_EU_003030,0.0,0.0,1.0,0.0,0.0,0.0,0.0,0.0,0.0,9.0,22261.13,-70.43,87.0,255.88,2.0,7.0,0.0,0.0,1.0,0.059,1
SMB_EU_003031,0.0,0.0,0.0,0.0,0.0,0.0,0.0,0.0,0.0,18.0,23268.05,-19.47,88.0,264.41,1.0,11.0,0.0,0.0,1.0,0.047,0
SMB_EU_003032,0.0,1.0,0.0,0.0,0.0,0.0,0.0,1.0,0.0,20.0,3638.82,-19.5,12.0,303.24,3.0,9.0,2.0,0.0,0.0,0.102,0
SMB_EU_003033,1.0,0.0,0.0,0.0,0.0,0.0,0.0,0.0,0.0,69.0,8996.34,27.16,51.0,176.4,2.0,9.0,2.0,0.0,1.0,0.048,0
SMB_EU_003034,0.0,0.0,0.0,0.0,0.0,0.0,0.0,1.0,0.0,45.0,2345.0,22.39,15.0,156.33,3.0,17.0,1.0,0.0,0.0,0.053,0
SMB_EU_003035,0.0,1.0,0.0,0.0,0.0,0.0,0.0,0.0,0.0,49.0,15304.13,-12.78,65.0,235.45,4.0,6.0,1.0,0.0,1.0,0.114,0
SMB_EU_003036,0.0,1.0,0.0,0.0,0.0,0.0,0.0,1.0,0.0,11.0,2128.76,-29.65,23.0,92.55,4.0,13.0,0.0,0.0,3.0,0.039,0
SMB_EU_003037,0.0,0.0,0.0,1.0,0.0,0.0,1.0,0.0,0.0,22.0,8491.78,1.92,96.0,88.46,1.0,5.0,0.0,1.0,3.0,0.03,0
SMB_EU_003038,0.0,0.0,0.0,0.0,1.0,0.0,0.0,1.0,0.0,42.0,10376.46,0.7,68.0,152.6,3.0,7.0,0.0,0.0,1.0,0.114,0
SMB_EU_003039,0.0,0.0,0.0,0.0,0.0,0.0,0.0,1.0,0.0,29.0,4044.52,4.75,17.0,237.91,2.0,14.0,2.0,0.0,0.0,0.043,0
SMB_EU_003040,0.0,0.0,0.0,1.0,0.0,0.0,1.0,0.0,0.0,37.0,5799.19,11.12,55.0,105.44,2.0,12.0,0.0,1.0,2.0,0.142,0
SMB_EU_003041,0.0,0.0,0.0,0.0,0.0,0.0,1.0,0.0,0.0,9.0,26526.61,6.78,121.0,219.23,3.0,10.0,1.0,0.0,1.0,0.066,0
SMB_EU_003042,0.0,0.0,0.0,0.0,1.0,0.0,0.0,0.0,0.0,28.0,37109.44,-16.75,266.0,139.51,1.0,14.0,1.0,0.0,1.0,0.157,0
SMB_EU_003043,0.0,0.0,0.0,0.0,0.0,0.0,0.0,0.0,1.0,43.0,5688.61,4.41,25.0,227.54,2.0,7.0,1.0,2.0,0.0,0.021,0
SMB_EU_003044,0.0,1.0,0.0,0.0,0.0,0.0,0.0,0.0,0.0,12.0,16304.78,12.81,90.0,181.16,2.0,5.0,0.0,0.0,1.0,0.143,0
SMB_EU_003045,1.0,0.0,0.0,0.0,0.0,0.0,0.0,0.0,0.0,5.0,18269.94,-10.86,173.0,105.61,1.0,8.0,0.0,2.0,2.0,0.079,0
SMB_EU_003046,1.0,0.0,0.0,0.0,0.0,0.0,1.0,0.0,0.0,11.0,9039.81,4.5,67.0,134.92,3.0,9.0,0.0,0.0,0.0,0.117,0
SMB_EU_003047,0.0,0.0,0.0,1.0,0.0,0.0,0.0,0.0,0.0,57.0,44560.79,-8.29,347.0,128.42,1.0,8.0,1.0,0.0,1.0,0.069,0
SMB_EU_003048,0.0,1.0,0.0,0.0,0.0,1.0,0.0,0.0,0.0,10.0,6322.39,29.94,54.0,117.08,3.0,10.0,1.0,0.0,0.0,0.045,0
SMB_EU_003049,0.0,1.0,0.0,0.0,0.0,0.0,0.0,0.0,1.0,26.0,10376.73,-19.9,57.0,182.05,4.0,15.0,1.0,0.0,1.0,0.009,1
SMB_EU_003050,0.0,1.0,0.0,0.0,0.0,0.0,0.0,0.0,0.0,5.0,22674.65,17.34,78.0,290.7,3.0,12.0,1.0,0.0,0.0,0.013,0
SMB_EU_003051,0.0,0.0,0.0,0.0,0.0,0.0,0.0,1.0,0.0,13.0,10210.23,-76.26,45.0,226.89,4.0,8.0,2.0,0.0,0.0,0.029,1
SMB_EU_003052,0.0,0.0,0.0,1.0,0.0,0.0,0.0,0.0,0.0,30.0,26316.33,26.9,100.0,263.16,1.0,8.0,1.0,2.0,3.0,0.216,0
SMB_EU_003053,0.0,1.0,0.0,0.0,0.0,0.0,1.0,0.0,0.0,26.0,11048.48,-17.12,37.0,298.61,2.0,8.0,0.0,1.0,1.0,0.096,0
SMB_EU_003054,0.0,1.0,0.0,0.0,0.0,0.0,0.0,0.0,0.0,52.0,5887.49,-28.25,30.0,196.25,2.0,12.0,1.0,0.0,0.0,0.135,1
SMB_EU_003055,0.0,0.0,1.0,0.0,0.0,1.0,0.0,0.0,0.0,34.0,4476.66,-24.44,34.0,131.67,3.0,16.0,0.0,1.0,0.0,0.169,0
SMB_EU_003056,0.0,0.0,0.0,0.0,1.0,0.0,0.0,0.0,1.0,12.0,14715.15,-20.25,52.0,282.98,1.0,7.0,1.0,2.0,3.0,0.064,0
SMB_EU_003057,0.0,0.0,1.0,0.0,0.0,0.0,0.0,1.0,0.0,22.0,5810.56,13.47,25.0,232.42,3.0,9.0,1.0,0.0,1.0,0.154,0
SMB_EU_003058,0.0,0.0,0.0,0.0,0.0,0.0,1.0,0.0,0.0,19.0,13132.88,15.42,45.0,291.84,1.0,8.0,1.0,0.0,1.0,0.017,0
SMB_EU_003059,0.0,0.0,0.0,0.0,0.0,0.0,1.0,0.0,0.0,3.0,24822.27,3.59,111.0,223.62,1.0,10.0,2.0,0.0,1.0,0.037,0
SMB_EU_003060,0.0,0.0,0.0,0.0,1.0,0.0,1.0,0.0,0.0,70.0,3948.22,-8.9,16.0,246.76,2.0,10.0,0.0,1.0,0.0,0.048,0
SMB_EU_003061,0.0,1.0,0.0,0.0,0.0,0.0,0.0,0.0,1.0,27.0,17813.75,15.67,65.0,274.06,2.0,9.0,0.0,0.0,4.0,0.067,0
SMB_EU_003062,0.0,0.0,0.0,0.0,0.0,0.0,0.0,1.0,0.0,30.0,4100.95,-10.26,17.0,241.23,4.0,7.0,2.0,1.0,1.0,0.084,0
SMB_EU_003063,0.0,0.0,1.0,0.0,0.0,0.0,0.0,1.0,0.0,41.0,8763.96,-20.98,43.0,203.81,3.0,11.0,1.0,0.0,2.0,0.095,0
SMB_EU_003064,0.0,0.0,1.0,0.0,0.0,0.0,0.0,0.0,0.0,41.0,14633.56,-0.21,80.0,182.92,2.0,8.0,1.0,0.0,3.0,0.074,0
SMB_EU_003065,0.0,0.0,1.0,0.0,0.0,0.0,0.0,0.0,0.0,44.0,53745.12,-30.98,206.0,260.9,1.0,9.0,0.0,0.0,2.0,0.181,0
SMB_EU_003066,0.0,1.0,0.0,0.0,0.0,0.0,0.0,0.0,0.0,20.0,16217.69,5.83,65.0,249.5,1.0,9.0,0.0,1.0,1.0,0.031,0
SMB_EU_003067,0.0,0.0,0.0,0.0,0.0,0.0,0.0,0.0,0.0,18.0,10213.82,8.22,64.0,159.59,2.0,14.0,0.0,0.0,0.0,0.017,0
SMB_EU_003068,0.0,0.0,0.0,0.0,1.0,0.0,0.0,0.0,0.0,53.0,19297.49,-52.34,102.0,189.19,1.0,13.0,2.0,0.0,0.0,0.11,0
SMB_EU_003069,0.0,1.0,0.0,0.0,0.0,0.0,1.0,0.0,0.0,71.0,9716.32,10.56,44.0,220.83,3.0,8.0,0.0,0.0,1.0,0.048,0
SMB_EU_003070,0.0,0.0,1.0,0.0,0.0,0.0,1.0,0.0,0.0,5.0,15836.22,-21.61,184.0,86.07,1.0,10.0,0.0,2.0,1.0,0.16,1
SMB_EU_003071,1.0,0.0,0.0,0.0,0.0,0.0,0.0,1.0,0.0,52.0,6542.17,-16.87,49.0,133.51,1.0,7.0,1.0,1.0,0.0,0.156,0
SMB_EU_003072,0.0,0.0,1.0,0.0,0.0,0.0,0.0,1.0,0.0,22.0,22075.68,-28.1,163.0,135.43,3.0,12.0,3.0,0.0,2.0,0.081,0
SMB_EU_003073,0.0,1.0,0.0,0.0,0.0,0.0,0.0,0.0,0.0,25.0,14030.14,11.7,51.0,275.1,3.0,11.0,1.0,0.0,2.0,0.052,0
SMB_EU_003074,0.0,1.0,0.0,0.0,0.0,0.0,0.0,0.0,0.0,2.0,14129.69,7.8,92.0,153.58,1.0,13.0,1.0,0.0,1.0,0.037,0
SMB_EU_003075,0.0,0.0,1.0,0.0,0.0,0.0,0.0,0.0,0.0,26.0,10440.77,-45.43,52.0,200.78,1.0,8.0,0.0,1.0,1.0,0.086,0
SMB_EU_003076,0.0,0.0,0.0,0.0,1.0,0.0,0.0,1.0,0.0,17.0,5263.72,25.17,20.0,263.19,4.0,6.0,2.0,0.0,4.0,0.123,0
SMB_EU_003077,0.0,0.0,0.0,0.0,1.0,0.0,0.0,1.0,0.0,3.0,5743.53,4.92,42.0,136.75,3.0,11.0,2.0,1.0,1.0,0.182,0
SMB_EU_003078,0.0,0.0,0.0,0.0,0.0,0.0,0.0,1.0,0.0,56.0,5918.98,-9.1,55.0,107.62,3.0,10.0,1.0,1.0,1.0,0.072,0
SMB_EU_003079,0.0,0.0,0.0,0.0,0.0,0.0,0.0,1.0,0.0,30.0,5205.68,-60.66,18.0,289.2,1.0,15.0,0.0,0.0,3.0,0.028,1
SMB_EU_003080,0.0,0.0,0.0,0.0,1.0,0.0,1.0,0.0,0.0,33.0,5548.62,16.92,24.0,231.19,2.0,12.0,4.0,0.0,1.0,0.068,0
SMB_EU_003081,1.0,0.0,0.0,0.0,0.0,0.0,0.0,0.0,0.0,56.0,8837.92,5.36,74.0,119.43,1.0,16.0,2.0,0.0,2.0,0.028,0
SMB_EU_003082,0.0,0.0,0.0,0.0,1.0,0.0,0.0,0.0,0.0,42.0,11976.49,25.05,46.0,260.36,1.0,9.0,1.0,0.0,0.0,0.138,0
SMB_EU_003083,0.0,0.0,0.0,0.0,0.0,0.0,0.0,0.0,0.0,8.0,29754.27,-54.74,118.0,252.15,1.0,9.0,0.0,0.0,2.0,0.006,0
SMB_EU_003084,0.0,0.0,1.0,0.0,0.0,0.0,0.0,1.0,0.0,48.0,11285.49,13.66,43.0,262.45,1.0,9.0,0.0,0.0,3.0,0.054,0
SMB_EU_003085,1.0,0.0,0.0,0.0,0.0,0.0,0.0,0.0,0.0,7.0,14323.07,-3.92,102.0,140.42,4.0,8.0,1.0,0.0,1.0,0.068,0
SMB_EU_003086,0.0,0.0,1.0,0.0,0.0,0.0,1.0,0.0,0.0,39.0,4547.11,-5.3,25.0,181.88,2.0,10.0,0.0,0.0,0.0,0.061,0
SMB_EU_003087,0.0,1.0,0.0,0.0,0.0,0.0,0.0,0.0,0.0,80.0,14286.94,-11.47,61.0,234.21,3.0,8.0,2.0,2.0,0.0,0.111,0
SMB_EU_003088,0.0,0.0,0.0,0.0,0.0,0.0,0.0,0.0,1.0,40.0,31570.52,13.49,190.0,166.16,4.0,12.0,3.0,0.0,1.0,0.066,0
SMB_EU_003089,0.0,0.0,1.0,0.0,0.0,0.0,1.0,0.0,0.0,20.0,14567.93,-41.45,153.0,95.22,1.0,7.0,4.0,1.0,1.0,0.135,1
SMB_EU_003090,0.0,1.0,0.0,0.0,0.0,1.0,0.0,0.0,0.0,79.0,8349.53,-17.14,76.0,109.86,1.0,7.0,0.0,0.0,1.0,0.054,0
SMB_EU_003091,0.0,0.0,0.0,1.0,0.0,0.0,0.0,0.0,0.0,30.0,26726.65,2.47,126.0,212.12,1.0,14.0,2.0,0.0,0.0,0.108,0
SMB_EU_003092,0.0,0.0,0.0,0.0,1.0,0.0,1.0,0.0,0.0,12.0,20161.63,10.59,124.0,162.59,4.0,6.0,0.0,0.0,0.0,0.226,0
SMB_EU_003093,0.0,1.0,0.0,0.0,0.0,0.0,0.0,0.0,0.0,16.0,7510.71,2.67,93.0,80.76,3.0,7.0,1.0,1.0,0.0,0.107,0
SMB_EU_003094,1.0,0.0,0.0,0.0,0.0,0.0,0.0,1.0,0.0,15.0,3951.97,16.62,16.0,247.0,2.0,10.0,2.0,0.0,2.0,0.041,0
SMB_EU_003095,0.0,0.0,0.0,0.0,0.0,0.0,0.0,0.0,0.0,90.0,10922.42,-4.35,64.0,170.66,3.0,8.0,1.0,0.0,2.0,0.15,0
SMB_EU_003096,0.0,0.0,1.0,0.0,0.0,0.0,0.0,1.0,0.0,39.0,7111.45,-33.82,48.0,148.16,1.0,9.0,1.0,1.0,0.0,0.226,0
SMB_EU_003097,0.0,0.0,0.0,0.0,1.0,0.0,0.0,0.0,0.0,40.0,16512.48,2.8,70.0,235.89,1.0,12.0,2.0,0.0,0.0,0.048,0
SMB_EU_003098,0.0,0.0,0.0,0.0,0.0,0.0,1.0,0.0,0.0,36.0,12594.1,2.71,70.0,179.92,2.0,15.0,2.0,0.0,1.0,0.101,0
SMB_EU_003099,0.0,0.0,0.0,0.0,0.0,0.0,0.0,0.0,1.0,32.0,6639.87,-45.57,29.0,228.96,3.0,7.0,1.0,1.0,1.0,0.166,0
SMB_EU_003100,0.0,0.0,0.0,1.0,0.0,0.0,0.0,0.0,0.0,18.0,34165.67,16.6,412.0,82.93,1.0,8.0,1.0,1.0,4.0,0.062,0
SMB_EU_003101,0.0,0.0,0.0,0.0,0.0,1.0,0.0,0.0,0.0,10.0,5755.52,-29.29,70.0,82.22,1.0,9.0,0.0,1.0,0.0,0.235,0
SMB_EU_003102,1.0,0.0,0.0,0.0,0.0,0.0,0.0,1.0,0.0,34.0,7584.94,-3.58,37.0,205.0,2.0,2.0,0.0,0.0,2.0,0.14,0
SMB_EU_003103,0.0,0.0,0.0,0.0,1.0,0.0,0.0,0.0,0.0,77.0,30731.68,-13.84,104.0,295.5,1.0,9.0,2.0,0.0,2.0,0.056,1
SMB_EU_003104,0.0,0.0,0.0,1.0,0.0,0.0,0.0,1.0,0.0,32.0,9762.15,-18.12,70.0,139.46,3.0,10.0,2.0,0.0,0.0,0.232,0
SMB_EU_003105,0.0,1.0,0.0,0.0,0.0,0.0,1.0,0.0,0.0,60.0,9933.76,-1.08,43.0,231.02,2.0,10.0,0.0,0.0,1.0,0.031,0
SMB_EU_003106,0.0,0.0,0.0,1.0,0.0,0.0,0.0,0.0,0.0,5.0,24524.15,-21.05,208.0,117.9,2.0,12.0,1.0,0.0,1.0,0.05,0
SMB_EU_003107,1.0,0.0,0.0,0.0,0.0,0.0,1.0,0.0,0.0,33.0,22747.11,4.51,153.0,148.67,4.0,8.0,1.0,1.0,0.0,0.104,0
SMB_EU_003108,0.0,0.0,0.0,0.0,0.0,0.0,0.0,1.0,0.0,17.0,6804.6,-10.31,70.0,97.21,3.0,4.0,0.0,0.0,0.0,0.017,0
SMB_EU_003109,0.0,0.0,1.0,0.0,0.0,0.0,1.0,0.0,0.0,12.0,5163.7,-2.18,19.0,271.77,1.0,7.0,0.0,1.0,1.0,0.086,0
SMB_EU_003110,0.0,0.0,1.0,0.0,0.0,0.0,0.0,1.0,0.0,67.0,7094.13,-13.59,48.0,147.79,2.0,13.0,2.0,0.0,1.0,0.049,0
SMB_EU_003111,0.0,0.0,1.0,0.0,0.0,0.0,0.0,0.0,1.0,19.0,8800.92,10.25,67.0,131.36,1.0,11.0,1.0,1.0,3.0,0.054,0
SMB_EU_003112,0.0,1.0,0.0,0.0,0.0,0.0,0.0,0.0,0.0,39.0,3666.54,-8.29,15.0,244.44,3.0,9.0,2.0,0.0,0.0,0.011,0
SMB_EU_003113,1.0,0.0,0.0,0.0,0.0,0.0,0.0,0.0,0.0,24.0,19791.43,-9.26,160.0,123.7,3.0,13.0,1.0,1.0,1.0,0.058,0
SMB_EU_003114,0.0,0.0,0.0,0.0,0.0,0.0,0.0,0.0,0.0,8.0,16087.47,-25.75,121.0,132.95,2.0,11.0,2.0,1.0,0.0,0.075,0
SMB_EU_003115,0.0,0.0,0.0,0.0,0.0,0.0,0.0,0.0,0.0,43.0,30021.11,-6.44,292.0,102.81,3.0,11.0,1.0,1.0,1.0,0.028,0
SMB_EU_003116,0.0,0.0,0.0,0.0,1.0,0.0,0.0,0.0,0.0,20.0,9563.88,-26.04,33.0,289.81,2.0,16.0,1.0,0.0,2.0,0.072,0
SMB_EU_003117,1.0,0.0,0.0,0.0,0.0,1.0,0.0,0.0,0.0,47.0,2431.08,31.01,18.0,135.06,3.0,10.0,1.0,2.0,3.0,0.033,0
SMB_EU_003118,0.0,0.0,0.0,0.0,0.0,0.0,0.0,0.0,1.0,13.0,9958.57,-65.39,33.0,301.77,1.0,14.0,2.0,1.0,0.0,0.062,1
SMB_EU_003119,0.0,1.0,0.0,0.0,0.0,0.0,0.0,0.0,1.0,18.0,11305.97,16.63,95.0,119.01,1.0,10.0,0.0,0.0,0.0,0.057,0
SMB_EU_003120,0.0,0.0,0.0,0.0,0.0,0.0,0.0,1.0,0.0,38.0,5289.57,27.27,63.0,83.96,3.0,12.0,0.0,0.0,1.0,0.188,0
SMB_EU_003121,0.0,1.0,0.0,0.0,0.0,0.0,0.0,1.0,0.0,14.0,5062.51,3.24,18.0,281.25,1.0,9.0,2.0,0.0,0.0,0.194,0
SMB_EU_003122,0.0,1.0,0.0,0.0,0.0,0.0,0.0,0.0,0.0,42.0,7899.62,-1.5,38.0,207.88,3.0,8.0,1.0,1.0,2.0,0.025,0
SMB_EU_003123,0.0,0.0,0.0,0.0,0.0,1.0,0.0,0.0,0.0,4.0,5520.17,-19.84,35.0,157.72,3.0,16.0,2.0,0.0,2.0,0.116,0
SMB_EU_003124,0.0,0.0,0.0,1.0,0.0,0.0,0.0,1.0,0.0,10.0,4056.8,-40.75,21.0,193.18,3.0,6.0,1.0,0.0,0.0,0.065,1
SMB_EU_003125,1.0,0.0,0.0,0.0,0.0,0.0,0.0,0.0,0.0,28.0,28550.53,24.06,208.0,137.26,3.0,15.0,0.0,0.0,1.0,0.059,0
SMB_EU_003126,0.0,0.0,1.0,0.0,0.0,0.0,0.0,0.0,1.0,40.0,11300.19,-48.63,51.0,221.57,2.0,5.0,0.0,2.0,1.0,0.005,0
SMB_EU_003127,0.0,0.0,1.0,0.0,0.0,0.0,0.0,0.0,0.0,29.0,12695.55,-21.32,59.0,215.18,4.0,17.0,1.0,1.0,1.0,0.058,0
SMB_EU_003128,0.0,0.0,0.0,0.0,0.0,1.0,0.0,0.0,0.0,37.0,16879.34,19.68,173.0,97.57,2.0,10.0,0.0,1.0,1.0,0.048,0
SMB_EU_003129,0.0,0.0,0.0,0.0,1.0,0.0,0.0,1.0,0.0,19.0,4254.99,10.44,15.0,283.67,2.0,9.0,2.0,1.0,2.0,0.067,0
SMB_EU_003130,1.0,0.0,0.0,0.0,0.0,0.0,0.0,0.0,1.0,4.0,12577.34,-2.22,69.0,182.28,2.0,9.0,1.0,0.0,1.0,0.056,0
SMB_EU_003131,1.0,0.0,0.0,0.0,0.0,0.0,1.0,0.0,0.0,21.0,7237.59,3.24,59.0,122.67,4.0,7.0,0.0,1.0,0.0,0.076,0
SMB_EU_003132,1.0,0.0,0.0,0.0,0.0,0.0,0.0,1.0,0.0,21.0,13304.86,-51.49,90.0,147.83,1.0,14.0,0.0,0.0,1.0,0.098,0
SMB_EU_003133,0.0,0.0,0.0,0.0,1.0,0.0,0.0,0.0,0.0,56.0,15802.47,-8.42,58.0,272.46,3.0,4.0,0.0,0.0,1.0,0.05,0
SMB_EU_003134,0.0,0.0,1.0,0.0,0.0,0.0,0.0,0.0,0.0,42.0,16085.19,-30.28,98.0,164.13,1.0,10.0,0.0,1.0,1.0,0.107,0
SMB_EU_003135,0.0,0.0,0.0,0.0,0.0,0.0,0.0,1.0,0.0,11.0,4597.51,-38.52,23.0,199.89,1.0,10.0,1.0,0.0,1.0,0.091,1
SMB_EU_003136,0.0,0.0,1.0,0.0,0.0,1.0,0.0,0.0,0.0,3.0,6750.84,-18.71,23.0,293.51,4.0,16.0,0.0,0.0,1.0,0.132,0
SMB_EU_003137,1.0,0.0,0.0,0.0,0.0,1.0,0.0,0.0,0.0,24.0,12323.18,1.14,55.0,224.06,1.0,9.0,2.0,0.0,1.0,0.072,0
SMB_EU_003138,1.0,0.0,0.0,0.0,0.0,0.0,0.0,0.0,0.0,17.0,24917.15,-5.85,109.0,228.6,3.0,11.0,3.0,0.0,1.0,0.074,0
SMB_EU_003139,0.0,0.0,0.0,1.0,0.0,0.0,0.0,0.0,0.0,73.0,15254.83,-73.4,113.0,135.0,2.0,13.0,1.0,0.0,2.0,0.115,1
SMB_EU_003140,0.0,0.0,0.0,0.0,0.0,1.0,0.0,0.0,0.0,58.0,16652.4,-5.77,73.0,228.12,3.0,9.0,1.0,0.0,2.0,0.049,0
SMB_EU_003141,0.0,1.0,0.0,0.0,0.0,0.0,0.0,0.0,0.0,8.0,25326.25,-34.82,152.0,166.62,3.0,7.0,0.0,0.0,3.0,0.207,1
SMB_EU_003142,0.0,0.0,0.0,0.0,1.0,0.0,1.0,0.0,0.0,41.0,6150.5,-11.36,22.0,279.57,1.0,9.0,0.0,0.0,2.0,0.147,0
SMB_EU_003143,0.0,0.0,1.0,0.0,0.0,0.0,0.0,0.0,1.0,37.0,3931.48,-16.49,36.0,109.21,2.0,3.0,0.0,0.0,2.0,0.023,0
SMB_EU_003144,0.0,0.0,0.0,1.0,0.0,0.0,0.0,0.0,0.0,36.0,11693.6,-4.2,82.0,142.6,1.0,18.0,1.0,2.0,0.0,0.055,0
SMB_EU_003145,0.0,1.0,0.0,0.0,0.0,0.0,0.0,1.0,0.0,119.0,6407.36,-34.2,68.0,94.23,2.0,10.0,2.0,1.0,0.0,0.036,0
SMB_EU_003146,0.0,1.0,0.0,0.0,0.0,0.0,0.0,0.0,0.0,25.0,21463.86,2.86,131.0,163.85,3.0,12.0,0.0,1.0,0.0,0.06,0
SMB_EU_003147,0.0,0.0,0.0,0.0,1.0,0.0,0.0,0.0,0.0,44.0,33903.99,13.64,301.0,112.64,1.0,6.0,0.0,1.0,4.0,0.079,0
SMB_EU_003148,0.0,0.0,1.0,0.0,0.0,0.0,0.0,0.0,0.0,49.0,7778.18,-1.76,29.0,268.21,3.0,15.0,0.0,0.0,2.0,0.059,0
SMB_EU_003149,1.0,0.0,0.0,0.0,0.0,0.0,0.0,0.0,0.0,34.0,11525.44,7.48,41.0,281.11,1.0,19.0,2.0,0.0,0.0,0.05,0
SMB_EU_003150,0.0,0.0,0.0,1.0,0.0,0.0,0.0,0.0,0.0,73.0,7399.89,-7.69,33.0,224.24,1.0,10.0,0.0,0.0,2.0,0.161,0
SMB_EU_003151,0.0,0.0,1.0,0.0,0.0,0.0,0.0,0.0,0.0,30.0,6717.87,-59.82,65.0,103.35,1.0,6.0,2.0,1.0,4.0,0.033,1
SMB_EU_003152,0.0,1.0,0.0,0.0,0.0,0.0,0.0,0.0,0.0,47.0,10291.92,0.03,66.0,155.94,1.0,15.0,1.0,0.0,0.0,0.207,0
SMB_EU_003153,1.0,0.0,0.0,0.0,0.0,0.0,1.0,0.0,0.0,15.0,9968.29,10.21,34.0,293.18,2.0,7.0,2.0,2.0,4.0,0.148,1
SMB_EU_003154,0.0,0.0,0.0,1.0,0.0,0.0,0.0,0.0,0.0,10.0,23828.61,-19.87,217.0,109.81,1.0,11.0,1.0,0.0,1.0,0.153,0
SMB_EU_003155,0.0,0.0,0.0,1.0,0.0,0.0,1.0,0.0,0.0,38.0,4528.67,-6.98,22.0,205.85,4.0,10.0,2.0,0.0,1.0,0.105,0
SMB_EU_003156,0.0,0.0,1.0,0.0,0.0,0.0,1.0,0.0,0.0,26.0,4922.79,-3.71,31.0,158.8,4.0,6.0,3.0,1.0,1.0,0.011,0
SMB_EU_003157,0.0,0.0,0.0,0.0,1.0,0.0,0.0,0.0,1.0,27.0,3093.59,42.77,10.0,309.36,2.0,12.0,0.0,0.0,0.0,0.199,0
SMB_EU_003158,0.0,0.0,0.0,0.0,0.0,1.0,0.0,0.0,0.0,21.0,6823.49,3.35,48.0,142.16,2.0,12.0,1.0,0.0,0.0,0.067,0
SMB_EU_003159,1.0,0.0,0.0,0.0,0.0,1.0,0.0,0.0,0.0,46.0,3866.99,-28.58,43.0,89.93,4.0,12.0,1.0,2.0,1.0,0.143,0
SMB_EU_003160,0.0,1.0,0.0,0.0,0.0,0.0,0.0,0.0,0.0,30.0,40685.39,-32.29,174.0,233.82,3.0,8.0,1.0,0.0,1.0,0.011,0
SMB_EU_003161,0.0,0.0,0.0,1.0,0.0,0.0,0.0,0.0,1.0,97.0,11508.78,10.96,76.0,151.43,1.0,9.0,0.0,0.0,2.0,0.06,0
SMB_EU_003162,0.0,0.0,0.0,0.0,0.0,1.0,0.0,0.0,0.0,29.0,5413.48,37.28,24.0,225.56,3.0,10.0,2.0,0.0,3.0,0.071,0
SMB_EU_003163,0.0,1.0,0.0,0.0,0.0,0.0,0.0,1.0,0.0,35.0,3403.38,-4.21,33.0,103.13,1.0,7.0,1.0,1.0,2.0,0.197,1
SMB_EU_003164,0.0,0.0,0.0,1.0,0.0,0.0,0.0,0.0,0.0,50.0,6118.08,-5.11,31.0,197.36,2.0,13.0,1.0,0.0,2.0,0.219,0
SMB_EU_003165,0.0,0.0,0.0,0.0,0.0,0.0,0.0,0.0,1.0,38.0,3961.02,-17.55,24.0,165.04,2.0,12.0,2.0,1.0,1.0,0.083,0
SMB_EU_003166,0.0,0.0,0.0,1.0,0.0,0.0,0.0,1.0,0.0,10.0,3442.35,-11.97,17.0,202.49,3.0,13.0,1.0,1.0,1.0,0.227,0
SMB_EU_003167,0.0,0.0,0.0,0.0,1.0,0.0,0.0,1.0,0.0,23.0,3287.4,-38.16,12.0,273.95,1.0,10.0,0.0,0.0,3.0,0.026,1
SMB_EU_003168,0.0,0.0,0.0,0.0,0.0,0.0,1.0,0.0,0.0,15.0,4392.68,15.56,15.0,292.85,1.0,9.0,1.0,0.0,0.0,0.093,0
SMB_EU_003169,1.0,0.0,0.0,0.0,0.0,0.0,0.0,0.0,0.0,36.0,18808.47,-41.9,77.0,244.27,3.0,9.0,0.0,0.0,2.0,0.066,0
SMB_EU_003170,0.0,1.0,0.0,0.0,0.0,0.0,0.0,0.0,0.0,32.0,20421.93,15.75,82.0,249.05,3.0,15.0,0.0,0.0,0.0,0.071,0
SMB_EU_003171,0.0,0.0,1.0,0.0,0.0,0.0,0.0,0.0,0.0,48.0,11391.54,-11.41,58.0,196.41,2.0,6.0,2.0,0.0,2.0,0.127,1
SMB_EU_003172,0.0,1.0,0.0,0.0,0.0,0.0,0.0,1.0,0.0,52.0,15967.08,1.83,157.0,101.7,3.0,12.0,1.0,0.0,1.0,0.03,0
SMB_EU_003173,0.0,0.0,0.0,0.0,0.0,0.0,1.0,0.0,0.0,15.0,2805.0,12.82,12.0,233.75,3.0,2.0,0.0,0.0,1.0,0.051,0
SMB_EU_003174,0.0,0.0,0.0,0.0,0.0,0.0,1.0,0.0,0.0,52.0,8284.12,16.06,74.0,111.95,2.0,15.0,3.0,0.0,1.0,0.099,0
SMB_EU_003175,0.0,0.0,0.0,0.0,0.0,0.0,0.0,0.0,0.0,57.0,13156.32,3.49,98.0,134.25,1.0,7.0,1.0,1.0,0.0,0.012,0
SMB_EU_003176,0.0,0.0,0.0,0.0,0.0,0.0,1.0,0.0,0.0,12.0,5748.97,-52.91,24.0,239.54,2.0,10.0,0.0,0.0,0.0,0.028,1
SMB_EU_003177,0.0,0.0,1.0,0.0,0.0,0.0,1.0,0.0,0.0,35.0,5263.75,9.3,23.0,228.86,4.0,10.0,1.0,0.0,1.0,0.04,0
SMB_EU_003178,0.0,0.0,0.0,0.0,1.0,0.0,0.0,1.0,0.0,64.0,4979.16,6.96,33.0,150.88,3.0,10.0,1.0,0.0,0.0,0.043,0
SMB_EU_003179,1.0,0.0,0.0,0.0,0.0,1.0,0.0,0.0,0.0,23.0,5240.64,-19.37,21.0,249.55,2.0,12.0,1.0,0.0,2.0,0.071,0
SMB_EU_003180,0.0,0.0,1.0,0.0,0.0,0.0,1.0,0.0,0.0,27.0,6323.77,-19.08,22.0,287.44,1.0,18.0,0.0,1.0,1.0,0.151,0
SMB_EU_003181,0.0,0.0,0.0,0.0,0.0,0.0,0.0,0.0,0.0,35.0,6881.37,-31.64,34.0,202.39,4.0,11.0,1.0,0.0,2.0,0.164,0
SMB_EU_003182,0.0,1.0,0.0,0.0,0.0,0.0,0.0,0.0,0.0,30.0,5681.32,-39.13,25.0,227.25,2.0,8.0,1.0,0.0,1.0,0.11,0
SMB_EU_003183,0.0,1.0,0.0,0.0,0.0,0.0,1.0,0.0,0.0,31.0,6728.36,-5.94,48.0,140.17,2.0,8.0,0.0,0.0,0.0,0.02,0
SMB_EU_003184,0.0,1.0,0.0,0.0,0.0,1.0,0.0,0.0,0.0,41.0,4713.84,12.3,16.0,294.61,1.0,7.0,1.0,2.0,0.0,0.053,0
SMB_EU_003185,0.0,0.0,0.0,1.0,0.0,0.0,0.0,1.0,0.0,42.0,4442.49,6.06,32.0,138.83,3.0,11.0,0.0,1.0,0.0,0.128,0
SMB_EU_003186,0.0,0.0,0.0,1.0,0.0,0.0,0.0,1.0,0.0,26.0,4684.53,-15.04,17.0,275.56,1.0,12.0,1.0,0.0,2.0,0.056,0
SMB_EU_003187,0.0,1.0,0.0,0.0,0.0,0.0,0.0,1.0,0.0,78.0,3654.42,-1.8,13.0,281.11,2.0,8.0,2.0,0.0,0.0,0.024,0
SMB_EU_003188,0.0,1.0,0.0,0.0,0.0,0.0,1.0,0.0,0.0,15.0,7042.74,-36.11,30.0,234.76,2.0,8.0,1.0,2.0,1.0,0.003,1
SMB_EU_003189,1.0,0.0,0.0,0.0,0.0,0.0,0.0,0.0,1.0,47.0,5393.03,-67.28,21.0,256.81,3.0,10.0,1.0,1.0,2.0,0.152,1
SMB_EU_003190,1.0,0.0,0.0,0.0,0.0,0.0,0.0,1.0,0.0,3.0,12475.98,13.73,69.0,180.81,2.0,11.0,0.0,1.0,1.0,0.061,0
SMB_EU_003191,0.0,1.0,0.0,0.0,0.0,0.0,0.0,0.0,1.0,28.0,5569.92,37.66,20.0,278.5,2.0,7.0,0.0,0.0,1.0,0.01,0
SMB_EU_003192,0.0,0.0,0.0,0.0,1.0,0.0,1.0,0.0,0.0,2.0,6403.55,16.74,26.0,246.29,1.0,11.0,0.0,0.0,0.0,0.156,0
SMB_EU_003193,0.0,0.0,0.0,0.0,1.0,0.0,0.0,0.0,1.0,30.0,5829.62,-0.4,38.0,153.41,3.0,10.0,1.0,0.0,1.0,0.034,0
SMB_EU_003194,0.0,1.0,0.0,0.0,0.0,0.0,0.0,1.0,0.0,37.0,3206.21,-25.99,37.0,86.65,1.0,5.0,2.0,0.0,0.0,0.055,0
SMB_EU_003195,0.0,1.0,0.0,0.0,0.0,0.0,0.0,1.0,0.0,21.0,5074.47,25.69,26.0,195.17,2.0,11.0,1.0,0.0,1.0,0.11,0
SMB_EU_003196,0.0,0.0,0.0,1.0,0.0,0.0,1.0,0.0,0.0,28.0,7524.02,-20.89,28.0,268.72,2.0,8.0,4.0,0.0,1.0,0.007,1
SMB_EU_003197,0.0,0.0,0.0,0.0,1.0,0.0,0.0,1.0,0.0,44.0,3795.29,18.37,14.0,271.09,3.0,8.0,3.0,0.0,0.0,0.075,0
SMB_EU_003198,0.0,0.0,0.0,0.0,1.0,0.0,0.0,0.0,1.0,1.0,7592.33,11.55,29.0,261.8,3.0,12.0,1.0,1.0,1.0,0.083,0
SMB_EU_003199,0.0,0.0,0.0,0.0,0.0,1.0,0.0,0.0,0.0,18.0,3895.69,17.82,31.0,125.67,3.0,9.0,0.0,2.0,1.0,0.155,0
SMB_EU_003200,0.0,1.0,0.0,0.0,0.0,1.0,0.0,0.0,0.0,65.0,7635.4,12.2,44.0,173.53,1.0,12.0,1.0,0.0,1.0,0.231,0
SMB_EU_003201,0.0,0.0,1.0,0.0,0.0,0.0,0.0,0.0,1.0,10.0,30887.15,-30.14,144.0,214.49,2.0,13.0,0.0,1.0,0.0,0.099,0
SMB_EU_003202,0.0,0.0,0.0,1.0,0.0,0.0,0.0,0.0,0.0,16.0,8874.18,-12.4,39.0,227.54,1.0,6.0,0.0,0.0,0.0,0.159,1
SMB_EU_003203,0.0,0.0,0.0,0.0,0.0,1.0,0.0,0.0,0.0,4.0,7599.92,-32.96,49.0,155.1,2.0,14.0,0.0,1.0,4.0,0.068,1
SMB_EU_003204,0.0,0.0,0.0,0.0,1.0,0.0,0.0,0.0,0.0,19.0,15410.05,-6.51,66.0,233.49,2.0,12.0,5.0,0.0,2.0,0.078,1
SMB_EU_003205,0.0,0.0,1.0,0.0,0.0,0.0,0.0,0.0,1.0,25.0,13442.25,7.59,64.0,210.04,1.0,9.0,0.0,0.0,0.0,0.027,0
SMB_EU_003206,1.0,0.0,0.0,0.0,0.0,0.0,1.0,0.0,0.0,117.0,12152.29,14.59,59.0,205.97,2.0,8.0,0.0,0.0,1.0,0.099,0
SMB_EU_003207,0.0,0.0,0.0,0.0,1.0,0.0,0.0,0.0,0.0,36.0,16967.47,1.42,75.0,226.23,4.0,7.0,1.0,1.0,1.0,0.068,0
SMB_EU_003208,1.0,0.0,0.0,0.0,0.0,1.0,0.0,0.0,0.0,19.0,5858.34,5.9,28.0,209.23,3.0,15.0,0.0,1.0,0.0,0.13,0
SMB_EU_003209,0.0,0.0,0.0,1.0,0.0,0.0,0.0,1.0,0.0,7.0,3852.68,1.33,33.0,116.75,3.0,13.0,0.0,0.0,1.0,0.051,0
SMB_EU_003210,0.0,0.0,1.0,0.0,0.0,1.0,0.0,0.0,0.0,16.0,3791.58,-62.69,14.0,270.83,3.0,10.0,0.0,0.0,0.0,0.257,1
SMB_EU_003211,0.0,0.0,0.0,0.0,0.0,0.0,0.0,0.0,1.0,14.0,8491.94,-12.33,64.0,132.69,2.0,11.0,0.0,0.0,2.0,0.078,0
SMB_EU_003212,0.0,0.0,1.0,0.0,0.0,0.0,0.0,0.0,1.0,3.0,4163.98,-21.04,17.0,244.94,3.0,7.0,2.0,0.0,0.0,0.107,0
SMB_EU_003213,0.0,0.0,0.0,0.0,0.0,0.0,1.0,0.0,0.0,10.0,5602.02,-11.0,47.0,119.19,1.0,11.0,0.0,1.0,2.0,0.019,0
SMB_EU_003214,0.0,0.0,1.0,0.0,0.0,0.0,0.0,0.0,0.0,20.0,29141.47,-3.35,129.0,225.9,1.0,8.0,0.0,0.0,2.0,0.064,0
SMB_EU_003215,0.0,1.0,0.0,0.0,0.0,0.0,1.0,0.0,0.0,22.0,8487.11,-100.0,31.0,273.78,1.0,8.0,1.0,1.0,1.0,0.019,1
SMB_EU_003216,0.0,0.0,0.0,0.0,0.0,0.0,0.0,0.0,0.0,44.0,25627.06,5.95,312.0,82.14,1.0,11.0,2.0,0.0,2.0,0.045,0
SMB_EU_003217,0.0,0.0,0.0,0.0,0.0,0.0,0.0,0.0,0.0,67.0,36228.15,-46.84,123.0,294.54,2.0,16.0,1.0,1.0,3.0,0.076,1
SMB_EU_003218,0.0,0.0,0.0,0.0,0.0,0.0,0.0,0.0,1.0,22.0,8093.06,-28.0,94.0,86.1,1.0,11.0,2.0,0.0,0.0,0.042,0
SMB_EU_003219,1.0,0.0,0.0,0.0,0.0,0.0,0.0,1.0,0.0,48.0,5662.32,-12.49,69.0,82.06,4.0,13.0,1.0,0.0,0.0,0.064,0
SMB_EU_003220,1.0,0.0,0.0,0.0,0.0,0.0,1.0,0.0,0.0,19.0,6674.77,-60.13,25.0,266.99,3.0,7.0,2.0,1.0,2.0,0.052,1
SMB_EU_003221,0.0,0.0,0.0,1.0,0.0,0.0,1.0,0.0,0.0,13.0,4912.97,-11.13,21.0,233.95,4.0,11.0,1.0,0.0,1.0,0.037,0
SMB_EU_003222,0.0,0.0,0.0,0.0,0.0,1.0,0.0,0.0,0.0,42.0,3387.11,-12.15,33.0,102.64,3.0,7.0,2.0,0.0,2.0,0.076,0
SMB_EU_003223,0.0,0.0,0.0,0.0,0.0,0.0,0.0,0.0,0.0,19.0,24876.92,-61.05,87.0,285.94,4.0,17.0,0.0,0.0,1.0,0.026,0
SMB_EU_003224,0.0,0.0,0.0,0.0,0.0,0.0,0.0,0.0,0.0,14.0,17000.22,-6.41,75.0,226.67,2.0,10.0,0.0,0.0,3.0,0.107,0
SMB_EU_003225,0.0,0.0,0.0,0.0,0.0,0.0,0.0,1.0,0.0,12.0,15140.9,16.84,145.0,104.42,2.0,15.0,0.0,0.0,1.0,0.034,0
SMB_EU_003226,0.0,0.0,0.0,0.0,1.0,0.0,0.0,0.0,1.0,6.0,16126.37,7.43,60.0,268.77,1.0,14.0,0.0,1.0,0.0,0.184,0
SMB_EU_003227,0.0,1.0,0.0,0.0,0.0,0.0,0.0,0.0,0.0,27.0,9672.84,-26.11,52.0,186.02,2.0,11.0,2.0,2.0,1.0,0.144,1
SMB_EU_003228,0.0,1.0,0.0,0.0,0.0,0.0,0.0,1.0,0.0,17.0,8278.35,-51.2,59.0,140.31,3.0,10.0,2.0,0.0,4.0,0.135,0
SMB_EU_003229,0.0,0.0,0.0,0.0,0.0,0.0,0.0,0.0,0.0,49.0,12490.96,4.83,48.0,260.23,2.0,7.0,0.0,0.0,0.0,0.031,0
SMB_EU_003230,0.0,1.0,0.0,0.0,0.0,0.0,0.0,1.0,0.0,78.0,10376.6,-14.01,43.0,241.32,1.0,15.0,0.0,0.0,0.0,0.113,0
SMB_EU_003231,0.0,0.0,0.0,1.0,0.0,0.0,0.0,0.0,0.0,12.0,11203.76,-25.86,52.0,215.46,2.0,13.0,0.0,0.0,2.0,0.036,0
SMB_EU_003232,0.0,0.0,1.0,0.0,0.0,0.0,1.0,0.0,0.0,8.0,4254.54,1.69,15.0,283.64,1.0,10.0,2.0,2.0,2.0,0.045,1
SMB_EU_003233,0.0,1.0,0.0,0.0,0.0,0.0,0.0,0.0,1.0,68.0,5583.25,-11.3,21.0,265.87,3.0,8.0,1.0,0.0,0.0,0.087,0
SMB_EU_003234,0.0,0.0,0.0,0.0,0.0,0.0,0.0,0.0,0.0,30.0,9595.09,-45.47,74.0,129.66,2.0,10.0,0.0,0.0,0.0,0.136,0
SMB_EU_003235,0.0,1.0,0.0,0.0,0.0,0.0,0.0,1.0,0.0,29.0,3020.09,-45.42,11.0,274.55,4.0,7.0,0.0,0.0,1.0,0.116,0
SMB_EU_003236,0.0,1.0,0.0,0.0,0.0,0.0,0.0,0.0,0.0,34.0,10638.56,-9.72,66.0,161.19,4.0,10.0,1.0,0.0,1.0,0.252,0
SMB_EU_003237,0.0,0.0,0.0,0.0,0.0,0.0,1.0,0.0,0.0,55.0,13375.93,5.7,76.0,176.0,1.0,12.0,3.0,0.0,0.0,0.084,0
SMB_EU_003238,0.0,0.0,0.0,0.0,1.0,0.0,1.0,0.0,0.0,55.0,23501.59,-69.92,80.0,293.77,4.0,13.0,0.0,1.0,3.0,0.078,0
SMB_EU_003239,0.0,0.0,1.0,0.0,0.0,0.0,0.0,0.0,0.0,41.0,6752.66,1.05,27.0,250.1,4.0,6.0,1.0,1.0,0.0,0.155,0
SMB_EU_003240,0.0,0.0,1.0,0.0,0.0,1.0,0.0,0.0,0.0,10.0,12805.4,-9.54,85.0,150.65,2.0,12.0,4.0,0.0,1.0,0.015,1
SMB_EU_003241,0.0,1.0,0.0,0.0,0.0,0.0,0.0,0.0,0.0,5.0,11261.93,-4.73,51.0,220.82,3.0,17.0,1.0,0.0,0.0,0.279,0
SMB_EU_003242,0.0,0.0,0.0,1.0,0.0,1.0,0.0,0.0,0.0,10.0,7392.67,-69.91,37.0,199.8,1.0,10.0,2.0,2.0,0.0,0.207,1
SMB_EU_003243,0.0,0.0,1.0,0.0,0.0,1.0,0.0,0.0,0.0,6.0,2223.92,15.38,21.0,105.9,4.0,16.0,0.0,0.0,2.0,0.154,0
SMB_EU_003244,0.0,0.0,1.0,0.0,0.0,0.0,0.0,1.0,0.0,44.0,6847.33,-7.37,25.0,273.89,2.0,10.0,1.0,0.0,1.0,0.064,0
SMB_EU_003245,1.0,0.0,0.0,0.0,0.0,0.0,0.0,0.0,0.0,16.0,4503.54,-2.15,17.0,264.91,4.0,15.0,0.0,0.0,1.0,0.121,0
SMB_EU_003246,0.0,0.0,0.0,0.0,0.0,0.0,0.0,0.0,1.0,41.0,10865.42,-1.43,43.0,252.68,2.0,10.0,1.0,0.0,0.0,0.043,0
SMB_EU_003247,0.0,0.0,0.0,1.0,0.0,0.0,0.0,0.0,0.0,26.0,17503.55,24.18,86.0,203.53,3.0,10.0,1.0,0.0,0.0,0.18,0
SMB_EU_003248,0.0,1.0,0.0,0.0,0.0,0.0,0.0,0.0,0.0,16.0,16821.45,13.35,131.0,128.41,2.0,9.0,2.0,2.0,3.0,0.044,0
SMB_EU_003249,0.0,0.0,0.0,0.0,1.0,0.0,1.0,0.0,0.0,12.0,5147.42,11.86,19.0,270.92,2.0,5.0,1.0,0.0,0.0,0.085,0
SMB_EU_003250,0.0,0.0,1.0,0.0,0.0,0.0,0.0,0.0,0.0,15.0,20858.6,-52.16,132.0,158.02,4.0,12.0,2.0,0.0,4.0,0.041,1
SMB_EU_003251,0.0,0.0,0.0,1.0,0.0,0.0,1.0,0.0,0.0,8.0,10115.72,-9.85,120.0,84.3,3.0,14.0,0.0,0.0,0.0,0.118,0
SMB_EU_003252,0.0,0.0,0.0,0.0,0.0,1.0,0.0,0.0,0.0,80.0,5289.84,17.83,18.0,293.88,3.0,10.0,1.0,0.0,1.0,0.019,0
SMB_EU_003253,0.0,0.0,1.0,0.0,0.0,0.0,1.0,0.0,0.0,24.0,11971.77,-17.56,44.0,272.09,2.0,12.0,0.0,1.0,0.0,0.011,0
SMB_EU_003254,0.0,0.0,0.0,0.0,0.0,0.0,0.0,0.0,0.0,27.0,14163.78,1.26,65.0,217.9,4.0,10.0,2.0,0.0,0.0,0.264,0
SMB_EU_003255,0.0,1.0,0.0,0.0,0.0,0.0,0.0,1.0,0.0,26.0,6866.84,-15.98,83.0,82.73,3.0,9.0,0.0,2.0,1.0,0.037,0
SMB_EU_003256,0.0,0.0,0.0,0.0,0.0,0.0,0.0,0.0,0.0,44.0,13908.81,-14.47,107.0,129.99,1.0,13.0,0.0,0.0,1.0,0.052,0
SMB_EU_003257,0.0,0.0,1.0,0.0,0.0,0.0,1.0,0.0,0.0,14.0,9110.82,25.21,51.0,178.64,3.0,11.0,1.0,0.0,1.0,0.097,0
SMB_EU_003258,0.0,0.0,0.0,0.0,0.0,0.0,1.0,0.0,0.0,57.0,11294.04,10.79,52.0,217.19,1.0,7.0,1.0,0.0,1.0,0.115,0
SMB_EU_003259,0.0,1.0,0.0,0.0,0.0,0.0,0.0,1.0,0.0,21.0,3938.07,14.75,17.0,231.65,3.0,7.0,0.0,0.0,1.0,0.121,0
SMB_EU_003260,0.0,0.0,0.0,0.0,1.0,0.0,1.0,0.0,0.0,20.0,3815.76,-25.47,15.0,254.38,1.0,10.0,4.0,0.0,2.0,0.067,1
SMB_EU_003261,0.0,0.0,0.0,0.0,0.0,0.0,0.0,0.0,0.0,63.0,17702.35,-2.09,88.0,201.16,2.0,5.0,0.0,0.0,1.0,0.243,0
SMB_EU_003262,0.0,0.0,0.0,1.0,0.0,0.0,0.0,0.0,0.0,13.0,30620.97,-10.37,136.0,225.15,3.0,12.0,1.0,0.0,1.0,0.067,0
SMB_EU_003263,0.0,1.0,0.0,0.0,0.0,1.0,0.0,0.0,0.0,35.0,7179.65,-29.94,28.0,256.42,2.0,11.0,0.0,0.0,0.0,0.196,0
SMB_EU_003264,0.0,0.0,0.0,0.0,0.0,1.0,0.0,0.0,0.0,26.0,7261.92,-28.36,30.0,242.06,3.0,15.0,1.0,0.0,0.0,0.09,0
SMB_EU_003265,1.0,0.0,0.0,0.0,0.0,0.0,0.0,1.0,0.0,16.0,4875.06,26.64,17.0,286.77,4.0,9.0,1.0,0.0,0.0,0.023,0
SMB_EU_003266,0.0,0.0,0.0,0.0,0.0,0.0,1.0,0.0,0.0,39.0,12464.85,-20.05,46.0,270.98,2.0,9.0,0.0,0.0,1.0,0.034,0
SMB_EU_003267,0.0,0.0,0.0,1.0,0.0,0.0,0.0,0.0,0.0,9.0,13416.55,-8.3,114.0,117.69,2.0,10.0,1.0,1.0,2.0,0.06,0
SMB_EU_003268,0.0,0.0,1.0,0.0,0.0,0.0,0.0,0.0,0.0,15.0,11423.94,-13.69,40.0,285.6,1.0,12.0,2.0,0.0,0.0,0.085,0
SMB_EU_003269,0.0,0.0,1.0,0.0,0.0,0.0,1.0,0.0,0.0,28.0,15527.62,15.85,124.0,125.22,2.0,13.0,3.0,1.0,4.0,0.235,0
SMB_EU_003270,0.0,0.0,1.0,0.0,0.0,0.0,0.0,0.0,0.0,72.0,10910.52,27.81,37.0,294.88,1.0,16.0,2.0,0.0,2.0,0.137,0
SMB_EU_003271,0.0,1.0,0.0,0.0,0.0,0.0,0.0,0.0,0.0,68.0,25578.0,4.63,109.0,234.66,2.0,12.0,0.0,0.0,4.0,0.163,0
SMB_EU_003272,0.0,0.0,0.0,0.0,0.0,0.0,0.0,0.0,0.0,35.0,29125.42,-25.49,134.0,217.35,1.0,12.0,0.0,0.0,0.0,0.068,1
SMB_EU_003273,1.0,0.0,0.0,0.0,0.0,1.0,0.0,0.0,0.0,21.0,8430.45,1.37,56.0,150.54,3.0,11.0,1.0,2.0,2.0,0.111,0
SMB_EU_003274,0.0,0.0,0.0,1.0,0.0,0.0,0.0,0.0,0.0,4.0,7088.75,6.56,65.0,109.06,1.0,11.0,1.0,1.0,1.0,0.022,0
SMB_EU_003275,1.0,0.0,0.0,0.0,0.0,0.0,0.0,1.0,0.0,48.0,5082.13,11.6,47.0,108.13,1.0,9.0,0.0,0.0,2.0,0.126,0
SMB_EU_003276,1.0,0.0,0.0,0.0,0.0,0.0,0.0,0.0,0.0,53.0,13287.85,-51.68,49.0,271.18,2.0,6.0,1.0,0.0,3.0,0.032,0
SMB_EU_003277,0.0,0.0,0.0,0.0,1.0,0.0,0.0,0.0,0.0,35.0,11138.98,7.48,64.0,174.05,1.0,13.0,0.0,0.0,1.0,0.115,0
SMB_EU_003278,0.0,0.0,0.0,1.0,0.0,0.0,0.0,0.0,0.0,22.0,16341.39,-35.06,80.0,204.27,1.0,9.0,0.0,0.0,0.0,0.13,0
SMB_EU_003279,0.0,1.0,0.0,0.0,0.0,0.0,1.0,0.0,0.0,46.0,12691.92,-26.67,45.0,282.04,3.0,11.0,0.0,1.0,4.0,0.047,0
SMB_EU_003280,1.0,0.0,0.0,0.0,0.0,0.0,1.0,0.0,0.0,25.0,6075.78,0.03,45.0,135.02,2.0,11.0,1.0,0.0,1.0,0.027,0
SMB_EU_003281,0.0,0.0,0.0,1.0,0.0,0.0,0.0,0.0,0.0,23.0,13534.21,4.58,55.0,246.08,1.0,5.0,0.0,0.0,1.0,0.137,0
SMB_EU_003282,0.0,0.0,0.0,0.0,0.0,0.0,0.0,0.0,1.0,6.0,7788.04,6.24,42.0,185.43,1.0,10.0,0.0,4.0,1.0,0.116,0
SMB_EU_003283,0.0,0.0,0.0,0.0,1.0,0.0,0.0,1.0,0.0,44.0,10051.89,-2.56,79.0,127.24,2.0,12.0,0.0,0.0,3.0,0.153,0
SMB_EU_003284,0.0,0.0,0.0,0.0,1.0,0.0,1.0,0.0,0.0,29.0,6856.39,-30.17,26.0,263.71,3.0,10.0,1.0,0.0,0.0,0.016,0
SMB_EU_003285,0.0,0.0,0.0,1.0,0.0,0.0,0.0,1.0,0.0,68.0,2384.04,-10.8,10.0,238.4,2.0,5.0,1.0,0.0,1.0,0.06,0
SMB_EU_003286,0.0,0.0,0.0,0.0,0.0,0.0,0.0,1.0,0.0,16.0,1945.22,-26.62,19.0,102.38,1.0,9.0,0.0,2.0,4.0,0.136,1
SMB_EU_003287,0.0,1.0,0.0,0.0,0.0,1.0,0.0,0.0,0.0,13.0,7458.82,-43.44,37.0,201.59,2.0,6.0,3.0,0.0,1.0,0.031,0
SMB_EU_003288,1.0,0.0,0.0,0.0,0.0,0.0,0.0,1.0,0.0,53.0,3167.77,-17.02,12.0,263.98,4.0,10.0,1.0,0.0,1.0,0.027,0
SMB_EU_003289,0.0,0.0,0.0,0.0,1.0,0.0,0.0,0.0,0.0,60.0,22405.02,-52.0,237.0,94.54,2.0,11.0,0.0,0.0,1.0,0.085,0
SMB_EU_003290,0.0,0.0,0.0,0.0,0.0,0.0,1.0,0.0,0.0,26.0,3599.19,-11.24,21.0,171.39,1.0,7.0,1.0,0.0,0.0,0.055,0
SMB_EU_003291,0.0,0.0,0.0,0.0,0.0,0.0,0.0,0.0,0.0,47.0,10855.84,23.81,42.0,258.47,2.0,11.0,0.0,0.0,5.0,0.035,0
SMB_EU_003292,0.0,0.0,0.0,0.0,1.0,0.0,0.0,0.0,0.0,21.0,6751.12,-1.19,25.0,270.04,3.0,9.0,0.0,0.0,2.0,0.03,0
SMB_EU_003293,0.0,1.0,0.0,0.0,0.0,0.0,0.0,0.0,0.0,21.0,19468.87,-4.66,78.0,249.6,1.0,8.0,1.0,1.0,2.0,0.021,0
SMB_EU_003294,0.0,0.0,1.0,0.0,0.0,1.0,0.0,0.0,0.0,35.0,8855.76,11.22,60.0,147.6,2.0,16.0,1.0,0.0,2.0,0.012,0
SMB_EU_003295,0.0,0.0,0.0,0.0,1.0,0.0,0.0,0.0,1.0,21.0,11027.58,-23.93,58.0,190.13,3.0,7.0,0.0,0.0,0.0,0.065,1
SMB_EU_003296,0.0,0.0,0.0,0.0,0.0,0.0,0.0,0.0,1.0,32.0,4691.08,6.09,19.0,246.9,1.0,14.0,1.0,1.0,2.0,0.046,0
SMB_EU_003297,0.0,0.0,1.0,0.0,0.0,0.0,0.0,1.0,0.0,28.0,3196.25,-5.66,28.0,114.15,4.0,8.0,0.0,0.0,3.0,0.078,0
SMB_EU_003298,0.0,0.0,0.0,0.0,0.0,0.0,0.0,1.0,0.0,10.0,5754.75,-46.64,27.0,213.14,2.0,15.0,0.0,0.0,3.0,0.09,1
SMB_EU_003299,0.0,1.0,0.0,0.0,0.0,0.0,0.0,0.0,1.0,31.0,3269.31,-23.59,14.0,233.52,2.0,11.0,0.0,0.0,4.0,0.043,0
SMB_EU_003300,1.0,0.0,0.0,0.0,0.0,0.0,1.0,0.0,0.0,11.0,6922.39,0.7,26.0,266.25,4.0,12.0,1.0,0.0,0.0,0.207,0
SMB_EU_003301,0.0,0.0,0.0,1.0,0.0,0.0,0.0,0.0,0.0,44.0,37270.18,29.91,356.0,104.69,1.0,7.0,1.0,0.0,2.0,0.119,0
SMB_EU_003302,0.0,0.0,0.0,0.0,1.0,0.0,0.0,0.0,0.0,53.0,13464.77,-47.66,88.0,153.01,3.0,6.0,0.0,1.0,2.0,0.13,0
SMB_EU_003303,0.0,0.0,1.0,0.0,0.0,0.0,0.0,1.0,0.0,23.0,2046.87,1.62,10.0,204.69,3.0,15.0,3.0,1.0,1.0,0.139,0
SMB_EU_003304,0.0,1.0,0.0,0.0,0.0,0.0,0.0,0.0,0.0,73.0,10418.72,0.31,44.0,236.79,2.0,13.0,3.0,2.0,4.0,0.017,1
SMB_EU_003305,0.0,1.0,0.0,0.0,0.0,0.0,0.0,1.0,0.0,60.0,3424.73,-5.93,14.0,244.62,1.0,11.0,2.0,1.0,1.0,0.086,0
SMB_EU_003306,0.0,1.0,0.0,0.0,0.0,0.0,1.0,0.0,0.0,32.0,28893.79,4.72,213.0,135.65,2.0,11.0,0.0,0.0,2.0,0.056,0
SMB_EU_003307,0.0,1.0,0.0,0.0,0.0,0.0,0.0,0.0,0.0,21.0,40750.07,11.63,491.0,82.99,1.0,10.0,1.0,1.0,2.0,0.041,0
SMB_EU_003308,0.0,0.0,0.0,0.0,0.0,0.0,0.0,1.0,0.0,50.0,7752.37,-4.98,33.0,234.92,2.0,11.0,0.0,0.0,0.0,0.036,0
SMB_EU_003309,0.0,1.0,0.0,0.0,0.0,0.0,1.0,0.0,0.0,73.0,6511.67,-37.36,23.0,283.12,3.0,12.0,0.0,1.0,1.0,0.042,0
SMB_EU_003310,0.0,0.0,0.0,1.0,0.0,0.0,0.0,0.0,0.0,34.0,30828.14,6.98,121.0,254.78,2.0,9.0,0.0,1.0,3.0,0.07,0
SMB_EU_003311,1.0,0.0,0.0,0.0,0.0,0.0,0.0,0.0,0.0,81.0,7598.68,2.27,35.0,217.11,2.0,13.0,1.0,0.0,1.0,0.09,0
SMB_EU_003312,0.0,0.0,1.0,0.0,0.0,0.0,0.0,0.0,0.0,18.0,28616.84,-65.51,97.0,295.02,1.0,11.0,1.0,1.0,0.0,0.024,0
SMB_EU_003313,1.0,0.0,0.0,0.0,0.0,0.0,0.0,1.0,0.0,42.0,8725.26,-22.07,50.0,174.51,1.0,10.0,0.0,3.0,2.0,0.059,0
SMB_EU_003314,0.0,0.0,0.0,0.0,0.0,0.0,0.0,0.0,0.0,26.0,13697.9,10.16,70.0,195.68,3.0,12.0,1.0,0.0,1.0,0.06,0
SMB_EU_003315,0.0,0.0,0.0,0.0,0.0,1.0,0.0,0.0,0.0,12.0,11884.93,-6.85,144.0,82.53,1.0,12.0,2.0,0.0,2.0,0.057,0
SMB_EU_003316,0.0,0.0,1.0,0.0,0.0,0.0,1.0,0.0,0.0,19.0,6117.23,7.94,21.0,291.3,1.0,12.0,0.0,0.0,1.0,0.075,0
SMB_EU_003317,0.0,0.0,0.0,1.0,0.0,0.0,0.0,1.0,0.0,53.0,2340.55,25.87,11.0,212.78,4.0,14.0,1.0,0.0,1.0,0.117,0
SMB_EU_003318,0.0,0.0,0.0,0.0,0.0,0.0,0.0,0.0,0.0,24.0,26972.81,-34.96,163.0,165.48,2.0,6.0,1.0,2.0,2.0,0.099,0
SMB_EU_003319,1.0,0.0,0.0,0.0,0.0,1.0,0.0,0.0,0.0,17.0,5700.84,-43.19,63.0,90.49,3.0,12.0,1.0,0.0,2.0,0.026,0
SMB_EU_003320,1.0,0.0,0.0,0.0,0.0,0.0,0.0,1.0,0.0,62.0,7174.31,-7.77,45.0,159.43,1.0,7.0,0.0,1.0,1.0,0.039,0
SMB_EU_003321,0.0,0.0,1.0,0.0,0.0,0.0,1.0,0.0,0.0,52.0,23854.51,-22.72,295.0,80.86,1.0,10.0,0.0,1.0,2.0,0.029,0
SMB_EU_003322,0.0,0.0,0.0,0.0,0.0,0.0,0.0,1.0,0.0,20.0,3241.66,-0.44,21.0,154.36,2.0,8.0,1.0,2.0,1.0,0.014,0
SMB_EU_003323,1.0,0.0,0.0,0.0,0.0,1.0,0.0,0.0,0.0,84.0,5505.41,-0.96,19.0,289.76,2.0,9.0,1.0,0.0,0.0,0.07,0
SMB_EU_003324,0.0,0.0,1.0,0.0,0.0,0.0,0.0,0.0,0.0,25.0,38468.16,-3.81,338.0,113.81,4.0,8.0,1.0,0.0,0.0,0.054,0
SMB_EU_003325,1.0,0.0,0.0,0.0,0.0,0.0,1.0,0.0,0.0,34.0,11949.39,3.38,60.0,199.16,2.0,12.0,2.0,0.0,1.0,0.053,0
SMB_EU_003326,1.0,0.0,0.0,0.0,0.0,0.0,0.0,0.0,1.0,28.0,5914.19,-19.45,49.0,120.7,1.0,4.0,1.0,0.0,0.0,0.055,0
SMB_EU_003327,1.0,0.0,0.0,0.0,0.0,0.0,0.0,1.0,0.0,14.0,2819.13,12.18,11.0,256.28,2.0,13.0,0.0,1.0,0.0,0.211,0
SMB_EU_003328,0.0,0.0,0.0,1.0,0.0,0.0,1.0,0.0,0.0,24.0,5827.53,-57.53,29.0,200.95,1.0,4.0,0.0,0.0,0.0,0.195,0
SMB_EU_003329,0.0,0.0,0.0,0.0,0.0,0.0,0.0,0.0,0.0,26.0,9631.14,-3.75,77.0,125.08,1.0,8.0,2.0,1.0,2.0,0.052,0
SMB_EU_003330,0.0,0.0,1.0,0.0,0.0,0.0,0.0,1.0,0.0,5.0,5765.24,4.96,21.0,274.54,2.0,7.0,2.0,1.0,0.0,0.191,0
SMB_EU_003331,0.0,0.0,1.0,0.0,0.0,1.0,0.0,0.0,0.0,33.0,6289.11,-13.91,25.0,251.56,1.0,11.0,1.0,0.0,2.0,0.138,1
SMB_EU_003332,1.0,0.0,0.0,0.0,0.0,0.0,0.0,1.0,0.0,48.0,5911.98,-29.5,20.0,295.6,1.0,8.0,0.0,0.0,4.0,0.024,0
SMB_EU_003333,0.0,0.0,0.0,0.0,0.0,0.0,0.0,0.0,0.0,11.0,9057.22,-5.75,113.0,80.15,4.0,14.0,0.0,0.0,0.0,0.085,0
SMB_EU_003334,0.0,0.0,0.0,0.0,0.0,0.0,0.0,1.0,0.0,42.0,4791.95,-21.47,27.0,177.48,2.0,9.0,0.0,1.0,1.0,0.081,0
SMB_EU_003335,0.0,0.0,0.0,0.0,1.0,0.0,0.0,0.0,0.0,55.0,4369.42,10.68,15.0,291.29,1.0,10.0,1.0,1.0,3.0,0.162,0
SMB_EU_003336,1.0,0.0,0.0,0.0,0.0,0.0,1.0,0.0,0.0,1.0,8727.21,-17.3,34.0,256.68,1.0,12.0,0.0,0.0,0.0,0.106,0
SMB_EU_003337,0.0,0.0,0.0,0.0,1.0,1.0,0.0,0.0,0.0,24.0,12146.29,22.28,46.0,264.05,3.0,8.0,2.0,1.0,0.0,0.026,0
SMB_EU_003338,1.0,0.0,0.0,0.0,0.0,0.0,0.0,0.0,1.0,83.0,3828.13,-0.09,18.0,212.67,4.0,8.0,1.0,1.0,1.0,0.161,0
SMB_EU_003339,0.0,0.0,1.0,0.0,0.0,0.0,0.0,0.0,0.0,32.0,20047.55,0.89,85.0,235.85,3.0,4.0,0.0,0.0,1.0,0.023,0
SMB_EU_003340,0.0,0.0,1.0,0.0,0.0,0.0,0.0,0.0,0.0,5.0,10396.21,-29.71,40.0,259.91,2.0,10.0,1.0,0.0,0.0,0.022,0
SMB_EU_003341,0.0,0.0,0.0,0.0,1.0,1.0,0.0,0.0,0.0,9.0,9711.01,2.17,97.0,100.11,3.0,14.0,3.0,0.0,2.0,0.12,0
SMB_EU_003342,0.0,0.0,1.0,0.0,0.0,0.0,0.0,0.0,0.0,33.0,16497.99,-1.2,71.0,232.37,4.0,12.0,0.0,0.0,2.0,0.079,0
SMB_EU_003343,0.0,0.0,1.0,0.0,0.0,0.0,0.0,1.0,0.0,41.0,6374.21,-19.49,25.0,254.97,1.0,14.0,1.0,1.0,2.0,0.029,0
SMB_EU_003344,0.0,0.0,0.0,0.0,0.0,0.0,0.0,1.0,0.0,28.0,5198.3,1.31,58.0,89.63,3.0,8.0,0.0,0.0,2.0,0.083,0
SMB_EU_003345,0.0,0.0,0.0,1.0,0.0,0.0,1.0,0.0,0.0,32.0,17750.98,-5.97,122.0,145.5,3.0,9.0,0.0,1.0,1.0,0.013,0
SMB_EU_003346,1.0,0.0,0.0,0.0,0.0,0.0,0.0,0.0,1.0,28.0,11085.86,-3.25,73.0,151.86,2.0,12.0,0.0,0.0,1.0,0.122,0
SMB_EU_003347,0.0,1.0,0.0,0.0,0.0,0.0,0.0,1.0,0.0,16.0,3274.56,0.39,12.0,272.88,1.0,5.0,0.0,0.0,1.0,0.041,0
SMB_EU_003348,0.0,0.0,0.0,0.0,0.0,0.0,0.0,1.0,0.0,28.0,5305.09,-7.07,21.0,252.62,2.0,11.0,0.0,1.0,3.0,0.12,0
SMB_EU_003349,0.0,1.0,0.0,0.0,0.0,1.0,0.0,0.0,0.0,7.0,4808.72,3.7,21.0,228.99,1.0,12.0,1.0,0.0,1.0,0.25,0
SMB_EU_003350,0.0,1.0,0.0,0.0,0.0,0.0,0.0,1.0,0.0,21.0,5511.73,-1.3,21.0,262.46,1.0,9.0,0.0,0.0,1.0,0.013,0
SMB_EU_003351,0.0,0.0,0.0,0.0,0.0,0.0,1.0,0.0,0.0,39.0,6218.82,7.09,35.0,177.68,4.0,15.0,0.0,0.0,1.0,0.016,0
SMB_EU_003352,0.0,0.0,0.0,1.0,0.0,0.0,0.0,0.0,0.0,13.0,9993.79,-7.93,37.0,270.1,2.0,13.0,0.0,0.0,2.0,0.17,0
SMB_EU_003353,0.0,0.0,0.0,0.0,1.0,0.0,0.0,1.0,0.0,22.0,5635.02,-15.97,43.0,131.05,2.0,12.0,0.0,0.0,1.0,0.036,0
SMB_EU_003354,0.0,0.0,0.0,1.0,0.0,0.0,1.0,0.0,0.0,30.0,8272.32,-10.63,35.0,236.35,1.0,8.0,1.0,0.0,0.0,0.05,0
SMB_EU_003355,0.0,0.0,0.0,0.0,0.0,0.0,1.0,0.0,0.0,80.0,15147.19,21.64,114.0,132.87,2.0,9.0,4.0,1.0,2.0,0.102,0
SMB_EU_003356,0.0,0.0,0.0,0.0,0.0,0.0,0.0,1.0,0.0,52.0,3898.0,14.34,44.0,88.59,3.0,11.0,2.0,1.0,1.0,0.128,0
SMB_EU_003357,0.0,0.0,1.0,0.0,0.0,0.0,0.0,1.0,0.0,7.0,1523.37,18.2,11.0,138.49,1.0,9.0,2.0,2.0,0.0,0.058,0
SMB_EU_003358,0.0,1.0,0.0,0.0,0.0,0.0,1.0,0.0,0.0,92.0,6430.93,19.24,34.0,189.14,2.0,18.0,2.0,1.0,0.0,0.032,0
SMB_EU_003359,1.0,0.0,0.0,0.0,0.0,0.0,0.0,1.0,0.0,64.0,1884.34,-6.99,7.0,269.19,1.0,11.0,1.0,0.0,2.0,0.032,0
SMB_EU_003360,0.0,0.0,1.0,0.0,0.0,1.0,0.0,0.0,0.0,31.0,7699.56,-30.57,40.0,192.49,2.0,9.0,1.0,0.0,1.0,0.109,1
SMB_EU_003361,1.0,0.0,0.0,0.0,0.0,0.0,0.0,0.0,0.0,46.0,5494.3,1.14,46.0,119.44,3.0,11.0,1.0,0.0,2.0,0.081,0
SMB_EU_003362,0.0,1.0,0.0,0.0,0.0,0.0,0.0,1.0,0.0,15.0,2763.27,9.89,9.0,307.03,1.0,11.0,0.0,0.0,1.0,0.037,0
SMB_EU_003363,0.0,0.0,1.0,0.0,0.0,0.0,0.0,0.0,0.0,26.0,12069.11,-34.11,87.0,138.73,1.0,9.0,1.0,0.0,2.0,0.012,1
SMB_EU_003364,0.0,1.0,0.0,0.0,0.0,0.0,1.0,0.0,0.0,14.0,20202.61,1.39,68.0,297.1,2.0,10.0,2.0,1.0,0.0,0.173,0
SMB_EU_003365,0.0,0.0,0.0,0.0,1.0,0.0,0.0,0.0,0.0,41.0,7879.91,1.08,28.0,281.43,2.0,10.0,2.0,0.0,3.0,0.05,0
SMB_EU_003366,0.0,0.0,1.0,0.0,0.0,0.0,0.0,0.0,0.0,110.0,15112.06,7.98,76.0,198.84,1.0,10.0,1.0,0.0,1.0,0.063,0
SMB_EU_003367,0.0,1.0,0.0,0.0,0.0,0.0,0.0,0.0,0.0,20.0,21243.19,-10.64,212.0,100.2,2.0,4.0,1.0,1.0,1.0,0.118,0
SMB_EU_003368,0.0,1.0,0.0,0.0,0.0,0.0,0.0,1.0,0.0,24.0,12180.96,1.41,52.0,234.25,1.0,7.0,0.0,0.0,0.0,0.036,0
SMB_EU_003369,0.0,0.0,0.0,0.0,0.0,0.0,0.0,1.0,0.0,27.0,7973.43,-53.02,30.0,265.78,1.0,9.0,1.0,0.0,1.0,0.028,1
SMB_EU_003370,0.0,0.0,1.0,0.0,0.0,1.0,0.0,0.0,0.0,21.0,11566.39,3.39,65.0,177.94,1.0,7.0,0.0,1.0,0.0,0.161,0
SMB_EU_003371,0.0,0.0,0.0,0.0,0.0,0.0,0.0,1.0,0.0,39.0,8398.24,-0.74,63.0,133.31,1.0,18.0,1.0,1.0,1.0,0.046,0
SMB_EU_003372,0.0,0.0,1.0,0.0,0.0,0.0,1.0,0.0,0.0,55.0,3872.76,-81.07,15.0,258.18,2.0,9.0,0.0,2.0,0.0,0.11,1
SMB_EU_003373,0.0,1.0,0.0,0.0,0.0,0.0,1.0,0.0,0.0,17.0,9926.98,-14.55,50.0,198.54,2.0,14.0,1.0,0.0,1.0,0.088,0
SMB_EU_003374,0.0,0.0,1.0,0.0,0.0,0.0,0.0,1.0,0.0,26.0,8319.77,10.11,67.0,124.18,1.0,9.0,1.0,0.0,0.0,0.048,0
SMB_EU_003375,1.0,0.0,0.0,0.0,0.0,0.0,1.0,0.0,0.0,43.0,4506.59,4.05,16.0,281.66,1.0,10.0,1.0,0.0,0.0,0.066,0
SMB_EU_003376,1.0,0.0,0.0,0.0,0.0,0.0,1.0,0.0,0.0,13.0,5649.6,-40.09,20.0,282.48,3.0,10.0,0.0,0.0,1.0,0.131,1
SMB_EU_003377,1.0,0.0,0.0,0.0,0.0,1.0,0.0,0.0,0.0,10.0,3705.6,10.01,23.0,161.11,2.0,13.0,3.0,0.0,1.0,0.194,0
SMB_EU_003378,0.0,0.0,0.0,0.0,0.0,0.0,0.0,0.0,0.0,17.0,23846.18,-41.63,253.0,94.25,1.0,14.0,2.0,0.0,1.0,0.042,0
SMB_EU_003379,0.0,0.0,0.0,0.0,0.0,0.0,0.0,1.0,0.0,44.0,4796.42,-61.54,22.0,218.02,1.0,13.0,2.0,1.0,1.0,0.089,0
SMB_EU_003380,0.0,0.0,1.0,0.0,0.0,0.0,0.0,0.0,0.0,12.0,12373.32,-30.95,83.0,149.08,3.0,10.0,0.0,1.0,1.0,0.021,0
SMB_EU_003381,0.0,1.0,0.0,0.0,0.0,0.0,1.0,0.0,0.0,18.0,3707.8,-33.98,39.0,95.07,1.0,19.0,2.0,0.0,1.0,0.003,0
SMB_EU_003382,0.0,0.0,0.0,1.0,0.0,0.0,0.0,0.0,0.0,27.0,14405.55,-6.71,52.0,277.03,2.0,8.0,1.0,1.0,3.0,0.049,0
SMB_EU_003383,0.0,0.0,0.0,0.0,0.0,1.0,0.0,0.0,0.0,30.0,4268.26,-15.2,14.0,304.88,2.0,10.0,0.0,1.0,1.0,0.019,0
SMB_EU_003384,0.0,1.0,0.0,0.0,0.0,0.0,0.0,0.0,0.0,24.0,17358.01,9.77,110.0,157.8,3.0,13.0,0.0,0.0,0.0,0.204,0
SMB_EU_003385,0.0,0.0,0.0,0.0,0.0,0.0,0.0,0.0,0.0,27.0,7555.46,3.22,31.0,243.72,3.0,4.0,0.0,0.0,3.0,0.105,0
SMB_EU_003386,0.0,0.0,0.0,0.0,1.0,0.0,0.0,1.0,0.0,7.0,5563.25,25.76,59.0,94.29,3.0,4.0,1.0,0.0,2.0,0.079,0
SMB_EU_003387,0.0,1.0,0.0,0.0,0.0,0.0,0.0,0.0,1.0,16.0,6916.11,19.9,43.0,160.84,2.0,6.0,2.0,2.0,0.0,0.084,0
SMB_EU_003388,0.0,0.0,1.0,0.0,0.0,0.0,0.0,0.0,0.0,46.0,7088.49,15.03,68.0,104.24,2.0,7.0,0.0,0.0,2.0,0.032,0
SMB_EU_003389,0.0,0.0,0.0,0.0,0.0,0.0,0.0,0.0,0.0,15.0,6764.44,38.5,73.0,92.66,2.0,5.0,2.0,0.0,2.0,0.047,0
SMB_EU_003390,0.0,0.0,1.0,0.0,0.0,0.0,0.0,0.0,0.0,30.0,7402.65,-2.2,35.0,211.5,1.0,9.0,0.0,2.0,2.0,0.092,0
SMB_EU_003391,0.0,1.0,0.0,0.0,0.0,0.0,0.0,0.0,1.0,28.0,7951.7,-6.97,31.0,256.51,4.0,10.0,0.0,0.0,0.0,0.232,0
SMB_EU_003392,0.0,0.0,0.0,0.0,1.0,0.0,0.0,0.0,1.0,43.0,9677.68,12.91,54.0,179.22,4.0,9.0,1.0,0.0,1.0,0.107,0
SMB_EU_003393,0.0,0.0,0.0,0.0,1.0,0.0,1.0,0.0,0.0,47.0,9405.89,-3.79,48.0,195.96,1.0,10.0,2.0,0.0,0.0,0.408,0
SMB_EU_003394,0.0,1.0,0.0,0.0,0.0,0.0,0.0,1.0,0.0,56.0,6013.28,-42.64,43.0,139.84,3.0,16.0,3.0,3.0,0.0,0.066,0
SMB_EU_003395,0.0,0.0,0.0,0.0,1.0,0.0,0.0,0.0,0.0,68.0,9515.64,-14.79,39.0,243.99,2.0,12.0,0.0,0.0,2.0,0.052,0
SMB_EU_003396,0.0,0.0,0.0,0.0,1.0,0.0,1.0,0.0,0.0,13.0,15096.81,9.1,95.0,158.91,2.0,11.0,0.0,0.0,0.0,0.019,0
SMB_EU_003397,1.0,0.0,0.0,0.0,0.0,0.0,1.0,0.0,0.0,4.0,6135.59,-22.07,65.0,94.39,2.0,5.0,0.0,0.0,1.0,0.036,0
SMB_EU_003398,0.0,0.0,0.0,0.0,1.0,0.0,0.0,0.0,0.0,20.0,19651.23,-1.45,169.0,116.28,1.0,9.0,4.0,2.0,1.0,0.24,1
SMB_EU_003399,0.0,1.0,0.0,0.0,0.0,0.0,0.0,0.0,0.0,12.0,13593.03,-0.23,126.0,107.88,4.0,10.0,1.0,0.0,0.0,0.221,0
SMB_EU_003400,0.0,0.0,1.0,0.0,0.0,0.0,1.0,0.0,0.0,14.0,10022.32,-48.67,57.0,175.83,3.0,9.0,0.0,3.0,1.0,0.037,1
SMB_EU_003401,0.0,0.0,0.0,0.0,0.0,1.0,0.0,0.0,0.0,38.0,5275.97,-26.36,56.0,94.21,2.0,19.0,1.0,1.0,1.0,0.258,0
SMB_EU_003402,0.0,0.0,0.0,0.0,0.0,0.0,0.0,0.0,0.0,54.0,18996.05,-26.47,74.0,256.7,3.0,11.0,0.0,0.0,1.0,0.057,0
SMB_EU_003403,0.0,0.0,0.0,0.0,1.0,1.0,0.0,0.0,0.0,31.0,5973.46,-42.95,21.0,284.45,3.0,8.0,1.0,0.0,1.0,0.089,0
SMB_EU_003404,0.0,1.0,0.0,0.0,0.0,0.0,0.0,0.0,0.0,16.0,24443.26,8.09,182.0,134.3,1.0,10.0,1.0,1.0,0.0,0.206,0
SMB_EU_003405,1.0,0.0,0.0,0.0,0.0,0.0,1.0,0.0,0.0,32.0,4895.08,4.33,26.0,188.27,1.0,13.0,0.0,2.0,2.0,0.085,0
SMB_EU_003406,1.0,0.0,0.0,0.0,0.0,0.0,0.0,0.0,0.0,44.0,5186.79,-44.25,27.0,192.1,3.0,7.0,4.0,1.0,1.0,0.201,1
SMB_EU_003407,0.0,0.0,0.0,0.0,1.0,0.0,1.0,0.0,0.0,7.0,4461.24,-13.27,15.0,297.42,3.0,9.0,2.0,1.0,0.0,0.109,0
SMB_EU_003408,0.0,0.0,0.0,0.0,1.0,0.0,0.0,0.0,0.0,21.0,28485.67,5.12,302.0,94.32,4.0,6.0,0.0,0.0,2.0,0.027,0
SMB_EU_003409,0.0,1.0,0.0,0.0,0.0,0.0,1.0,0.0,0.0,22.0,7291.48,-26.99,32.0,227.86,1.0,8.0,1.0,1.0,0.0,0.008,1
SMB_EU_003410,0.0,0.0,0.0,0.0,0.0,0.0,0.0,0.0,0.0,24.0,15851.87,-35.95,102.0,155.41,2.0,10.0,1.0,0.0,3.0,0.032,1
SMB_EU_003411,0.0,1.0,0.0,0.0,0.0,0.0,1.0,0.0,0.0,13.0,4251.45,-41.22,22.0,193.25,3.0,6.0,3.0,0.0,0.0,0.168,1
SMB_EU_003412,0.0,0.0,0.0,0.0,0.0,1.0,0.0,0.0,0.0,33.0,6240.7,-8.19,49.0,127.36,2.0,10.0,0.0,1.0,1.0,0.073,0
SMB_EU_003413,0.0,0.0,0.0,0.0,0.0,0.0,0.0,1.0,0.0,35.0,2706.75,15.2,23.0,117.68,3.0,10.0,1.0,0.0,1.0,0.26,0
SMB_EU_003414,0.0,1.0,0.0,0.0,0.0,0.0,1.0,0.0,0.0,12.0,4730.23,2.37,35.0,135.15,1.0,10.0,1.0,0.0,0.0,0.025,0
SMB_EU_003415,1.0,0.0,0.0,0.0,0.0,0.0,0.0,0.0,0.0,63.0,11781.85,24.76,123.0,95.79,1.0,10.0,0.0,0.0,0.0,0.089,0
SMB_EU_003416,0.0,0.0,1.0,0.0,0.0,0.0,1.0,0.0,0.0,10.0,10448.93,-8.22,74.0,141.2,1.0,14.0,1.0,0.0,2.0,0.194,1
SMB_EU_003417,0.0,1.0,0.0,0.0,0.0,1.0,0.0,0.0,0.0,16.0,8355.07,7.3,36.0,232.09,2.0,10.0,1.0,0.0,1.0,0.119,0
SMB_EU_003418,0.0,0.0,1.0,0.0,0.0,0.0,0.0,0.0,0.0,9.0,21231.31,-56.01,95.0,223.49,1.0,9.0,1.0,0.0,1.0,0.085,0
SMB_EU_003419,0.0,1.0,0.0,0.0,0.0,0.0,0.0,0.0,0.0,8.0,5784.6,20.73,29.0,199.47,4.0,8.0,2.0,1.0,2.0,0.128,0
SMB_EU_003420,0.0,0.0,0.0,0.0,0.0,0.0,0.0,0.0,0.0,29.0,14940.14,-3.06,187.0,79.89,1.0,11.0,2.0,0.0,1.0,0.032,0
SMB_EU_003421,1.0,0.0,0.0,0.0,0.0,0.0,0.0,0.0,1.0,15.0,7997.71,12.82,74.0,108.08,2.0,14.0,0.0,0.0,2.0,0.161,0
SMB_EU_003422,0.0,0.0,1.0,0.0,0.0,0.0,0.0,0.0,0.0,48.0,5981.92,-16.16,23.0,260.08,4.0,15.0,1.0,1.0,3.0,0.091,0
SMB_EU_003423,1.0,0.0,0.0,0.0,0.0,1.0,0.0,0.0,0.0,13.0,6057.82,-6.23,43.0,140.88,2.0,7.0,0.0,1.0,0.0,0.099,0
SMB_EU_003424,0.0,0.0,0.0,0.0,0.0,0.0,0.0,0.0,0.0,16.0,12907.31,-1.26,46.0,280.59,1.0,12.0,0.0,0.0,2.0,0.176,0
SMB_EU_003425,1.0,0.0,0.0,0.0,0.0,0.0,0.0,0.0,1.0,43.0,12233.03,18.95,45.0,271.85,1.0,10.0,0.0,0.0,1.0,0.021,0
SMB_EU_003426,0.0,0.0,1.0,0.0,0.0,0.0,0.0,1.0,0.0,11.0,5249.78,-32.96,46.0,114.13,2.0,15.0,0.0,1.0,1.0,0.113,1
SMB_EU_003427,0.0,0.0,1.0,0.0,0.0,0.0,0.0,0.0,0.0,18.0,10788.25,-4.99,39.0,276.62,1.0,11.0,1.0,0.0,3.0,0.104,0
SMB_EU_003428,0.0,0.0,1.0,0.0,0.0,0.0,0.0,1.0,0.0,62.0,8713.69,-5.5,40.0,217.84,4.0,7.0,0.0,1.0,2.0,0.041,0
SMB_EU_003429,0.0,0.0,0.0,0.0,1.0,0.0,0.0,0.0,0.0,2.0,3956.3,-31.15,18.0,219.79,2.0,12.0,1.0,0.0,1.0,0.066,1
SMB_EU_003430,0.0,0.0,1.0,0.0,0.0,0.0,0.0,1.0,0.0,7.0,4810.87,-6.96,18.0,267.27,3.0,9.0,0.0,0.0,1.0,0.155,0
SMB_EU_003431,0.0,0.0,1.0,0.0,0.0,0.0,0.0,1.0,0.0,69.0,1735.83,-23.11,10.0,173.58,2.0,12.0,1.0,1.0,3.0,0.008,1
SMB_EU_003432,0.0,0.0,0.0,0.0,1.0,0.0,1.0,0.0,0.0,35.0,4628.0,-34.96,19.0,243.58,4.0,10.0,2.0,0.0,1.0,0.016,0
SMB_EU_003433,1.0,0.0,0.0,0.0,0.0,0.0,0.0,1.0,0.0,33.0,6850.53,-3.93,30.0,228.35,2.0,11.0,1.0,0.0,2.0,0.014,0
SMB_EU_003434,0.0,0.0,0.0,1.0,0.0,0.0,0.0,0.0,0.0,8.0,6983.37,-46.82,28.0,249.41,3.0,16.0,1.0,1.0,0.0,0.008,0
SMB_EU_003435,1.0,0.0,0.0,0.0,0.0,0.0,0.0,0.0,0.0,28.0,6384.16,-3.67,28.0,228.01,3.0,7.0,2.0,1.0,0.0,0.043,0
SMB_EU_003436,0.0,1.0,0.0,0.0,0.0,0.0,0.0,0.0,0.0,13.0,62628.3,3.79,642.0,97.55,3.0,14.0,0.0,0.0,3.0,0.054,0
SMB_EU_003437,0.0,1.0,0.0,0.0,0.0,0.0,0.0,1.0,0.0,48.0,2211.93,-13.19,15.0,147.46,1.0,9.0,0.0,0.0,1.0,0.052,0
SMB_EU_003438,0.0,0.0,1.0,0.0,0.0,0.0,1.0,0.0,0.0,50.0,21536.61,26.86,75.0,287.15,1.0,9.0,0.0,0.0,4.0,0.187,0
SMB_EU_003439,0.0,0.0,0.0,0.0,1.0,0.0,1.0,0.0,0.0,17.0,7214.7,-0.5,56.0,128.83,1.0,3.0,0.0,0.0,1.0,0.222,0
SMB_EU_003440,0.0,0.0,0.0,0.0,1.0,0.0,0.0,1.0,0.0,37.0,3649.32,19.3,20.0,182.47,1.0,11.0,0.0,0.0,0.0,0.131,0
SMB_EU_003441,0.0,1.0,0.0,0.0,0.0,0.0,1.0,0.0,0.0,34.0,11240.39,-82.55,71.0,158.32,4.0,9.0,1.0,1.0,1.0,0.135,1
SMB_EU_003442,0.0,0.0,0.0,1.0,0.0,0.0,1.0,0.0,0.0,24.0,17839.19,-12.52,180.0,99.11,1.0,13.0,1.0,2.0,0.0,0.114,0
SMB_EU_003443,0.0,0.0,0.0,0.0,0.0,0.0,1.0,0.0,0.0,13.0,4022.09,10.29,34.0,118.3,1.0,9.0,0.0,0.0,1.0,0.043,0
SMB_EU_003444,0.0,0.0,0.0,0.0,1.0,0.0,0.0,0.0,0.0,19.0,11044.14,-3.4,77.0,143.43,1.0,10.0,0.0,0.0,0.0,0.058,0
SMB_EU_003445,0.0,0.0,0.0,0.0,1.0,0.0,0.0,0.0,0.0,47.0,24932.5,-56.82,137.0,181.99,4.0,9.0,1.0,2.0,1.0,0.085,1
SMB_EU_003446,0.0,0.0,1.0,0.0,0.0,0.0,1.0,0.0,0.0,63.0,9508.99,-27.58,35.0,271.69,3.0,13.0,1.0,0.0,2.0,0.021,0
SMB_EU_003447,1.0,0.0,0.0,0.0,0.0,0.0,0.0,0.0,1.0,20.0,17433.18,11.0,90.0,193.7,2.0,12.0,1.0,0.0,0.0,0.152,0
SMB_EU_003448,1.0,0.0,0.0,0.0,0.0,0.0,0.0,1.0,0.0,67.0,6810.77,9.77,30.0,227.03,3.0,10.0,0.0,1.0,1.0,0.082,0
SMB_EU_003449,0.0,0.0,1.0,0.0,0.0,0.0,0.0,0.0,0.0,35.0,44388.69,3.65,256.0,173.39,3.0,19.0,2.0,0.0,1.0,0.141,0
SMB_EU_003450,0.0,0.0,0.0,0.0,0.0,0.0,0.0,0.0,0.0,24.0,16696.57,-7.44,62.0,269.3,3.0,8.0,0.0,0.0,0.0,0.036,0
SMB_EU_003451,0.0,0.0,0.0,1.0,0.0,0.0,0.0,0.0,0.0,22.0,17135.24,-72.2,76.0,225.46,1.0,2.0,0.0,1.0,4.0,0.181,1
SMB_EU_003452,0.0,0.0,1.0,0.0,0.0,1.0,0.0,0.0,0.0,14.0,7277.54,-0.79,73.0,99.69,3.0,11.0,0.0,0.0,2.0,0.028,0
SMB_EU_003453,0.0,0.0,1.0,0.0,0.0,0.0,1.0,0.0,0.0,39.0,7344.47,-60.55,40.0,183.61,2.0,5.0,1.0,0.0,2.0,0.028,1
SMB_EU_003454,0.0,1.0,0.0,0.0,0.0,0.0,1.0,0.0,0.0,74.0,13307.05,-11.27,51.0,260.92,3.0,14.0,2.0,0.0,0.0,0.035,0
SMB_EU_003455,0.0,0.0,0.0,0.0,1.0,0.0,0.0,1.0,0.0,24.0,5764.18,18.92,24.0,240.17,2.0,6.0,1.0,1.0,1.0,0.135,0
SMB_EU_003456,0.0,0.0,0.0,0.0,0.0,0.0,0.0,0.0,0.0,12.0,24069.81,-27.76,86.0,279.88,4.0,15.0,1.0,0.0,1.0,0.185,0
SMB_EU_003457,0.0,0.0,0.0,1.0,0.0,0.0,0.0,0.0,0.0,43.0,26436.62,10.16,203.0,130.23,2.0,7.0,1.0,0.0,3.0,0.091,0
SMB_EU_003458,0.0,0.0,1.0,0.0,0.0,0.0,0.0,1.0,0.0,19.0,6465.7,-19.91,22.0,293.9,2.0,10.0,0.0,1.0,2.0,0.006,0
SMB_EU_003459,0.0,0.0,1.0,0.0,0.0,1.0,0.0,0.0,0.0,13.0,8107.5,12.24,57.0,142.24,3.0,10.0,2.0,0.0,0.0,0.037,0
SMB_EU_003460,0.0,0.0,1.0,0.0,0.0,0.0,0.0,0.0,0.0,7.0,8181.31,5.97,90.0,90.9,2.0,11.0,1.0,0.0,1.0,0.14,0
SMB_EU_003461,0.0,1.0,0.0,0.0,0.0,1.0,0.0,0.0,0.0,38.0,4312.63,-6.95,23.0,187.51,1.0,17.0,1.0,1.0,1.0,0.094,0
SMB_EU_003462,0.0,0.0,0.0,0.0,0.0,0.0,1.0,0.0,0.0,56.0,13269.55,-44.36,127.0,104.48,2.0,10.0,0.0,0.0,1.0,0.061,0
SMB_EU_003463,0.0,0.0,1.0,0.0,0.0,0.0,0.0,1.0,0.0,9.0,11747.22,-33.72,51.0,230.34,2.0,15.0,0.0,0.0,1.0,0.127,0
SMB_EU_003464,0.0,0.0,1.0,0.0,0.0,0.0,0.0,0.0,0.0,21.0,4682.31,0.56,17.0,275.43,1.0,9.0,1.0,0.0,2.0,0.136,0
SMB_EU_003465,0.0,0.0,0.0,0.0,0.0,0.0,0.0,1.0,0.0,22.0,3556.3,-6.03,13.0,273.56,3.0,14.0,1.0,0.0,0.0,0.109,0
SMB_EU_003466,1.0,0.0,0.0,0.0,0.0,0.0,0.0,0.0,1.0,14.0,9128.46,-10.47,43.0,212.29,3.0,11.0,1.0,0.0,2.0,0.024,0
SMB_EU_003467,0.0,0.0,0.0,1.0,0.0,0.0,0.0,0.0,1.0,66.0,5310.36,-0.3,27.0,196.68,2.0,14.0,0.0,0.0,1.0,0.224,0
SMB_EU_003468,0.0,0.0,1.0,0.0,0.0,0.0,0.0,0.0,1.0,7.0,5494.31,0.94,18.0,305.24,2.0,21.0,0.0,0.0,1.0,0.255,0
SMB_EU_003469,1.0,0.0,0.0,0.0,0.0,0.0,0.0,0.0,0.0,36.0,19945.47,-45.54,96.0,207.77,1.0,7.0,1.0,0.0,2.0,0.031,1
SMB_EU_003470,0.0,0.0,0.0,0.0,0.0,0.0,0.0,0.0,0.0,40.0,38740.12,24.2,136.0,284.85,4.0,7.0,1.0,0.0,2.0,0.091,0
SMB_EU_003471,0.0,0.0,0.0,0.0,0.0,0.0,0.0,0.0,0.0,14.0,4432.47,10.96,16.0,277.03,3.0,13.0,0.0,1.0,1.0,0.048,0
SMB_EU_003472,1.0,0.0,0.0,0.0,0.0,1.0,0.0,0.0,0.0,11.0,5416.63,-43.88,38.0,142.54,2.0,19.0,1.0,0.0,0.0,0.071,0
SMB_EU_003473,0.0,0.0,1.0,0.0,0.0,0.0,0.0,1.0,0.0,16.0,6602.22,-1.55,80.0,82.53,3.0,14.0,1.0,1.0,4.0,0.229,0
SMB_EU_003474,0.0,0.0,1.0,0.0,0.0,0.0,1.0,0.0,0.0,5.0,12776.02,7.67,72.0,177.44,1.0,10.0,0.0,0.0,2.0,0.01,0
SMB_EU_003475,1.0,0.0,0.0,0.0,0.0,0.0,0.0,0.0,1.0,76.0,10899.33,-13.44,40.0,272.48,1.0,9.0,0.0,0.0,1.0,0.023,0
SMB_EU_003476,1.0,0.0,0.0,0.0,0.0,0.0,0.0,1.0,0.0,17.0,14386.34,9.99,55.0,261.57,1.0,14.0,0.0,0.0,1.0,0.1,0
SMB_EU_003477,0.0,0.0,0.0,0.0,1.0,0.0,0.0,0.0,1.0,19.0,9157.46,-3.07,43.0,212.96,1.0,14.0,0.0,0.0,0.0,0.034,1
SMB_EU_003478,0.0,0.0,0.0,1.0,0.0,0.0,0.0,1.0,0.0,84.0,10986.13,-15.33,96.0,114.44,2.0,14.0,0.0,0.0,2.0,0.146,0
SMB_EU_003479,0.0,0.0,0.0,1.0,0.0,0.0,0.0,0.0,0.0,6.0,10178.01,-0.34,98.0,103.86,2.0,6.0,0.0,1.0,0.0,0.244,0
SMB_EU_003480,0.0,1.0,0.0,0.0,0.0,0.0,1.0,0.0,0.0,24.0,8283.22,-4.38,29.0,285.63,2.0,8.0,1.0,0.0,1.0,0.07,0
SMB_EU_003481,0.0,0.0,0.0,0.0,0.0,0.0,1.0,0.0,0.0,44.0,3864.42,34.85,22.0,175.66,2.0,12.0,1.0,0.0,1.0,0.06,0
SMB_EU_003482,0.0,0.0,1.0,0.0,0.0,0.0,0.0,0.0,0.0,76.0,25753.46,6.53,116.0,222.01,1.0,12.0,2.0,2.0,0.0,0.014,1
SMB_EU_003483,0.0,1.0,0.0,0.0,0.0,1.0,0.0,0.0,0.0,6.0,5581.7,-5.24,20.0,279.09,3.0,9.0,1.0,1.0,1.0,0.116,0
SMB_EU_003484,0.0,0.0,0.0,0.0,1.0,0.0,0.0,1.0,0.0,83.0,6197.4,-7.89,23.0,269.45,1.0,6.0,0.0,0.0,1.0,0.107,0
SMB_EU_003485,0.0,0.0,1.0,0.0,0.0,0.0,0.0,1.0,0.0,21.0,4142.99,0.57,20.0,207.15,2.0,9.0,1.0,0.0,1.0,0.112,0
SMB_EU_003486,0.0,0.0,1.0,0.0,0.0,1.0,0.0,0.0,0.0,21.0,8530.23,-6.66,46.0,185.44,2.0,16.0,2.0,0.0,0.0,0.258,0
SMB_EU_003487,0.0,1.0,0.0,0.0,0.0,0.0,1.0,0.0,0.0,9.0,10154.35,-26.1,42.0,241.77,1.0,11.0,1.0,0.0,3.0,0.074,0
SMB_EU_003488,0.0,0.0,0.0,0.0,0.0,0.0,1.0,0.0,0.0,28.0,4404.61,-13.06,28.0,157.31,2.0,16.0,2.0,1.0,2.0,0.06,0
SMB_EU_003489,0.0,0.0,0.0,0.0,0.0,0.0,1.0,0.0,0.0,83.0,4560.27,9.94,21.0,217.16,3.0,10.0,2.0,1.0,3.0,0.047,0
SMB_EU_003490,0.0,0.0,0.0,1.0,0.0,0.0,0.0,0.0,0.0,27.0,14752.15,-57.74,173.0,85.27,2.0,15.0,1.0,0.0,2.0,0.083,0
SMB_EU_003491,0.0,0.0,0.0,0.0,0.0,0.0,0.0,0.0,0.0,13.0,22282.34,5.64,85.0,262.15,2.0,7.0,0.0,0.0,3.0,0.031,0
SMB_EU_003492,0.0,0.0,1.0,0.0,0.0,0.0,1.0,0.0,0.0,15.0,24463.42,-30.45,82.0,298.33,1.0,9.0,1.0,0.0,1.0,0.178,0
SMB_EU_003493,0.0,0.0,0.0,0.0,1.0,0.0,0.0,0.0,0.0,16.0,17990.52,-36.27,62.0,290.17,2.0,8.0,2.0,0.0,1.0,0.064,1
SMB_EU_003494,0.0,0.0,0.0,0.0,1.0,0.0,1.0,0.0,0.0,69.0,14642.97,16.45,92.0,159.16,3.0,12.0,0.0,1.0,3.0,0.054,0
SMB_EU_003495,0.0,0.0,1.0,0.0,0.0,1.0,0.0,0.0,0.0,79.0,2279.71,-26.64,12.0,189.98,2.0,11.0,1.0,0.0,0.0,0.057,0
SMB_EU_003496,0.0,0.0,0.0,0.0,0.0,0.0,0.0,0.0,0.0,7.0,50190.4,5.57,380.0,132.08,1.0,5.0,1.0,1.0,0.0,0.051,0
SMB_EU_003497,0.0,0.0,0.0,0.0,1.0,0.0,0.0,0.0,0.0,10.0,21573.42,20.15,147.0,146.76,3.0,16.0,1.0,0.0,2.0,0.063,0
SMB_EU_003498,0.0,0.0,0.0,0.0,1.0,0.0,0.0,0.0,0.0,11.0,14560.14,25.2,81.0,179.75,1.0,13.0,1.0,0.0,2.0,0.012,0
SMB_EU_003499,0.0,0.0,0.0,0.0,0.0,0.0,0.0,0.0,1.0,17.0,8153.17,-38.94,33.0,247.07,3.0,8.0,1.0,2.0,3.0,0.276,1
SMB_EU_003500,1.0,0.0,0.0,0.0,0.0,0.0,1.0,0.0,0.0,89.0,4116.99,11.7,49.0,84.02,4.0,13.0,0.0,0.0,0.0,0.031,0
SMB_EU_003501,0.0,1.0,0.0,0.0,0.0,0.0,0.0,0.0,0.0,82.0,9163.96,-15.85,55.0,166.62,2.0,14.0,0.0,0.0,3.0,0.072,0
SMB_EU_003502,1.0,0.0,0.0,0.0,0.0,0.0,0.0,1.0,0.0,26.0,15732.04,-34.98,78.0,201.69,4.0,10.0,1.0,0.0,2.0,0.054,0
SMB_EU_003503,0.0,0.0,0.0,0.0,1.0,1.0,0.0,0.0,0.0,18.0,3314.67,19.28,26.0,127.49,1.0,12.0,1.0,0.0,1.0,0.162,0
SMB_EU_003504,0.0,0.0,0.0,0.0,0.0,0.0,0.0,0.0,1.0,3.0,4914.86,-0.54,51.0,96.37,1.0,8.0,1.0,0.0,2.0,0.026,0
SMB_EU_003505,0.0,0.0,0.0,0.0,1.0,0.0,0.0,0.0,0.0,30.0,9842.58,5.91,50.0,196.85,1.0,13.0,0.0,0.0,0.0,0.044,0
SMB_EU_003506,0.0,0.0,1.0,0.0,0.0,0.0,0.0,0.0,0.0,28.0,7309.26,-9.32,33.0,221.49,3.0,12.0,0.0,2.0,1.0,0.062,0
SMB_EU_003507,0.0,0.0,0.0,0.0,1.0,0.0,1.0,0.0,0.0,9.0,8073.81,-2.47,37.0,218.21,2.0,6.0,1.0,2.0,0.0,0.205,0
SMB_EU_003508,0.0,0.0,0.0,1.0,0.0,1.0,0.0,0.0,0.0,35.0,11531.77,6.51,73.0,157.97,1.0,10.0,0.0,0.0,0.0,0.096,0
SMB_EU_003509,0.0,0.0,0.0,0.0,1.0,0.0,0.0,0.0,0.0,49.0,10399.47,-10.45,79.0,131.64,1.0,16.0,2.0,0.0,2.0,0.016,0
SMB_EU_003510,0.0,0.0,0.0,0.0,0.0,0.0,1.0,0.0,0.0,9.0,3509.41,-3.35,27.0,129.98,3.0,6.0,2.0,1.0,3.0,0.061,0
SMB_EU_003511,0.0,1.0,0.0,0.0,0.0,0.0,0.0,0.0,0.0,17.0,17870.78,11.41,201.0,88.91,1.0,12.0,1.0,0.0,2.0,0.03,0
SMB_EU_003512,0.0,0.0,0.0,0.0,0.0,0.0,0.0,0.0,0.0,47.0,14506.34,-12.9,120.0,120.89,1.0,10.0,0.0,0.0,2.0,0.067,0
SMB_EU_003513,0.0,0.0,0.0,0.0,1.0,0.0,1.0,0.0,0.0,15.0,14600.8,-83.58,56.0,260.73,1.0,12.0,3.0,1.0,0.0,0.068,1
SMB_EU_003514,1.0,0.0,0.0,0.0,0.0,1.0,0.0,0.0,0.0,17.0,4567.9,29.65,57.0,80.14,1.0,10.0,0.0,0.0,2.0,0.046,0
SMB_EU_003515,0.0,0.0,0.0,0.0,1.0,1.0,0.0,0.0,0.0,18.0,5132.87,-3.9,57.0,90.05,1.0,5.0,1.0,1.0,3.0,0.026,0
SMB_EU_003516,0.0,0.0,0.0,0.0,1.0,0.0,1.0,0.0,0.0,36.0,7313.51,14.47,68.0,107.55,2.0,10.0,1.0,0.0,0.0,0.057,0
SMB_EU_003517,0.0,0.0,0.0,0.0,0.0,0.0,0.0,0.0,0.0,54.0,15822.81,17.42,92.0,171.99,2.0,11.0,1.0,0.0,2.0,0.184,0
SMB_EU_003518,0.0,1.0,0.0,0.0,0.0,0.0,0.0,1.0,0.0,73.0,3950.73,23.47,26.0,151.95,2.0,10.0,0.0,0.0,1.0,0.043,0
SMB_EU_003519,0.0,0.0,0.0,0.0,0.0,0.0,0.0,0.0,0.0,51.0,10753.85,-10.92,90.0,119.49,3.0,10.0,0.0,0.0,2.0,0.037,0
SMB_EU_003520,0.0,0.0,0.0,0.0,0.0,0.0,0.0,0.0,0.0,26.0,4942.26,-3.38,47.0,105.15,4.0,7.0,0.0,0.0,3.0,0.02,0
SMB_EU_003521,0.0,1.0,0.0,0.0,0.0,0.0,0.0,0.0,0.0,40.0,10684.75,-0.8,37.0,288.78,1.0,5.0,0.0,1.0,1.0,0.101,0
SMB_EU_003522,0.0,0.0,0.0,1.0,0.0,1.0,0.0,0.0,0.0,8.0,9215.56,-5.36,33.0,279.26,1.0,14.0,3.0,0.0,0.0,0.127,0
SMB_EU_003523,0.0,1.0,0.0,0.0,0.0,0.0,0.0,0.0,1.0,97.0,14989.83,19.78,60.0,249.83,1.0,10.0,0.0,0.0,2.0,0.083,0
SMB_EU_003524,0.0,0.0,0.0,0.0,0.0,1.0,0.0,0.0,0.0,13.0,4522.62,-1.15,33.0,137.05,2.0,6.0,0.0,1.0,2.0,0.201,0
SMB_EU_003525,0.0,0.0,0.0,0.0,0.0,0.0,1.0,0.0,0.0,38.0,17446.4,-24.28,115.0,151.71,1.0,10.0,0.0,0.0,3.0,0.066,0
SMB_EU_003526,0.0,0.0,0.0,0.0,0.0,0.0,0.0,0.0,0.0,29.0,14743.88,-9.5,65.0,226.83,3.0,5.0,1.0,0.0,1.0,0.104,0
SMB_EU_003527,0.0,0.0,0.0,0.0,1.0,0.0,0.0,1.0,0.0,8.0,2240.57,-23.68,16.0,140.04,2.0,7.0,0.0,1.0,1.0,0.083,0
SMB_EU_003528,1.0,0.0,0.0,0.0,0.0,0.0,1.0,0.0,0.0,14.0,2968.36,-3.43,15.0,197.89,3.0,9.0,1.0,0.0,2.0,0.031,0
SMB_EU_003529,0.0,0.0,0.0,0.0,1.0,0.0,0.0,0.0,1.0,56.0,18693.56,10.09,84.0,222.54,2.0,10.0,1.0,0.0,3.0,0.144,0
SMB_EU_003530,0.0,0.0,0.0,1.0,0.0,0.0,0.0,0.0,1.0,23.0,7195.26,-9.82,37.0,194.47,2.0,14.0,2.0,0.0,0.0,0.138,0
SMB_EU_003531,0.0,1.0,0.0,0.0,0.0,0.0,1.0,0.0,0.0,12.0,3861.3,-6.05,23.0,167.88,3.0,14.0,4.0,1.0,2.0,0.122,0
SMB_EU_003532,1.0,0.0,0.0,0.0,0.0,0.0,0.0,0.0,1.0,21.0,2320.21,-4.12,15.0,154.68,1.0,9.0,0.0,0.0,0.0,0.053,0
SMB_EU_003533,0.0,1.0,0.0,0.0,0.0,0.0,0.0,0.0,0.0,12.0,11829.79,2.11,47.0,251.7,2.0,9.0,1.0,0.0,1.0,0.081,0
SMB_EU_003534,0.0,1.0,0.0,0.0,0.0,0.0,0.0,1.0,0.0,17.0,6374.39,7.74,26.0,245.17,1.0,9.0,1.0,1.0,2.0,0.053,0
SMB_EU_003535,0.0,1.0,0.0,0.0,0.0,0.0,0.0,0.0,0.0,6.0,9869.36,12.11,42.0,234.98,2.0,9.0,0.0,2.0,0.0,0.205,0
SMB_EU_003536,0.0,0.0,0.0,0.0,0.0,0.0,0.0,0.0,0.0,26.0,7973.34,33.83,49.0,162.72,3.0,13.0,1.0,1.0,0.0,0.107,0
SMB_EU_003537,0.0,1.0,0.0,0.0,0.0,1.0,0.0,0.0,0.0,29.0,4315.16,1.85,17.0,253.83,1.0,16.0,0.0,0.0,1.0,0.083,0
SMB_EU_003538,0.0,1.0,0.0,0.0,0.0,0.0,0.0,1.0,0.0,17.0,10541.85,11.04,36.0,292.83,2.0,11.0,0.0,1.0,3.0,0.14,0
SMB_EU_003539,0.0,0.0,1.0,0.0,0.0,0.0,1.0,0.0,0.0,56.0,3468.26,-23.81,15.0,231.22,3.0,11.0,0.0,1.0,1.0,0.085,0
SMB_EU_003540,0.0,0.0,0.0,0.0,0.0,1.0,0.0,0.0,0.0,18.0,4082.62,-5.69,24.0,170.11,2.0,9.0,1.0,0.0,2.0,0.112,0
SMB_EU_003541,0.0,0.0,0.0,0.0,0.0,0.0,1.0,0.0,0.0,23.0,16541.89,-39.83,65.0,254.49,1.0,12.0,0.0,1.0,0.0,0.157,0
SMB_EU_003542,1.0,0.0,0.0,0.0,0.0,0.0,0.0,0.0,0.0,16.0,20177.25,-15.26,94.0,214.65,4.0,8.0,2.0,0.0,2.0,0.066,0
SMB_EU_003543,0.0,0.0,0.0,0.0,0.0,0.0,0.0,0.0,0.0,19.0,16701.97,-8.04,61.0,273.8,1.0,17.0,1.0,0.0,1.0,0.107,0
SMB_EU_003544,0.0,1.0,0.0,0.0,0.0,0.0,0.0,0.0,0.0,42.0,10165.33,-48.67,43.0,236.4,1.0,3.0,2.0,0.0,0.0,0.081,0
SMB_EU_003545,0.0,0.0,0.0,0.0,1.0,0.0,0.0,0.0,0.0,9.0,15277.07,-60.96,61.0,250.44,4.0,6.0,1.0,0.0,2.0,0.016,1
SMB_EU_003546,0.0,0.0,0.0,0.0,0.0,0.0,1.0,0.0,0.0,35.0,5793.54,39.03,26.0,222.83,1.0,9.0,1.0,1.0,2.0,0.112,0
SMB_EU_003547,0.0,0.0,0.0,0.0,0.0,0.0,1.0,0.0,0.0,15.0,4776.99,-46.07,48.0,99.52,3.0,8.0,1.0,1.0,0.0,0.057,0
SMB_EU_003548,0.0,0.0,0.0,1.0,0.0,0.0,1.0,0.0,0.0,9.0,4184.58,30.02,22.0,190.21,1.0,7.0,0.0,0.0,2.0,0.142,0
SMB_EU_003549,0.0,1.0,0.0,0.0,0.0,0.0,0.0,0.0,0.0,20.0,24010.89,22.39,260.0,92.35,3.0,9.0,0.0,0.0,0.0,0.036,0
SMB_EU_003550,0.0,0.0,1.0,0.0,0.0,0.0,0.0,0.0,1.0,69.0,8679.65,-9.59,49.0,177.14,3.0,9.0,0.0,1.0,2.0,0.023,0
SMB_EU_003551,1.0,0.0,0.0,0.0,0.0,0.0,1.0,0.0,0.0,38.0,9661.51,0.56,41.0,235.65,2.0,11.0,2.0,1.0,1.0,0.158,1
SMB_EU_003552,0.0,0.0,0.0,0.0,0.0,0.0,0.0,0.0,1.0,19.0,9857.46,-36.69,57.0,172.94,2.0,13.0,1.0,0.0,3.0,0.133,0
SMB_EU_003553,0.0,0.0,1.0,0.0,0.0,0.0,0.0,1.0,0.0,12.0,6514.23,-2.43,81.0,80.42,1.0,13.0,0.0,0.0,1.0,0.173,0
SMB_EU_003554,0.0,0.0,0.0,1.0,0.0,1.0,0.0,0.0,0.0,80.0,5149.65,-48.65,32.0,160.93,1.0,8.0,1.0,2.0,2.0,0.061,0
SMB_EU_003555,0.0,0.0,0.0,0.0,0.0,1.0,0.0,0.0,0.0,31.0,4494.1,-6.62,47.0,95.62,3.0,5.0,0.0,1.0,0.0,0.108,0
SMB_EU_003556,0.0,0.0,1.0,0.0,0.0,0.0,0.0,1.0,0.0,26.0,3065.68,5.39,12.0,255.47,3.0,17.0,1.0,0.0,2.0,0.125,0
SMB_EU_003557,0.0,1.0,0.0,0.0,0.0,0.0,1.0,0.0,0.0,37.0,3424.86,5.0,14.0,244.63,3.0,10.0,0.0,0.0,0.0,0.08,0
SMB_EU_003558,0.0,0.0,0.0,1.0,0.0,0.0,0.0,0.0,0.0,40.0,7650.95,3.8,30.0,255.03,4.0,13.0,2.0,0.0,1.0,0.139,0
SMB_EU_003559,0.0,0.0,0.0,0.0,0.0,1.0,0.0,0.0,0.0,18.0,4818.72,-0.9,56.0,86.05,4.0,11.0,1.0,1.0,0.0,0.015,0
SMB_EU_003560,0.0,0.0,0.0,1.0,0.0,1.0,0.0,0.0,0.0,46.0,2293.17,12.91,26.0,88.2,3.0,14.0,1.0,0.0,0.0,0.025,0
SMB_EU_003561,0.0,1.0,0.0,0.0,0.0,0.0,0.0,1.0,0.0,7.0,2181.62,-3.86,8.0,272.7,4.0,14.0,0.0,0.0,1.0,0.048,0
SMB_EU_003562,1.0,0.0,0.0,0.0,0.0,0.0,1.0,0.0,0.0,39.0,14950.21,20.87,139.0,107.56,1.0,9.0,1.0,1.0,1.0,0.172,0
SMB_EU_003563,0.0,0.0,0.0,0.0,0.0,1.0,0.0,0.0,0.0,18.0,6863.84,-71.51,30.0,228.79,3.0,16.0,1.0,0.0,0.0,0.122,1
SMB_EU_003564,0.0,1.0,0.0,0.0,0.0,0.0,0.0,0.0,0.0,57.0,11438.08,9.85,45.0,254.18,3.0,7.0,1.0,0.0,0.0,0.075,0
SMB_EU_003565,0.0,0.0,0.0,1.0,0.0,0.0,0.0,0.0,0.0,17.0,58615.25,7.33,328.0,178.71,1.0,15.0,1.0,0.0,3.0,0.098,0
SMB_EU_003566,1.0,0.0,0.0,0.0,0.0,0.0,0.0,0.0,0.0,50.0,5579.51,-10.12,28.0,199.27,4.0,6.0,0.0,1.0,1.0,0.03,0
SMB_EU_003567,0.0,0.0,1.0,0.0,0.0,1.0,0.0,0.0,0.0,32.0,10773.9,-5.33,83.0,129.81,1.0,9.0,0.0,0.0,2.0,0.08,0
SMB_EU_003568,0.0,0.0,1.0,0.0,0.0,0.0,0.0,1.0,0.0,44.0,4676.54,6.97,17.0,275.09,2.0,9.0,0.0,0.0,1.0,0.021,0
SMB_EU_003569,1.0,0.0,0.0,0.0,0.0,0.0,0.0,0.0,0.0,27.0,24024.6,13.74,164.0,146.49,1.0,16.0,0.0,0.0,0.0,0.024,0
SMB_EU_003570,0.0,0.0,0.0,0.0,1.0,0.0,0.0,1.0,0.0,5.0,5337.78,-81.67,42.0,127.09,2.0,10.0,0.0,0.0,2.0,0.051,1
SMB_EU_003571,0.0,1.0,0.0,0.0,0.0,0.0,0.0,0.0,0.0,54.0,4877.84,9.42,25.0,195.11,2.0,10.0,2.0,0.0,1.0,0.051,0
SMB_EU_003572,0.0,0.0,0.0,1.0,0.0,0.0,1.0,0.0,0.0,57.0,8471.59,-6.86,69.0,122.78,2.0,6.0,1.0,0.0,0.0,0.068,0
SMB_EU_003573,0.0,0.0,0.0,0.0,1.0,0.0,1.0,0.0,0.0,20.0,9784.26,-34.74,42.0,232.96,3.0,9.0,1.0,0.0,2.0,0.115,1
SMB_EU_003574,0.0,0.0,0.0,0.0,1.0,0.0,1.0,0.0,0.0,15.0,2147.38,-27.59,11.0,195.22,3.0,14.0,0.0,0.0,2.0,0.12,1
SMB_EU_003575,0.0,0.0,0.0,0.0,1.0,0.0,0.0,0.0,0.0,47.0,48157.61,36.68,428.0,112.52,3.0,9.0,1.0,0.0,1.0,0.069,0
SMB_EU_003576,0.0,1.0,0.0,0.0,0.0,0.0,0.0,0.0,0.0,32.0,18079.43,-13.29,191.0,94.66,1.0,10.0,1.0,0.0,1.0,0.139,0
SMB_EU_003577,0.0,0.0,0.0,0.0,0.0,0.0,0.0,1.0,0.0,23.0,7482.98,21.45,68.0,110.04,2.0,10.0,2.0,0.0,1.0,0.115,0
SMB_EU_003578,0.0,0.0,0.0,1.0,0.0,0.0,0.0,1.0,0.0,36.0,2484.62,-1.04,23.0,108.03,3.0,7.0,0.0,1.0,0.0,0.094,0
SMB_EU_003579,1.0,0.0,0.0,0.0,0.0,0.0,1.0,0.0,0.0,20.0,12107.34,-12.28,81.0,149.47,3.0,13.0,1.0,0.0,0.0,0.047,0
SMB_EU_003580,0.0,0.0,0.0,1.0,0.0,0.0,1.0,0.0,0.0,56.0,15381.17,3.98,58.0,265.19,3.0,8.0,0.0,0.0,3.0,0.028,0
SMB_EU_003581,0.0,0.0,0.0,1.0,0.0,0.0,0.0,0.0,0.0,21.0,17464.86,15.44,189.0,92.41,1.0,6.0,0.0,1.0,1.0,0.083,0
SMB_EU_003582,1.0,0.0,0.0,0.0,0.0,0.0,0.0,0.0,0.0,47.0,14915.89,-23.29,138.0,108.09,1.0,8.0,1.0,0.0,3.0,0.234,1
SMB_EU_003583,0.0,1.0,0.0,0.0,0.0,0.0,1.0,0.0,0.0,27.0,4679.96,10.52,32.0,146.25,4.0,10.0,0.0,0.0,1.0,0.094,0
SMB_EU_003584,0.0,0.0,0.0,0.0,1.0,0.0,1.0,0.0,0.0,33.0,7026.7,-0.18,35.0,200.76,3.0,6.0,0.0,1.0,3.0,0.095,0
SMB_EU_003585,0.0,1.0,0.0,0.0,0.0,0.0,0.0,0.0,1.0,79.0,6619.41,8.66,27.0,245.16,1.0,6.0,0.0,0.0,2.0,0.116,0
SMB_EU_003586,0.0,1.0,0.0,0.0,0.0,0.0,0.0,1.0,0.0,18.0,7047.23,0.16,25.0,281.89,2.0,17.0,0.0,0.0,1.0,0.025,0
SMB_EU_003587,0.0,0.0,0.0,1.0,0.0,0.0,1.0,0.0,0.0,45.0,4804.32,-8.58,28.0,171.58,2.0,6.0,0.0,0.0,0.0,0.125,0
SMB_EU_003588,1.0,0.0,0.0,0.0,0.0,0.0,0.0,0.0,0.0,67.0,21048.74,-16.7,204.0,103.18,2.0,8.0,1.0,1.0,0.0,0.099,0
SMB_EU_003589,0.0,0.0,0.0,0.0,0.0,0.0,0.0,0.0,0.0,44.0,9067.16,10.09,71.0,127.71,2.0,15.0,0.0,0.0,0.0,0.049,0
SMB_EU_003590,0.0,0.0,0.0,0.0,0.0,0.0,0.0,1.0,0.0,58.0,4271.76,10.01,30.0,142.39,2.0,11.0,1.0,1.0,1.0,0.083,0
SMB_EU_003591,0.0,0.0,0.0,0.0,1.0,0.0,0.0,0.0,0.0,29.0,21707.91,9.93,86.0,252.42,4.0,9.0,0.0,0.0,2.0,0.035,0
SMB_EU_003592,0.0,0.0,0.0,0.0,0.0,0.0,1.0,0.0,0.0,42.0,5244.41,6.41,23.0,228.02,4.0,11.0,0.0,1.0,1.0,0.197,0
SMB_EU_003593,0.0,0.0,1.0,0.0,0.0,0.0,0.0,1.0,0.0,50.0,7387.28,14.17,59.0,125.21,4.0,13.0,1.0,0.0,2.0,0.038,0
SMB_EU_003594,0.0,0.0,1.0,0.0,0.0,0.0,0.0,0.0,0.0,26.0,20902.04,-22.27,79.0,264.58,3.0,13.0,2.0,1.0,3.0,0.029,0
SMB_EU_003595,0.0,0.0,0.0,1.0,0.0,0.0,0.0,0.0,0.0,13.0,12749.34,-28.15,47.0,271.26,1.0,7.0,3.0,1.0,1.0,0.03,0
SMB_EU_003596,0.0,0.0,1.0,0.0,0.0,0.0,0.0,0.0,0.0,12.0,30117.91,-35.13,110.0,273.8,2.0,8.0,0.0,1.0,0.0,0.019,0
SMB_EU_003597,0.0,1.0,0.0,0.0,0.0,0.0,0.0,0.0,0.0,73.0,15716.65,25.77,112.0,140.33,2.0,13.0,2.0,0.0,1.0,0.046,0
SMB_EU_003598,0.0,0.0,1.0,0.0,0.0,0.0,0.0,0.0,0.0,65.0,29061.55,-20.12,266.0,109.25,3.0,4.0,2.0,1.0,2.0,0.378,1
SMB_EU_003599,0.0,1.0,0.0,0.0,0.0,0.0,1.0,0.0,0.0,15.0,23465.25,-75.64,228.0,102.92,4.0,9.0,1.0,0.0,1.0,0.153,1
SMB_EU_003600,0.0,0.0,1.0,0.0,0.0,0.0,0.0,0.0,0.0,58.0,12978.18,-41.87,77.0,168.55,2.0,4.0,0.0,0.0,0.0,0.023,0
SMB_EU_003601,0.0,0.0,0.0,0.0,0.0,0.0,1.0,0.0,0.0,36.0,11780.13,-24.81,68.0,173.24,1.0,5.0,1.0,1.0,1.0,0.033,0
SMB_EU_003602,0.0,0.0,1.0,0.0,0.0,0.0,0.0,1.0,0.0,27.0,3410.63,-5.72,13.0,262.36,1.0,11.0,0.0,0.0,1.0,0.017,0
SMB_EU_003603,0.0,0.0,0.0,0.0,0.0,0.0,1.0,0.0,0.0,15.0,4304.9,-14.22,31.0,138.87,2.0,9.0,0.0,1.0,1.0,0.149,0
SMB_EU_003604,0.0,1.0,0.0,0.0,0.0,0.0,1.0,0.0,0.0,24.0,7114.72,-3.5,33.0,215.6,1.0,12.0,2.0,0.0,1.0,0.074,0
SMB_EU_003605,0.0,0.0,0.0,0.0,0.0,1.0,0.0,0.0,0.0,13.0,2649.05,4.2,10.0,264.9,4.0,6.0,2.0,0.0,1.0,0.075,0
SMB_EU_003606,0.0,0.0,0.0,0.0,0.0,0.0,0.0,1.0,0.0,21.0,2848.73,-5.15,20.0,142.44,2.0,12.0,1.0,0.0,1.0,0.099,0
SMB_EU_003607,1.0,0.0,0.0,0.0,0.0,0.0,0.0,1.0,0.0,12.0,7129.9,-5.91,51.0,139.8,4.0,11.0,1.0,0.0,1.0,0.034,0
SMB_EU_003608,0.0,1.0,0.0,0.0,0.0,0.0,0.0,0.0,0.0,8.0,11021.64,3.87,49.0,224.93,1.0,14.0,0.0,1.0,2.0,0.088,0
SMB_EU_003609,0.0,0.0,0.0,0.0,1.0,0.0,1.0,0.0,0.0,59.0,12252.75,15.66,51.0,240.25,1.0,11.0,1.0,1.0,2.0,0.044,0
SMB_EU_003610,0.0,0.0,0.0,0.0,1.0,0.0,0.0,1.0,0.0,23.0,5983.98,24.04,21.0,284.95,2.0,11.0,2.0,0.0,1.0,0.019,0
SMB_EU_003611,0.0,0.0,1.0,0.0,0.0,1.0,0.0,0.0,0.0,34.0,18218.76,-3.28,68.0,267.92,3.0,14.0,1.0,0.0,1.0,0.139,0
SMB_EU_003612,0.0,0.0,0.0,0.0,0.0,0.0,1.0,0.0,0.0,17.0,10957.72,-26.32,42.0,260.9,2.0,10.0,1.0,1.0,0.0,0.089,0
SMB_EU_003613,0.0,1.0,0.0,0.0,0.0,0.0,0.0,0.0,1.0,22.0,17562.32,13.15,76.0,231.08,3.0,8.0,2.0,0.0,3.0,0.099,0
SMB_EU_003614,1.0,0.0,0.0,0.0,0.0,0.0,1.0,0.0,0.0,12.0,10181.5,-18.48,96.0,106.06,2.0,13.0,0.0,0.0,3.0,0.17,0
SMB_EU_003615,0.0,1.0,0.0,0.0,0.0,0.0,0.0,0.0,1.0,73.0,10848.87,-18.92,42.0,258.31,3.0,7.0,1.0,1.0,2.0,0.103,1
SMB_EU_003616,0.0,0.0,0.0,0.0,0.0,0.0,0.0,1.0,0.0,3.0,10057.09,-8.66,35.0,287.35,1.0,13.0,0.0,0.0,2.0,0.058,0
SMB_EU_003617,0.0,0.0,1.0,0.0,0.0,1.0,0.0,0.0,0.0,48.0,8962.4,21.67,54.0,165.97,2.0,10.0,1.0,0.0,0.0,0.148,0
SMB_EU_003618,0.0,0.0,0.0,0.0,1.0,0.0,0.0,0.0,1.0,17.0,10208.93,-7.52,69.0,147.96,1.0,14.0,0.0,0.0,2.0,0.1,0
SMB_EU_003619,1.0,0.0,0.0,0.0,0.0,0.0,0.0,1.0,0.0,12.0,5656.64,-28.39,29.0,195.06,1.0,12.0,0.0,0.0,0.0,0.048,0
SMB_EU_003620,0.0,0.0,0.0,0.0,0.0,0.0,1.0,0.0,0.0,8.0,11049.43,-3.43,38.0,290.77,2.0,8.0,1.0,1.0,0.0,0.075,0
SMB_EU_003621,0.0,0.0,1.0,0.0,0.0,0.0,0.0,0.0,0.0,29.0,10026.44,-29.71,110.0,91.15,1.0,7.0,0.0,0.0,0.0,0.06,0
SMB_EU_003622,0.0,1.0,0.0,0.0,0.0,0.0,1.0,0.0,0.0,44.0,5213.03,-15.82,22.0,236.96,3.0,8.0,0.0,1.0,1.0,0.086,0
SMB_EU_003623,0.0,0.0,0.0,0.0,0.0,0.0,0.0,0.0,0.0,41.0,35279.21,-8.81,136.0,259.41,3.0,10.0,0.0,1.0,0.0,0.023,0
SMB_EU_003624,0.0,0.0,0.0,0.0,1.0,0.0,0.0,1.0,0.0,19.0,15303.57,-50.49,60.0,255.06,2.0,10.0,1.0,2.0,0.0,0.033,1
SMB_EU_003625,0.0,1.0,0.0,0.0,0.0,0.0,0.0,0.0,0.0,22.0,8591.05,-40.96,42.0,204.55,4.0,5.0,2.0,0.0,2.0,0.016,0
SMB_EU_003626,0.0,1.0,0.0,0.0,0.0,0.0,0.0,0.0,0.0,12.0,10040.77,10.41,36.0,278.91,4.0,10.0,1.0,0.0,0.0,0.037,0
SMB_EU_003627,0.0,0.0,0.0,0.0,0.0,1.0,0.0,0.0,0.0,13.0,11908.75,-17.69,109.0,109.25,4.0,11.0,2.0,0.0,3.0,0.022,1
SMB_EU_003628,0.0,0.0,0.0,0.0,1.0,0.0,0.0,1.0,0.0,59.0,6886.41,-5.58,51.0,135.03,2.0,8.0,1.0,0.0,1.0,0.123,0
SMB_EU_003629,1.0,0.0,0.0,0.0,0.0,0.0,1.0,0.0,0.0,5.0,12004.7,1.15,81.0,148.21,2.0,12.0,0.0,0.0,1.0,0.023,0
SMB_EU_003630,0.0,0.0,1.0,0.0,0.0,0.0,0.0,0.0,0.0,5.0,25687.67,-3.93,314.0,81.81,1.0,12.0,1.0,1.0,2.0,0.129,0
SMB_EU_003631,1.0,0.0,0.0,0.0,0.0,0.0,1.0,0.0,0.0,15.0,6924.06,-4.04,43.0,161.02,1.0,12.0,0.0,0.0,2.0,0.033,0
SMB_EU_003632,0.0,0.0,0.0,0.0,0.0,1.0,0.0,0.0,0.0,73.0,7313.64,-25.84,63.0,116.09,2.0,12.0,4.0,0.0,0.0,0.104,0
SMB_EU_003633,0.0,0.0,0.0,1.0,0.0,0.0,1.0,0.0,0.0,27.0,9306.91,-17.29,39.0,238.64,2.0,10.0,2.0,0.0,0.0,0.012,0
SMB_EU_003634,0.0,1.0,0.0,0.0,0.0,1.0,0.0,0.0,0.0,108.0,3584.66,-65.55,21.0,170.7,2.0,11.0,0.0,0.0,0.0,0.265,0
SMB_EU_003635,0.0,0.0,0.0,0.0,0.0,0.0,0.0,0.0,0.0,20.0,18121.6,-46.4,77.0,235.35,2.0,9.0,2.0,0.0,1.0,0.039,1
SMB_EU_003636,0.0,0.0,0.0,1.0,0.0,0.0,1.0,0.0,0.0,42.0,16811.58,9.61,116.0,144.93,1.0,12.0,0.0,1.0,2.0,0.014,0
SMB_EU_003637,0.0,0.0,0.0,0.0,1.0,0.0,0.0,0.0,1.0,54.0,7365.04,-20.59,68.0,108.31,3.0,5.0,0.0,1.0,1.0,0.146,0
SMB_EU_003638,0.0,0.0,0.0,0.0,0.0,0.0,1.0,0.0,0.0,96.0,8766.9,10.3,80.0,109.59,2.0,15.0,3.0,1.0,1.0,0.154,0
SMB_EU_003639,0.0,1.0,0.0,0.0,0.0,0.0,0.0,0.0,0.0,16.0,16980.67,8.98,136.0,124.86,2.0,6.0,0.0,2.0,5.0,0.052,0
SMB_EU_003640,0.0,0.0,0.0,0.0,0.0,0.0,1.0,0.0,0.0,27.0,6743.93,-8.16,64.0,105.37,2.0,9.0,0.0,1.0,1.0,0.072,0
SMB_EU_003641,0.0,1.0,0.0,0.0,0.0,0.0,0.0,0.0,0.0,23.0,22515.21,15.01,175.0,128.66,1.0,12.0,0.0,1.0,1.0,0.05,0
SMB_EU_003642,0.0,0.0,0.0,0.0,1.0,0.0,0.0,0.0,0.0,45.0,9974.29,11.15,48.0,207.8,4.0,11.0,0.0,0.0,0.0,0.075,0
SMB_EU_003643,0.0,0.0,0.0,1.0,0.0,0.0,0.0,0.0,0.0,68.0,33369.34,-44.46,245.0,136.2,1.0,9.0,1.0,1.0,1.0,0.043,0
SMB_EU_003644,0.0,0.0,0.0,1.0,0.0,0.0,1.0,0.0,0.0,68.0,11648.35,-6.33,75.0,155.31,2.0,6.0,2.0,1.0,1.0,0.149,0
SMB_EU_003645,1.0,0.0,0.0,0.0,0.0,0.0,0.0,0.0,0.0,16.0,8550.49,-11.37,93.0,91.94,4.0,9.0,1.0,2.0,2.0,0.145,0
SMB_EU_003646,0.0,0.0,0.0,0.0,0.0,1.0,0.0,0.0,0.0,13.0,16619.31,3.48,60.0,276.99,1.0,10.0,0.0,0.0,0.0,0.034,0
SMB_EU_003647,0.0,0.0,0.0,1.0,0.0,0.0,0.0,1.0,0.0,41.0,5530.61,15.67,50.0,110.61,2.0,12.0,1.0,0.0,0.0,0.01,0
SMB_EU_003648,0.0,0.0,0.0,1.0,0.0,0.0,0.0,0.0,0.0,10.0,9720.93,-35.83,62.0,156.79,2.0,14.0,1.0,0.0,0.0,0.034,0
SMB_EU_003649,0.0,0.0,1.0,0.0,0.0,1.0,0.0,0.0,0.0,45.0,11640.52,1.48,71.0,163.95,1.0,11.0,2.0,0.0,2.0,0.117,0
SMB_EU_003650,0.0,0.0,0.0,0.0,1.0,0.0,1.0,0.0,0.0,26.0,10764.4,-23.66,43.0,250.33,2.0,13.0,0.0,0.0,2.0,0.176,0
SMB_EU_003651,1.0,0.0,0.0,0.0,0.0,0.0,0.0,0.0,0.0,61.0,5180.36,-0.39,28.0,185.01,2.0,14.0,0.0,0.0,5.0,0.03,0
SMB_EU_003652,0.0,1.0,0.0,0.0,0.0,0.0,1.0,0.0,0.0,55.0,5836.0,10.71,36.0,162.11,1.0,7.0,0.0,0.0,0.0,0.163,0
SMB_EU_003653,1.0,0.0,0.0,0.0,0.0,0.0,1.0,0.0,0.0,29.0,9458.37,-12.35,41.0,230.69,2.0,11.0,1.0,0.0,3.0,0.05,0
SMB_EU_003654,0.0,0.0,0.0,0.0,0.0,0.0,1.0,0.0,0.0,10.0,2189.56,-14.07,10.0,218.96,1.0,6.0,0.0,1.0,0.0,0.02,1
SMB_EU_003655,0.0,0.0,0.0,0.0,0.0,0.0,0.0,0.0,0.0,10.0,15785.51,-62.04,162.0,97.44,4.0,6.0,1.0,1.0,2.0,0.047,1
SMB_EU_003656,0.0,0.0,0.0,0.0,0.0,1.0,0.0,0.0,0.0,27.0,6596.55,-1.43,44.0,149.92,3.0,6.0,1.0,0.0,1.0,0.022,0
SMB_EU_003657,0.0,1.0,0.0,0.0,0.0,0.0,0.0,0.0,1.0,37.0,4424.38,-68.06,15.0,294.96,1.0,7.0,1.0,0.0,3.0,0.216,1
SMB_EU_003658,0.0,0.0,0.0,1.0,0.0,0.0,1.0,0.0,0.0,21.0,9410.52,14.68,51.0,184.52,3.0,13.0,0.0,1.0,1.0,0.165,0
SMB_EU_003659,0.0,0.0,1.0,0.0,0.0,1.0,0.0,0.0,0.0,12.0,6026.93,-1.05,35.0,172.2,2.0,7.0,0.0,0.0,2.0,0.137,0
SMB_EU_003660,0.0,0.0,0.0,0.0,1.0,0.0,0.0,1.0,0.0,21.0,2446.51,1.83,22.0,111.2,1.0,10.0,1.0,0.0,1.0,0.041,0
SMB_EU_003661,0.0,0.0,0.0,1.0,0.0,1.0,0.0,0.0,0.0,61.0,10417.59,9.3,39.0,267.12,1.0,10.0,0.0,1.0,3.0,0.044,0
SMB_EU_003662,0.0,0.0,0.0,1.0,0.0,0.0,0.0,0.0,0.0,21.0,24797.99,-1.08,227.0,109.24,2.0,8.0,0.0,0.0,0.0,0.037,0
SMB_EU_003663,0.0,0.0,0.0,0.0,0.0,0.0,0.0,0.0,0.0,17.0,12606.44,-12.26,122.0,103.33,1.0,9.0,1.0,0.0,0.0,0.169,1
SMB_EU_003664,0.0,0.0,0.0,0.0,0.0,0.0,1.0,0.0,0.0,10.0,7101.41,-0.95,40.0,177.54,1.0,13.0,1.0,0.0,1.0,0.08,0
SMB_EU_003665,0.0,0.0,1.0,0.0,0.0,0.0,0.0,0.0,0.0,25.0,23192.03,-12.84,132.0,175.7,2.0,10.0,2.0,0.0,1.0,0.041,0
SMB_EU_003666,0.0,0.0,0.0,1.0,0.0,0.0,0.0,1.0,0.0,55.0,4432.84,1.62,15.0,295.52,4.0,17.0,0.0,2.0,5.0,0.131,0
SMB_EU_003667,1.0,0.0,0.0,0.0,0.0,0.0,1.0,0.0,0.0,57.0,2511.54,14.95,23.0,109.2,2.0,12.0,0.0,0.0,1.0,0.106,0
SMB_EU_003668,0.0,0.0,0.0,0.0,0.0,0.0,1.0,0.0,0.0,14.0,10714.56,-51.06,57.0,187.97,2.0,8.0,1.0,1.0,0.0,0.043,1
SMB_EU_003669,0.0,0.0,0.0,0.0,0.0,0.0,0.0,1.0,0.0,29.0,3069.4,-44.88,25.0,122.78,4.0,7.0,1.0,0.0,1.0,0.034,0
SMB_EU_003670,0.0,0.0,0.0,1.0,0.0,0.0,0.0,1.0,0.0,15.0,3957.18,0.74,17.0,232.78,1.0,10.0,1.0,0.0,1.0,0.079,0
SMB_EU_003671,0.0,1.0,0.0,0.0,0.0,0.0,0.0,0.0,0.0,20.0,35973.14,-11.52,216.0,166.54,1.0,11.0,0.0,1.0,1.0,0.04,0
SMB_EU_003672,0.0,0.0,0.0,0.0,0.0,1.0,0.0,0.0,0.0,25.0,5536.55,0.48,25.0,221.46,4.0,12.0,2.0,2.0,1.0,0.028,0
SMB_EU_003673,1.0,0.0,0.0,0.0,0.0,0.0,0.0,0.0,0.0,18.0,15015.62,4.81,97.0,154.8,2.0,11.0,1.0,0.0,0.0,0.04,0
SMB_EU_003674,0.0,0.0,0.0,0.0,0.0,0.0,1.0,0.0,0.0,1.0,10861.69,-32.16,53.0,204.94,1.0,5.0,0.0,0.0,0.0,0.083,0
SMB_EU_003675,0.0,0.0,1.0,0.0,0.0,0.0,0.0,0.0,0.0,74.0,20312.79,10.35,111.0,183.0,3.0,14.0,0.0,1.0,1.0,0.043,0
SMB_EU_003676,0.0,1.0,0.0,0.0,0.0,1.0,0.0,0.0,0.0,16.0,3456.45,-57.94,21.0,164.59,3.0,8.0,0.0,1.0,2.0,0.019,0
SMB_EU_003677,0.0,0.0,0.0,0.0,0.0,0.0,0.0,0.0,1.0,15.0,8680.21,-0.34,44.0,197.28,1.0,16.0,0.0,1.0,3.0,0.068,0
SMB_EU_003678,0.0,1.0,0.0,0.0,0.0,0.0,1.0,0.0,0.0,14.0,8175.43,-9.89,50.0,163.51,2.0,7.0,2.0,1.0,2.0,0.044,0
SMB_EU_003679,1.0,0.0,0.0,0.0,0.0,0.0,0.0,0.0,0.0,7.0,17659.37,-8.28,69.0,255.93,1.0,14.0,2.0,1.0,2.0,0.031,0
SMB_EU_003680,0.0,1.0,0.0,0.0,0.0,0.0,0.0,0.0,0.0,75.0,17842.5,25.41,94.0,189.81,2.0,11.0,3.0,1.0,2.0,0.043,0
SMB_EU_003681,1.0,0.0,0.0,0.0,0.0,0.0,0.0,0.0,0.0,26.0,70846.46,-34.18,254.0,278.92,3.0,8.0,1.0,1.0,1.0,0.116,1
SMB_EU_003682,0.0,0.0,0.0,0.0,0.0,0.0,1.0,0.0,0.0,37.0,3950.83,13.57,31.0,127.45,1.0,9.0,0.0,0.0,1.0,0.093,0
SMB_EU_003683,1.0,0.0,0.0,0.0,0.0,0.0,0.0,0.0,0.0,34.0,27007.25,-21.17,258.0,104.68,3.0,9.0,0.0,1.0,1.0,0.113,1
SMB_EU_003684,0.0,1.0,0.0,0.0,0.0,0.0,0.0,1.0,0.0,18.0,10170.22,9.3,62.0,164.04,3.0,5.0,0.0,0.0,0.0,0.081,0
SMB_EU_003685,0.0,0.0,1.0,0.0,0.0,1.0,0.0,0.0,0.0,26.0,8064.16,6.26,67.0,120.36,1.0,8.0,0.0,0.0,0.0,0.246,0
SMB_EU_003686,0.0,0.0,1.0,0.0,0.0,0.0,0.0,0.0,0.0,43.0,10153.93,3.82,61.0,166.46,2.0,9.0,2.0,0.0,1.0,0.202,0
SMB_EU_003687,0.0,0.0,0.0,0.0,1.0,0.0,0.0,0.0,0.0,8.0,40725.36,16.61,324.0,125.7,2.0,12.0,1.0,0.0,2.0,0.107,0
SMB_EU_003688,0.0,1.0,0.0,0.0,0.0,0.0,0.0,0.0,0.0,20.0,4026.35,2.35,15.0,268.42,2.0,8.0,0.0,0.0,3.0,0.06,0
SMB_EU_003689,0.0,0.0,0.0,0.0,0.0,0.0,0.0,0.0,0.0,22.0,9955.15,34.28,49.0,203.17,4.0,7.0,1.0,0.0,1.0,0.127,0
SMB_EU_003690,0.0,0.0,0.0,0.0,0.0,0.0,0.0,1.0,0.0,17.0,10099.11,14.41,53.0,190.55,1.0,12.0,0.0,0.0,1.0,0.08,0
SMB_EU_003691,1.0,0.0,0.0,0.0,0.0,0.0,0.0,0.0,1.0,17.0,7207.76,-17.09,28.0,257.42,1.0,18.0,2.0,0.0,1.0,0.079,0
SMB_EU_003692,0.0,0.0,0.0,1.0,0.0,0.0,0.0,0.0,0.0,30.0,39092.43,-2.65,360.0,108.59,3.0,10.0,2.0,0.0,3.0,0.036,0
SMB_EU_003693,1.0,0.0,0.0,0.0,0.0,0.0,0.0,0.0,0.0,63.0,6055.5,5.96,23.0,263.28,2.0,16.0,0.0,0.0,1.0,0.062,0
SMB_EU_003694,0.0,1.0,0.0,0.0,0.0,0.0,0.0,1.0,0.0,36.0,2565.56,0.67,14.0,183.25,4.0,7.0,0.0,0.0,1.0,0.095,0
SMB_EU_003695,0.0,1.0,0.0,0.0,0.0,0.0,0.0,0.0,0.0,14.0,10903.32,10.3,99.0,110.13,1.0,6.0,0.0,0.0,3.0,0.082,0
SMB_EU_003696,0.0,0.0,0.0,0.0,0.0,1.0,0.0,0.0,0.0,120.0,7707.54,11.96,30.0,256.92,2.0,12.0,2.0,0.0,3.0,0.121,0
SMB_EU_003697,0.0,0.0,0.0,0.0,1.0,0.0,1.0,0.0,0.0,64.0,7002.24,-20.39,39.0,179.54,2.0,12.0,1.0,0.0,0.0,0.038,0
SMB_EU_003698,0.0,0.0,1.0,0.0,0.0,0.0,0.0,1.0,0.0,18.0,3725.49,19.22,17.0,219.15,3.0,16.0,1.0,1.0,0.0,0.013,0
SMB_EU_003699,0.0,0.0,0.0,0.0,1.0,0.0,0.0,0.0,0.0,64.0,35173.33,-7.45,127.0,276.96,2.0,7.0,0.0,0.0,1.0,0.079,0
SMB_EU_003700,0.0,1.0,0.0,0.0,0.0,0.0,0.0,1.0,0.0,30.0,12397.62,-8.94,45.0,275.5,3.0,6.0,1.0,0.0,1.0,0.018,0
SMB_EU_003701,0.0,0.0,1.0,0.0,0.0,0.0,0.0,1.0,0.0,10.0,3899.35,-8.99,14.0,278.53,1.0,12.0,0.0,0.0,0.0,0.056,0
SMB_EU_003702,0.0,0.0,1.0,0.0,0.0,0.0,1.0,0.0,0.0,59.0,2867.9,12.13,17.0,168.7,2.0,7.0,2.0,0.0,1.0,0.075,0
SMB_EU_003703,0.0,1.0,0.0,0.0,0.0,0.0,0.0,1.0,0.0,14.0,1370.19,-55.8,6.0,228.36,1.0,9.0,1.0,1.0,3.0,0.171,1
SMB_EU_003704,0.0,0.0,0.0,0.0,1.0,0.0,0.0,1.0,0.0,37.0,5771.96,-41.3,44.0,131.18,4.0,4.0,0.0,0.0,2.0,0.111,0
SMB_EU_003705,0.0,0.0,0.0,0.0,1.0,0.0,0.0,0.0,0.0,29.0,22234.02,-6.36,85.0,261.58,1.0,6.0,1.0,1.0,2.0,0.082,0
SMB_EU_003706,0.0,0.0,0.0,0.0,1.0,0.0,1.0,0.0,0.0,39.0,8308.18,-26.92,54.0,153.86,2.0,6.0,1.0,1.0,1.0,0.037,0
SMB_EU_003707,1.0,0.0,0.0,0.0,0.0,0.0,1.0,0.0,0.0,79.0,7666.78,-12.63,42.0,182.54,1.0,7.0,0.0,2.0,0.0,0.073,0
SMB_EU_003708,0.0,1.0,0.0,0.0,0.0,0.0,0.0,0.0,0.0,26.0,9256.49,-18.59,34.0,272.25,4.0,7.0,1.0,0.0,1.0,0.016,0
SMB_EU_003709,0.0,1.0,0.0,0.0,0.0,0.0,0.0,0.0,0.0,10.0,22221.01,-4.04,86.0,258.38,2.0,7.0,1.0,1.0,0.0,0.071,1
SMB_EU_003710,0.0,0.0,0.0,0.0,1.0,1.0,0.0,0.0,0.0,15.0,16422.8,9.96,57.0,288.12,4.0,13.0,0.0,0.0,0.0,0.101,0
SMB_EU_003711,0.0,0.0,0.0,0.0,0.0,0.0,1.0,0.0,0.0,9.0,2115.55,8.31,13.0,162.73,1.0,10.0,1.0,0.0,1.0,0.145,1
SMB_EU_003712,1.0,0.0,0.0,0.0,0.0,0.0,0.0,1.0,0.0,7.0,4772.82,18.85,42.0,113.64,1.0,2.0,1.0,0.0,0.0,0.179,0
SMB_EU_003713,1.0,0.0,0.0,0.0,0.0,0.0,0.0,0.0,0.0,54.0,8379.94,15.51,30.0,279.33,2.0,12.0,0.0,0.0,1.0,0.121,0
SMB_EU_003714,0.0,0.0,1.0,0.0,0.0,0.0,1.0,0.0,0.0,28.0,3271.22,-7.93,17.0,192.42,2.0,10.0,3.0,0.0,1.0,0.111,0
SMB_EU_003715,0.0,0.0,0.0,0.0,1.0,0.0,0.0,0.0,0.0,24.0,7614.58,0.29,28.0,271.95,1.0,11.0,1.0,1.0,1.0,0.002,0
SMB_EU_003716,0.0,1.0,0.0,0.0,0.0,0.0,0.0,0.0,0.0,18.0,18837.58,-0.49,78.0,241.51,3.0,9.0,1.0,1.0,1.0,0.049,0
SMB_EU_003717,0.0,1.0,0.0,0.0,0.0,0.0,1.0,0.0,0.0,46.0,10200.32,-32.27,37.0,275.68,1.0,7.0,3.0,1.0,2.0,0.098,0
SMB_EU_003718,0.0,0.0,0.0,0.0,0.0,0.0,0.0,0.0,0.0,69.0,36025.35,-64.09,161.0,223.76,2.0,2.0,0.0,0.0,0.0,0.079,0
SMB_EU_003719,0.0,0.0,0.0,1.0,0.0,0.0,1.0,0.0,0.0,13.0,8042.26,-2.51,31.0,259.43,2.0,8.0,1.0,0.0,2.0,0.073,0
SMB_EU_003720,0.0,1.0,0.0,0.0,0.0,0.0,0.0,1.0,0.0,36.0,1741.08,-2.59,16.0,108.82,2.0,9.0,0.0,0.0,2.0,0.164,1
SMB_EU_003721,0.0,1.0,0.0,0.0,0.0,0.0,0.0,1.0,0.0,52.0,4334.2,7.68,15.0,288.95,2.0,13.0,0.0,0.0,0.0,0.076,0
SMB_EU_003722,1.0,0.0,0.0,0.0,0.0,0.0,0.0,0.0,0.0,31.0,6528.8,-17.1,54.0,120.9,1.0,13.0,2.0,0.0,1.0,0.07,0
SMB_EU_003723,0.0,0.0,0.0,0.0,1.0,0.0,0.0,1.0,0.0,44.0,2423.86,-80.99,28.0,86.57,4.0,14.0,1.0,0.0,1.0,0.024,0
SMB_EU_003724,0.0,0.0,0.0,0.0,0.0,0.0,0.0,1.0,0.0,10.0,7083.54,7.78,36.0,196.76,3.0,9.0,0.0,0.0,0.0,0.046,0
SMB_EU_003725,0.0,1.0,0.0,0.0,0.0,0.0,1.0,0.0,0.0,70.0,8988.54,2.68,38.0,236.54,2.0,8.0,1.0,0.0,2.0,0.078,0
SMB_EU_003726,0.0,0.0,0.0,0.0,1.0,0.0,0.0,0.0,1.0,46.0,12804.08,9.35,54.0,237.11,2.0,6.0,1.0,1.0,0.0,0.055,0
SMB_EU_003727,0.0,0.0,0.0,0.0,0.0,0.0,0.0,1.0,0.0,39.0,4034.74,16.0,26.0,155.18,1.0,12.0,1.0,1.0,2.0,0.064,0
SMB_EU_003728,0.0,0.0,0.0,0.0,0.0,0.0,1.0,0.0,0.0,49.0,12855.34,-2.14,52.0,247.22,2.0,7.0,2.0,0.0,3.0,0.125,0
SMB_EU_003729,0.0,0.0,0.0,0.0,0.0,0.0,1.0,0.0,0.0,21.0,6242.62,-30.89,24.0,260.11,2.0,10.0,0.0,0.0,1.0,0.115,1
SMB_EU_003730,0.0,0.0,1.0,0.0,0.0,0.0,1.0,0.0,0.0,11.0,15634.05,-13.34,73.0,214.17,2.0,8.0,0.0,1.0,1.0,0.009,0
SMB_EU_003731,0.0,0.0,0.0,0.0,0.0,0.0,1.0,0.0,0.0,9.0,9837.73,-14.19,60.0,163.96,3.0,5.0,2.0,0.0,3.0,0.109,0
SMB_EU_003732,0.0,0.0,0.0,0.0,1.0,0.0,0.0,1.0,0.0,8.0,4416.02,6.43,21.0,210.29,1.0,5.0,1.0,0.0,3.0,0.114,1
SMB_EU_003733,0.0,0.0,0.0,1.0,0.0,0.0,0.0,0.0,0.0,36.0,17035.61,-5.53,63.0,270.41,1.0,10.0,1.0,0.0,1.0,0.09,0
SMB_EU_003734,0.0,0.0,0.0,1.0,0.0,0.0,0.0,1.0,0.0,19.0,4946.7,3.92,18.0,274.82,2.0,14.0,3.0,1.0,0.0,0.125,0
SMB_EU_003735,0.0,1.0,0.0,0.0,0.0,0.0,0.0,1.0,0.0,67.0,13028.01,29.89,150.0,86.85,3.0,10.0,1.0,1.0,0.0,0.09,0
SMB_EU_003736,0.0,0.0,0.0,1.0,0.0,1.0,0.0,0.0,0.0,58.0,6951.95,-29.63,65.0,106.95,1.0,12.0,1.0,1.0,3.0,0.042,0
SMB_EU_003737,0.0,0.0,1.0,0.0,0.0,1.0,0.0,0.0,0.0,46.0,5994.2,3.18,74.0,81.0,2.0,11.0,0.0,0.0,1.0,0.142,0
SMB_EU_003738,1.0,0.0,0.0,0.0,0.0,0.0,1.0,0.0,0.0,39.0,6933.38,-13.04,37.0,187.39,1.0,7.0,1.0,0.0,2.0,0.044,0
SMB_EU_003739,1.0,0.0,0.0,0.0,0.0,0.0,0.0,0.0,0.0,15.0,24877.42,-25.5,141.0,176.44,3.0,14.0,1.0,2.0,1.0,0.033,0
SMB_EU_003740,0.0,0.0,1.0,0.0,0.0,1.0,0.0,0.0,0.0,17.0,9175.23,-1.09,46.0,199.46,2.0,10.0,2.0,1.0,1.0,0.121,0
SMB_EU_003741,0.0,0.0,0.0,0.0,1.0,0.0,1.0,0.0,0.0,15.0,6787.87,16.0,29.0,234.06,3.0,18.0,0.0,0.0,1.0,0.102,0
SMB_EU_003742,1.0,0.0,0.0,0.0,0.0,0.0,1.0,0.0,0.0,11.0,3999.05,-4.84,25.0,159.96,2.0,7.0,1.0,1.0,3.0,0.037,0
SMB_EU_003743,1.0,0.0,0.0,0.0,0.0,0.0,0.0,1.0,0.0,24.0,2910.3,6.02,23.0,126.53,3.0,9.0,0.0,1.0,1.0,0.089,0
SMB_EU_003744,0.0,0.0,0.0,0.0,0.0,1.0,0.0,0.0,0.0,51.0,5372.33,21.4,32.0,167.89,3.0,9.0,0.0,1.0,2.0,0.141,0
SMB_EU_003745,0.0,0.0,0.0,0.0,0.0,0.0,0.0,0.0,0.0,23.0,33696.93,-24.16,411.0,81.99,3.0,13.0,1.0,1.0,1.0,0.03,0
SMB_EU_003746,0.0,0.0,0.0,0.0,0.0,1.0,0.0,0.0,0.0,14.0,5163.7,6.43,20.0,258.19,3.0,5.0,2.0,0.0,2.0,0.066,0
SMB_EU_003747,0.0,0.0,1.0,0.0,0.0,0.0,0.0,1.0,0.0,23.0,3500.7,2.55,21.0,166.7,2.0,7.0,1.0,0.0,0.0,0.084,0
SMB_EU_003748,0.0,1.0,0.0,0.0,0.0,0.0,0.0,0.0,0.0,30.0,5215.41,-22.78,24.0,217.31,2.0,8.0,0.0,0.0,0.0,0.109,1
SMB_EU_003749,0.0,1.0,0.0,0.0,0.0,0.0,1.0,0.0,0.0,18.0,19837.35,-9.45,131.0,151.43,3.0,8.0,1.0,1.0,1.0,0.051,0
SMB_EU_003750,0.0,0.0,0.0,0.0,1.0,0.0,0.0,0.0,1.0,24.0,12662.46,-4.21,59.0,214.62,2.0,9.0,0.0,1.0,1.0,0.055,0
SMB_EU_003751,0.0,0.0,0.0,0.0,1.0,0.0,0.0,0.0,0.0,120.0,24183.15,-12.78,122.0,198.22,1.0,6.0,1.0,0.0,2.0,0.008,0
SMB_EU_003752,0.0,0.0,0.0,0.0,1.0,0.0,1.0,0.0,0.0,8.0,14245.69,3.73,113.0,126.07,3.0,7.0,0.0,1.0,0.0,0.045,0
SMB_EU_003753,0.0,1.0,0.0,0.0,0.0,0.0,0.0,0.0,0.0,4.0,13588.34,28.67,62.0,219.17,2.0,8.0,1.0,0.0,2.0,0.083,1
SMB_EU_003754,0.0,0.0,1.0,0.0,0.0,0.0,0.0,1.0,0.0,28.0,5260.32,22.77,51.0,103.14,1.0,9.0,0.0,0.0,1.0,0.018,0
SMB_EU_003755,0.0,1.0,0.0,0.0,0.0,0.0,1.0,0.0,0.0,35.0,19542.72,3.66,105.0,186.12,2.0,13.0,1.0,0.0,0.0,0.013,0
SMB_EU_003756,0.0,0.0,0.0,0.0,0.0,0.0,0.0,0.0,0.0,23.0,16706.51,11.69,70.0,238.66,4.0,13.0,1.0,0.0,0.0,0.047,0
SMB_EU_003757,0.0,0.0,0.0,0.0,0.0,0.0,1.0,0.0,0.0,12.0,11381.13,-10.93,57.0,199.67,3.0,11.0,0.0,0.0,0.0,0.065,0
SMB_EU_003758,0.0,1.0,0.0,0.0,0.0,0.0,0.0,0.0,1.0,67.0,15173.57,-5.54,62.0,244.73,2.0,6.0,2.0,0.0,2.0,0.025,0
SMB_EU_003759,0.0,0.0,0.0,1.0,0.0,0.0,1.0,0.0,0.0,27.0,11765.84,-23.43,84.0,140.07,1.0,10.0,1.0,2.0,2.0,0.075,1
SMB_EU_003760,1.0,0.0,0.0,0.0,0.0,1.0,0.0,0.0,0.0,29.0,5555.89,13.69,61.0,91.08,3.0,9.0,0.0,0.0,1.0,0.027,0
SMB_EU_003761,0.0,0.0,0.0,0.0,0.0,0.0,0.0,0.0,1.0,45.0,8818.87,7.43,96.0,91.86,2.0,13.0,1.0,0.0,1.0,0.047,0
SMB_EU_003762,1.0,0.0,0.0,0.0,0.0,0.0,1.0,0.0,0.0,23.0,12756.31,-11.34,92.0,138.66,1.0,14.0,1.0,0.0,2.0,0.094,0
SMB_EU_003763,0.0,0.0,0.0,1.0,0.0,0.0,0.0,0.0,1.0,21.0,14336.75,-3.13,84.0,170.68,4.0,14.0,0.0,1.0,2.0,0.068,0
SMB_EU_003764,0.0,1.0,0.0,0.0,0.0,0.0,0.0,0.0,1.0,67.0,18140.81,-17.01,92.0,197.18,1.0,7.0,0.0,0.0,0.0,0.027,1
SMB_EU_003765,0.0,0.0,0.0,1.0,0.0,0.0,0.0,1.0,0.0,6.0,6959.42,-75.79,28.0,248.55,2.0,8.0,3.0,0.0,0.0,0.082,1
SMB_EU_003766,0.0,1.0,0.0,0.0,0.0,0.0,1.0,0.0,0.0,33.0,11443.31,-75.71,43.0,266.12,1.0,7.0,1.0,0.0,0.0,0.114,1
SMB_EU_003767,0.0,0.0,1.0,0.0,0.0,1.0,0.0,0.0,0.0,31.0,4590.64,11.51,20.0,229.53,4.0,10.0,0.0,0.0,1.0,0.215,0
SMB_EU_003768,0.0,0.0,0.0,1.0,0.0,0.0,0.0,1.0,0.0,19.0,3528.06,18.08,19.0,185.69,1.0,15.0,1.0,0.0,2.0,0.093,0
SMB_EU_003769,0.0,0.0,0.0,0.0,0.0,0.0,0.0,0.0,1.0,23.0,14376.62,-32.43,104.0,138.24,2.0,6.0,0.0,2.0,0.0,0.159,0
SMB_EU_003770,0.0,0.0,0.0,0.0,0.0,0.0,1.0,0.0,0.0,63.0,5668.53,27.57,33.0,171.77,3.0,6.0,2.0,1.0,1.0,0.011,0
SMB_EU_003771,0.0,0.0,1.0,0.0,0.0,0.0,0.0,1.0,0.0,14.0,4938.28,-0.18,35.0,141.09,1.0,15.0,0.0,1.0,0.0,0.158,0
SMB_EU_003772,0.0,0.0,0.0,0.0,1.0,0.0,0.0,0.0,0.0,43.0,34310.94,4.35,158.0,217.16,1.0,14.0,1.0,0.0,1.0,0.075,0
SMB_EU_003773,0.0,1.0,0.0,0.0,0.0,0.0,1.0,0.0,0.0,26.0,16639.57,-22.09,64.0,259.99,1.0,12.0,2.0,1.0,2.0,0.092,0
SMB_EU_003774,1.0,0.0,0.0,0.0,0.0,0.0,0.0,0.0,0.0,40.0,17977.55,19.81,93.0,193.31,2.0,8.0,1.0,0.0,2.0,0.098,0
SMB_EU_003775,0.0,0.0,1.0,0.0,0.0,0.0,0.0,1.0,0.0,35.0,4186.04,3.0,46.0,91.0,2.0,7.0,0.0,0.0,2.0,0.069,0
SMB_EU_003776,0.0,0.0,0.0,0.0,1.0,0.0,0.0,0.0,0.0,3.0,13929.69,-34.48,49.0,284.28,3.0,12.0,1.0,0.0,0.0,0.076,0
SMB_EU_003777,1.0,0.0,0.0,0.0,0.0,0.0,0.0,0.0,0.0,13.0,25245.46,18.31,174.0,145.09,1.0,7.0,2.0,0.0,2.0,0.09,0
SMB_EU_003778,0.0,0.0,1.0,0.0,0.0,0.0,0.0,0.0,1.0,15.0,8805.05,20.02,31.0,284.03,3.0,9.0,0.0,1.0,3.0,0.093,0
SMB_EU_003779,0.0,0.0,1.0,0.0,0.0,0.0,0.0,0.0,0.0,12.0,10730.4,-9.72,41.0,261.72,4.0,10.0,0.0,1.0,1.0,0.033,0
SMB_EU_003780,0.0,0.0,0.0,0.0,1.0,1.0,0.0,0.0,0.0,17.0,12443.82,-3.12,73.0,170.46,3.0,14.0,0.0,1.0,3.0,0.207,0
SMB_EU_003781,0.0,1.0,0.0,0.0,0.0,0.0,0.0,0.0,0.0,29.0,16726.77,-9.18,181.0,92.41,2.0,12.0,2.0,1.0,2.0,0.049,0
SMB_EU_003782,0.0,1.0,0.0,0.0,0.0,0.0,0.0,0.0,0.0,48.0,10608.94,13.43,37.0,286.73,4.0,17.0,3.0,0.0,5.0,0.047,0
SMB_EU_003783,0.0,0.0,0.0,0.0,0.0,1.0,0.0,0.0,0.0,9.0,7997.46,4.99,36.0,222.15,4.0,13.0,1.0,1.0,0.0,0.006,0
SMB_EU_003784,1.0,0.0,0.0,0.0,0.0,0.0,0.0,0.0,1.0,27.0,16118.31,16.04,119.0,135.45,2.0,8.0,0.0,0.0,0.0,0.036,0
SMB_EU_003785,1.0,0.0,0.0,0.0,0.0,0.0,0.0,0.0,0.0,32.0,8194.36,16.69,42.0,195.1,1.0,12.0,0.0,0.0,0.0,0.337,0
SMB_EU_003786,0.0,0.0,0.0,0.0,0.0,0.0,0.0,1.0,0.0,55.0,4433.39,-25.91,20.0,221.67,4.0,5.0,2.0,1.0,3.0,0.095,0
SMB_EU_003787,0.0,0.0,1.0,0.0,0.0,0.0,1.0,0.0,0.0,72.0,6899.38,20.26,53.0,130.18,3.0,13.0,1.0,1.0,1.0,0.044,0
SMB_EU_003788,0.0,0.0,0.0,1.0,0.0,0.0,1.0,0.0,0.0,23.0,10494.11,14.26,104.0,100.9,1.0,10.0,1.0,1.0,4.0,0.012,1
SMB_EU_003789,0.0,0.0,0.0,0.0,0.0,0.0,0.0,0.0,0.0,12.0,21916.84,-5.54,158.0,138.71,4.0,3.0,2.0,1.0,2.0,0.03,0
SMB_EU_003790,0.0,0.0,0.0,0.0,1.0,0.0,1.0,0.0,0.0,34.0,5746.31,5.25,64.0,89.79,2.0,11.0,1.0,0.0,1.0,0.241,0
SMB_EU_003791,0.0,0.0,0.0,0.0,0.0,0.0,0.0,0.0,0.0,12.0,6125.13,-27.99,64.0,95.71,1.0,9.0,0.0,0.0,0.0,0.058,0
SMB_EU_003792,0.0,0.0,0.0,0.0,0.0,0.0,0.0,0.0,0.0,32.0,27858.26,-11.47,243.0,114.64,1.0,11.0,1.0,0.0,2.0,0.1,0
SMB_EU_003793,0.0,0.0,1.0,0.0,0.0,0.0,1.0,0.0,0.0,14.0,4085.62,-5.57,36.0,113.49,1.0,14.0,2.0,0.0,0.0,0.15,0
SMB_EU_003794,1.0,0.0,0.0,0.0,0.0,0.0,0.0,0.0,0.0,37.0,17650.44,7.18,131.0,134.74,2.0,7.0,2.0,0.0,0.0,0.072,0
SMB_EU_003795,0.0,0.0,0.0,0.0,0.0,0.0,0.0,0.0,0.0,15.0,13857.99,1.01,48.0,288.71,2.0,9.0,1.0,0.0,0.0,0.107,0
SMB_EU_003796,0.0,0.0,1.0,0.0,0.0,1.0,0.0,0.0,0.0,67.0,6614.25,-6.48,32.0,206.7,2.0,10.0,1.0,0.0,3.0,0.113,0
SMB_EU_003797,0.0,0.0,0.0,1.0,0.0,0.0,0.0,0.0,1.0,26.0,24239.05,2.85,140.0,173.14,2.0,7.0,3.0,1.0,3.0,0.088,0
SMB_EU_003798,0.0,0.0,0.0,0.0,0.0,1.0,0.0,0.0,0.0,6.0,37141.26,40.6,182.0,204.07,3.0,8.0,0.0,0.0,1.0,0.133,0
SMB_EU_003799,0.0,0.0,0.0,0.0,0.0,0.0,0.0,0.0,0.0,49.0,5629.31,-10.28,69.0,81.58,1.0,12.0,0.0,0.0,1.0,0.028,0
SMB_EU_003800,0.0,0.0,1.0,0.0,0.0,0.0,0.0,0.0,1.0,23.0,16241.48,-3.75,59.0,275.28,4.0,11.0,1.0,1.0,0.0,0.061,0
SMB_EU_003801,0.0,1.0,0.0,0.0,0.0,0.0,0.0,1.0,0.0,39.0,4552.56,-10.02,23.0,197.94,3.0,7.0,2.0,0.0,4.0,0.01,0
SMB_EU_003802,0.0,0.0,0.0,0.0,1.0,0.0,1.0,0.0,0.0,50.0,15001.56,-51.86,84.0,178.59,3.0,10.0,0.0,0.0,4.0,0.082,0
SMB_EU_003803,1.0,0.0,0.0,0.0,0.0,0.0,1.0,0.0,0.0,27.0,14207.92,-13.53,49.0,289.96,2.0,14.0,0.0,1.0,1.0,0.081,0
SMB_EU_003804,0.0,0.0,0.0,0.0,1.0,1.0,0.0,0.0,0.0,8.0,13979.7,10.74,58.0,241.03,4.0,8.0,0.0,0.0,0.0,0.102,0
SMB_EU_003805,0.0,1.0,0.0,0.0,0.0,1.0,0.0,0.0,0.0,29.0,7118.79,-0.09,46.0,154.76,1.0,8.0,0.0,0.0,2.0,0.073,0
SMB_EU_003806,0.0,0.0,0.0,0.0,1.0,0.0,0.0,1.0,0.0,62.0,2932.02,-35.82,10.0,293.2,1.0,9.0,0.0,0.0,1.0,0.018,0
SMB_EU_003807,0.0,0.0,0.0,1.0,0.0,0.0,0.0,1.0,0.0,24.0,8723.56,-24.74,33.0,264.35,3.0,9.0,1.0,1.0,0.0,0.102,1
SMB_EU_003808,0.0,1.0,0.0,0.0,0.0,1.0,0.0,0.0,0.0,35.0,6440.19,-2.44,22.0,292.74,3.0,13.0,0.0,0.0,1.0,0.123,0
SMB_EU_003809,0.0,0.0,0.0,0.0,0.0,0.0,0.0,0.0,1.0,14.0,7821.83,-56.55,77.0,101.58,1.0,13.0,2.0,0.0,1.0,0.054,1
SMB_EU_003810,0.0,0.0,0.0,0.0,0.0,0.0,0.0,0.0,0.0,7.0,11271.93,12.45,39.0,289.02,2.0,7.0,0.0,2.0,0.0,0.091,0
SMB_EU_003811,0.0,0.0,1.0,0.0,0.0,0.0,1.0,0.0,0.0,23.0,14632.47,2.54,73.0,200.44,2.0,21.0,0.0,0.0,1.0,0.049,0
SMB_EU_003812,0.0,0.0,0.0,1.0,0.0,0.0,0.0,1.0,0.0,27.0,13084.91,0.33,57.0,229.56,2.0,12.0,0.0,0.0,2.0,0.075,0
SMB_EU_003813,0.0,1.0,0.0,0.0,0.0,0.0,0.0,0.0,0.0,54.0,7321.67,-6.99,58.0,126.24,2.0,11.0,0.0,0.0,0.0,0.235,0
SMB_EU_003814,0.0,0.0,1.0,0.0,0.0,0.0,0.0,1.0,0.0,28.0,7261.67,11.17,65.0,111.72,4.0,11.0,2.0,0.0,0.0,0.058,0
SMB_EU_003815,0.0,1.0,0.0,0.0,0.0,0.0,0.0,0.0,1.0,51.0,7197.92,5.23,74.0,97.27,4.0,10.0,2.0,0.0,1.0,0.011,0
SMB_EU_003816,0.0,0.0,1.0,0.0,0.0,1.0,0.0,0.0,0.0,19.0,2487.79,-26.5,14.0,177.7,4.0,9.0,1.0,0.0,1.0,0.016,0
SMB_EU_003817,0.0,1.0,0.0,0.0,0.0,1.0,0.0,0.0,0.0,8.0,6556.02,-18.38,51.0,128.55,2.0,9.0,0.0,0.0,1.0,0.179,0
SMB_EU_003818,1.0,0.0,0.0,0.0,0.0,0.0,0.0,0.0,0.0,36.0,9099.03,16.02,93.0,97.84,1.0,13.0,1.0,0.0,1.0,0.066,0
SMB_EU_003819,1.0,0.0,0.0,0.0,0.0,0.0,0.0,0.0,0.0,66.0,5820.57,9.07,20.0,291.03,2.0,8.0,2.0,0.0,1.0,0.239,0
SMB_EU_003820,0.0,0.0,0.0,1.0,0.0,0.0,0.0,0.0,0.0,17.0,9384.0,3.83,39.0,240.62,2.0,13.0,1.0,0.0,1.0,0.14,0
SMB_EU_003821,0.0,1.0,0.0,0.0,0.0,1.0,0.0,0.0,0.0,40.0,3238.45,-99.69,17.0,190.5,1.0,12.0,1.0,0.0,1.0,0.181,1
SMB_EU_003822,0.0,1.0,0.0,0.0,0.0,0.0,0.0,1.0,0.0,41.0,3392.02,-0.57,14.0,242.29,2.0,10.0,1.0,0.0,0.0,0.113,0
SMB_EU_003823,1.0,0.0,0.0,0.0,0.0,1.0,0.0,0.0,0.0,7.0,2708.05,-3.62,13.0,208.31,2.0,10.0,0.0,0.0,0.0,0.052,0
SMB_EU_003824,0.0,1.0,0.0,0.0,0.0,0.0,1.0,0.0,0.0,22.0,6311.4,-9.28,53.0,119.08,4.0,11.0,2.0,0.0,1.0,0.022,0
SMB_EU_003825,0.0,0.0,0.0,0.0,0.0,0.0,0.0,0.0,0.0,42.0,9777.67,11.31,45.0,217.28,1.0,10.0,1.0,0.0,2.0,0.019,0
SMB_EU_003826,0.0,0.0,0.0,0.0,0.0,0.0,0.0,1.0,0.0,33.0,6263.92,10.72,27.0,232.0,3.0,10.0,2.0,0.0,2.0,0.014,0
SMB_EU_003827,0.0,0.0,0.0,1.0,0.0,0.0,0.0,0.0,0.0,42.0,21416.76,6.55,162.0,132.2,2.0,8.0,0.0,0.0,3.0,0.11,0
SMB_EU_003828,0.0,0.0,0.0,1.0,0.0,0.0,0.0,0.0,0.0,38.0,17533.96,15.57,117.0,149.86,1.0,8.0,0.0,0.0,0.0,0.19,0
SMB_EU_003829,0.0,0.0,0.0,0.0,1.0,0.0,0.0,1.0,0.0,25.0,4341.29,-15.33,26.0,166.97,1.0,5.0,0.0,0.0,0.0,0.082,0
SMB_EU_003830,0.0,1.0,0.0,0.0,0.0,1.0,0.0,0.0,0.0,27.0,5125.88,-6.8,24.0,213.58,1.0,10.0,1.0,0.0,3.0,0.046,0
SMB_EU_003831,0.0,1.0,0.0,0.0,0.0,0.0,0.0,0.0,0.0,53.0,9077.56,1.12,84.0,108.07,1.0,12.0,0.0,1.0,0.0,0.053,0
SMB_EU_003832,1.0,0.0,0.0,0.0,0.0,0.0,0.0,1.0,0.0,29.0,3069.89,-9.33,13.0,236.15,1.0,5.0,0.0,0.0,0.0,0.203,0
SMB_EU_003833,1.0,0.0,0.0,0.0,0.0,0.0,1.0,0.0,0.0,15.0,12202.05,10.91,78.0,156.44,4.0,11.0,1.0,1.0,0.0,0.009,0
SMB_EU_003834,0.0,1.0,0.0,0.0,0.0,0.0,0.0,0.0,1.0,23.0,3131.16,-7.83,13.0,240.86,1.0,9.0,2.0,0.0,2.0,0.159,0
SMB_EU_003835,0.0,0.0,0.0,1.0,0.0,0.0,1.0,0.0,0.0,35.0,7621.75,19.48,27.0,282.29,3.0,14.0,0.0,0.0,1.0,0.125,0
SMB_EU_003836,0.0,1.0,0.0,0.0,0.0,0.0,1.0,0.0,0.0,51.0,6588.49,-13.97,24.0,274.52,4.0,14.0,1.0,0.0,0.0,0.055,0
SMB_EU_003837,0.0,0.0,0.0,0.0,1.0,0.0,0.0,1.0,0.0,7.0,7162.92,31.98,30.0,238.76,2.0,10.0,1.0,1.0,2.0,0.044,0
SMB_EU_003838,0.0,0.0,0.0,0.0,0.0,0.0,1.0,0.0,0.0,22.0,3402.24,30.44,28.0,121.51,1.0,4.0,1.0,0.0,1.0,0.087,0
SMB_EU_003839,0.0,0.0,0.0,0.0,1.0,0.0,0.0,1.0,0.0,48.0,5037.58,-1.42,21.0,239.88,2.0,9.0,2.0,1.0,0.0,0.123,1
SMB_EU_003840,0.0,0.0,1.0,0.0,0.0,0.0,0.0,1.0,0.0,14.0,6142.48,17.19,28.0,219.37,1.0,8.0,1.0,0.0,1.0,0.083,0
SMB_EU_003841,0.0,0.0,0.0,1.0,0.0,0.0,0.0,1.0,0.0,14.0,1594.56,-6.01,6.0,265.76,1.0,9.0,0.0,0.0,1.0,0.044,0
SMB_EU_003842,0.0,0.0,0.0,0.0,0.0,0.0,0.0,0.0,1.0,27.0,4723.87,-43.04,17.0,277.87,2.0,9.0,0.0,1.0,0.0,0.053,0
SMB_EU_003843,0.0,0.0,0.0,1.0,0.0,0.0,0.0,0.0,0.0,6.0,14196.23,-2.64,96.0,147.88,2.0,6.0,0.0,0.0,2.0,0.039,0
SMB_EU_003844,0.0,1.0,0.0,0.0,0.0,0.0,0.0,1.0,0.0,77.0,6806.83,-19.28,31.0,219.58,3.0,10.0,3.0,1.0,3.0,0.091,0
SMB_EU_003845,0.0,0.0,0.0,0.0,0.0,0.0,1.0,0.0,0.0,35.0,8925.76,-52.99,64.0,139.46,2.0,9.0,2.0,1.0,1.0,0.122,1
SMB_EU_003846,0.0,0.0,1.0,0.0,0.0,0.0,0.0,0.0,0.0,40.0,20995.81,-4.03,134.0,156.69,3.0,11.0,1.0,0.0,0.0,0.073,0
SMB_EU_003847,0.0,0.0,0.0,0.0,1.0,0.0,0.0,1.0,0.0,55.0,2616.44,4.19,13.0,201.26,1.0,10.0,1.0,0.0,0.0,0.1,0
SMB_EU_003848,0.0,0.0,1.0,0.0,0.0,0.0,0.0,0.0,0.0,105.0,5782.29,-5.31,33.0,175.22,1.0,7.0,0.0,1.0,3.0,0.03,0
SMB_EU_003849,1.0,0.0,0.0,0.0,0.0,1.0,0.0,0.0,0.0,25.0,6312.07,0.55,30.0,210.4,2.0,5.0,0.0,0.0,1.0,0.07,0
SMB_EU_003850,0.0,0.0,0.0,0.0,0.0,0.0,0.0,0.0,0.0,7.0,7173.82,-18.27,29.0,247.37,4.0,12.0,1.0,0.0,0.0,0.063,0
SMB_EU_003851,0.0,1.0,0.0,0.0,0.0,1.0,0.0,0.0,0.0,33.0,3570.0,-6.81,17.0,210.0,3.0,8.0,2.0,2.0,0.0,0.049,0
SMB_EU_003852,0.0,0.0,0.0,0.0,0.0,0.0,0.0,0.0,1.0,14.0,15746.08,-5.06,54.0,291.59,3.0,14.0,1.0,0.0,3.0,0.186,0
SMB_EU_003853,0.0,0.0,1.0,0.0,0.0,0.0,1.0,0.0,0.0,10.0,8961.17,15.81,37.0,242.19,2.0,10.0,2.0,0.0,0.0,0.061,0
SMB_EU_003854,0.0,0.0,0.0,0.0,1.0,1.0,0.0,0.0,0.0,18.0,4266.84,-36.97,14.0,304.77,2.0,16.0,0.0,0.0,1.0,0.17,0
SMB_EU_003855,0.0,0.0,1.0,0.0,0.0,0.0,0.0,1.0,0.0,24.0,3289.12,0.19,14.0,234.94,1.0,13.0,0.0,0.0,0.0,0.092,0
SMB_EU_003856,0.0,0.0,0.0,0.0,0.0,0.0,0.0,0.0,0.0,56.0,21771.53,-6.0,114.0,190.98,2.0,8.0,1.0,0.0,0.0,0.058,0
SMB_EU_003857,0.0,1.0,0.0,0.0,0.0,0.0,1.0,0.0,0.0,79.0,9084.99,20.41,53.0,171.41,2.0,11.0,1.0,0.0,2.0,0.119,0
SMB_EU_003858,0.0,0.0,1.0,0.0,0.0,1.0,0.0,0.0,0.0,11.0,2895.12,-7.92,12.0,241.26,2.0,10.0,0.0,0.0,1.0,0.05,0
SMB_EU_003859,0.0,1.0,0.0,0.0,0.0,0.0,0.0,0.0,0.0,19.0,4661.59,7.75,20.0,233.08,4.0,7.0,0.0,1.0,1.0,0.118,0
SMB_EU_003860,1.0,0.0,0.0,0.0,0.0,0.0,1.0,0.0,0.0,39.0,24742.51,-21.81,109.0,227.0,3.0,7.0,1.0,1.0,1.0,0.132,0
SMB_EU_003861,1.0,0.0,0.0,0.0,0.0,0.0,0.0,1.0,0.0,42.0,2401.16,-22.39,10.0,240.12,1.0,6.0,0.0,0.0,0.0,0.099,0
SMB_EU_003862,0.0,0.0,1.0,0.0,0.0,0.0,0.0,0.0,0.0,12.0,20587.17,-33.96,76.0,270.88,4.0,15.0,1.0,1.0,3.0,0.073,0
SMB_EU_003863,0.0,1.0,0.0,0.0,0.0,0.0,0.0,0.0,1.0,48.0,22278.91,-6.47,171.0,130.29,1.0,13.0,0.0,1.0,3.0,0.154,0
SMB_EU_003864,0.0,1.0,0.0,0.0,0.0,0.0,0.0,1.0,0.0,15.0,5462.99,14.19,27.0,202.33,1.0,10.0,0.0,1.0,2.0,0.045,0
SMB_EU_003865,0.0,0.0,0.0,0.0,0.0,1.0,0.0,0.0,0.0,12.0,4184.96,10.13,20.0,209.25,4.0,10.0,1.0,0.0,3.0,0.046,0
SMB_EU_003866,0.0,1.0,0.0,0.0,0.0,0.0,1.0,0.0,0.0,38.0,3400.12,-3.5,24.0,141.67,2.0,15.0,0.0,0.0,0.0,0.031,0
SMB_EU_003867,0.0,1.0,0.0,0.0,0.0,0.0,0.0,0.0,0.0,57.0,6322.05,-15.71,21.0,301.05,3.0,14.0,1.0,0.0,2.0,0.08,0
SMB_EU_003868,0.0,0.0,1.0,0.0,0.0,0.0,1.0,0.0,0.0,33.0,10028.77,-41.81,40.0,250.72,1.0,12.0,1.0,1.0,0.0,0.055,0
SMB_EU_003869,0.0,0.0,1.0,0.0,0.0,0.0,0.0,0.0,1.0,29.0,21494.79,-1.01,143.0,150.31,4.0,4.0,0.0,0.0,1.0,0.007,0
SMB_EU_003870,0.0,0.0,0.0,0.0,0.0,0.0,1.0,0.0,0.0,25.0,6310.19,-24.28,40.0,157.75,3.0,14.0,2.0,0.0,1.0,0.086,0
SMB_EU_003871,0.0,1.0,0.0,0.0,0.0,0.0,0.0,0.0,0.0,28.0,10746.91,-22.99,45.0,238.82,2.0,11.0,3.0,0.0,0.0,0.077,1
SMB_EU_003872,0.0,0.0,0.0,0.0,0.0,0.0,0.0,0.0,0.0,22.0,22794.95,6.56,276.0,82.59,3.0,8.0,1.0,0.0,2.0,0.163,0
SMB_EU_003873,0.0,0.0,0.0,0.0,0.0,0.0,0.0,0.0,0.0,38.0,9939.15,-19.14,55.0,180.71,4.0,10.0,0.0,0.0,1.0,0.003,1
SMB_EU_003874,1.0,0.0,0.0,0.0,0.0,0.0,1.0,0.0,0.0,28.0,9432.22,27.89,61.0,154.63,2.0,13.0,1.0,0.0,0.0,0.07,0
SMB_EU_003875,0.0,0.0,0.0,0.0,0.0,1.0,0.0,0.0,0.0,101.0,6152.39,-62.91,23.0,267.5,2.0,12.0,0.0,0.0,1.0,0.069,0
SMB_EU_003876,0.0,1.0,0.0,0.0,0.0,0.0,1.0,0.0,0.0,33.0,6257.37,-0.01,25.0,250.29,3.0,9.0,2.0,0.0,2.0,0.094,0
SMB_EU_003877,0.0,0.0,0.0,0.0,0.0,0.0,1.0,0.0,0.0,22.0,7925.76,2.39,52.0,152.42,2.0,6.0,0.0,0.0,1.0,0.076,0
SMB_EU_003878,0.0,0.0,0.0,0.0,1.0,0.0,0.0,0.0,0.0,11.0,43204.36,-10.94,160.0,270.03,4.0,8.0,2.0,1.0,0.0,0.039,0
SMB_EU_003879,0.0,0.0,1.0,0.0,0.0,0.0,0.0,1.0,0.0,13.0,7186.17,-33.6,26.0,276.39,1.0,8.0,0.0,0.0,0.0,0.045,0
SMB_EU_003880,0.0,1.0,0.0,0.0,0.0,1.0,0.0,0.0,0.0,34.0,11556.64,-55.37,57.0,202.75,2.0,12.0,0.0,0.0,0.0,0.083,0
SMB_EU_003881,0.0,0.0,0.0,1.0,0.0,0.0,0.0,0.0,0.0,17.0,8643.72,-11.3,75.0,115.25,3.0,7.0,2.0,0.0,3.0,0.196,0
SMB_EU_003882,1.0,0.0,0.0,0.0,0.0,1.0,0.0,0.0,0.0,30.0,11580.48,1.75,46.0,251.75,2.0,12.0,0.0,0.0,2.0,0.258,0
SMB_EU_003883,0.0,0.0,0.0,0.0,1.0,0.0,0.0,0.0,0.0,59.0,22009.24,-1.83,146.0,150.75,1.0,7.0,1.0,1.0,0.0,0.033,0
SMB_EU_003884,0.0,1.0,0.0,0.0,0.0,0.0,0.0,0.0,1.0,9.0,3660.01,3.95,19.0,192.63,2.0,10.0,1.0,1.0,1.0,0.069,0
SMB_EU_003885,0.0,0.0,0.0,0.0,1.0,0.0,1.0,0.0,0.0,23.0,11059.79,23.43,123.0,89.92,4.0,4.0,1.0,0.0,0.0,0.194,0
SMB_EU_003886,0.0,0.0,0.0,0.0,1.0,1.0,0.0,0.0,0.0,2.0,4409.65,-8.19,23.0,191.72,2.0,12.0,0.0,1.0,0.0,0.042,0
SMB_EU_003887,0.0,0.0,0.0,0.0,1.0,0.0,0.0,1.0,0.0,7.0,1977.74,-7.03,12.0,164.81,1.0,15.0,1.0,0.0,1.0,0.07,0
SMB_EU_003888,0.0,0.0,1.0,0.0,0.0,0.0,0.0,1.0,0.0,31.0,5404.89,-24.99,23.0,235.0,3.0,9.0,0.0,0.0,1.0,0.089,0
SMB_EU_003889,0.0,0.0,1.0,0.0,0.0,0.0,1.0,0.0,0.0,8.0,11054.83,-2.93,124.0,89.15,2.0,7.0,1.0,0.0,1.0,0.135,1
SMB_EU_003890,0.0,1.0,0.0,0.0,0.0,0.0,0.0,0.0,0.0,9.0,16428.46,6.15,76.0,216.16,2.0,13.0,1.0,0.0,3.0,0.019,0
SMB_EU_003891,1.0,0.0,0.0,0.0,0.0,0.0,0.0,1.0,0.0,73.0,4683.07,-7.25,19.0,246.48,2.0,6.0,0.0,0.0,0.0,0.078,0
SMB_EU_003892,0.0,0.0,0.0,1.0,0.0,0.0,1.0,0.0,0.0,16.0,6560.65,6.25,79.0,83.05,1.0,10.0,1.0,0.0,2.0,0.091,0
SMB_EU_003893,0.0,0.0,1.0,0.0,0.0,0.0,0.0,1.0,0.0,12.0,21963.69,-2.66,90.0,244.04,2.0,12.0,3.0,0.0,0.0,0.099,0
SMB_EU_003894,0.0,0.0,0.0,1.0,0.0,0.0,0.0,1.0,0.0,59.0,2459.35,-19.53,23.0,106.93,2.0,11.0,0.0,0.0,2.0,0.042,0
SMB_EU_003895,1.0,0.0,0.0,0.0,0.0,0.0,0.0,1.0,0.0,12.0,8441.76,-50.3,36.0,234.49,2.0,10.0,1.0,1.0,0.0,0.133,1
SMB_EU_003896,1.0,0.0,0.0,0.0,0.0,0.0,1.0,0.0,0.0,33.0,8074.37,-3.09,45.0,179.43,1.0,6.0,0.0,1.0,0.0,0.066,0
SMB_EU_003897,0.0,0.0,0.0,0.0,0.0,0.0,0.0,1.0,0.0,34.0,2994.44,1.84,15.0,199.63,1.0,6.0,2.0,0.0,1.0,0.026,0
SMB_EU_003898,1.0,0.0,0.0,0.0,0.0,1.0,0.0,0.0,0.0,46.0,5828.27,-8.5,38.0,153.38,3.0,9.0,0.0,0.0,0.0,0.137,0
SMB_EU_003899,0.0,0.0,1.0,0.0,0.0,0.0,0.0,1.0,0.0,10.0,2167.73,-9.83,16.0,135.48,2.0,6.0,1.0,0.0,1.0,0.08,0
SMB_EU_003900,0.0,0.0,0.0,0.0,1.0,0.0,1.0,0.0,0.0,13.0,5596.53,-47.82,59.0,94.86,1.0,9.0,4.0,0.0,2.0,0.099,1
SMB_EU_003901,0.0,0.0,0.0,1.0,0.0,0.0,1.0,0.0,0.0,16.0,7777.86,-3.46,29.0,268.2,1.0,9.0,0.0,0.0,0.0,0.209,0
SMB_EU_003902,0.0,1.0,0.0,0.0,0.0,0.0,0.0,0.0,0.0,14.0,5914.34,25.86,28.0,211.23,1.0,8.0,1.0,0.0,1.0,0.101,0
SMB_EU_003903,0.0,0.0,0.0,0.0,1.0,0.0,1.0,0.0,0.0,44.0,10840.3,11.98,37.0,292.98,2.0,8.0,0.0,0.0,0.0,0.031,0
SMB_EU_003904,0.0,1.0,0.0,0.0,0.0,1.0,0.0,0.0,0.0,34.0,3365.25,8.18,13.0,258.87,2.0,7.0,0.0,2.0,1.0,0.093,0
SMB_EU_003905,0.0,0.0,0.0,0.0,1.0,0.0,0.0,0.0,1.0,37.0,3766.67,-50.54,14.0,269.05,1.0,6.0,0.0,2.0,1.0,0.038,0
SMB_EU_003906,0.0,0.0,0.0,1.0,0.0,0.0,0.0,0.0,0.0,7.0,7844.4,-30.39,37.0,212.01,2.0,8.0,1.0,1.0,2.0,0.154,0
SMB_EU_003907,0.0,0.0,0.0,1.0,0.0,0.0,0.0,1.0,0.0,30.0,18449.0,-12.11,189.0,97.61,1.0,11.0,1.0,1.0,1.0,0.127,0
SMB_EU_003908,0.0,1.0,0.0,0.0,0.0,0.0,1.0,0.0,0.0,65.0,2441.48,-64.36,9.0,271.28,1.0,9.0,0.0,3.0,3.0,0.036,1
SMB_EU_003909,0.0,0.0,1.0,0.0,0.0,0.0,1.0,0.0,0.0,93.0,10392.82,-51.49,98.0,106.05,3.0,8.0,1.0,0.0,0.0,0.187,0
SMB_EU_003910,0.0,1.0,0.0,0.0,0.0,0.0,1.0,0.0,0.0,18.0,5096.02,-0.5,26.0,196.0,3.0,11.0,0.0,1.0,3.0,0.142,0
SMB_EU_003911,0.0,0.0,0.0,0.0,0.0,0.0,0.0,0.0,0.0,47.0,12157.83,9.84,45.0,270.17,3.0,10.0,1.0,0.0,2.0,0.205,0
SMB_EU_003912,0.0,1.0,0.0,0.0,0.0,0.0,0.0,0.0,1.0,14.0,12930.43,4.1,70.0,184.72,1.0,10.0,0.0,0.0,0.0,0.187,0
SMB_EU_003913,0.0,0.0,0.0,0.0,0.0,0.0,1.0,0.0,0.0,7.0,11159.96,-10.16,96.0,116.25,1.0,5.0,0.0,0.0,0.0,0.152,0
SMB_EU_003914,0.0,0.0,0.0,0.0,1.0,1.0,0.0,0.0,0.0,7.0,3988.21,-4.68,25.0,159.53,2.0,6.0,0.0,1.0,0.0,0.279,0
SMB_EU_003915,0.0,0.0,0.0,0.0,1.0,0.0,0.0,0.0,0.0,59.0,6641.62,-42.07,22.0,301.89,3.0,9.0,0.0,0.0,1.0,0.177,0
SMB_EU_003916,0.0,1.0,0.0,0.0,0.0,0.0,0.0,0.0,1.0,19.0,13072.48,5.16,44.0,297.1,2.0,8.0,0.0,0.0,3.0,0.12,0
SMB_EU_003917,1.0,0.0,0.0,0.0,0.0,0.0,1.0,0.0,0.0,17.0,11143.63,3.69,47.0,237.1,2.0,14.0,0.0,1.0,0.0,0.027,0
SMB_EU_003918,0.0,1.0,0.0,0.0,0.0,0.0,1.0,0.0,0.0,43.0,6742.7,19.23,24.0,280.95,1.0,7.0,2.0,0.0,3.0,0.059,0
SMB_EU_003919,0.0,0.0,1.0,0.0,0.0,0.0,1.0,0.0,0.0,9.0,10429.19,-28.54,116.0,89.91,2.0,8.0,1.0,0.0,1.0,0.016,1
SMB_EU_003920,1.0,0.0,0.0,0.0,0.0,0.0,0.0,0.0,0.0,36.0,11479.38,-19.79,82.0,139.99,3.0,7.0,0.0,2.0,1.0,0.043,0
SMB_EU_003921,0.0,0.0,0.0,0.0,1.0,0.0,0.0,0.0,0.0,22.0,9132.39,-60.99,57.0,160.22,2.0,9.0,1.0,0.0,3.0,0.203,1
SMB_EU_003922,0.0,1.0,0.0,0.0,0.0,0.0,0.0,1.0,0.0,88.0,5011.9,-0.21,61.0,82.16,1.0,5.0,1.0,0.0,2.0,0.131,0
SMB_EU_003923,1.0,0.0,0.0,0.0,0.0,1.0,0.0,0.0,0.0,19.0,8192.17,32.27,50.0,163.84,2.0,9.0,0.0,2.0,1.0,0.111,0
SMB_EU_003924,0.0,1.0,0.0,0.0,0.0,1.0,0.0,0.0,0.0,23.0,7223.28,-4.95,72.0,100.32,3.0,12.0,1.0,0.0,4.0,0.147,0
SMB_EU_003925,0.0,0.0,0.0,0.0,1.0,0.0,0.0,0.0,0.0,7.0,20359.5,-14.74,105.0,193.9,1.0,13.0,1.0,1.0,1.0,0.024,0
SMB_EU_003926,0.0,0.0,0.0,0.0,0.0,0.0,1.0,0.0,0.0,96.0,5068.75,6.57,63.0,80.46,2.0,9.0,0.0,0.0,1.0,0.056,0
SMB_EU_003927,0.0,0.0,1.0,0.0,0.0,0.0,0.0,0.0,0.0,20.0,38751.86,7.45,278.0,139.4,4.0,8.0,2.0,2.0,2.0,0.169,0
SMB_EU_003928,0.0,0.0,1.0,0.0,0.0,0.0,0.0,0.0,1.0,75.0,7328.68,-1.11,27.0,271.43,2.0,14.0,1.0,1.0,0.0,0.268,0
SMB_EU_003929,0.0,0.0,1.0,0.0,0.0,0.0,0.0,1.0,0.0,5.0,4655.68,-3.3,37.0,125.83,1.0,10.0,0.0,0.0,0.0,0.044,0
SMB_EU_003930,0.0,0.0,0.0,0.0,0.0,0.0,0.0,1.0,0.0,32.0,2266.52,14.23,24.0,94.44,2.0,8.0,1.0,0.0,0.0,0.055,0
SMB_EU_003931,0.0,0.0,0.0,0.0,1.0,0.0,0.0,1.0,0.0,90.0,4450.98,-12.8,33.0,134.88,1.0,11.0,0.0,0.0,1.0,0.07,0
SMB_EU_003932,0.0,0.0,0.0,0.0,0.0,0.0,1.0,0.0,0.0,16.0,11009.78,-5.11,42.0,262.14,1.0,8.0,1.0,1.0,0.0,0.062,0
SMB_EU_003933,0.0,0.0,1.0,0.0,0.0,0.0,1.0,0.0,0.0,30.0,12641.03,-7.83,60.0,210.68,1.0,7.0,0.0,2.0,2.0,0.22,1
SMB_EU_003934,0.0,1.0,0.0,0.0,0.0,0.0,1.0,0.0,0.0,61.0,20421.86,16.41,98.0,208.39,1.0,10.0,0.0,0.0,1.0,0.074,0
SMB_EU_003935,0.0,1.0,0.0,0.0,0.0,0.0,0.0,0.0,0.0,20.0,20495.21,4.28,256.0,80.06,3.0,13.0,0.0,1.0,0.0,0.181,0
SMB_EU_003936,0.0,0.0,1.0,0.0,0.0,0.0,1.0,0.0,0.0,7.0,9445.98,-15.97,51.0,185.22,3.0,15.0,0.0,0.0,0.0,0.056,0
SMB_EU_003937,0.0,1.0,0.0,0.0,0.0,0.0,0.0,0.0,0.0,18.0,11476.17,-54.87,83.0,138.27,1.0,12.0,2.0,0.0,2.0,0.042,0
SMB_EU_003938,0.0,0.0,0.0,0.0,0.0,1.0,0.0,0.0,0.0,32.0,4033.83,28.1,26.0,155.15,4.0,11.0,1.0,0.0,1.0,0.036,0
SMB_EU_003939,0.0,0.0,0.0,0.0,0.0,0.0,0.0,1.0,0.0,32.0,8949.4,16.25,42.0,213.08,3.0,12.0,0.0,0.0,0.0,0.216,0
SMB_EU_003940,0.0,1.0,0.0,0.0,0.0,0.0,0.0,1.0,0.0,42.0,8847.02,12.62,32.0,276.47,2.0,14.0,1.0,1.0,0.0,0.347,0
SMB_EU_003941,1.0,0.0,0.0,0.0,0.0,0.0,0.0,0.0,1.0,13.0,4716.26,-21.35,39.0,120.93,1.0,12.0,1.0,0.0,0.0,0.012,0
SMB_EU_003942,0.0,0.0,0.0,0.0,1.0,0.0,1.0,0.0,0.0,85.0,12345.59,22.63,50.0,246.91,3.0,10.0,0.0,2.0,1.0,0.03,0
SMB_EU_003943,0.0,0.0,0.0,0.0,0.0,0.0,1.0,0.0,0.0,14.0,11818.57,-16.55,130.0,90.91,2.0,11.0,0.0,0.0,0.0,0.038,0
SMB_EU_003944,0.0,1.0,0.0,0.0,0.0,1.0,0.0,0.0,0.0,28.0,3075.52,11.29,20.0,153.78,1.0,12.0,2.0,0.0,2.0,0.033,0
SMB_EU_003945,0.0,0.0,0.0,0.0,0.0,0.0,0.0,0.0,0.0,33.0,20745.39,-37.22,162.0,128.06,1.0,10.0,1.0,0.0,2.0,0.104,1
SMB_EU_003946,0.0,0.0,0.0,0.0,0.0,0.0,0.0,0.0,0.0,31.0,7991.05,-3.73,28.0,285.39,1.0,10.0,1.0,0.0,1.0,0.028,0
SMB_EU_003947,0.0,0.0,1.0,0.0,0.0,0.0,0.0,0.0,0.0,10.0,3492.0,10.89,29.0,120.41,3.0,12.0,2.0,0.0,1.0,0.043,0
SMB_EU_003948,0.0,0.0,1.0,0.0,0.0,0.0,0.0,0.0,0.0,62.0,13626.12,-2.15,66.0,206.46,1.0,8.0,1.0,0.0,1.0,0.081,0
SMB_EU_003949,0.0,0.0,0.0,0.0,0.0,0.0,0.0,0.0,0.0,17.0,17509.42,-63.22,151.0,115.96,2.0,10.0,1.0,0.0,4.0,0.14,1
SMB_EU_003950,0.0,1.0,0.0,0.0,0.0,0.0,0.0,0.0,0.0,35.0,13999.31,-65.92,76.0,184.2,1.0,11.0,1.0,1.0,1.0,0.063,1
SMB_EU_003951,0.0,0.0,0.0,0.0,0.0,0.0,0.0,0.0,0.0,30.0,83790.05,-29.8,490.0,171.0,2.0,14.0,3.0,0.0,1.0,0.111,0
SMB_EU_003952,1.0,0.0,0.0,0.0,0.0,1.0,0.0,0.0,0.0,30.0,7531.32,11.45,85.0,88.6,2.0,18.0,0.0,0.0,1.0,0.145,0
SMB_EU_003953,0.0,0.0,0.0,0.0,1.0,0.0,0.0,0.0,0.0,7.0,16384.49,-15.1,63.0,260.07,2.0,13.0,1.0,0.0,2.0,0.211,0
SMB_EU_003954,0.0,0.0,0.0,0.0,0.0,0.0,0.0,0.0,0.0,16.0,19410.32,27.88,77.0,252.08,1.0,9.0,2.0,0.0,3.0,0.013,0
SMB_EU_003955,0.0,1.0,0.0,0.0,0.0,0.0,1.0,0.0,0.0,35.0,6138.93,-53.45,43.0,142.77,1.0,7.0,1.0,1.0,0.0,0.089,0
SMB_EU_003956,0.0,0.0,0.0,0.0,1.0,0.0,0.0,0.0,0.0,7.0,26199.43,-2.63,122.0,214.75,1.0,5.0,0.0,0.0,2.0,0.042,0
SMB_EU_003957,0.0,0.0,0.0,0.0,1.0,0.0,0.0,1.0,0.0,22.0,6209.24,-27.14,39.0,159.21,2.0,11.0,0.0,0.0,1.0,0.005,0
SMB_EU_003958,0.0,1.0,0.0,0.0,0.0,0.0,0.0,1.0,0.0,28.0,6040.83,10.97,24.0,251.7,1.0,8.0,1.0,2.0,1.0,0.02,0
SMB_EU_003959,0.0,0.0,0.0,0.0,0.0,1.0,0.0,0.0,0.0,40.0,4125.91,14.83,18.0,229.22,2.0,10.0,2.0,1.0,1.0,0.019,0
SMB_EU_003960,0.0,0.0,0.0,0.0,0.0,0.0,1.0,0.0,0.0,28.0,3129.41,19.55,31.0,100.95,1.0,7.0,2.0,0.0,2.0,0.167,0
SMB_EU_003961,0.0,0.0,1.0,0.0,0.0,1.0,0.0,0.0,0.0,23.0,4441.21,-22.92,17.0,261.25,4.0,9.0,3.0,0.0,3.0,0.114,0
SMB_EU_003962,0.0,1.0,0.0,0.0,0.0,1.0,0.0,0.0,0.0,31.0,7108.84,-31.48,60.0,118.48,2.0,5.0,2.0,1.0,2.0,0.041,0
SMB_EU_003963,0.0,0.0,0.0,0.0,0.0,0.0,0.0,0.0,0.0,22.0,11487.17,8.65,97.0,118.42,1.0,6.0,0.0,2.0,1.0,0.109,0
SMB_EU_003964,0.0,0.0,1.0,0.0,0.0,0.0,0.0,0.0,0.0,13.0,17869.34,2.23,74.0,241.48,1.0,15.0,0.0,0.0,1.0,0.198,0
SMB_EU_003965,0.0,0.0,0.0,0.0,0.0,0.0,0.0,0.0,0.0,18.0,13047.98,4.4,108.0,120.81,1.0,12.0,0.0,0.0,1.0,0.08,0
SMB_EU_003966,1.0,0.0,0.0,0.0,0.0,1.0,0.0,0.0,0.0,34.0,7768.73,-5.4,73.0,106.42,4.0,11.0,1.0,0.0,1.0,0.131,0
SMB_EU_003967,0.0,1.0,0.0,0.0,0.0,0.0,0.0,1.0,0.0,23.0,2782.48,23.26,18.0,154.58,1.0,11.0,1.0,1.0,3.0,0.106,0
SMB_EU_003968,0.0,0.0,0.0,0.0,0.0,0.0,1.0,0.0,0.0,114.0,8981.58,-0.06,34.0,264.16,3.0,10.0,2.0,1.0,0.0,0.152,0
SMB_EU_003969,0.0,0.0,1.0,0.0,0.0,0.0,0.0,1.0,0.0,10.0,3403.71,-58.43,29.0,117.37,2.0,13.0,3.0,0.0,0.0,0.01,0
SMB_EU_003970,0.0,1.0,0.0,0.0,0.0,0.0,1.0,0.0,0.0,34.0,3178.7,6.8,21.0,151.37,3.0,6.0,0.0,0.0,1.0,0.123,0
SMB_EU_003971,0.0,0.0,0.0,0.0,1.0,0.0,1.0,0.0,0.0,37.0,7245.27,0.84,51.0,142.06,4.0,5.0,0.0,1.0,1.0,0.014,0
SMB_EU_003972,0.0,0.0,1.0,0.0,0.0,0.0,0.0,0.0,1.0,27.0,22624.09,19.26,143.0,158.21,4.0,12.0,0.0,1.0,0.0,0.022,0
SMB_EU_003973,0.0,1.0,0.0,0.0,0.0,0.0,0.0,0.0,1.0,21.0,3751.21,-42.34,16.0,234.45,1.0,12.0,2.0,1.0,0.0,0.094,1
SMB_EU_003974,1.0,0.0,0.0,0.0,0.0,0.0,1.0,0.0,0.0,26.0,8594.11,-16.0,51.0,168.51,3.0,8.0,0.0,0.0,0.0,0.069,0
SMB_EU_003975,0.0,1.0,0.0,0.0,0.0,0.0,0.0,0.0,0.0,26.0,24205.9,-9.19,98.0,247.0,1.0,11.0,0.0,0.0,1.0,0.031,0
SMB_EU_003976,0.0,0.0,0.0,0.0,1.0,0.0,1.0,0.0,0.0,70.0,31799.8,-15.14,144.0,220.83,1.0,12.0,1.0,1.0,1.0,0.062,0
SMB_EU_003977,0.0,1.0,0.0,0.0,0.0,0.0,0.0,0.0,0.0,5.0,11159.49,40.42,70.0,159.42,2.0,7.0,0.0,1.0,2.0,0.059,0
SMB_EU_003978,0.0,0.0,1.0,0.0,0.0,0.0,0.0,1.0,0.0,13.0,3422.04,9.53,20.0,171.1,2.0,6.0,0.0,0.0,1.0,0.148,0
SMB_EU_003979,0.0,0.0,0.0,0.0,0.0,0.0,0.0,0.0,1.0,31.0,4469.2,-66.26,19.0,235.22,2.0,17.0,2.0,2.0,0.0,0.058,1
SMB_EU_003980,0.0,0.0,0.0,1.0,0.0,1.0,0.0,0.0,0.0,52.0,11894.42,-10.13,60.0,198.24,4.0,13.0,0.0,1.0,3.0,0.179,0
SMB_EU_003981,1.0,0.0,0.0,0.0,0.0,0.0,0.0,0.0,0.0,13.0,8913.81,-32.86,33.0,270.12,3.0,9.0,3.0,1.0,2.0,0.046,0
SMB_EU_003982,1.0,0.0,0.0,0.0,0.0,1.0,0.0,0.0,0.0,11.0,4803.77,-40.79,17.0,282.57,2.0,6.0,0.0,1.0,2.0,0.026,1
SMB_EU_003983,0.0,1.0,0.0,0.0,0.0,0.0,0.0,0.0,0.0,24.0,4946.54,11.97,21.0,235.55,2.0,11.0,1.0,0.0,0.0,0.044,0
SMB_EU_003984,0.0,1.0,0.0,0.0,0.0,0.0,0.0,0.0,1.0,13.0,15296.25,-6.38,51.0,299.93,1.0,7.0,0.0,0.0,2.0,0.096,0
SMB_EU_003985,1.0,0.0,0.0,0.0,0.0,0.0,0.0,1.0,0.0,24.0,10018.09,4.59,47.0,213.15,2.0,9.0,1.0,0.0,0.0,0.068,0
SMB_EU_003986,0.0,0.0,0.0,0.0,1.0,1.0,0.0,0.0,0.0,13.0,9966.45,1.66,112.0,88.99,2.0,15.0,0.0,0.0,1.0,0.13,0
SMB_EU_003987,0.0,0.0,0.0,0.0,0.0,0.0,0.0,0.0,0.0,41.0,5725.07,-14.04,30.0,190.84,3.0,6.0,2.0,1.0,1.0,0.104,0
SMB_EU_003988,0.0,0.0,0.0,1.0,0.0,0.0,0.0,0.0,0.0,13.0,21592.39,-13.9,165.0,130.86,4.0,12.0,1.0,0.0,2.0,0.095,0
SMB_EU_003989,0.0,1.0,0.0,0.0,0.0,0.0,1.0,0.0,0.0,6.0,2932.45,-26.61,19.0,154.34,1.0,12.0,1.0,0.0,1.0,0.062,0
SMB_EU_003990,0.0,0.0,0.0,0.0,1.0,0.0,0.0,1.0,0.0,41.0,5177.19,2.95,28.0,184.9,4.0,8.0,0.0,0.0,1.0,0.043,0
SMB_EU_003991,0.0,0.0,0.0,0.0,0.0,0.0,0.0,0.0,0.0,26.0,16964.06,8.3,117.0,144.99,3.0,7.0,1.0,0.0,1.0,0.026,0
SMB_EU_003992,0.0,0.0,0.0,0.0,0.0,0.0,0.0,0.0,0.0,19.0,18068.32,11.87,122.0,148.1,1.0,10.0,1.0,0.0,2.0,0.09,0
SMB_EU_003993,1.0,0.0,0.0,0.0,0.0,0.0,0.0,0.0,0.0,19.0,20673.07,1.4,123.0,168.07,2.0,9.0,1.0,0.0,0.0,0.059,0
SMB_EU_003994,0.0,0.0,0.0,0.0,0.0,0.0,0.0,1.0,0.0,28.0,4975.96,-68.37,35.0,142.17,2.0,12.0,0.0,0.0,2.0,0.112,0
SMB_EU_003995,0.0,0.0,0.0,1.0,0.0,0.0,1.0,0.0,0.0,11.0,2464.49,9.45,21.0,117.36,2.0,13.0,1.0,0.0,0.0,0.148,0
SMB_EU_003996,0.0,0.0,0.0,1.0,0.0,0.0,0.0,1.0,0.0,8.0,6893.03,-17.5,28.0,246.18,1.0,12.0,0.0,0.0,0.0,0.049,0
SMB_EU_003997,0.0,1.0,0.0,0.0,0.0,0.0,0.0,1.0,0.0,13.0,5301.57,-4.68,32.0,165.67,2.0,4.0,0.0,1.0,0.0,0.019,0
SMB_EU_003998,0.0,1.0,0.0,0.0,0.0,0.0,0.0,0.0,1.0,21.0,5236.5,-47.31,20.0,261.82,1.0,14.0,0.0,0.0,1.0,0.067,0
SMB_EU_003999,0.0,0.0,0.0,1.0,0.0,0.0,0.0,0.0,0.0,12.0,5849.83,-50.66,21.0,278.56,4.0,9.0,1.0,0.0,2.0,0.041,0
SMB_EU_004000,0.0,0.0,0.0,0.0,0.0,0.0,1.0,0.0,0.0,69.0,20155.05,31.63,82.0,245.79,3.0,5.0,2.0,3.0,0.0,0.067,0
SMB_EU_004001,0.0,0.0,1.0,0.0,0.0,0.0,0.0,0.0,0.0,13.0,31400.71,1.57,188.0,167.03,2.0,7.0,0.0,0.0,0.0,0.042,0
SMB_EU_004002,1.0,0.0,0.0,0.0,0.0,0.0,0.0,0.0,0.0,27.0,22911.17,6.77,96.0,238.66,1.0,6.0,0.0,1.0,2.0,0.097,0
SMB_EU_004003,1.0,0.0,0.0,0.0,0.0,0.0,1.0,0.0,0.0,36.0,5331.65,-3.96,47.0,113.44,2.0,14.0,0.0,0.0,2.0,0.02,0
SMB_EU_004004,0.0,0.0,0.0,0.0,0.0,1.0,0.0,0.0,0.0,56.0,1325.2,-7.19,6.0,220.87,2.0,11.0,1.0,1.0,2.0,0.051,0
SMB_EU_004005,0.0,0.0,0.0,0.0,0.0,0.0,0.0,0.0,0.0,76.0,23732.79,-19.53,140.0,169.52,4.0,10.0,1.0,2.0,2.0,0.186,0
SMB_EU_004006,0.0,1.0,0.0,0.0,0.0,0.0,0.0,1.0,0.0,95.0,6230.46,16.5,28.0,222.52,1.0,10.0,4.0,1.0,2.0,0.038,0
SMB_EU_004007,0.0,1.0,0.0,0.0,0.0,0.0,1.0,0.0,0.0,54.0,6389.42,11.53,26.0,245.75,3.0,7.0,0.0,1.0,1.0,0.03,0
SMB_EU_004008,0.0,1.0,0.0,0.0,0.0,1.0,0.0,0.0,0.0,49.0,11782.83,-30.84,58.0,203.15,2.0,11.0,0.0,0.0,1.0,0.194,0
SMB_EU_004009,0.0,0.0,1.0,0.0,0.0,0.0,0.0,1.0,0.0,11.0,8316.46,-13.51,38.0,218.85,1.0,10.0,0.0,0.0,0.0,0.002,0
SMB_EU_004010,0.0,0.0,0.0,0.0,0.0,0.0,0.0,1.0,0.0,37.0,5557.2,2.7,44.0,126.3,1.0,10.0,0.0,0.0,1.0,0.046,0
SMB_EU_004011,0.0,0.0,0.0,0.0,0.0,0.0,0.0,1.0,0.0,22.0,5106.29,-7.47,24.0,212.76,3.0,4.0,1.0,0.0,1.0,0.219,0
SMB_EU_004012,0.0,1.0,0.0,0.0,0.0,0.0,0.0,1.0,0.0,22.0,5155.27,-3.33,28.0,184.12,1.0,9.0,0.0,1.0,2.0,0.106,0
SMB_EU_004013,0.0,0.0,1.0,0.0,0.0,0.0,0.0,0.0,1.0,19.0,13533.78,-46.78,78.0,173.51,4.0,16.0,1.0,0.0,0.0,0.05,0
SMB_EU_004014,0.0,0.0,0.0,0.0,0.0,0.0,0.0,0.0,0.0,11.0,8967.12,3.26,53.0,169.19,4.0,11.0,1.0,0.0,0.0,0.149,0
SMB_EU_004015,0.0,0.0,1.0,0.0,0.0,0.0,0.0,0.0,0.0,17.0,19368.35,3.56,131.0,147.85,2.0,8.0,0.0,1.0,0.0,0.06,0
SMB_EU_004016,0.0,1.0,0.0,0.0,0.0,0.0,1.0,0.0,0.0,13.0,4604.74,16.42,31.0,148.54,2.0,11.0,0.0,1.0,1.0,0.09,0
SMB_EU_004017,0.0,0.0,0.0,0.0,1.0,0.0,1.0,0.0,0.0,5.0,17838.78,-2.26,76.0,234.72,1.0,13.0,1.0,0.0,1.0,0.135,0
SMB_EU_004018,0.0,0.0,0.0,0.0,1.0,0.0,1.0,0.0,0.0,62.0,11009.06,-5.0,54.0,203.87,4.0,8.0,1.0,0.0,3.0,0.085,0
SMB_EU_004019,0.0,1.0,0.0,0.0,0.0,0.0,1.0,0.0,0.0,26.0,5293.63,-23.35,61.0,86.78,2.0,10.0,0.0,1.0,0.0,0.04,0
SMB_EU_004020,0.0,1.0,0.0,0.0,0.0,0.0,0.0,0.0,0.0,27.0,15743.19,16.51,174.0,90.48,2.0,6.0,0.0,1.0,2.0,0.195,0
SMB_EU_004021,0.0,1.0,0.0,0.0,0.0,0.0,1.0,0.0,0.0,25.0,4793.06,13.39,23.0,208.39,4.0,15.0,1.0,0.0,1.0,0.073,0
SMB_EU_004022,0.0,1.0,0.0,0.0,0.0,0.0,1.0,0.0,0.0,52.0,19725.44,-32.73,74.0,266.56,1.0,9.0,0.0,1.0,1.0,0.071,0
SMB_EU_004023,0.0,0.0,1.0,0.0,0.0,0.0,0.0,0.0,1.0,29.0,23830.12,-19.94,266.0,89.59,2.0,5.0,2.0,0.0,1.0,0.066,0
SMB_EU_004024,1.0,0.0,0.0,0.0,0.0,0.0,1.0,0.0,0.0,63.0,12148.14,-18.22,63.0,192.83,2.0,12.0,0.0,0.0,1.0,0.107,0
SMB_EU_004025,0.0,0.0,1.0,0.0,0.0,0.0,0.0,1.0,0.0,40.0,12723.26,-8.21,48.0,265.07,1.0,7.0,3.0,0.0,1.0,0.086,0
SMB_EU_004026,1.0,0.0,0.0,0.0,0.0,0.0,1.0,0.0,0.0,15.0,8762.83,14.48,108.0,81.14,1.0,7.0,0.0,1.0,1.0,0.151,0
SMB_EU_004027,0.0,1.0,0.0,0.0,0.0,0.0,0.0,0.0,1.0,57.0,14229.71,4.36,101.0,140.89,2.0,16.0,1.0,4.0,2.0,0.046,0
SMB_EU_004028,0.0,0.0,0.0,0.0,0.0,0.0,0.0,1.0,0.0,33.0,10425.69,-22.4,37.0,281.78,2.0,13.0,1.0,0.0,1.0,0.066,0
SMB_EU_004029,1.0,0.0,0.0,0.0,0.0,1.0,0.0,0.0,0.0,24.0,5979.36,6.06,61.0,98.02,1.0,8.0,0.0,3.0,2.0,0.027,0
SMB_EU_004030,0.0,1.0,0.0,0.0,0.0,1.0,0.0,0.0,0.0,48.0,6261.51,-12.59,29.0,215.91,4.0,9.0,0.0,1.0,2.0,0.223,0
SMB_EU_004031,0.0,0.0,1.0,0.0,0.0,0.0,1.0,0.0,0.0,27.0,14008.1,-58.11,73.0,191.89,1.0,12.0,1.0,0.0,1.0,0.011,1
SMB_EU_004032,0.0,1.0,0.0,0.0,0.0,0.0,0.0,0.0,1.0,42.0,13264.93,14.58,117.0,113.38,2.0,9.0,0.0,0.0,2.0,0.061,0
SMB_EU_004033,0.0,0.0,0.0,0.0,0.0,0.0,0.0,1.0,0.0,10.0,3177.71,11.48,36.0,88.27,1.0,5.0,0.0,0.0,1.0,0.013,0
SMB_EU_004034,0.0,0.0,0.0,0.0,1.0,0.0,0.0,1.0,0.0,27.0,1346.27,16.4,7.0,192.32,1.0,7.0,0.0,0.0,1.0,0.085,0
SMB_EU_004035,0.0,0.0,0.0,0.0,0.0,1.0,0.0,0.0,0.0,15.0,5400.24,-0.35,22.0,245.47,2.0,6.0,2.0,0.0,0.0,0.034,0
SMB_EU_004036,0.0,0.0,0.0,0.0,1.0,0.0,0.0,0.0,0.0,93.0,4262.7,13.25,36.0,118.41,2.0,2.0,2.0,2.0,0.0,0.1,0
SMB_EU_004037,0.0,0.0,0.0,0.0,1.0,0.0,0.0,1.0,0.0,60.0,2758.89,-8.79,12.0,229.91,3.0,14.0,2.0,0.0,1.0,0.027,0
SMB_EU_004038,1.0,0.0,0.0,0.0,0.0,0.0,0.0,0.0,0.0,30.0,8877.13,-3.86,44.0,201.75,2.0,11.0,0.0,0.0,1.0,0.041,0
SMB_EU_004039,0.0,0.0,1.0,0.0,0.0,1.0,0.0,0.0,0.0,57.0,4265.56,-4.89,27.0,157.98,1.0,12.0,0.0,0.0,3.0,0.004,0
SMB_EU_004040,0.0,0.0,1.0,0.0,0.0,0.0,1.0,0.0,0.0,16.0,13088.11,0.36,58.0,225.66,2.0,16.0,0.0,1.0,4.0,0.031,0
SMB_EU_004041,0.0,0.0,0.0,0.0,1.0,0.0,0.0,0.0,1.0,18.0,16774.04,-19.3,137.0,122.44,2.0,9.0,2.0,1.0,1.0,0.097,0
SMB_EU_004042,0.0,1.0,0.0,0.0,0.0,0.0,1.0,0.0,0.0,4.0,10855.65,-3.38,60.0,180.93,1.0,15.0,1.0,0.0,1.0,0.034,0
SMB_EU_004043,0.0,0.0,0.0,1.0,0.0,0.0,1.0,0.0,0.0,41.0,11692.48,21.77,58.0,201.59,4.0,13.0,2.0,2.0,2.0,0.026,0
SMB_EU_004044,0.0,0.0,1.0,0.0,0.0,1.0,0.0,0.0,0.0,3.0,8894.49,-16.39,49.0,181.52,2.0,9.0,0.0,0.0,2.0,0.048,0
SMB_EU_004045,0.0,1.0,0.0,0.0,0.0,0.0,0.0,1.0,0.0,17.0,1117.77,-19.94,7.0,159.68,1.0,15.0,0.0,0.0,0.0,0.002,0
SMB_EU_004046,0.0,0.0,0.0,1.0,0.0,1.0,0.0,0.0,0.0,9.0,6036.82,-18.73,25.0,241.47,3.0,9.0,2.0,0.0,0.0,0.074,0
SMB_EU_004047,0.0,1.0,0.0,0.0,0.0,0.0,1.0,0.0,0.0,51.0,2722.54,18.36,12.0,226.88,3.0,5.0,1.0,0.0,0.0,0.112,0
SMB_EU_004048,0.0,0.0,1.0,0.0,0.0,0.0,1.0,0.0,0.0,88.0,10858.25,6.97,49.0,221.6,3.0,13.0,3.0,0.0,0.0,0.075,0
SMB_EU_004049,0.0,0.0,0.0,0.0,1.0,0.0,0.0,1.0,0.0,45.0,1424.15,-4.05,5.0,284.83,2.0,6.0,0.0,1.0,2.0,0.106,0
SMB_EU_004050,0.0,0.0,0.0,0.0,0.0,0.0,0.0,0.0,1.0,40.0,8076.52,1.02,27.0,299.13,2.0,9.0,1.0,1.0,1.0,0.014,0
SMB_EU_004051,0.0,0.0,0.0,0.0,1.0,0.0,0.0,1.0,0.0,31.0,6945.54,3.41,34.0,204.28,3.0,8.0,1.0,1.0,0.0,0.121,0
SMB_EU_004052,0.0,0.0,1.0,0.0,0.0,0.0,0.0,0.0,0.0,29.0,7670.6,-9.61,49.0,156.54,3.0,9.0,0.0,0.0,0.0,0.034,0
SMB_EU_004053,1.0,0.0,0.0,0.0,0.0,0.0,0.0,0.0,1.0,13.0,16026.67,-7.76,64.0,250.42,2.0,14.0,1.0,0.0,2.0,0.028,1
SMB_EU_004054,0.0,0.0,1.0,0.0,0.0,0.0,0.0,0.0,0.0,7.0,20328.49,-2.37,183.0,111.08,3.0,11.0,0.0,1.0,0.0,0.105,0
SMB_EU_004055,1.0,0.0,0.0,0.0,0.0,0.0,0.0,0.0,0.0,28.0,18850.61,-10.87,98.0,192.35,1.0,7.0,0.0,0.0,1.0,0.093,0
SMB_EU_004056,0.0,0.0,0.0,0.0,0.0,0.0,0.0,0.0,0.0,33.0,22802.07,-5.95,117.0,194.89,1.0,14.0,2.0,0.0,1.0,0.034,0
SMB_EU_004057,1.0,0.0,0.0,0.0,0.0,0.0,0.0,0.0,0.0,33.0,12091.83,5.3,41.0,294.92,4.0,9.0,0.0,0.0,1.0,0.087,0
SMB_EU_004058,0.0,0.0,0.0,0.0,0.0,0.0,0.0,1.0,0.0,36.0,5477.17,-14.96,18.0,304.29,4.0,9.0,1.0,0.0,2.0,0.17,0
SMB_EU_004059,0.0,0.0,0.0,0.0,1.0,0.0,0.0,0.0,0.0,43.0,15090.74,39.15,59.0,255.78,3.0,13.0,0.0,1.0,2.0,0.072,0
SMB_EU_004060,0.0,0.0,0.0,0.0,1.0,0.0,0.0,0.0,0.0,27.0,14887.48,11.3,81.0,183.8,2.0,4.0,0.0,1.0,1.0,0.082,0
SMB_EU_004061,0.0,1.0,0.0,0.0,0.0,0.0,0.0,0.0,0.0,12.0,10022.49,-19.05,50.0,200.45,1.0,13.0,1.0,1.0,2.0,0.051,1
SMB_EU_004062,0.0,0.0,0.0,0.0,0.0,0.0,1.0,0.0,0.0,35.0,3795.9,-37.17,25.0,151.84,2.0,9.0,2.0,0.0,0.0,0.169,0
SMB_EU_004063,1.0,0.0,0.0,0.0,0.0,1.0,0.0,0.0,0.0,41.0,4902.01,-10.31,19.0,258.0,3.0,11.0,0.0,0.0,1.0,0.102,1
SMB_EU_004064,0.0,1.0,0.0,0.0,0.0,0.0,1.0,0.0,0.0,21.0,6323.5,10.27,26.0,243.21,1.0,14.0,0.0,0.0,2.0,0.071,0
SMB_EU_004065,0.0,0.0,0.0,0.0,1.0,0.0,1.0,0.0,0.0,41.0,5141.8,7.36,21.0,244.85,3.0,9.0,0.0,0.0,2.0,0.101,0
SMB_EU_004066,0.0,0.0,0.0,0.0,0.0,1.0,0.0,0.0,0.0,28.0,10004.07,-1.66,91.0,109.93,3.0,10.0,0.0,1.0,0.0,0.069,0
SMB_EU_004067,0.0,0.0,0.0,0.0,0.0,1.0,0.0,0.0,0.0,11.0,2969.62,-9.02,18.0,164.98,2.0,11.0,1.0,0.0,1.0,0.006,0
SMB_EU_004068,0.0,0.0,0.0,0.0,1.0,0.0,0.0,1.0,0.0,107.0,4511.06,-13.56,23.0,196.13,4.0,8.0,0.0,0.0,1.0,0.035,0
SMB_EU_004069,0.0,0.0,1.0,0.0,0.0,0.0,0.0,0.0,0.0,20.0,30200.37,-6.04,281.0,107.47,4.0,13.0,0.0,1.0,0.0,0.084,0
SMB_EU_004070,0.0,0.0,0.0,0.0,1.0,0.0,0.0,1.0,0.0,12.0,8627.16,-15.19,54.0,159.76,3.0,12.0,0.0,0.0,0.0,0.081,0
SMB_EU_004071,0.0,1.0,0.0,0.0,0.0,0.0,0.0,0.0,1.0,15.0,18671.55,-5.98,188.0,99.32,1.0,14.0,0.0,0.0,0.0,0.13,0
SMB_EU_004072,0.0,0.0,1.0,0.0,0.0,0.0,0.0,1.0,0.0,2.0,3507.73,19.96,12.0,292.31,4.0,11.0,0.0,0.0,1.0,0.116,0
SMB_EU_004073,0.0,0.0,1.0,0.0,0.0,1.0,0.0,0.0,0.0,21.0,9605.47,-11.57,39.0,246.29,1.0,9.0,1.0,0.0,3.0,0.027,1
SMB_EU_004074,0.0,0.0,1.0,0.0,0.0,0.0,0.0,0.0,0.0,62.0,7926.95,9.16,37.0,214.24,2.0,11.0,0.0,0.0,1.0,0.075,0
SMB_EU_004075,0.0,0.0,1.0,0.0,0.0,0.0,0.0,0.0,1.0,30.0,7627.04,-24.83,61.0,125.03,3.0,9.0,1.0,0.0,1.0,0.06,0
SMB_EU_004076,0.0,0.0,1.0,0.0,0.0,0.0,0.0,0.0,0.0,14.0,13450.24,-16.19,88.0,152.84,1.0,12.0,1.0,2.0,1.0,0.109,0
SMB_EU_004077,0.0,0.0,0.0,1.0,0.0,0.0,1.0,0.0,0.0,25.0,5662.91,-12.65,51.0,111.04,2.0,10.0,1.0,1.0,1.0,0.109,0
SMB_EU_004078,0.0,1.0,0.0,0.0,0.0,0.0,0.0,0.0,0.0,25.0,12072.88,16.03,61.0,197.92,2.0,14.0,0.0,0.0,1.0,0.067,0
SMB_EU_004079,1.0,0.0,0.0,0.0,0.0,0.0,1.0,0.0,0.0,21.0,5950.15,-13.89,23.0,258.7,2.0,14.0,0.0,0.0,0.0,0.08,0
SMB_EU_004080,0.0,1.0,0.0,0.0,0.0,0.0,0.0,0.0,1.0,49.0,4991.76,-0.86,59.0,84.61,4.0,10.0,0.0,0.0,3.0,0.123,0
SMB_EU_004081,0.0,0.0,1.0,0.0,0.0,1.0,0.0,0.0,0.0,33.0,10030.27,30.6,98.0,102.35,3.0,9.0,1.0,1.0,1.0,0.072,0
SMB_EU_004082,0.0,1.0,0.0,0.0,0.0,1.0,0.0,0.0,0.0,12.0,5377.85,14.7,41.0,131.17,1.0,9.0,2.0,0.0,1.0,0.114,0
SMB_EU_004083,0.0,0.0,1.0,0.0,0.0,1.0,0.0,0.0,0.0,48.0,6770.81,1.28,29.0,233.48,1.0,7.0,2.0,1.0,2.0,0.109,0
SMB_EU_004084,1.0,0.0,0.0,0.0,0.0,0.0,0.0,0.0,0.0,59.0,16548.85,12.61,60.0,275.81,4.0,6.0,1.0,1.0,0.0,0.086,0
SMB_EU_004085,0.0,0.0,0.0,0.0,0.0,0.0,1.0,0.0,0.0,34.0,8267.05,-0.84,34.0,243.15,2.0,10.0,0.0,0.0,2.0,0.142,1
SMB_EU_004086,0.0,0.0,0.0,0.0,0.0,1.0,0.0,0.0,0.0,22.0,6343.57,15.27,32.0,198.24,1.0,11.0,2.0,2.0,1.0,0.079,0
SMB_EU_004087,0.0,0.0,0.0,0.0,0.0,0.0,0.0,1.0,0.0,17.0,4162.8,-30.69,40.0,104.07,2.0,10.0,0.0,0.0,0.0,0.133,0
SMB_EU_004088,0.0,0.0,1.0,0.0,0.0,0.0,0.0,0.0,0.0,71.0,35131.15,-2.09,143.0,245.67,1.0,10.0,0.0,0.0,1.0,0.111,0
SMB_EU_004089,0.0,0.0,0.0,0.0,1.0,0.0,0.0,1.0,0.0,32.0,7892.28,-31.3,76.0,103.85,1.0,8.0,0.0,0.0,1.0,0.157,0
SMB_EU_004090,0.0,0.0,0.0,0.0,0.0,0.0,1.0,0.0,0.0,28.0,8088.72,-44.18,52.0,155.55,2.0,9.0,1.0,1.0,0.0,0.132,0
SMB_EU_004091,1.0,0.0,0.0,0.0,0.0,0.0,1.0,0.0,0.0,10.0,6117.84,-3.54,41.0,149.22,2.0,7.0,1.0,0.0,5.0,0.053,0
SMB_EU_004092,0.0,1.0,0.0,0.0,0.0,0.0,1.0,0.0,0.0,13.0,7449.52,20.41,47.0,158.5,1.0,5.0,0.0,0.0,3.0,0.157,0
SMB_EU_004093,0.0,0.0,0.0,1.0,0.0,0.0,0.0,0.0,0.0,8.0,19271.42,10.68,126.0,152.95,3.0,15.0,0.0,0.0,2.0,0.072,0
SMB_EU_004094,0.0,0.0,0.0,0.0,1.0,0.0,0.0,1.0,0.0,22.0,12297.57,-7.89,49.0,250.97,3.0,6.0,1.0,1.0,1.0,0.088,0
SMB_EU_004095,0.0,1.0,0.0,0.0,0.0,0.0,0.0,1.0,0.0,17.0,2193.74,-6.09,19.0,115.46,3.0,11.0,2.0,0.0,2.0,0.037,0
SMB_EU_004096,0.0,0.0,0.0,1.0,0.0,0.0,0.0,0.0,0.0,29.0,22285.03,5.71,84.0,265.3,2.0,11.0,0.0,0.0,3.0,0.071,0
SMB_EU_004097,0.0,0.0,0.0,0.0,0.0,1.0,0.0,0.0,0.0,54.0,11796.39,-35.45,44.0,268.1,3.0,5.0,2.0,0.0,2.0,0.191,0
SMB_EU_004098,0.0,0.0,0.0,0.0,0.0,0.0,0.0,1.0,0.0,41.0,2049.11,-0.49,11.0,186.28,3.0,8.0,1.0,0.0,0.0,0.067,0
SMB_EU_004099,0.0,1.0,0.0,0.0,0.0,0.0,1.0,0.0,0.0,47.0,7176.06,19.75,69.0,104.0,3.0,13.0,0.0,3.0,1.0,0.039,0
SMB_EU_004100,0.0,0.0,0.0,0.0,0.0,0.0,1.0,0.0,0.0,53.0,4223.78,-12.44,20.0,211.19,1.0,16.0,1.0,0.0,3.0,0.17,0
SMB_EU_004101,0.0,0.0,1.0,0.0,0.0,0.0,0.0,0.0,1.0,14.0,11652.75,-6.72,45.0,258.95,1.0,19.0,1.0,0.0,1.0,0.035,0
SMB_EU_004102,0.0,0.0,0.0,1.0,0.0,1.0,0.0,0.0,0.0,19.0,4839.2,-4.61,34.0,142.33,3.0,11.0,1.0,0.0,2.0,0.133,0
SMB_EU_004103,0.0,0.0,1.0,0.0,0.0,0.0,0.0,0.0,1.0,17.0,8323.99,47.37,31.0,268.52,1.0,8.0,2.0,1.0,2.0,0.021,0
SMB_EU_004104,0.0,0.0,0.0,0.0,0.0,0.0,0.0,0.0,0.0,43.0,11721.41,9.12,51.0,229.83,2.0,10.0,0.0,0.0,0.0,0.094,0
SMB_EU_004105,0.0,1.0,0.0,0.0,0.0,0.0,0.0,1.0,0.0,10.0,7702.43,16.98,26.0,296.25,1.0,4.0,0.0,0.0,1.0,0.026,0
SMB_EU_004106,0.0,0.0,1.0,0.0,0.0,0.0,1.0,0.0,0.0,64.0,9178.48,11.52,35.0,262.24,1.0,15.0,0.0,0.0,2.0,0.035,0
SMB_EU_004107,0.0,0.0,0.0,0.0,1.0,0.0,0.0,0.0,0.0,19.0,17229.21,12.53,139.0,123.95,2.0,9.0,0.0,0.0,0.0,0.008,0
SMB_EU_004108,0.0,0.0,0.0,0.0,0.0,0.0,0.0,0.0,0.0,10.0,16517.55,7.1,92.0,179.54,4.0,5.0,0.0,1.0,0.0,0.043,0
SMB_EU_004109,0.0,0.0,0.0,0.0,1.0,0.0,0.0,0.0,0.0,19.0,21147.99,5.48,206.0,102.66,3.0,7.0,2.0,1.0,2.0,0.125,0
SMB_EU_004110,0.0,0.0,1.0,0.0,0.0,0.0,1.0,0.0,0.0,20.0,6836.38,-21.76,72.0,94.95,1.0,13.0,1.0,0.0,2.0,0.157,0
SMB_EU_004111,0.0,0.0,1.0,0.0,0.0,0.0,0.0,0.0,0.0,23.0,41617.26,5.37,177.0,235.13,4.0,10.0,0.0,0.0,3.0,0.073,0
SMB_EU_004112,0.0,0.0,0.0,1.0,0.0,0.0,1.0,0.0,0.0,23.0,3813.57,-26.4,14.0,272.4,2.0,7.0,0.0,0.0,0.0,0.017,1
SMB_EU_004113,0.0,0.0,0.0,0.0,0.0,0.0,0.0,1.0,0.0,53.0,1775.15,8.18,6.0,295.86,1.0,4.0,3.0,0.0,1.0,0.105,0
SMB_EU_004114,0.0,0.0,0.0,0.0,0.0,0.0,0.0,0.0,0.0,33.0,5067.47,-36.67,36.0,140.76,2.0,14.0,0.0,0.0,2.0,0.051,0
SMB_EU_004115,0.0,0.0,1.0,0.0,0.0,0.0,1.0,0.0,0.0,10.0,2297.19,11.45,18.0,127.62,1.0,9.0,0.0,0.0,1.0,0.074,0
SMB_EU_004116,0.0,1.0,0.0,0.0,0.0,0.0,1.0,0.0,0.0,20.0,11981.26,-17.36,59.0,203.07,2.0,10.0,3.0,1.0,3.0,0.033,1
SMB_EU_004117,0.0,0.0,0.0,0.0,1.0,0.0,1.0,0.0,0.0,17.0,11136.88,-43.68,90.0,123.74,3.0,7.0,2.0,1.0,0.0,0.123,0
SMB_EU_004118,0.0,1.0,0.0,0.0,0.0,1.0,0.0,0.0,0.0,27.0,12384.25,-6.51,85.0,145.7,3.0,13.0,1.0,1.0,0.0,0.244,0
SMB_EU_004119,0.0,0.0,0.0,0.0,0.0,0.0,1.0,0.0,0.0,24.0,4243.8,-27.86,16.0,265.24,2.0,12.0,2.0,0.0,2.0,0.161,0
SMB_EU_004120,1.0,0.0,0.0,0.0,0.0,0.0,0.0,1.0,0.0,77.0,7820.24,3.58,30.0,260.67,1.0,14.0,2.0,1.0,0.0,0.104,0
SMB_EU_004121,0.0,1.0,0.0,0.0,0.0,0.0,1.0,0.0,0.0,47.0,8277.46,-50.47,30.0,275.92,1.0,16.0,1.0,1.0,2.0,0.076,1
SMB_EU_004122,0.0,0.0,0.0,1.0,0.0,0.0,1.0,0.0,0.0,39.0,8840.94,20.34,48.0,184.19,4.0,14.0,1.0,0.0,1.0,0.076,0
SMB_EU_004123,0.0,0.0,1.0,0.0,0.0,0.0,0.0,1.0,0.0,4.0,7277.68,-55.67,36.0,202.16,1.0,13.0,0.0,1.0,3.0,0.031,1
SMB_EU_004124,0.0,0.0,0.0,0.0,1.0,0.0,0.0,1.0,0.0,46.0,3176.15,-7.28,13.0,244.32,2.0,8.0,1.0,0.0,2.0,0.036,0
SMB_EU_004125,1.0,0.0,0.0,0.0,0.0,0.0,1.0,0.0,0.0,5.0,37780.42,14.08,285.0,132.56,2.0,8.0,1.0,0.0,1.0,0.148,0
SMB_EU_004126,0.0,0.0,1.0,0.0,0.0,0.0,0.0,1.0,0.0,18.0,11118.01,-4.77,43.0,258.56,1.0,9.0,1.0,0.0,1.0,0.126,0
SMB_EU_004127,0.0,0.0,1.0,0.0,0.0,0.0,0.0,0.0,0.0,20.0,10902.88,-7.47,130.0,83.87,4.0,6.0,2.0,0.0,3.0,0.105,0
SMB_EU_004128,0.0,0.0,0.0,0.0,1.0,0.0,0.0,1.0,0.0,51.0,2598.66,-14.27,10.0,259.87,1.0,7.0,1.0,1.0,1.0,0.056,0
SMB_EU_004129,0.0,1.0,0.0,0.0,0.0,1.0,0.0,0.0,0.0,12.0,5691.75,24.19,23.0,247.47,3.0,14.0,2.0,0.0,0.0,0.064,0
SMB_EU_004130,0.0,0.0,0.0,0.0,0.0,1.0,0.0,0.0,0.0,23.0,6693.35,12.8,46.0,145.51,3.0,8.0,2.0,1.0,0.0,0.077,0
SMB_EU_004131,0.0,1.0,0.0,0.0,0.0,0.0,0.0,0.0,1.0,8.0,17057.56,8.5,71.0,240.25,3.0,6.0,1.0,1.0,2.0,0.071,0
SMB_EU_004132,0.0,0.0,0.0,0.0,0.0,0.0,1.0,0.0,0.0,37.0,3967.79,41.26,31.0,127.99,3.0,10.0,0.0,0.0,1.0,0.105,0
SMB_EU_004133,0.0,0.0,1.0,0.0,0.0,1.0,0.0,0.0,0.0,18.0,7121.02,-10.99,34.0,209.44,3.0,8.0,1.0,1.0,1.0,0.118,0
SMB_EU_004134,0.0,0.0,1.0,0.0,0.0,0.0,0.0,0.0,0.0,29.0,5993.29,-67.42,26.0,230.51,2.0,6.0,2.0,0.0,1.0,0.078,1
SMB_EU_004135,0.0,0.0,1.0,0.0,0.0,0.0,1.0,0.0,0.0,1.0,10394.28,2.18,44.0,236.23,4.0,5.0,0.0,0.0,0.0,0.043,0
SMB_EU_004136,0.0,0.0,0.0,0.0,0.0,0.0,1.0,0.0,0.0,11.0,7500.27,22.73,25.0,300.01,4.0,11.0,0.0,1.0,0.0,0.099,0
SMB_EU_004137,1.0,0.0,0.0,0.0,0.0,0.0,1.0,0.0,0.0,30.0,25570.76,-14.13,213.0,120.05,2.0,13.0,0.0,0.0,0.0,0.109,0
SMB_EU_004138,0.0,1.0,0.0,0.0,0.0,1.0,0.0,0.0,0.0,40.0,2373.01,26.32,13.0,182.54,2.0,14.0,1.0,0.0,2.0,0.05,0
SMB_EU_004139,0.0,0.0,1.0,0.0,0.0,1.0,0.0,0.0,0.0,65.0,13655.26,-21.59,50.0,273.11,2.0,10.0,0.0,1.0,0.0,0.08,0
SMB_EU_004140,0.0,0.0,1.0,0.0,0.0,1.0,0.0,0.0,0.0,59.0,2158.6,-39.15,11.0,196.24,1.0,14.0,0.0,1.0,1.0,0.068,0
SMB_EU_004141,0.0,1.0,0.0,0.0,0.0,0.0,1.0,0.0,0.0,16.0,3607.86,2.6,13.0,277.53,1.0,16.0,1.0,0.0,1.0,0.033,0
SMB_EU_004142,0.0,0.0,0.0,0.0,0.0,0.0,0.0,0.0,0.0,29.0,5483.77,-13.24,31.0,176.9,1.0,16.0,0.0,3.0,1.0,0.072,1
SMB_EU_004143,0.0,0.0,0.0,0.0,0.0,0.0,0.0,0.0,1.0,43.0,10458.72,-9.32,41.0,255.09,3.0,10.0,1.0,0.0,2.0,0.072,0
SMB_EU_004144,1.0,0.0,0.0,0.0,0.0,0.0,0.0,0.0,0.0,32.0,7417.42,11.95,27.0,274.72,2.0,13.0,0.0,2.0,1.0,0.028,0
SMB_EU_004145,0.0,0.0,0.0,0.0,1.0,1.0,0.0,0.0,0.0,20.0,2671.82,-24.94,10.0,267.18,3.0,13.0,1.0,0.0,1.0,0.033,0
SMB_EU_004146,0.0,0.0,1.0,0.0,0.0,0.0,0.0,1.0,0.0,30.0,5646.85,-85.76,21.0,268.9,3.0,14.0,0.0,0.0,1.0,0.115,0
SMB_EU_004147,0.0,0.0,0.0,0.0,0.0,0.0,0.0,1.0,0.0,62.0,6556.8,2.7,51.0,128.56,1.0,15.0,0.0,0.0,0.0,0.102,0
SMB_EU_004148,0.0,1.0,0.0,0.0,0.0,0.0,0.0,0.0,0.0,25.0,15362.97,-44.64,87.0,176.59,1.0,11.0,1.0,1.0,0.0,0.045,0
SMB_EU_004149,1.0,0.0,0.0,0.0,0.0,0.0,0.0,1.0,0.0,37.0,4536.28,1.61,38.0,119.38,2.0,6.0,1.0,0.0,2.0,0.135,0
SMB_EU_004150,1.0,0.0,0.0,0.0,0.0,0.0,0.0,0.0,0.0,31.0,44943.04,-4.75,375.0,119.85,4.0,13.0,1.0,1.0,0.0,0.224,0
SMB_EU_004151,0.0,0.0,0.0,0.0,0.0,0.0,0.0,1.0,0.0,16.0,5457.22,-19.36,29.0,188.18,3.0,3.0,1.0,0.0,2.0,0.141,1
SMB_EU_004152,0.0,0.0,0.0,0.0,0.0,0.0,1.0,0.0,0.0,51.0,12972.82,23.13,45.0,288.28,3.0,5.0,1.0,0.0,1.0,0.127,0
SMB_EU_004153,1.0,0.0,0.0,0.0,0.0,0.0,0.0,0.0,0.0,26.0,16343.06,17.39,78.0,209.53,3.0,11.0,1.0,1.0,2.0,0.106,0
SMB_EU_004154,0.0,1.0,0.0,0.0,0.0,0.0,1.0,0.0,0.0,20.0,4140.08,-1.56,15.0,276.01,2.0,10.0,0.0,0.0,1.0,0.059,0
SMB_EU_004155,0.0,1.0,0.0,0.0,0.0,0.0,0.0,1.0,0.0,31.0,6954.37,-7.32,24.0,289.77,1.0,13.0,2.0,1.0,2.0,0.013,0
SMB_EU_004156,0.0,0.0,0.0,0.0,0.0,0.0,0.0,0.0,0.0,55.0,10120.59,-9.14,102.0,99.22,1.0,11.0,1.0,0.0,1.0,0.051,0
SMB_EU_004157,0.0,0.0,1.0,0.0,0.0,0.0,1.0,0.0,0.0,30.0,7574.97,-38.78,65.0,116.54,2.0,4.0,1.0,1.0,1.0,0.079,0
SMB_EU_004158,0.0,0.0,0.0,0.0,1.0,0.0,1.0,0.0,0.0,29.0,9608.84,5.31,67.0,143.42,1.0,18.0,1.0,0.0,0.0,0.074,0
SMB_EU_004159,0.0,0.0,0.0,0.0,1.0,0.0,0.0,0.0,1.0,36.0,2807.72,11.7,13.0,215.98,3.0,5.0,1.0,1.0,1.0,0.084,0
SMB_EU_004160,0.0,0.0,1.0,0.0,0.0,0.0,0.0,1.0,0.0,42.0,1903.58,-21.82,20.0,95.18,2.0,14.0,0.0,1.0,1.0,0.075,0
SMB_EU_004161,0.0,0.0,0.0,1.0,0.0,1.0,0.0,0.0,0.0,22.0,10354.64,-1.3,41.0,252.55,1.0,9.0,1.0,1.0,0.0,0.058,0
SMB_EU_004162,0.0,0.0,0.0,0.0,0.0,1.0,0.0,0.0,0.0,24.0,4028.97,2.0,43.0,93.7,3.0,10.0,3.0,0.0,0.0,0.071,1
SMB_EU_004163,0.0,0.0,1.0,0.0,0.0,0.0,0.0,0.0,0.0,20.0,10363.16,-12.8,90.0,115.15,3.0,7.0,0.0,0.0,0.0,0.07,0
SMB_EU_004164,0.0,1.0,0.0,0.0,0.0,0.0,0.0,0.0,0.0,36.0,16575.29,-7.49,101.0,164.11,1.0,12.0,0.0,1.0,1.0,0.166,0
SMB_EU_004165,0.0,0.0,1.0,0.0,0.0,0.0,0.0,0.0,1.0,26.0,7140.77,-2.49,35.0,204.02,4.0,7.0,1.0,0.0,2.0,0.005,0
SMB_EU_004166,0.0,1.0,0.0,0.0,0.0,0.0,1.0,0.0,0.0,27.0,10277.89,10.45,38.0,270.47,2.0,13.0,0.0,0.0,3.0,0.179,0
SMB_EU_004167,0.0,1.0,0.0,0.0,0.0,0.0,0.0,0.0,0.0,27.0,14546.89,20.68,50.0,290.94,3.0,9.0,0.0,0.0,1.0,0.039,0
SMB_EU_004168,0.0,0.0,0.0,0.0,0.0,0.0,0.0,0.0,0.0,9.0,16898.28,-3.44,62.0,272.55,4.0,4.0,2.0,0.0,3.0,0.031,0
SMB_EU_004169,0.0,1.0,0.0,0.0,0.0,0.0,0.0,0.0,0.0,40.0,9844.72,-15.67,95.0,103.63,1.0,8.0,0.0,0.0,1.0,0.076,0
SMB_EU_004170,0.0,0.0,0.0,0.0,0.0,0.0,0.0,0.0,0.0,21.0,16847.58,0.53,77.0,218.8,4.0,19.0,1.0,1.0,1.0,0.06,0
SMB_EU_004171,0.0,0.0,0.0,0.0,0.0,0.0,0.0,0.0,0.0,26.0,29110.64,30.17,164.0,177.5,3.0,11.0,1.0,0.0,0.0,0.039,0
SMB_EU_004172,0.0,0.0,0.0,0.0,1.0,0.0,1.0,0.0,0.0,18.0,5690.47,-14.37,53.0,107.37,1.0,14.0,0.0,0.0,1.0,0.175,0
SMB_EU_004173,0.0,0.0,0.0,1.0,0.0,0.0,0.0,0.0,0.0,12.0,25977.77,13.29,129.0,201.38,3.0,10.0,0.0,0.0,2.0,0.061,0
SMB_EU_004174,0.0,0.0,0.0,1.0,0.0,0.0,1.0,0.0,0.0,29.0,7756.3,20.04,49.0,158.29,4.0,9.0,0.0,0.0,1.0,0.199,0
SMB_EU_004175,0.0,0.0,0.0,0.0,1.0,0.0,1.0,0.0,0.0,35.0,12430.22,-5.4,80.0,155.38,3.0,9.0,0.0,0.0,0.0,0.039,0
SMB_EU_004176,0.0,0.0,0.0,0.0,1.0,0.0,1.0,0.0,0.0,105.0,8642.61,-10.51,86.0,100.5,3.0,7.0,2.0,0.0,0.0,0.095,0
SMB_EU_004177,0.0,0.0,1.0,0.0,0.0,0.0,0.0,1.0,0.0,17.0,4900.77,8.62,17.0,288.28,1.0,10.0,0.0,0.0,1.0,0.134,0
SMB_EU_004178,1.0,0.0,0.0,0.0,0.0,0.0,0.0,0.0,0.0,44.0,18502.17,5.3,77.0,240.29,1.0,8.0,0.0,1.0,1.0,0.181,0
SMB_EU_004179,0.0,1.0,0.0,0.0,0.0,1.0,0.0,0.0,0.0,21.0,12427.58,-15.2,88.0,141.22,2.0,9.0,2.0,2.0,4.0,0.067,0
SMB_EU_004180,0.0,1.0,0.0,0.0,0.0,0.0,0.0,1.0,0.0,47.0,5760.91,31.11,20.0,288.05,2.0,7.0,0.0,0.0,1.0,0.027,0
SMB_EU_004181,0.0,1.0,0.0,0.0,0.0,1.0,0.0,0.0,0.0,39.0,7995.49,2.51,28.0,285.55,4.0,7.0,0.0,0.0,1.0,0.088,0
SMB_EU_004182,0.0,0.0,1.0,0.0,0.0,0.0,0.0,0.0,0.0,17.0,12024.66,-17.88,47.0,255.84,2.0,10.0,0.0,0.0,1.0,0.217,0
SMB_EU_004183,0.0,0.0,1.0,0.0,0.0,0.0,0.0,0.0,0.0,11.0,38497.07,1.0,171.0,225.13,1.0,19.0,0.0,0.0,2.0,0.236,0
SMB_EU_004184,0.0,1.0,0.0,0.0,0.0,0.0,0.0,0.0,0.0,8.0,22026.64,3.62,135.0,163.16,1.0,10.0,2.0,0.0,0.0,0.025,0
SMB_EU_004185,0.0,0.0,0.0,0.0,0.0,1.0,0.0,0.0,0.0,50.0,6286.37,19.01,36.0,174.62,1.0,9.0,1.0,0.0,2.0,0.011,0
SMB_EU_004186,0.0,0.0,1.0,0.0,0.0,0.0,0.0,0.0,0.0,13.0,13935.76,-2.95,77.0,180.98,1.0,8.0,2.0,0.0,2.0,0.011,1
SMB_EU_004187,0.0,0.0,0.0,0.0,0.0,0.0,0.0,1.0,0.0,49.0,8990.63,-6.14,31.0,290.02,2.0,10.0,1.0,1.0,1.0,0.072,0
SMB_EU_004188,0.0,0.0,1.0,0.0,0.0,0.0,0.0,1.0,0.0,27.0,3475.42,-20.57,14.0,248.24,1.0,7.0,1.0,1.0,1.0,0.023,0
SMB_EU_004189,0.0,0.0,1.0,0.0,0.0,0.0,1.0,0.0,0.0,22.0,2744.82,8.21,19.0,144.46,3.0,8.0,0.0,1.0,2.0,0.128,0
SMB_EU_004190,1.0,0.0,0.0,0.0,0.0,0.0,1.0,0.0,0.0,42.0,8355.18,50.22,38.0,219.87,2.0,15.0,0.0,1.0,3.0,0.115,0
SMB_EU_004191,1.0,0.0,0.0,0.0,0.0,1.0,0.0,0.0,0.0,21.0,12252.89,-3.34,58.0,211.26,3.0,8.0,0.0,1.0,0.0,0.154,0
SMB_EU_004192,0.0,0.0,0.0,0.0,1.0,0.0,0.0,0.0,0.0,40.0,38971.69,6.78,151.0,258.09,2.0,12.0,1.0,0.0,1.0,0.137,0
SMB_EU_004193,0.0,0.0,0.0,1.0,0.0,0.0,1.0,0.0,0.0,17.0,7501.22,-8.22,74.0,101.37,2.0,9.0,5.0,0.0,1.0,0.126,0
SMB_EU_004194,1.0,0.0,0.0,0.0,0.0,0.0,0.0,1.0,0.0,61.0,5132.49,-19.22,22.0,233.29,2.0,16.0,1.0,1.0,0.0,0.148,0
SMB_EU_004195,0.0,0.0,1.0,0.0,0.0,0.0,1.0,0.0,0.0,16.0,10926.16,6.51,71.0,153.89,4.0,12.0,0.0,0.0,1.0,0.086,0
SMB_EU_004196,0.0,0.0,0.0,0.0,0.0,0.0,0.0,0.0,1.0,40.0,7679.96,-51.15,71.0,108.17,3.0,7.0,0.0,0.0,3.0,0.021,1
SMB_EU_004197,0.0,0.0,0.0,0.0,0.0,0.0,0.0,1.0,0.0,54.0,6816.06,-35.78,28.0,243.43,2.0,8.0,1.0,0.0,0.0,0.268,1
SMB_EU_004198,0.0,1.0,0.0,0.0,0.0,0.0,0.0,1.0,0.0,1.0,4750.25,-5.01,31.0,153.23,2.0,12.0,0.0,0.0,0.0,0.079,0
SMB_EU_004199,0.0,0.0,0.0,1.0,0.0,0.0,1.0,0.0,0.0,38.0,14676.72,-36.52,61.0,240.6,1.0,9.0,1.0,1.0,0.0,0.051,0
SMB_EU_004200,0.0,0.0,1.0,0.0,0.0,0.0,1.0,0.0,0.0,16.0,12344.74,1.11,107.0,115.37,3.0,10.0,0.0,0.0,0.0,0.105,0
SMB_EU_004201,0.0,0.0,0.0,0.0,1.0,0.0,0.0,0.0,0.0,42.0,24390.33,-6.33,82.0,297.44,4.0,7.0,1.0,0.0,1.0,0.049,0
SMB_EU_004202,0.0,0.0,0.0,0.0,0.0,0.0,1.0,0.0,0.0,31.0,7072.76,6.08,28.0,252.6,1.0,12.0,1.0,0.0,2.0,0.056,0
SMB_EU_004203,0.0,0.0,0.0,0.0,0.0,0.0,0.0,0.0,0.0,37.0,47636.85,6.77,332.0,143.48,2.0,9.0,2.0,0.0,4.0,0.077,0
SMB_EU_004204,0.0,0.0,0.0,0.0,1.0,0.0,0.0,0.0,0.0,26.0,20053.37,6.02,83.0,241.61,2.0,12.0,0.0,0.0,3.0,0.055,0
SMB_EU_004205,0.0,0.0,0.0,0.0,0.0,0.0,1.0,0.0,0.0,56.0,9279.6,16.02,84.0,110.47,3.0,9.0,2.0,0.0,1.0,0.071,0
SMB_EU_004206,0.0,0.0,0.0,1.0,0.0,0.0,1.0,0.0,0.0,8.0,5067.64,19.43,23.0,220.33,1.0,6.0,1.0,1.0,1.0,0.078,0
SMB_EU_004207,0.0,0.0,1.0,0.0,0.0,0.0,0.0,1.0,0.0,53.0,4717.1,30.08,51.0,92.49,1.0,16.0,0.0,0.0,2.0,0.063,0
SMB_EU_004208,0.0,0.0,1.0,0.0,0.0,0.0,1.0,0.0,0.0,18.0,8568.3,-12.55,56.0,153.01,1.0,8.0,2.0,0.0,0.0,0.056,1
SMB_EU_004209,0.0,0.0,0.0,0.0,0.0,0.0,1.0,0.0,0.0,5.0,4987.0,-45.72,17.0,293.35,1.0,10.0,0.0,1.0,1.0,0.206,0
SMB_EU_004210,0.0,0.0,0.0,0.0,0.0,1.0,0.0,0.0,0.0,28.0,5034.78,5.42,47.0,107.12,3.0,12.0,3.0,0.0,1.0,0.036,0
SMB_EU_004211,0.0,0.0,0.0,0.0,0.0,0.0,0.0,0.0,1.0,16.0,8147.77,-11.69,39.0,208.92,1.0,6.0,2.0,0.0,0.0,0.106,1
SMB_EU_004212,0.0,0.0,1.0,0.0,0.0,0.0,0.0,0.0,0.0,36.0,15511.82,-9.27,162.0,95.75,2.0,13.0,1.0,0.0,0.0,0.05,0
SMB_EU_004213,0.0,0.0,1.0,0.0,0.0,0.0,1.0,0.0,0.0,38.0,2778.24,7.13,12.0,231.52,3.0,12.0,2.0,0.0,0.0,0.01,0
SMB_EU_004214,0.0,1.0,0.0,0.0,0.0,1.0,0.0,0.0,0.0,24.0,5532.26,13.51,39.0,141.85,1.0,10.0,0.0,1.0,1.0,0.016,0
SMB_EU_004215,0.0,0.0,1.0,0.0,0.0,0.0,0.0,0.0,1.0,37.0,7176.54,19.14,48.0,149.51,1.0,9.0,2.0,0.0,0.0,0.075,0
SMB_EU_004216,1.0,0.0,0.0,0.0,0.0,0.0,0.0,1.0,0.0,33.0,4937.74,-2.89,32.0,154.3,4.0,11.0,0.0,0.0,2.0,0.103,0
SMB_EU_004217,0.0,0.0,0.0,0.0,0.0,1.0,0.0,0.0,0.0,27.0,11166.58,-25.2,89.0,125.47,3.0,9.0,0.0,2.0,2.0,0.114,1
SMB_EU_004218,0.0,0.0,0.0,1.0,0.0,0.0,0.0,0.0,0.0,23.0,51392.26,3.64,179.0,287.11,1.0,10.0,0.0,0.0,5.0,0.1,0
SMB_EU_004219,0.0,0.0,1.0,0.0,0.0,0.0,0.0,0.0,0.0,19.0,22535.15,0.26,81.0,278.21,1.0,11.0,1.0,0.0,0.0,0.117,0
SMB_EU_004220,0.0,1.0,0.0,0.0,0.0,0.0,1.0,0.0,0.0,77.0,3814.42,-12.24,14.0,272.46,4.0,12.0,1.0,0.0,2.0,0.019,0
SMB_EU_004221,0.0,1.0,0.0,0.0,0.0,1.0,0.0,0.0,0.0,26.0,4876.93,-14.15,47.0,103.76,1.0,13.0,0.0,0.0,3.0,0.21,0
SMB_EU_004222,0.0,0.0,1.0,0.0,0.0,0.0,0.0,1.0,0.0,34.0,7149.31,10.0,54.0,132.39,3.0,9.0,0.0,0.0,0.0,0.132,0
SMB_EU_004223,0.0,0.0,0.0,0.0,1.0,0.0,0.0,0.0,1.0,41.0,12027.54,-63.97,56.0,214.78,1.0,14.0,0.0,0.0,0.0,0.078,1
SMB_EU_004224,1.0,0.0,0.0,0.0,0.0,0.0,0.0,0.0,0.0,22.0,27124.72,-75.9,92.0,294.83,2.0,12.0,1.0,0.0,2.0,0.014,1
SMB_EU_004225,0.0,0.0,1.0,0.0,0.0,0.0,1.0,0.0,0.0,35.0,7546.1,-0.48,35.0,215.6,4.0,13.0,1.0,0.0,3.0,0.017,0
SMB_EU_004226,1.0,0.0,0.0,0.0,0.0,0.0,0.0,0.0,0.0,73.0,12060.67,21.83,79.0,152.67,1.0,16.0,1.0,2.0,1.0,0.063,0
SMB_EU_004227,0.0,1.0,0.0,0.0,0.0,0.0,0.0,1.0,0.0,15.0,14309.05,-41.92,55.0,260.16,1.0,11.0,0.0,0.0,2.0,0.046,0
SMB_EU_004228,0.0,0.0,1.0,0.0,0.0,0.0,0.0,1.0,0.0,73.0,5179.15,-4.32,47.0,110.19,2.0,9.0,0.0,1.0,1.0,0.09,0
SMB_EU_004229,0.0,0.0,0.0,1.0,0.0,0.0,1.0,0.0,0.0,43.0,4346.79,10.13,16.0,271.67,2.0,9.0,0.0,0.0,2.0,0.213,0
SMB_EU_004230,0.0,0.0,0.0,0.0,0.0,0.0,0.0,0.0,0.0,18.0,36347.68,-27.35,123.0,295.51,1.0,8.0,1.0,0.0,2.0,0.177,0
SMB_EU_004231,1.0,0.0,0.0,0.0,0.0,0.0,0.0,0.0,0.0,15.0,6112.85,-3.2,21.0,291.09,2.0,10.0,1.0,1.0,1.0,0.015,0
SMB_EU_004232,0.0,0.0,1.0,0.0,0.0,0.0,0.0,0.0,0.0,73.0,1842.32,-62.94,16.0,115.14,1.0,11.0,1.0,0.0,0.0,0.135,0
SMB_EU_004233,0.0,1.0,0.0,0.0,0.0,0.0,0.0,1.0,0.0,50.0,7933.31,-15.11,39.0,203.42,1.0,7.0,2.0,0.0,1.0,0.329,0
SMB_EU_004234,0.0,0.0,0.0,0.0,1.0,0.0,0.0,0.0,0.0,24.0,25905.9,-6.04,124.0,208.92,2.0,13.0,0.0,0.0,2.0,0.054,0
SMB_EU_004235,0.0,0.0,0.0,0.0,0.0,0.0,0.0,1.0,0.0,19.0,6409.91,-16.85,52.0,123.27,4.0,11.0,2.0,0.0,0.0,0.063,0
SMB_EU_004236,0.0,1.0,0.0,0.0,0.0,1.0,0.0,0.0,0.0,18.0,2746.39,-18.09,14.0,196.17,1.0,8.0,1.0,0.0,0.0,0.148,0
SMB_EU_004237,0.0,0.0,0.0,0.0,0.0,0.0,0.0,1.0,0.0,24.0,4826.47,-0.89,22.0,219.39,2.0,16.0,0.0,0.0,1.0,0.06,0
SMB_EU_004238,1.0,0.0,0.0,0.0,0.0,0.0,0.0,0.0,0.0,25.0,12694.25,33.41,83.0,152.94,1.0,14.0,0.0,1.0,4.0,0.014,0
SMB_EU_004239,1.0,0.0,0.0,0.0,0.0,0.0,0.0,1.0,0.0,30.0,3622.14,11.37,24.0,150.92,1.0,12.0,1.0,1.0,1.0,0.021,0
SMB_EU_004240,0.0,1.0,0.0,0.0,0.0,0.0,0.0,0.0,0.0,13.0,34998.03,15.16,375.0,93.33,1.0,11.0,0.0,0.0,0.0,0.108,0
SMB_EU_004241,0.0,0.0,1.0,0.0,0.0,0.0,0.0,0.0,0.0,17.0,8004.87,11.96,28.0,285.89,2.0,11.0,0.0,0.0,1.0,0.031,0
SMB_EU_004242,0.0,1.0,0.0,0.0,0.0,0.0,1.0,0.0,0.0,23.0,9670.73,-45.37,38.0,254.49,1.0,7.0,0.0,0.0,1.0,0.004,0
SMB_EU_004243,1.0,0.0,0.0,0.0,0.0,0.0,0.0,0.0,0.0,90.0,30706.62,-24.4,124.0,247.63,2.0,10.0,2.0,0.0,1.0,0.145,0
SMB_EU_004244,0.0,0.0,0.0,1.0,0.0,0.0,0.0,0.0,0.0,32.0,18857.58,16.47,222.0,84.94,4.0,9.0,0.0,2.0,2.0,0.023,0
SMB_EU_004245,0.0,1.0,0.0,0.0,0.0,0.0,0.0,0.0,0.0,9.0,31586.23,12.43,145.0,217.84,1.0,4.0,2.0,0.0,3.0,0.147,1
SMB_EU_004246,0.0,0.0,0.0,0.0,1.0,0.0,0.0,0.0,1.0,14.0,12622.15,-37.72,105.0,120.21,3.0,7.0,0.0,0.0,0.0,0.045,0
SMB_EU_004247,0.0,1.0,0.0,0.0,0.0,0.0,1.0,0.0,0.0,72.0,10350.67,7.8,46.0,225.01,1.0,11.0,1.0,0.0,3.0,0.048,0
SMB_EU_004248,0.0,0.0,0.0,0.0,0.0,0.0,0.0,1.0,0.0,57.0,6231.01,36.94,29.0,214.86,1.0,6.0,0.0,0.0,2.0,0.112,0
SMB_EU_004249,0.0,0.0,1.0,0.0,0.0,0.0,0.0,0.0,1.0,21.0,13004.44,12.59,49.0,265.4,1.0,6.0,1.0,1.0,1.0,0.047,0
SMB_EU_004250,0.0,0.0,0.0,0.0,1.0,0.0,1.0,0.0,0.0,37.0,6347.86,-4.73,47.0,135.06,2.0,7.0,2.0,1.0,2.0,0.104,0
SMB_EU_004251,0.0,1.0,0.0,0.0,0.0,1.0,0.0,0.0,0.0,35.0,2747.35,-1.11,32.0,85.85,1.0,6.0,1.0,1.0,3.0,0.089,0
SMB_EU_004252,0.0,0.0,0.0,0.0,0.0,0.0,0.0,0.0,0.0,27.0,26588.43,-68.5,95.0,279.88,3.0,11.0,1.0,0.0,0.0,0.084,1
SMB_EU_004253,0.0,1.0,0.0,0.0,0.0,0.0,1.0,0.0,0.0,15.0,16062.49,35.21,57.0,281.8,1.0,7.0,1.0,0.0,3.0,0.186,0
SMB_EU_004254,0.0,0.0,0.0,1.0,0.0,0.0,0.0,0.0,0.0,6.0,17448.22,24.06,97.0,179.88,2.0,9.0,1.0,2.0,0.0,0.004,0
SMB_EU_004255,0.0,0.0,0.0,0.0,0.0,0.0,0.0,0.0,1.0,47.0,6476.62,1.25,67.0,96.67,3.0,13.0,2.0,0.0,0.0,0.159,0
SMB_EU_004256,0.0,0.0,1.0,0.0,0.0,0.0,1.0,0.0,0.0,35.0,3141.85,32.71,17.0,184.81,1.0,13.0,1.0,1.0,0.0,0.155,0
SMB_EU_004257,0.0,0.0,0.0,0.0,1.0,1.0,0.0,0.0,0.0,15.0,6317.0,-33.54,32.0,197.41,2.0,13.0,0.0,0.0,2.0,0.153,0
SMB_EU_004258,0.0,0.0,0.0,1.0,0.0,0.0,0.0,0.0,0.0,55.0,6677.07,-6.46,26.0,256.81,1.0,8.0,2.0,0.0,1.0,0.054,0
SMB_EU_004259,0.0,1.0,0.0,0.0,0.0,0.0,0.0,1.0,0.0,71.0,2046.32,13.6,9.0,227.37,1.0,12.0,0.0,1.0,1.0,0.316,0
SMB_EU_004260,0.0,1.0,0.0,0.0,0.0,0.0,1.0,0.0,0.0,32.0,7901.11,-52.83,83.0,95.19,3.0,15.0,0.0,0.0,0.0,0.08,0
SMB_EU_004261,0.0,0.0,0.0,0.0,0.0,1.0,0.0,0.0,0.0,26.0,3794.29,12.57,16.0,237.14,1.0,13.0,0.0,1.0,3.0,0.006,0
SMB_EU_004262,0.0,0.0,0.0,0.0,1.0,1.0,0.0,0.0,0.0,8.0,7381.27,-41.15,67.0,110.17,3.0,9.0,2.0,1.0,2.0,0.14,1
SMB_EU_004263,0.0,1.0,0.0,0.0,0.0,1.0,0.0,0.0,0.0,24.0,5453.09,-12.15,55.0,99.15,1.0,9.0,2.0,1.0,1.0,0.163,0
SMB_EU_004264,0.0,1.0,0.0,0.0,0.0,0.0,0.0,0.0,1.0,12.0,6254.14,22.33,37.0,169.03,2.0,6.0,0.0,1.0,1.0,0.082,0
SMB_EU_004265,0.0,0.0,1.0,0.0,0.0,0.0,0.0,1.0,0.0,25.0,1797.67,25.4,19.0,94.61,1.0,7.0,1.0,1.0,1.0,0.017,0
SMB_EU_004266,0.0,0.0,0.0,1.0,0.0,0.0,1.0,0.0,0.0,52.0,4795.65,21.23,18.0,266.42,2.0,8.0,3.0,0.0,5.0,0.039,0
SMB_EU_004267,0.0,0.0,1.0,0.0,0.0,0.0,0.0,0.0,0.0,41.0,9192.32,-26.65,51.0,180.24,2.0,5.0,0.0,1.0,1.0,0.057,0
SMB_EU_004268,0.0,0.0,0.0,0.0,0.0,0.0,0.0,0.0,0.0,56.0,7191.25,8.66,34.0,211.51,1.0,7.0,1.0,0.0,0.0,0.023,0
SMB_EU_004269,1.0,0.0,0.0,0.0,0.0,0.0,0.0,0.0,0.0,22.0,12312.61,7.61,60.0,205.21,2.0,10.0,2.0,2.0,0.0,0.19,0
SMB_EU_004270,0.0,0.0,0.0,0.0,1.0,0.0,0.0,0.0,0.0,10.0,7536.06,-61.35,26.0,289.85,1.0,15.0,1.0,0.0,3.0,0.158,1
SMB_EU_004271,0.0,0.0,1.0,0.0,0.0,0.0,0.0,0.0,0.0,22.0,13596.39,-8.71,48.0,283.26,3.0,10.0,2.0,0.0,0.0,0.181,1
SMB_EU_004272,0.0,0.0,0.0,0.0,1.0,0.0,0.0,0.0,0.0,32.0,17327.54,-29.82,65.0,266.58,2.0,9.0,1.0,1.0,1.0,0.171,1
SMB_EU_004273,0.0,0.0,0.0,0.0,0.0,0.0,0.0,0.0,1.0,58.0,5482.29,-4.82,33.0,166.13,3.0,12.0,1.0,0.0,1.0,0.066,0
SMB_EU_004274,0.0,0.0,0.0,1.0,0.0,0.0,1.0,0.0,0.0,46.0,10326.22,-84.18,92.0,112.24,3.0,11.0,2.0,0.0,1.0,0.08,0
SMB_EU_004275,0.0,0.0,1.0,0.0,0.0,0.0,0.0,0.0,1.0,7.0,3976.53,16.21,19.0,209.29,1.0,9.0,0.0,0.0,3.0,0.091,0
SMB_EU_004276,0.0,0.0,1.0,0.0,0.0,0.0,0.0,0.0,0.0,31.0,7696.33,5.83,44.0,174.92,1.0,15.0,1.0,0.0,3.0,0.036,0
SMB_EU_004277,0.0,1.0,0.0,0.0,0.0,1.0,0.0,0.0,0.0,51.0,5605.95,-30.39,43.0,130.37,1.0,11.0,0.0,0.0,1.0,0.081,0
SMB_EU_004278,0.0,1.0,0.0,0.0,0.0,0.0,0.0,1.0,0.0,60.0,7550.87,-2.85,74.0,102.04,1.0,11.0,3.0,1.0,1.0,0.126,1
SMB_EU_004279,0.0,0.0,0.0,0.0,0.0,0.0,0.0,0.0,0.0,54.0,25241.51,29.51,143.0,176.51,1.0,12.0,1.0,1.0,1.0,0.064,0
SMB_EU_004280,0.0,1.0,0.0,0.0,0.0,0.0,0.0,0.0,0.0,16.0,39467.78,-1.88,177.0,222.98,2.0,7.0,1.0,1.0,1.0,0.04,0
SMB_EU_004281,0.0,0.0,0.0,0.0,0.0,0.0,0.0,0.0,0.0,17.0,11966.33,-48.37,55.0,217.57,2.0,8.0,0.0,0.0,0.0,0.182,0
SMB_EU_004282,1.0,0.0,0.0,0.0,0.0,0.0,0.0,0.0,0.0,77.0,13895.28,-26.78,56.0,248.13,1.0,7.0,2.0,1.0,0.0,0.045,0
SMB_EU_004283,0.0,0.0,0.0,0.0,0.0,0.0,0.0,0.0,1.0,20.0,4843.41,-26.33,27.0,179.39,1.0,9.0,1.0,0.0,2.0,0.008,0
SMB_EU_004284,0.0,0.0,0.0,0.0,0.0,0.0,0.0,1.0,0.0,70.0,2356.5,8.03,16.0,147.28,1.0,10.0,1.0,1.0,0.0,0.154,0
SMB_EU_004285,0.0,0.0,1.0,0.0,0.0,0.0,1.0,0.0,0.0,14.0,9175.94,-6.51,46.0,199.48,1.0,15.0,1.0,0.0,1.0,0.068,0
SMB_EU_004286,0.0,0.0,1.0,0.0,0.0,0.0,1.0,0.0,0.0,25.0,5022.45,-5.26,17.0,295.44,2.0,10.0,0.0,0.0,1.0,0.06,0
SMB_EU_004287,0.0,0.0,0.0,0.0,1.0,0.0,0.0,0.0,0.0,5.0,31421.04,-46.78,349.0,90.03,3.0,10.0,1.0,0.0,0.0,0.01,0
SMB_EU_004288,0.0,0.0,1.0,0.0,0.0,0.0,1.0,0.0,0.0,24.0,3326.8,-2.1,17.0,195.69,1.0,9.0,1.0,0.0,1.0,0.158,0
SMB_EU_004289,0.0,1.0,0.0,0.0,0.0,1.0,0.0,0.0,0.0,15.0,8033.11,-18.41,53.0,151.57,3.0,6.0,0.0,0.0,1.0,0.054,0
SMB_EU_004290,1.0,0.0,0.0,0.0,0.0,0.0,1.0,0.0,0.0,41.0,4375.4,4.74,42.0,104.18,2.0,8.0,0.0,0.0,0.0,0.063,0
SMB_EU_004291,0.0,0.0,1.0,0.0,0.0,0.0,0.0,0.0,0.0,41.0,9168.57,-21.34,52.0,176.32,2.0,9.0,1.0,0.0,1.0,0.063,1
SMB_EU_004292,0.0,0.0,0.0,0.0,0.0,0.0,1.0,0.0,0.0,36.0,11055.29,-11.34,50.0,221.11,1.0,12.0,0.0,0.0,1.0,0.139,0
SMB_EU_004293,0.0,0.0,1.0,0.0,0.0,0.0,0.0,0.0,0.0,15.0,9999.37,15.16,51.0,196.07,1.0,6.0,1.0,0.0,2.0,0.132,0
SMB_EU_004294,0.0,0.0,0.0,0.0,1.0,1.0,0.0,0.0,0.0,56.0,4403.01,-46.24,51.0,86.33,3.0,8.0,0.0,1.0,2.0,0.053,1
SMB_EU_004295,0.0,1.0,0.0,0.0,0.0,0.0,0.0,0.0,0.0,28.0,9214.29,-40.14,44.0,209.42,4.0,7.0,2.0,1.0,1.0,0.068,0
SMB_EU_004296,0.0,1.0,0.0,0.0,0.0,0.0,0.0,0.0,1.0,43.0,26265.14,-1.11,200.0,131.33,3.0,10.0,0.0,0.0,0.0,0.125,0
SMB_EU_004297,0.0,0.0,0.0,0.0,0.0,0.0,0.0,1.0,0.0,54.0,3451.97,-0.89,22.0,156.91,1.0,13.0,1.0,2.0,2.0,0.035,0
SMB_EU_004298,0.0,0.0,0.0,0.0,0.0,0.0,0.0,0.0,0.0,30.0,15471.22,0.32,104.0,148.76,1.0,4.0,0.0,0.0,2.0,0.12,0
SMB_EU_004299,0.0,0.0,0.0,1.0,0.0,0.0,1.0,0.0,0.0,9.0,7087.22,-3.96,26.0,272.59,2.0,11.0,3.0,0.0,0.0,0.137,0
SMB_EU_004300,0.0,0.0,1.0,0.0,0.0,0.0,0.0,1.0,0.0,32.0,5710.39,-6.65,63.0,90.64,3.0,7.0,0.0,0.0,0.0,0.224,0
SMB_EU_004301,0.0,0.0,0.0,0.0,0.0,0.0,0.0,0.0,1.0,24.0,6223.81,-15.16,40.0,155.6,1.0,7.0,1.0,0.0,0.0,0.048,0
SMB_EU_004302,0.0,0.0,0.0,0.0,1.0,0.0,0.0,1.0,0.0,14.0,4432.43,1.26,27.0,164.16,3.0,10.0,1.0,0.0,0.0,0.035,0
SMB_EU_004303,1.0,0.0,0.0,0.0,0.0,0.0,1.0,0.0,0.0,65.0,10133.16,5.33,47.0,215.6,2.0,3.0,1.0,0.0,0.0,0.068,0
SMB_EU_004304,0.0,0.0,1.0,0.0,0.0,0.0,0.0,0.0,1.0,22.0,5362.45,6.16,21.0,255.35,3.0,16.0,2.0,0.0,1.0,0.043,0
SMB_EU_004305,1.0,0.0,0.0,0.0,0.0,0.0,0.0,0.0,0.0,39.0,28836.53,0.97,120.0,240.3,2.0,8.0,2.0,1.0,1.0,0.06,0
SMB_EU_004306,0.0,0.0,0.0,0.0,0.0,0.0,0.0,1.0,0.0,45.0,10183.07,13.89,41.0,248.37,2.0,7.0,1.0,1.0,0.0,0.116,0
SMB_EU_004307,0.0,0.0,0.0,1.0,0.0,0.0,0.0,0.0,1.0,32.0,12950.32,-32.53,106.0,122.17,1.0,9.0,0.0,0.0,1.0,0.206,0
SMB_EU_004308,0.0,0.0,1.0,0.0,0.0,0.0,1.0,0.0,0.0,20.0,8342.54,-6.14,30.0,278.08,3.0,13.0,2.0,0.0,0.0,0.111,0
SMB_EU_004309,1.0,0.0,0.0,0.0,0.0,0.0,0.0,0.0,1.0,8.0,1496.1,-60.42,9.0,166.23,3.0,7.0,1.0,1.0,0.0,0.036,1
SMB_EU_004310,1.0,0.0,0.0,0.0,0.0,0.0,0.0,0.0,0.0,36.0,19348.69,-80.58,235.0,82.33,4.0,13.0,2.0,2.0,1.0,0.156,1
SMB_EU_004311,0.0,1.0,0.0,0.0,0.0,0.0,0.0,0.0,1.0,22.0,7116.57,21.91,31.0,229.57,1.0,12.0,1.0,0.0,2.0,0.063,0
SMB_EU_004312,0.0,0.0,0.0,0.0,1.0,0.0,0.0,0.0,0.0,76.0,12939.51,-48.04,61.0,212.12,2.0,16.0,1.0,0.0,0.0,0.045,0
SMB_EU_004313,0.0,0.0,0.0,0.0,0.0,0.0,0.0,0.0,1.0,17.0,2882.9,-48.0,27.0,106.77,4.0,5.0,2.0,0.0,3.0,0.161,1
SMB_EU_004314,0.0,0.0,0.0,0.0,1.0,0.0,1.0,0.0,0.0,5.0,10757.41,-62.05,37.0,290.74,2.0,8.0,2.0,2.0,0.0,0.119,1
SMB_EU_004315,0.0,0.0,0.0,0.0,1.0,0.0,0.0,1.0,0.0,11.0,2096.54,-51.5,10.0,209.65,1.0,7.0,0.0,3.0,1.0,0.15,1
SMB_EU_004316,0.0,0.0,0.0,0.0,0.0,0.0,0.0,0.0,0.0,54.0,16104.6,24.58,88.0,183.01,4.0,6.0,0.0,0.0,2.0,0.036,0
SMB_EU_004317,1.0,0.0,0.0,0.0,0.0,0.0,0.0,0.0,0.0,46.0,25812.13,-4.92,154.0,167.61,1.0,10.0,0.0,0.0,0.0,0.183,0
SMB_EU_004318,0.0,0.0,0.0,0.0,0.0,0.0,1.0,0.0,0.0,65.0,6036.62,39.5,48.0,125.76,1.0,6.0,1.0,0.0,1.0,0.062,0
SMB_EU_004319,0.0,1.0,0.0,0.0,0.0,0.0,0.0,1.0,0.0,24.0,10371.58,0.96,36.0,288.1,2.0,11.0,1.0,1.0,1.0,0.069,0
SMB_EU_004320,0.0,0.0,0.0,1.0,0.0,0.0,1.0,0.0,0.0,42.0,5110.24,30.86,22.0,232.28,1.0,14.0,1.0,0.0,2.0,0.133,0
SMB_EU_004321,0.0,0.0,1.0,0.0,0.0,1.0,0.0,0.0,0.0,31.0,8602.21,13.41,42.0,204.81,1.0,11.0,1.0,0.0,1.0,0.099,0
SMB_EU_004322,0.0,0.0,0.0,0.0,1.0,0.0,0.0,0.0,0.0,18.0,6856.37,5.42,31.0,221.17,2.0,11.0,4.0,0.0,1.0,0.072,0
SMB_EU_004323,0.0,0.0,1.0,0.0,0.0,0.0,0.0,0.0,1.0,28.0,16708.25,-11.86,63.0,265.21,2.0,10.0,0.0,2.0,3.0,0.076,0
SMB_EU_004324,0.0,0.0,0.0,1.0,0.0,0.0,1.0,0.0,0.0,21.0,13531.71,16.83,62.0,218.25,4.0,13.0,1.0,1.0,1.0,0.108,0
SMB_EU_004325,1.0,0.0,0.0,0.0,0.0,0.0,1.0,0.0,0.0,63.0,10595.79,9.52,101.0,104.91,3.0,18.0,2.0,2.0,1.0,0.077,0
SMB_EU_004326,0.0,0.0,0.0,0.0,1.0,0.0,1.0,0.0,0.0,18.0,6318.43,12.47,27.0,234.02,3.0,4.0,2.0,1.0,0.0,0.068,0
SMB_EU_004327,0.0,0.0,0.0,0.0,0.0,0.0,0.0,0.0,0.0,68.0,6467.89,-7.48,32.0,202.12,2.0,14.0,0.0,0.0,3.0,0.032,0
SMB_EU_004328,0.0,0.0,0.0,0.0,1.0,0.0,1.0,0.0,0.0,17.0,6328.46,-14.92,22.0,287.66,1.0,7.0,0.0,0.0,0.0,0.079,0
SMB_EU_004329,0.0,0.0,0.0,0.0,0.0,0.0,0.0,0.0,0.0,21.0,29201.92,-59.0,121.0,241.34,2.0,18.0,1.0,0.0,0.0,0.105,0
SMB_EU_004330,1.0,0.0,0.0,0.0,0.0,0.0,0.0,1.0,0.0,29.0,5405.49,26.28,35.0,154.44,3.0,10.0,2.0,0.0,1.0,0.051,0
SMB_EU_004331,0.0,1.0,0.0,0.0,0.0,0.0,0.0,1.0,0.0,16.0,1969.18,21.76,18.0,109.4,2.0,5.0,2.0,1.0,2.0,0.057,0
SMB_EU_004332,0.0,0.0,0.0,0.0,0.0,1.0,0.0,0.0,0.0,28.0,3055.44,-7.88,16.0,190.96,1.0,10.0,1.0,1.0,1.0,0.222,0
SMB_EU_004333,0.0,0.0,0.0,1.0,0.0,0.0,1.0,0.0,0.0,31.0,16968.05,-69.44,74.0,229.3,2.0,8.0,0.0,0.0,1.0,0.015,1
SMB_EU_004334,0.0,0.0,1.0,0.0,0.0,1.0,0.0,0.0,0.0,60.0,8040.63,-25.91,68.0,118.24,2.0,5.0,2.0,1.0,1.0,0.056,0
SMB_EU_004335,0.0,1.0,0.0,0.0,0.0,0.0,1.0,0.0,0.0,5.0,3815.38,-15.2,17.0,224.43,1.0,14.0,0.0,1.0,1.0,0.087,0
SMB_EU_004336,0.0,0.0,0.0,0.0,0.0,0.0,0.0,1.0,0.0,17.0,1733.15,-51.9,7.0,247.59,4.0,7.0,0.0,0.0,1.0,0.116,0
SMB_EU_004337,0.0,0.0,1.0,0.0,0.0,0.0,0.0,0.0,0.0,74.0,10309.08,-48.74,90.0,114.55,2.0,9.0,1.0,0.0,2.0,0.149,1
SMB_EU_004338,0.0,0.0,0.0,0.0,1.0,0.0,0.0,0.0,0.0,21.0,4939.36,-24.14,21.0,235.21,3.0,13.0,1.0,1.0,2.0,0.02,0
SMB_EU_004339,0.0,1.0,0.0,0.0,0.0,0.0,0.0,0.0,0.0,21.0,13661.06,-5.29,144.0,94.87,1.0,8.0,1.0,0.0,2.0,0.038,0
SMB_EU_004340,0.0,0.0,0.0,0.0,0.0,0.0,0.0,1.0,0.0,16.0,21767.39,-10.26,266.0,81.83,2.0,4.0,0.0,1.0,0.0,0.104,0
SMB_EU_004341,0.0,0.0,0.0,1.0,0.0,0.0,1.0,0.0,0.0,42.0,3068.74,21.19,35.0,87.68,4.0,15.0,0.0,0.0,0.0,0.121,0
SMB_EU_004342,0.0,0.0,0.0,0.0,0.0,1.0,0.0,0.0,0.0,8.0,5366.33,-3.32,25.0,214.65,1.0,9.0,0.0,0.0,1.0,0.085,0
SMB_EU_004343,1.0,0.0,0.0,0.0,0.0,0.0,1.0,0.0,0.0,35.0,17577.11,-16.96,60.0,292.95,1.0,12.0,3.0,0.0,0.0,0.173,0
SMB_EU_004344,1.0,0.0,0.0,0.0,0.0,0.0,0.0,1.0,0.0,81.0,7837.27,7.64,31.0,252.82,2.0,18.0,1.0,0.0,0.0,0.069,0
SMB_EU_004345,0.0,0.0,1.0,0.0,0.0,0.0,0.0,0.0,1.0,6.0,8231.6,-5.87,61.0,134.94,2.0,8.0,3.0,1.0,2.0,0.083,1
SMB_EU_004346,0.0,1.0,0.0,0.0,0.0,0.0,0.0,0.0,0.0,42.0,13739.03,-3.11,143.0,96.08,2.0,9.0,2.0,0.0,1.0,0.057,0
SMB_EU_004347,1.0,0.0,0.0,0.0,0.0,0.0,0.0,0.0,0.0,11.0,7497.01,2.17,35.0,214.2,2.0,7.0,1.0,0.0,2.0,0.181,0
SMB_EU_004348,0.0,0.0,1.0,0.0,0.0,0.0,0.0,0.0,1.0,36.0,7664.74,-12.18,95.0,80.68,3.0,7.0,3.0,1.0,0.0,0.103,0
SMB_EU_004349,1.0,0.0,0.0,0.0,0.0,0.0,0.0,0.0,0.0,34.0,17359.06,-63.48,68.0,255.28,2.0,10.0,0.0,1.0,1.0,0.044,1
SMB_EU_004350,0.0,0.0,1.0,0.0,0.0,0.0,0.0,0.0,0.0,44.0,29111.06,-49.47,218.0,133.54,1.0,13.0,3.0,0.0,1.0,0.088,1
SMB_EU_004351,1.0,0.0,0.0,0.0,0.0,1.0,0.0,0.0,0.0,19.0,4135.69,14.46,28.0,147.7,4.0,9.0,3.0,0.0,2.0,0.113,0
SMB_EU_004352,0.0,0.0,1.0,0.0,0.0,1.0,0.0,0.0,0.0,20.0,5354.08,-13.52,34.0,157.47,1.0,15.0,1.0,0.0,0.0,0.094,0
SMB_EU_004353,0.0,1.0,0.0,0.0,0.0,0.0,1.0,0.0,0.0,45.0,4526.34,2.31,18.0,251.46,2.0,10.0,1.0,0.0,1.0,0.04,0
SMB_EU_004354,0.0,0.0,0.0,0.0,1.0,0.0,0.0,1.0,0.0,19.0,5723.8,22.58,41.0,139.6,1.0,14.0,0.0,1.0,0.0,0.131,0
SMB_EU_004355,0.0,0.0,1.0,0.0,0.0,0.0,0.0,0.0,0.0,48.0,24006.34,-1.35,168.0,142.89,4.0,9.0,0.0,0.0,1.0,0.08,0
SMB_EU_004356,0.0,0.0,1.0,0.0,0.0,0.0,1.0,0.0,0.0,3.0,11672.44,1.29,59.0,197.84,4.0,6.0,1.0,0.0,2.0,0.104,1
SMB_EU_004357,0.0,1.0,0.0,0.0,0.0,0.0,0.0,1.0,0.0,33.0,2477.69,0.83,14.0,176.98,2.0,9.0,0.0,0.0,1.0,0.01,0
SMB_EU_004358,0.0,0.0,1.0,0.0,0.0,0.0,0.0,0.0,0.0,46.0,16381.75,-10.24,56.0,292.53,1.0,14.0,1.0,0.0,0.0,0.049,0
SMB_EU_004359,0.0,0.0,1.0,0.0,0.0,0.0,1.0,0.0,0.0,24.0,5328.42,-45.95,39.0,136.63,3.0,8.0,0.0,0.0,0.0,0.005,0
SMB_EU_004360,0.0,0.0,0.0,0.0,0.0,1.0,0.0,0.0,0.0,62.0,11005.44,-14.84,110.0,100.05,1.0,10.0,1.0,0.0,0.0,0.156,0
SMB_EU_004361,0.0,0.0,0.0,0.0,0.0,0.0,0.0,1.0,0.0,19.0,4538.74,-17.72,23.0,197.34,3.0,14.0,0.0,0.0,3.0,0.155,0
SMB_EU_004362,0.0,0.0,1.0,0.0,0.0,0.0,0.0,1.0,0.0,32.0,2009.19,11.37,17.0,118.19,4.0,8.0,2.0,1.0,0.0,0.152,1
SMB_EU_004363,1.0,0.0,0.0,0.0,0.0,0.0,0.0,0.0,1.0,51.0,7888.0,12.08,46.0,171.48,2.0,12.0,0.0,2.0,1.0,0.143,0
SMB_EU_004364,0.0,0.0,0.0,1.0,0.0,0.0,0.0,1.0,0.0,12.0,6583.2,-5.68,54.0,121.91,3.0,10.0,0.0,0.0,2.0,0.017,0
SMB_EU_004365,0.0,1.0,0.0,0.0,0.0,0.0,1.0,0.0,0.0,54.0,9261.31,16.4,34.0,272.39,1.0,10.0,0.0,0.0,1.0,0.145,0
SMB_EU_004366,0.0,0.0,1.0,0.0,0.0,0.0,0.0,0.0,0.0,34.0,11033.9,4.61,73.0,151.15,4.0,13.0,2.0,0.0,1.0,0.075,0
SMB_EU_004367,0.0,0.0,0.0,0.0,0.0,0.0,0.0,1.0,0.0,16.0,3519.34,1.06,14.0,251.38,1.0,20.0,0.0,0.0,2.0,0.158,0
SMB_EU_004368,0.0,0.0,0.0,1.0,0.0,0.0,0.0,0.0,0.0,27.0,8294.13,-50.09,29.0,286.0,1.0,6.0,0.0,0.0,1.0,0.07,1
SMB_EU_004369,0.0,0.0,0.0,0.0,0.0,1.0,0.0,0.0,0.0,15.0,4734.66,-49.24,17.0,278.51,4.0,10.0,1.0,0.0,2.0,0.044,0
SMB_EU_004370,0.0,0.0,0.0,0.0,0.0,1.0,0.0,0.0,0.0,40.0,3590.72,-22.82,18.0,199.48,2.0,10.0,0.0,0.0,0.0,0.015,0
SMB_EU_004371,0.0,0.0,0.0,0.0,0.0,0.0,0.0,0.0,0.0,23.0,26845.6,-12.79,91.0,295.01,3.0,16.0,0.0,0.0,0.0,0.276,0
SMB_EU_004372,0.0,1.0,0.0,0.0,0.0,0.0,0.0,0.0,1.0,21.0,5241.16,1.43,23.0,227.88,3.0,13.0,2.0,0.0,2.0,0.163,0
SMB_EU_004373,0.0,0.0,0.0,0.0,0.0,0.0,0.0,0.0,0.0,41.0,16141.94,-16.08,149.0,108.34,2.0,8.0,0.0,0.0,3.0,0.082,0
SMB_EU_004374,0.0,1.0,0.0,0.0,0.0,0.0,0.0,0.0,0.0,24.0,15496.78,4.57,56.0,276.73,1.0,8.0,0.0,0.0,0.0,0.084,0
SMB_EU_004375,0.0,0.0,0.0,1.0,0.0,0.0,0.0,0.0,1.0,28.0,15873.09,-21.35,87.0,182.45,3.0,6.0,0.0,1.0,1.0,0.088,0
SMB_EU_004376,0.0,0.0,0.0,1.0,0.0,0.0,0.0,0.0,0.0,26.0,28837.34,-15.66,254.0,113.53,1.0,11.0,2.0,0.0,0.0,0.07,1
SMB_EU_004377,0.0,1.0,0.0,0.0,0.0,0.0,1.0,0.0,0.0,4.0,12146.29,-10.65,48.0,253.05,1.0,14.0,0.0,1.0,0.0,0.02,0
SMB_EU_004378,1.0,0.0,0.0,0.0,0.0,0.0,0.0,0.0,0.0,9.0,18537.71,8.1,85.0,218.09,2.0,8.0,2.0,0.0,0.0,0.016,0
SMB_EU_004379,0.0,0.0,0.0,0.0,0.0,0.0,0.0,1.0,0.0,17.0,2665.12,20.99,10.0,266.51,4.0,7.0,2.0,0.0,0.0,0.214,0
SMB_EU_004380,0.0,0.0,0.0,1.0,0.0,0.0,0.0,1.0,0.0,18.0,2632.98,-8.79,10.0,263.3,3.0,8.0,0.0,1.0,3.0,0.186,0
SMB_EU_004381,0.0,0.0,0.0,0.0,0.0,0.0,0.0,1.0,0.0,4.0,3010.25,19.84,20.0,150.51,1.0,11.0,1.0,0.0,0.0,0.072,0
SMB_EU_004382,0.0,0.0,0.0,0.0,0.0,0.0,0.0,1.0,0.0,28.0,7850.6,0.71,58.0,135.36,3.0,11.0,2.0,1.0,1.0,0.093,0
SMB_EU_004383,0.0,0.0,1.0,0.0,0.0,0.0,0.0,0.0,0.0,25.0,15674.7,3.54,65.0,241.15,4.0,16.0,1.0,0.0,4.0,0.16,0
SMB_EU_004384,0.0,0.0,1.0,0.0,0.0,0.0,0.0,1.0,0.0,30.0,8420.19,-48.85,41.0,205.37,1.0,15.0,0.0,0.0,3.0,0.047,0
SMB_EU_004385,0.0,0.0,0.0,0.0,1.0,0.0,0.0,1.0,0.0,22.0,9125.93,-2.96,96.0,95.06,1.0,12.0,0.0,0.0,1.0,0.054,0
SMB_EU_004386,0.0,0.0,1.0,0.0,0.0,0.0,1.0,0.0,0.0,67.0,5175.16,6.59,43.0,120.35,1.0,9.0,0.0,0.0,2.0,0.083,0
SMB_EU_004387,0.0,0.0,0.0,0.0,1.0,0.0,1.0,0.0,0.0,38.0,8155.45,11.1,72.0,113.27,2.0,5.0,0.0,1.0,0.0,0.025,0
SMB_EU_004388,0.0,0.0,0.0,0.0,0.0,0.0,0.0,0.0,1.0,72.0,8930.11,-13.27,43.0,207.68,1.0,10.0,1.0,0.0,4.0,0.063,0
SMB_EU_004389,0.0,0.0,0.0,0.0,0.0,0.0,0.0,1.0,0.0,12.0,4107.3,-2.84,42.0,97.79,2.0,17.0,1.0,0.0,2.0,0.054,1
SMB_EU_004390,0.0,0.0,0.0,0.0,0.0,0.0,0.0,1.0,0.0,21.0,3627.46,25.04,29.0,125.08,3.0,12.0,0.0,0.0,3.0,0.051,0
SMB_EU_004391,0.0,0.0,0.0,0.0,0.0,0.0,0.0,1.0,0.0,18.0,10178.64,2.66,51.0,199.58,2.0,13.0,1.0,0.0,2.0,0.025,0
SMB_EU_004392,0.0,0.0,1.0,0.0,0.0,0.0,0.0,0.0,0.0,7.0,15475.11,-54.07,142.0,108.98,4.0,10.0,2.0,1.0,4.0,0.049,1
SMB_EU_004393,0.0,0.0,1.0,0.0,0.0,1.0,0.0,0.0,0.0,24.0,6047.51,17.51,45.0,134.39,2.0,11.0,0.0,1.0,2.0,0.067,0
SMB_EU_004394,0.0,0.0,0.0,0.0,0.0,0.0,0.0,0.0,0.0,4.0,9266.29,-7.52,33.0,280.8,1.0,18.0,2.0,0.0,0.0,0.015,0
SMB_EU_004395,0.0,0.0,0.0,0.0,1.0,0.0,1.0,0.0,0.0,40.0,11995.95,-0.51,51.0,235.21,2.0,10.0,2.0,2.0,3.0,0.033,0
SMB_EU_004396,0.0,0.0,0.0,0.0,1.0,0.0,0.0,1.0,0.0,57.0,2735.66,12.25,19.0,143.98,4.0,14.0,1.0,0.0,0.0,0.026,0
SMB_EU_004397,0.0,1.0,0.0,0.0,0.0,0.0,0.0,0.0,0.0,23.0,19707.39,18.58,72.0,273.71,1.0,14.0,2.0,0.0,2.0,0.097,0
SMB_EU_004398,0.0,0.0,0.0,0.0,0.0,1.0,0.0,0.0,0.0,30.0,8013.26,-35.48,59.0,135.82,1.0,11.0,0.0,0.0,1.0,0.036,0
SMB_EU_004399,0.0,0.0,0.0,0.0,0.0,0.0,0.0,0.0,0.0,58.0,11711.15,-11.05,56.0,209.13,3.0,10.0,0.0,0.0,1.0,0.027,0
SMB_EU_004400,0.0,0.0,0.0,0.0,0.0,0.0,0.0,0.0,0.0,13.0,18149.47,-14.98,113.0,160.61,1.0,17.0,0.0,1.0,2.0,0.184,0
SMB_EU_004401,0.0,0.0,0.0,0.0,0.0,0.0,1.0,0.0,0.0,7.0,8942.75,-1.86,36.0,248.41,3.0,10.0,0.0,0.0,2.0,0.015,0
SMB_EU_004402,0.0,0.0,0.0,1.0,0.0,0.0,0.0,0.0,0.0,4.0,14649.9,-13.84,91.0,160.99,2.0,8.0,1.0,0.0,1.0,0.094,0
SMB_EU_004403,0.0,1.0,0.0,0.0,0.0,0.0,1.0,0.0,0.0,15.0,8062.37,9.96,60.0,134.37,3.0,7.0,1.0,0.0,2.0,0.032,0
SMB_EU_004404,0.0,1.0,0.0,0.0,0.0,0.0,1.0,0.0,0.0,17.0,8302.12,2.59,39.0,212.87,2.0,12.0,2.0,0.0,1.0,0.05,0
SMB_EU_004405,0.0,0.0,0.0,0.0,1.0,0.0,0.0,0.0,1.0,42.0,9729.59,-33.01,40.0,243.24,1.0,9.0,0.0,0.0,4.0,0.12,1
SMB_EU_004406,0.0,0.0,1.0,0.0,0.0,0.0,1.0,0.0,0.0,9.0,8294.45,14.3,42.0,197.49,2.0,8.0,0.0,0.0,2.0,0.062,0
SMB_EU_004407,0.0,0.0,0.0,0.0,1.0,0.0,0.0,0.0,0.0,7.0,7734.82,10.19,33.0,234.39,1.0,8.0,2.0,0.0,0.0,0.191,0
SMB_EU_004408,0.0,0.0,0.0,0.0,0.0,1.0,0.0,0.0,0.0,47.0,5476.32,-5.04,32.0,171.13,3.0,9.0,1.0,1.0,3.0,0.128,0
SMB_EU_004409,0.0,1.0,0.0,0.0,0.0,1.0,0.0,0.0,0.0,17.0,7033.81,-29.45,28.0,251.21,2.0,8.0,0.0,1.0,3.0,0.094,1
SMB_EU_004410,0.0,0.0,1.0,0.0,0.0,0.0,1.0,0.0,0.0,30.0,8480.88,-6.91,41.0,206.85,3.0,15.0,0.0,1.0,0.0,0.167,0
SMB_EU_004411,0.0,0.0,0.0,0.0,0.0,0.0,0.0,1.0,0.0,43.0,8861.25,-47.74,72.0,123.07,2.0,7.0,0.0,0.0,0.0,0.026,1
SMB_EU_004412,0.0,0.0,0.0,0.0,0.0,0.0,0.0,1.0,0.0,113.0,7253.54,14.31,26.0,278.98,3.0,10.0,0.0,0.0,1.0,0.025,0
SMB_EU_004413,0.0,0.0,1.0,0.0,0.0,0.0,1.0,0.0,0.0,35.0,4745.5,-30.57,18.0,263.64,1.0,6.0,0.0,0.0,1.0,0.068,0
SMB_EU_004414,0.0,0.0,1.0,0.0,0.0,0.0,0.0,0.0,0.0,16.0,13572.88,-22.54,46.0,295.06,1.0,7.0,1.0,2.0,2.0,0.018,0
SMB_EU_004415,0.0,1.0,0.0,0.0,0.0,0.0,0.0,0.0,1.0,46.0,7466.47,8.05,36.0,207.4,1.0,6.0,1.0,1.0,0.0,0.006,0
SMB_EU_004416,0.0,0.0,0.0,1.0,0.0,0.0,0.0,1.0,0.0,13.0,4986.97,-32.22,22.0,226.68,3.0,7.0,0.0,0.0,0.0,0.157,0
SMB_EU_004417,0.0,1.0,0.0,0.0,0.0,1.0,0.0,0.0,0.0,57.0,5989.28,-63.45,22.0,272.24,2.0,8.0,0.0,0.0,2.0,0.029,1
SMB_EU_004418,0.0,0.0,0.0,0.0,0.0,0.0,1.0,0.0,0.0,15.0,11546.18,-20.61,126.0,91.64,2.0,5.0,2.0,3.0,2.0,0.045,1
SMB_EU_004419,0.0,1.0,0.0,0.0,0.0,0.0,0.0,0.0,0.0,11.0,16683.95,-34.4,59.0,282.78,4.0,12.0,0.0,0.0,1.0,0.211,0
SMB_EU_004420,0.0,0.0,0.0,0.0,0.0,1.0,0.0,0.0,0.0,27.0,12554.59,3.16,90.0,139.5,2.0,8.0,2.0,0.0,3.0,0.134,0
SMB_EU_004421,0.0,0.0,0.0,0.0,0.0,0.0,1.0,0.0,0.0,34.0,9244.64,11.82,100.0,92.45,2.0,6.0,1.0,0.0,0.0,0.034,0
SMB_EU_004422,0.0,0.0,0.0,0.0,1.0,0.0,0.0,0.0,0.0,11.0,9112.94,-44.52,69.0,132.07,4.0,8.0,0.0,0.0,2.0,0.07,0
SMB_EU_004423,0.0,0.0,1.0,0.0,0.0,1.0,0.0,0.0,0.0,17.0,4533.03,9.04,22.0,206.05,2.0,7.0,0.0,1.0,1.0,0.081,0
SMB_EU_004424,1.0,0.0,0.0,0.0,0.0,0.0,0.0,0.0,0.0,37.0,21548.88,-0.52,238.0,90.54,3.0,12.0,0.0,0.0,1.0,0.129,0
SMB_EU_004425,0.0,1.0,0.0,0.0,0.0,0.0,0.0,1.0,0.0,30.0,1898.26,25.83,24.0,79.09,2.0,7.0,2.0,0.0,1.0,0.008,0
SMB_EU_004426,0.0,1.0,0.0,0.0,0.0,0.0,0.0,1.0,0.0,35.0,2229.8,10.5,10.0,222.98,1.0,12.0,2.0,0.0,1.0,0.11,0
SMB_EU_004427,0.0,1.0,0.0,0.0,0.0,0.0,0.0,0.0,0.0,58.0,15096.58,3.33,84.0,179.72,3.0,12.0,1.0,1.0,1.0,0.067,0
SMB_EU_004428,0.0,0.0,0.0,0.0,0.0,0.0,0.0,1.0,0.0,33.0,8846.23,-46.91,33.0,268.07,4.0,3.0,0.0,0.0,0.0,0.078,1
SMB_EU_004429,0.0,0.0,0.0,0.0,0.0,0.0,1.0,0.0,0.0,68.0,17525.6,-5.99,128.0,136.92,2.0,8.0,0.0,0.0,1.0,0.063,0
SMB_EU_004430,1.0,0.0,0.0,0.0,0.0,0.0,0.0,1.0,0.0,48.0,4389.32,-0.86,31.0,141.59,2.0,15.0,0.0,0.0,1.0,0.116,0
SMB_EU_004431,0.0,0.0,1.0,0.0,0.0,0.0,1.0,0.0,0.0,17.0,15118.8,-75.84,156.0,96.92,2.0,14.0,2.0,1.0,1.0,0.107,1
SMB_EU_004432,0.0,0.0,1.0,0.0,0.0,0.0,1.0,0.0,0.0,59.0,8354.52,-28.28,42.0,198.92,4.0,3.0,1.0,1.0,1.0,0.119,0
SMB_EU_004433,0.0,0.0,0.0,1.0,0.0,1.0,0.0,0.0,0.0,32.0,2393.87,26.4,15.0,159.59,4.0,11.0,1.0,0.0,1.0,0.048,0
SMB_EU_004434,0.0,0.0,0.0,0.0,1.0,0.0,0.0,0.0,0.0,54.0,14927.49,2.23,96.0,155.49,1.0,5.0,0.0,0.0,2.0,0.082,0
SMB_EU_004435,0.0,0.0,0.0,0.0,0.0,0.0,0.0,0.0,1.0,36.0,6208.25,1.6,34.0,182.6,3.0,10.0,0.0,0.0,1.0,0.052,0
SMB_EU_004436,0.0,1.0,0.0,0.0,0.0,0.0,0.0,0.0,0.0,79.0,26023.21,14.98,97.0,268.28,2.0,16.0,2.0,0.0,2.0,0.23,0
SMB_EU_004437,0.0,1.0,0.0,0.0,0.0,0.0,0.0,0.0,0.0,11.0,14770.69,-46.79,143.0,103.29,1.0,9.0,1.0,0.0,2.0,0.089,1
SMB_EU_004438,1.0,0.0,0.0,0.0,0.0,0.0,0.0,0.0,0.0,23.0,6967.82,-11.8,36.0,193.55,2.0,10.0,2.0,0.0,1.0,0.078,0
SMB_EU_004439,0.0,0.0,0.0,0.0,1.0,0.0,0.0,0.0,0.0,40.0,6099.59,-22.12,50.0,121.99,1.0,11.0,1.0,1.0,2.0,0.122,0
SMB_EU_004440,0.0,1.0,0.0,0.0,0.0,0.0,0.0,0.0,0.0,30.0,14812.36,-17.03,117.0,126.6,4.0,8.0,0.0,0.0,0.0,0.215,0
SMB_EU_004441,0.0,0.0,0.0,0.0,1.0,1.0,0.0,0.0,0.0,13.0,1404.43,2.75,10.0,140.44,1.0,10.0,2.0,0.0,1.0,0.139,0
SMB_EU_004442,1.0,0.0,0.0,0.0,0.0,0.0,0.0,1.0,0.0,74.0,3663.94,-12.57,20.0,183.2,4.0,7.0,1.0,0.0,1.0,0.141,0
SMB_EU_004443,0.0,1.0,0.0,0.0,0.0,0.0,0.0,1.0,0.0,25.0,5743.43,13.92,30.0,191.45,4.0,7.0,0.0,0.0,2.0,0.097,0
SMB_EU_004444,0.0,1.0,0.0,0.0,0.0,0.0,0.0,0.0,1.0,50.0,4773.19,-7.65,18.0,265.18,1.0,10.0,0.0,0.0,0.0,0.031,0
SMB_EU_004445,0.0,1.0,0.0,0.0,0.0,0.0,0.0,0.0,0.0,38.0,27233.35,-12.37,99.0,275.08,3.0,7.0,1.0,0.0,3.0,0.088,0
SMB_EU_004446,0.0,0.0,0.0,0.0,1.0,0.0,0.0,1.0,0.0,45.0,10216.89,-25.95,49.0,208.51,2.0,11.0,2.0,1.0,0.0,0.103,1
SMB_EU_004447,0.0,0.0,0.0,0.0,0.0,0.0,0.0,0.0,0.0,10.0,8150.1,5.48,57.0,142.98,4.0,8.0,2.0,1.0,1.0,0.09,0
SMB_EU_004448,1.0,0.0,0.0,0.0,0.0,1.0,0.0,0.0,0.0,26.0,5017.51,-18.11,19.0,264.08,3.0,14.0,0.0,0.0,1.0,0.101,0
SMB_EU_004449,0.0,1.0,0.0,0.0,0.0,0.0,0.0,0.0,0.0,46.0,27244.89,-7.82,107.0,254.63,3.0,12.0,0.0,1.0,1.0,0.075,0
SMB_EU_004450,1.0,0.0,0.0,0.0,0.0,0.0,0.0,0.0,1.0,50.0,8992.94,-31.43,35.0,256.94,4.0,14.0,0.0,0.0,1.0,0.137,0
SMB_EU_004451,0.0,0.0,0.0,1.0,0.0,0.0,0.0,1.0,0.0,47.0,2165.72,20.08,26.0,83.3,1.0,4.0,0.0,0.0,0.0,0.096,0
SMB_EU_004452,0.0,0.0,1.0,0.0,0.0,0.0,0.0,0.0,1.0,15.0,8258.41,-75.19,34.0,242.89,2.0,12.0,0.0,0.0,0.0,0.052,1
SMB_EU_004453,1.0,0.0,0.0,0.0,0.0,0.0,0.0,1.0,0.0,6.0,2997.21,9.23,11.0,272.47,3.0,12.0,1.0,0.0,0.0,0.141,0
SMB_EU_004454,1.0,0.0,0.0,0.0,0.0,0.0,0.0,0.0,1.0,9.0,17498.99,-39.91,82.0,213.4,1.0,10.0,0.0,1.0,1.0,0.015,0
SMB_EU_004455,0.0,0.0,0.0,0.0,1.0,0.0,0.0,1.0,0.0,27.0,7192.2,-7.42,29.0,248.01,4.0,7.0,0.0,0.0,3.0,0.057,0
SMB_EU_004456,0.0,0.0,0.0,0.0,0.0,0.0,0.0,0.0,0.0,29.0,12426.06,-36.83,50.0,248.52,3.0,10.0,3.0,1.0,0.0,0.063,0
SMB_EU_004457,0.0,0.0,1.0,0.0,0.0,0.0,0.0,0.0,0.0,27.0,16335.47,-5.46,85.0,192.18,2.0,7.0,0.0,2.0,2.0,0.135,0
SMB_EU_004458,0.0,0.0,0.0,0.0,0.0,0.0,0.0,0.0,0.0,11.0,6842.66,9.31,26.0,263.18,1.0,12.0,2.0,0.0,0.0,0.114,0
SMB_EU_004459,0.0,1.0,0.0,0.0,0.0,0.0,1.0,0.0,0.0,18.0,5089.48,-8.05,20.0,254.47,1.0,8.0,1.0,0.0,0.0,0.057,0
SMB_EU_004460,0.0,0.0,1.0,0.0,0.0,0.0,0.0,0.0,0.0,73.0,38092.51,24.88,135.0,282.17,1.0,5.0,0.0,0.0,1.0,0.029,0
SMB_EU_004461,0.0,1.0,0.0,0.0,0.0,0.0,0.0,0.0,0.0,34.0,15489.45,-15.13,55.0,281.63,2.0,10.0,2.0,1.0,0.0,0.034,0
SMB_EU_004462,0.0,0.0,0.0,1.0,0.0,0.0,0.0,0.0,0.0,26.0,26208.97,2.97,133.0,197.06,3.0,9.0,1.0,0.0,1.0,0.066,0
SMB_EU_004463,0.0,0.0,0.0,0.0,1.0,0.0,0.0,0.0,1.0,72.0,10344.27,-2.49,119.0,86.93,2.0,11.0,1.0,0.0,4.0,0.105,0
SMB_EU_004464,0.0,0.0,0.0,0.0,0.0,0.0,0.0,0.0,1.0,83.0,19802.21,-36.53,235.0,84.26,2.0,9.0,1.0,1.0,0.0,0.064,1
SMB_EU_004465,0.0,0.0,1.0,0.0,0.0,0.0,1.0,0.0,0.0,19.0,2411.23,20.04,8.0,301.4,1.0,14.0,0.0,0.0,0.0,0.036,0
SMB_EU_004466,0.0,1.0,0.0,0.0,0.0,0.0,0.0,0.0,0.0,35.0,13398.19,-17.42,87.0,154.0,1.0,12.0,1.0,0.0,1.0,0.048,0
SMB_EU_004467,0.0,0.0,0.0,0.0,0.0,0.0,0.0,0.0,0.0,8.0,40242.32,-10.53,247.0,162.92,4.0,12.0,0.0,0.0,3.0,0.126,0
SMB_EU_004468,0.0,0.0,0.0,0.0,0.0,0.0,0.0,0.0,0.0,6.0,26622.43,9.52,145.0,183.6,1.0,9.0,0.0,1.0,0.0,0.071,0
SMB_EU_004469,0.0,0.0,0.0,0.0,1.0,0.0,0.0,1.0,0.0,23.0,11074.68,14.05,80.0,138.43,1.0,3.0,1.0,1.0,3.0,0.115,0
SMB_EU_004470,0.0,0.0,0.0,0.0,1.0,0.0,0.0,0.0,0.0,10.0,14939.24,-39.03,71.0,210.41,3.0,9.0,1.0,0.0,2.0,0.168,0
SMB_EU_004471,0.0,0.0,0.0,0.0,1.0,1.0,0.0,0.0,0.0,18.0,4347.04,-11.14,17.0,255.71,2.0,10.0,3.0,0.0,1.0,0.085,0
SMB_EU_004472,0.0,0.0,0.0,0.0,1.0,0.0,0.0,1.0,0.0,32.0,2699.7,1.18,20.0,134.98,1.0,13.0,0.0,0.0,3.0,0.104,0
SMB_EU_004473,0.0,0.0,0.0,0.0,0.0,0.0,0.0,1.0,0.0,63.0,2589.02,22.15,11.0,235.37,4.0,9.0,1.0,0.0,1.0,0.054,0
SMB_EU_004474,0.0,1.0,0.0,0.0,0.0,0.0,1.0,0.0,0.0,35.0,12983.48,0.62,57.0,227.78,2.0,6.0,0.0,0.0,1.0,0.246,0
SMB_EU_004475,0.0,0.0,1.0,0.0,0.0,0.0,0.0,1.0,0.0,19.0,6803.01,-18.96,35.0,194.37,1.0,10.0,1.0,1.0,0.0,0.102,0
SMB_EU_004476,0.0,0.0,0.0,1.0,0.0,0.0,0.0,0.0,0.0,86.0,14412.65,1.64,95.0,151.71,3.0,13.0,1.0,0.0,1.0,0.116,0
SMB_EU_004477,0.0,1.0,0.0,0.0,0.0,0.0,0.0,0.0,0.0,28.0,20347.63,11.74,75.0,271.3,1.0,8.0,0.0,0.0,2.0,0.073,0
SMB_EU_004478,0.0,1.0,0.0,0.0,0.0,0.0,1.0,0.0,0.0,51.0,8713.84,-1.52,52.0,167.57,2.0,8.0,1.0,1.0,0.0,0.062,0
SMB_EU_004479,0.0,0.0,1.0,0.0,0.0,0.0,0.0,0.0,0.0,53.0,26719.16,18.87,165.0,161.93,3.0,11.0,0.0,0.0,3.0,0.083,0
SMB_EU_004480,0.0,0.0,1.0,0.0,0.0,0.0,0.0,0.0,0.0,26.0,26566.8,12.99,120.0,221.39,4.0,7.0,0.0,0.0,4.0,0.113,0
SMB_EU_004481,0.0,0.0,0.0,0.0,0.0,0.0,0.0,0.0,0.0,2.0,7913.15,-0.93,28.0,282.61,2.0,8.0,1.0,0.0,4.0,0.013,0
SMB_EU_004482,0.0,0.0,0.0,1.0,0.0,1.0,0.0,0.0,0.0,16.0,7070.61,0.65,37.0,191.1,1.0,11.0,3.0,0.0,2.0,0.055,1
SMB_EU_004483,0.0,0.0,1.0,0.0,0.0,0.0,0.0,1.0,0.0,17.0,1836.97,-27.63,8.0,229.62,2.0,14.0,1.0,1.0,2.0,0.038,0
SMB_EU_004484,0.0,0.0,1.0,0.0,0.0,0.0,1.0,0.0,0.0,26.0,8664.67,18.15,48.0,180.51,4.0,11.0,0.0,0.0,1.0,0.059,0
SMB_EU_004485,0.0,0.0,0.0,0.0,0.0,0.0,1.0,0.0,0.0,22.0,11496.29,-4.94,90.0,127.74,3.0,10.0,2.0,0.0,2.0,0.042,0
SMB_EU_004486,1.0,0.0,0.0,0.0,0.0,0.0,0.0,1.0,0.0,23.0,2273.24,-6.0,21.0,108.25,2.0,6.0,2.0,0.0,2.0,0.076,0
SMB_EU_004487,0.0,0.0,0.0,0.0,0.0,0.0,1.0,0.0,0.0,27.0,6231.17,-8.25,57.0,109.32,1.0,8.0,0.0,0.0,1.0,0.059,0
SMB_EU_004488,0.0,1.0,0.0,0.0,0.0,0.0,0.0,0.0,1.0,31.0,9051.59,-21.89,107.0,84.59,2.0,5.0,3.0,0.0,1.0,0.082,0
SMB_EU_004489,1.0,0.0,0.0,0.0,0.0,1.0,0.0,0.0,0.0,6.0,6904.05,-16.93,34.0,203.06,4.0,13.0,2.0,2.0,0.0,0.09,1
SMB_EU_004490,0.0,0.0,1.0,0.0,0.0,0.0,0.0,0.0,0.0,31.0,12690.94,-14.76,117.0,108.47,2.0,15.0,2.0,0.0,2.0,0.195,0
SMB_EU_004491,0.0,1.0,0.0,0.0,0.0,0.0,1.0,0.0,0.0,42.0,3959.31,-0.79,15.0,263.95,1.0,9.0,0.0,0.0,1.0,0.025,0
SMB_EU_004492,0.0,0.0,1.0,0.0,0.0,0.0,1.0,0.0,0.0,87.0,7744.92,-48.88,26.0,297.88,2.0,7.0,1.0,1.0,1.0,0.099,0
SMB_EU_004493,0.0,0.0,1.0,0.0,0.0,0.0,1.0,0.0,0.0,30.0,2968.61,5.03,16.0,185.54,2.0,6.0,2.0,1.0,2.0,0.022,0
SMB_EU_004494,1.0,0.0,0.0,0.0,0.0,0.0,1.0,0.0,0.0,49.0,6957.75,-30.32,39.0,178.4,2.0,13.0,1.0,0.0,1.0,0.032,0
SMB_EU_004495,1.0,0.0,0.0,0.0,0.0,1.0,0.0,0.0,0.0,40.0,4604.05,23.93,29.0,158.76,1.0,10.0,0.0,1.0,0.0,0.112,0
SMB_EU_004496,0.0,0.0,1.0,0.0,0.0,0.0,1.0,0.0,0.0,15.0,7380.8,10.4,33.0,223.66,1.0,10.0,0.0,1.0,1.0,0.088,0
SMB_EU_004497,0.0,0.0,0.0,1.0,0.0,0.0,0.0,0.0,0.0,31.0,10723.71,-33.8,50.0,214.47,3.0,14.0,1.0,1.0,2.0,0.251,0
SMB_EU_004498,0.0,0.0,0.0,0.0,0.0,1.0,0.0,0.0,0.0,68.0,2428.2,-9.07,16.0,151.76,2.0,12.0,0.0,0.0,0.0,0.009,0
SMB_EU_004499,0.0,1.0,0.0,0.0,0.0,0.0,0.0,0.0,0.0,66.0,12040.12,36.09,77.0,156.37,4.0,9.0,1.0,0.0,0.0,0.106,0
SMB_EU_004500,0.0,1.0,0.0,0.0,0.0,0.0,1.0,0.0,0.0,66.0,13984.28,-6.59,63.0,221.97,3.0,11.0,1.0,0.0,0.0,0.134,0
SMB_EU_004501,0.0,0.0,1.0,0.0,0.0,0.0,1.0,0.0,0.0,120.0,17052.86,-10.71,84.0,203.01,2.0,20.0,1.0,1.0,1.0,0.042,0
SMB_EU_004502,0.0,0.0,0.0,1.0,0.0,0.0,1.0,0.0,0.0,42.0,34571.93,10.6,145.0,238.43,1.0,5.0,0.0,0.0,0.0,0.068,0
SMB_EU_004503,0.0,1.0,0.0,0.0,0.0,0.0,0.0,1.0,0.0,20.0,13796.68,2.93,48.0,287.43,3.0,13.0,0.0,1.0,0.0,0.051,0
SMB_EU_004504,0.0,0.0,0.0,0.0,0.0,0.0,0.0,0.0,0.0,43.0,7314.71,-12.28,29.0,252.23,1.0,6.0,0.0,0.0,3.0,0.093,0
SMB_EU_004505,0.0,0.0,0.0,1.0,0.0,0.0,0.0,1.0,0.0,13.0,3913.28,32.94,27.0,144.94,4.0,7.0,0.0,1.0,3.0,0.102,0
SMB_EU_004506,0.0,1.0,0.0,0.0,0.0,0.0,0.0,0.0,0.0,38.0,14796.32,14.63,60.0,246.61,1.0,10.0,0.0,0.0,0.0,0.145,0
SMB_EU_004507,1.0,0.0,0.0,0.0,0.0,0.0,0.0,0.0,0.0,12.0,14249.39,0.06,80.0,178.12,1.0,16.0,0.0,0.0,0.0,0.199,0
SMB_EU_004508,0.0,0.0,0.0,0.0,0.0,0.0,0.0,0.0,0.0,16.0,15639.04,36.02,62.0,252.24,1.0,10.0,1.0,1.0,4.0,0.071,0
SMB_EU_004509,0.0,0.0,1.0,0.0,0.0,0.0,0.0,1.0,0.0,6.0,21199.82,12.16,77.0,275.32,2.0,10.0,0.0,1.0,0.0,0.068,0
SMB_EU_004510,0.0,0.0,0.0,0.0,1.0,0.0,0.0,0.0,0.0,36.0,7836.71,-0.18,58.0,135.12,3.0,10.0,0.0,0.0,0.0,0.101,0
SMB_EU_004511,0.0,0.0,0.0,0.0,0.0,0.0,1.0,0.0,0.0,64.0,5213.87,34.22,39.0,133.69,1.0,12.0,0.0,0.0,0.0,0.164,0
SMB_EU_004512,0.0,0.0,0.0,1.0,0.0,1.0,0.0,0.0,0.0,30.0,16087.7,9.88,92.0,174.87,2.0,9.0,2.0,1.0,2.0,0.133,0
SMB_EU_004513,0.0,0.0,0.0,0.0,0.0,0.0,0.0,0.0,0.0,27.0,10365.28,9.23,113.0,91.73,1.0,14.0,0.0,1.0,0.0,0.043,0
SMB_EU_004514,0.0,0.0,1.0,0.0,0.0,0.0,0.0,0.0,0.0,17.0,18995.43,-5.8,82.0,231.65,2.0,12.0,0.0,0.0,3.0,0.223,0
SMB_EU_004515,0.0,0.0,1.0,0.0,0.0,1.0,0.0,0.0,0.0,52.0,11162.43,0.74,46.0,242.66,1.0,4.0,0.0,0.0,0.0,0.044,0
SMB_EU_004516,0.0,1.0,0.0,0.0,0.0,0.0,0.0,0.0,0.0,57.0,20084.52,-6.16,129.0,155.69,2.0,10.0,1.0,2.0,1.0,0.143,0
SMB_EU_004517,0.0,0.0,0.0,1.0,0.0,1.0,0.0,0.0,0.0,8.0,6731.64,21.6,37.0,181.94,2.0,5.0,1.0,1.0,2.0,0.062,0
SMB_EU_004518,0.0,0.0,0.0,0.0,1.0,0.0,0.0,0.0,0.0,32.0,26343.37,-24.14,126.0,209.07,1.0,7.0,1.0,0.0,0.0,0.064,0
SMB_EU_004519,0.0,0.0,0.0,0.0,0.0,0.0,0.0,1.0,0.0,51.0,2925.88,20.49,30.0,97.53,3.0,8.0,0.0,1.0,0.0,0.07,0
SMB_EU_004520,0.0,0.0,0.0,0.0,0.0,0.0,0.0,1.0,0.0,20.0,3712.18,-13.16,16.0,232.01,2.0,9.0,1.0,1.0,2.0,0.055,0
SMB_EU_004521,0.0,0.0,0.0,0.0,1.0,0.0,0.0,0.0,0.0,7.0,20685.5,-30.81,106.0,195.15,2.0,7.0,2.0,0.0,0.0,0.035,0
SMB_EU_004522,0.0,0.0,1.0,0.0,0.0,1.0,0.0,0.0,0.0,12.0,1733.42,-48.36,8.0,216.68,2.0,6.0,1.0,0.0,2.0,0.042,0
SMB_EU_004523,0.0,0.0,0.0,0.0,1.0,0.0,0.0,1.0,0.0,71.0,11697.65,-7.8,49.0,238.73,3.0,6.0,1.0,1.0,0.0,0.099,0
SMB_EU_004524,0.0,0.0,1.0,0.0,0.0,0.0,0.0,0.0,0.0,56.0,17994.85,10.35,79.0,227.78,2.0,10.0,3.0,0.0,1.0,0.122,0
SMB_EU_004525,1.0,0.0,0.0,0.0,0.0,0.0,0.0,0.0,0.0,61.0,16442.5,-44.64,163.0,100.87,4.0,11.0,2.0,0.0,1.0,0.064,0
SMB_EU_004526,0.0,0.0,0.0,1.0,0.0,0.0,0.0,1.0,0.0,9.0,1879.73,-10.02,7.0,268.53,4.0,14.0,0.0,0.0,2.0,0.016,0
SMB_EU_004527,1.0,0.0,0.0,0.0,0.0,1.0,0.0,0.0,0.0,50.0,2772.62,2.31,13.0,213.28,3.0,5.0,0.0,0.0,0.0,0.038,0
SMB_EU_004528,0.0,0.0,0.0,0.0,1.0,0.0,1.0,0.0,0.0,74.0,6298.37,-10.44,27.0,233.27,4.0,7.0,0.0,1.0,1.0,0.2,0
SMB_EU_004529,0.0,0.0,1.0,0.0,0.0,0.0,0.0,1.0,0.0,16.0,8116.47,-8.07,59.0,137.57,4.0,10.0,2.0,0.0,1.0,0.145,0
SMB_EU_004530,0.0,0.0,0.0,0.0,0.0,0.0,1.0,0.0,0.0,24.0,2301.29,-22.46,18.0,127.85,1.0,10.0,3.0,1.0,0.0,0.077,0
SMB_EU_004531,0.0,1.0,0.0,0.0,0.0,0.0,0.0,1.0,0.0,33.0,8024.16,-59.12,31.0,258.84,4.0,8.0,2.0,1.0,1.0,0.205,1
SMB_EU_004532,0.0,0.0,0.0,0.0,0.0,0.0,0.0,1.0,0.0,37.0,4028.6,7.41,24.0,167.86,1.0,11.0,1.0,0.0,3.0,0.018,0
SMB_EU_004533,0.0,1.0,0.0,0.0,0.0,0.0,0.0,0.0,1.0,20.0,7870.88,0.56,38.0,207.13,1.0,13.0,1.0,1.0,2.0,0.015,1
SMB_EU_004534,0.0,1.0,0.0,0.0,0.0,0.0,1.0,0.0,0.0,54.0,9314.73,-1.97,46.0,202.49,4.0,9.0,1.0,0.0,1.0,0.043,0
SMB_EU_004535,0.0,0.0,1.0,0.0,0.0,1.0,0.0,0.0,0.0,41.0,7052.27,39.19,34.0,207.42,1.0,12.0,0.0,1.0,2.0,0.05,0
SMB_EU_004536,0.0,0.0,1.0,0.0,0.0,0.0,0.0,0.0,0.0,14.0,9782.48,-6.96,103.0,94.98,2.0,9.0,0.0,0.0,1.0,0.013,0
SMB_EU_004537,0.0,0.0,0.0,1.0,0.0,0.0,0.0,0.0,0.0,52.0,21823.69,-12.5,149.0,146.47,4.0,8.0,0.0,0.0,0.0,0.078,0
SMB_EU_004538,0.0,0.0,1.0,0.0,0.0,0.0,1.0,0.0,0.0,25.0,1989.34,16.95,21.0,94.73,1.0,6.0,3.0,0.0,2.0,0.043,0
SMB_EU_004539,0.0,0.0,0.0,0.0,0.0,1.0,0.0,0.0,0.0,42.0,4579.13,5.03,25.0,183.17,1.0,9.0,0.0,0.0,1.0,0.052,0
SMB_EU_004540,0.0,0.0,0.0,0.0,0.0,0.0,0.0,0.0,0.0,15.0,16448.91,17.04,59.0,278.8,2.0,16.0,0.0,0.0,1.0,0.174,0
SMB_EU_004541,0.0,0.0,0.0,0.0,0.0,0.0,1.0,0.0,0.0,15.0,6504.35,5.98,39.0,166.78,3.0,12.0,1.0,0.0,2.0,0.057,0
SMB_EU_004542,0.0,0.0,0.0,1.0,0.0,1.0,0.0,0.0,0.0,6.0,2004.94,-2.92,8.0,250.62,3.0,15.0,2.0,0.0,4.0,0.071,0
SMB_EU_004543,0.0,0.0,0.0,0.0,0.0,0.0,0.0,1.0,0.0,59.0,7879.42,-2.83,55.0,143.26,4.0,12.0,1.0,0.0,1.0,0.161,0
SMB_EU_004544,0.0,1.0,0.0,0.0,0.0,0.0,0.0,1.0,0.0,48.0,2364.12,6.49,9.0,262.68,1.0,18.0,0.0,0.0,1.0,0.079,0
SMB_EU_004545,0.0,1.0,0.0,0.0,0.0,0.0,0.0,0.0,1.0,33.0,8642.71,-3.17,50.0,172.85,2.0,7.0,3.0,0.0,3.0,0.098,0
SMB_EU_004546,1.0,0.0,0.0,0.0,0.0,0.0,0.0,0.0,0.0,9.0,16442.52,18.29,104.0,158.1,3.0,6.0,0.0,0.0,1.0,0.022,0
SMB_EU_004547,0.0,0.0,0.0,0.0,0.0,0.0,0.0,0.0,1.0,65.0,9107.71,-19.54,39.0,233.53,3.0,15.0,1.0,0.0,2.0,0.043,0
SMB_EU_004548,0.0,0.0,1.0,0.0,0.0,0.0,0.0,1.0,0.0,42.0,10082.94,18.21,52.0,193.9,1.0,12.0,0.0,0.0,0.0,0.071,0
SMB_EU_004549,0.0,0.0,1.0,0.0,0.0,0.0,0.0,0.0,0.0,20.0,14528.22,-28.1,94.0,154.56,1.0,12.0,2.0,1.0,2.0,0.038,0
SMB_EU_004550,1.0,0.0,0.0,0.0,0.0,0.0,1.0,0.0,0.0,35.0,10338.91,2.18,111.0,93.14,1.0,11.0,1.0,1.0,2.0,0.07,0
SMB_EU_004551,0.0,0.0,0.0,0.0,1.0,0.0,0.0,0.0,0.0,25.0,14505.21,-4.97,124.0,116.98,4.0,11.0,1.0,1.0,0.0,0.286,0
SMB_EU_004552,0.0,0.0,0.0,0.0,0.0,0.0,0.0,0.0,0.0,42.0,21667.73,-22.75,87.0,249.05,4.0,11.0,3.0,1.0,2.0,0.124,0
SMB_EU_004553,0.0,0.0,0.0,0.0,0.0,1.0,0.0,0.0,0.0,13.0,13844.07,-30.9,49.0,282.53,1.0,14.0,1.0,0.0,2.0,0.087,0
SMB_EU_004554,0.0,0.0,0.0,0.0,1.0,1.0,0.0,0.0,0.0,4.0,6516.16,-16.46,56.0,116.36,1.0,9.0,0.0,0.0,1.0,0.093,0
SMB_EU_004555,0.0,0.0,0.0,1.0,0.0,0.0,0.0,1.0,0.0,39.0,7992.86,0.69,39.0,204.95,2.0,8.0,0.0,0.0,2.0,0.008,0
SMB_EU_004556,0.0,0.0,1.0,0.0,0.0,0.0,0.0,0.0,0.0,43.0,35918.32,-9.03,410.0,87.61,4.0,9.0,0.0,0.0,1.0,0.172,0
SMB_EU_004557,0.0,0.0,1.0,0.0,0.0,0.0,1.0,0.0,0.0,6.0,18060.95,-15.61,125.0,144.49,4.0,8.0,1.0,0.0,0.0,0.059,0
SMB_EU_004558,0.0,0.0,1.0,0.0,0.0,0.0,0.0,1.0,0.0,2.0,3968.01,20.28,22.0,180.36,2.0,8.0,0.0,0.0,3.0,0.062,0
SMB_EU_004559,0.0,0.0,0.0,0.0,1.0,0.0,0.0,0.0,0.0,33.0,27935.82,-18.48,115.0,242.92,1.0,11.0,0.0,0.0,3.0,0.133,0
SMB_EU_004560,0.0,0.0,0.0,0.0,1.0,0.0,0.0,0.0,1.0,40.0,10448.8,10.19,116.0,90.08,1.0,16.0,1.0,0.0,0.0,0.112,0
SMB_EU_004561,1.0,0.0,0.0,0.0,0.0,0.0,1.0,0.0,0.0,24.0,15639.18,-13.33,62.0,252.24,2.0,10.0,0.0,1.0,1.0,0.198,0
SMB_EU_004562,0.0,1.0,0.0,0.0,0.0,0.0,0.0,0.0,1.0,13.0,12659.47,-16.84,102.0,124.11,4.0,18.0,0.0,1.0,0.0,0.146,0
SMB_EU_004563,0.0,0.0,0.0,0.0,1.0,0.0,1.0,0.0,0.0,87.0,9438.93,-9.06,38.0,248.39,1.0,11.0,1.0,0.0,4.0,0.018,0
SMB_EU_004564,0.0,0.0,0.0,0.0,0.0,0.0,1.0,0.0,0.0,38.0,10379.42,9.3,48.0,216.24,3.0,6.0,1.0,1.0,0.0,0.007,0
SMB_EU_004565,0.0,1.0,0.0,0.0,0.0,0.0,1.0,0.0,0.0,58.0,9323.93,-20.57,60.0,155.4,1.0,9.0,0.0,1.0,5.0,0.127,0
SMB_EU_004566,0.0,0.0,0.0,0.0,1.0,0.0,0.0,1.0,0.0,11.0,5965.77,4.31,25.0,238.63,2.0,8.0,1.0,3.0,0.0,0.046,1
SMB_EU_004567,0.0,1.0,0.0,0.0,0.0,0.0,0.0,1.0,0.0,64.0,4545.5,-14.41,34.0,133.69,3.0,11.0,1.0,0.0,1.0,0.225,0
SMB_EU_004568,0.0,1.0,0.0,0.0,0.0,0.0,0.0,0.0,0.0,37.0,12897.27,-11.71,100.0,128.97,3.0,9.0,0.0,0.0,4.0,0.12,0
SMB_EU_004569,0.0,0.0,0.0,0.0,0.0,0.0,0.0,0.0,1.0,82.0,25922.97,6.01,277.0,93.58,3.0,14.0,1.0,1.0,0.0,0.025,0
SMB_EU_004570,0.0,0.0,0.0,0.0,1.0,1.0,0.0,0.0,0.0,42.0,7990.68,32.6,48.0,166.47,3.0,8.0,2.0,0.0,2.0,0.074,0
SMB_EU_004571,0.0,0.0,0.0,1.0,0.0,1.0,0.0,0.0,0.0,30.0,4253.65,-13.67,42.0,101.28,1.0,14.0,1.0,2.0,2.0,0.021,1
SMB_EU_004572,0.0,0.0,1.0,0.0,0.0,0.0,0.0,1.0,0.0,26.0,4233.32,10.8,25.0,169.33,2.0,4.0,2.0,0.0,2.0,0.045,0
SMB_EU_004573,0.0,1.0,0.0,0.0,0.0,0.0,0.0,0.0,0.0,17.0,28270.12,-4.69,344.0,82.18,3.0,8.0,0.0,0.0,0.0,0.12,0
SMB_EU_004574,1.0,0.0,0.0,0.0,0.0,0.0,0.0,0.0,0.0,26.0,9644.02,-45.66,85.0,113.46,1.0,8.0,2.0,0.0,0.0,0.054,0
SMB_EU_004575,1.0,0.0,0.0,0.0,0.0,0.0,0.0,0.0,1.0,43.0,3698.8,16.07,13.0,284.52,2.0,8.0,1.0,1.0,4.0,0.224,0
SMB_EU_004576,0.0,1.0,0.0,0.0,0.0,0.0,0.0,0.0,1.0,48.0,3865.75,-12.65,15.0,257.72,4.0,9.0,0.0,0.0,0.0,0.158,0
SMB_EU_004577,0.0,1.0,0.0,0.0,0.0,0.0,0.0,0.0,1.0,15.0,3189.42,-17.31,24.0,132.89,4.0,12.0,0.0,0.0,2.0,0.084,0
SMB_EU_004578,0.0,0.0,0.0,0.0,0.0,0.0,0.0,0.0,1.0,8.0,4128.59,6.9,17.0,242.86,3.0,11.0,1.0,0.0,4.0,0.043,0
SMB_EU_004579,0.0,0.0,0.0,0.0,1.0,0.0,1.0,0.0,0.0,35.0,3938.98,23.92,17.0,231.7,1.0,5.0,1.0,2.0,0.0,0.065,0
SMB_EU_004580,0.0,0.0,1.0,0.0,0.0,0.0,0.0,1.0,0.0,6.0,11479.7,11.25,97.0,118.35,4.0,9.0,1.0,0.0,2.0,0.113,0
SMB_EU_004581,0.0,0.0,0.0,0.0,1.0,0.0,0.0,0.0,0.0,27.0,14590.09,-21.11,90.0,162.11,4.0,9.0,2.0,1.0,1.0,0.096,0
SMB_EU_004582,0.0,1.0,0.0,0.0,0.0,0.0,0.0,0.0,1.0,9.0,7237.43,-9.23,26.0,278.36,3.0,6.0,2.0,0.0,1.0,0.192,0
SMB_EU_004583,1.0,0.0,0.0,0.0,0.0,0.0,0.0,0.0,0.0,46.0,6309.16,14.69,26.0,242.66,1.0,13.0,1.0,1.0,1.0,0.006,0
SMB_EU_004584,1.0,0.0,0.0,0.0,0.0,1.0,0.0,0.0,0.0,20.0,5506.25,-34.76,22.0,250.28,2.0,9.0,0.0,1.0,1.0,0.068,0
SMB_EU_004585,0.0,0.0,1.0,0.0,0.0,0.0,0.0,0.0,0.0,22.0,5289.13,-45.65,26.0,203.43,3.0,9.0,2.0,0.0,0.0,0.123,0
SMB_EU_004586,0.0,0.0,0.0,0.0,1.0,0.0,0.0,0.0,0.0,8.0,12017.93,-8.69,53.0,226.75,3.0,7.0,1.0,1.0,1.0,0.227,0
SMB_EU_004587,0.0,1.0,0.0,0.0,0.0,0.0,1.0,0.0,0.0,55.0,27608.9,24.69,144.0,191.73,1.0,12.0,2.0,0.0,1.0,0.095,0
SMB_EU_004588,0.0,0.0,0.0,0.0,0.0,0.0,0.0,1.0,0.0,32.0,7446.32,-60.13,31.0,240.2,1.0,10.0,0.0,0.0,0.0,0.063,1
SMB_EU_004589,0.0,0.0,1.0,0.0,0.0,0.0,0.0,1.0,0.0,33.0,4408.61,-9.09,18.0,244.92,3.0,8.0,1.0,0.0,1.0,0.023,0
SMB_EU_004590,1.0,0.0,0.0,0.0,0.0,0.0,1.0,0.0,0.0,9.0,12161.99,-68.72,140.0,86.87,3.0,8.0,1.0,0.0,2.0,0.033,1
SMB_EU_004591,0.0,0.0,1.0,0.0,0.0,0.0,0.0,1.0,0.0,5.0,3656.52,-17.93,17.0,215.09,2.0,10.0,2.0,0.0,0.0,0.169,0
SMB_EU_004592,0.0,0.0,0.0,0.0,0.0,1.0,0.0,0.0,0.0,15.0,3711.19,42.5,17.0,218.31,2.0,11.0,1.0,0.0,2.0,0.156,0
SMB_EU_004593,0.0,0.0,0.0,1.0,0.0,0.0,0.0,0.0,0.0,20.0,41701.12,21.31,440.0,94.78,3.0,8.0,1.0,0.0,1.0,0.008,0
SMB_EU_004594,0.0,1.0,0.0,0.0,0.0,0.0,0.0,0.0,0.0,14.0,7558.6,-9.84,44.0,171.79,1.0,10.0,0.0,0.0,1.0,0.119,0
SMB_EU_004595,0.0,0.0,0.0,1.0,0.0,0.0,0.0,1.0,0.0,82.0,4042.91,25.98,15.0,269.53,1.0,12.0,0.0,0.0,1.0,0.067,0
SMB_EU_004596,0.0,0.0,1.0,0.0,0.0,0.0,0.0,1.0,0.0,55.0,6007.8,8.0,21.0,286.09,2.0,12.0,1.0,0.0,1.0,0.14,0
SMB_EU_004597,1.0,0.0,0.0,0.0,0.0,0.0,0.0,0.0,0.0,27.0,8553.24,7.11,34.0,251.57,1.0,8.0,1.0,0.0,1.0,0.065,0
SMB_EU_004598,0.0,1.0,0.0,0.0,0.0,1.0,0.0,0.0,0.0,15.0,8865.1,-10.77,78.0,113.66,3.0,9.0,1.0,1.0,2.0,0.082,0
SMB_EU_004599,0.0,1.0,0.0,0.0,0.0,0.0,1.0,0.0,0.0,11.0,6655.77,-7.71,41.0,162.34,3.0,9.0,0.0,1.0,1.0,0.226,0
SMB_EU_004600,0.0,1.0,0.0,0.0,0.0,0.0,0.0,0.0,0.0,26.0,22340.39,-45.07,186.0,120.11,3.0,10.0,2.0,0.0,0.0,0.109,1
SMB_EU_004601,0.0,0.0,0.0,0.0,0.0,0.0,1.0,0.0,0.0,34.0,11370.61,-60.04,51.0,222.95,4.0,12.0,0.0,0.0,2.0,0.115,0
SMB_EU_004602,1.0,0.0,0.0,0.0,0.0,0.0,1.0,0.0,0.0,19.0,6914.59,-7.3,28.0,246.95,1.0,13.0,1.0,0.0,1.0,0.018,1
SMB_EU_004603,0.0,0.0,0.0,0.0,1.0,1.0,0.0,0.0,0.0,37.0,16745.92,0.07,61.0,274.52,1.0,8.0,1.0,0.0,3.0,0.189,0
SMB_EU_004604,0.0,1.0,0.0,0.0,0.0,0.0,0.0,0.0,1.0,18.0,6037.7,19.64,22.0,274.44,1.0,9.0,0.0,2.0,2.0,0.091,0
SMB_EU_004605,1.0,0.0,0.0,0.0,0.0,0.0,0.0,0.0,0.0,11.0,33695.78,-9.25,331.0,101.8,3.0,18.0,0.0,1.0,2.0,0.074,0
SMB_EU_004606,0.0,0.0,0.0,0.0,1.0,0.0,1.0,0.0,0.0,37.0,16190.12,12.18,150.0,107.93,2.0,10.0,0.0,0.0,3.0,0.102,0
SMB_EU_004607,0.0,0.0,0.0,0.0,1.0,1.0,0.0,0.0,0.0,5.0,17362.08,-81.18,62.0,280.03,1.0,10.0,0.0,1.0,0.0,0.121,1
SMB_EU_004608,0.0,0.0,0.0,0.0,0.0,0.0,0.0,1.0,0.0,8.0,5550.41,17.51,21.0,264.31,1.0,8.0,1.0,0.0,1.0,0.112,0
SMB_EU_004609,0.0,0.0,0.0,0.0,1.0,0.0,0.0,1.0,0.0,13.0,3115.18,-13.51,17.0,183.25,4.0,7.0,0.0,0.0,1.0,0.031,0
SMB_EU_004610,0.0,1.0,0.0,0.0,0.0,0.0,0.0,1.0,0.0,17.0,17383.4,1.95,100.0,173.83,3.0,10.0,1.0,1.0,1.0,0.051,0
SMB_EU_004611,0.0,1.0,0.0,0.0,0.0,0.0,0.0,0.0,0.0,43.0,12270.88,6.1,61.0,201.16,2.0,8.0,2.0,0.0,2.0,0.043,0
SMB_EU_004612,0.0,0.0,0.0,0.0,0.0,0.0,0.0,1.0,0.0,8.0,3068.88,-44.77,15.0,204.59,4.0,8.0,0.0,0.0,2.0,0.057,0
SMB_EU_004613,0.0,0.0,0.0,1.0,0.0,0.0,1.0,0.0,0.0,22.0,7138.98,-1.6,53.0,134.7,3.0,8.0,0.0,0.0,1.0,0.046,0
SMB_EU_004614,0.0,0.0,0.0,0.0,0.0,0.0,0.0,0.0,0.0,34.0,8323.11,-18.62,49.0,169.86,1.0,11.0,0.0,0.0,0.0,0.118,0
SMB_EU_004615,0.0,1.0,0.0,0.0,0.0,0.0,0.0,0.0,0.0,32.0,20568.06,-56.9,95.0,216.51,2.0,5.0,2.0,0.0,2.0,0.02,1
SMB_EU_004616,0.0,1.0,0.0,0.0,0.0,0.0,0.0,0.0,0.0,43.0,10429.61,-32.97,83.0,125.66,2.0,5.0,0.0,0.0,3.0,0.043,0
SMB_EU_004617,1.0,0.0,0.0,0.0,0.0,0.0,0.0,0.0,1.0,23.0,7574.1,-8.96,25.0,302.96,3.0,7.0,4.0,1.0,0.0,0.039,0
SMB_EU_004618,0.0,0.0,0.0,0.0,1.0,0.0,0.0,1.0,0.0,16.0,8936.15,-1.55,63.0,141.84,1.0,12.0,2.0,0.0,2.0,0.248,1
SMB_EU_004619,0.0,1.0,0.0,0.0,0.0,0.0,1.0,0.0,0.0,61.0,11630.81,-22.38,58.0,200.53,2.0,7.0,0.0,0.0,2.0,0.053,0
SMB_EU_004620,0.0,0.0,0.0,0.0,1.0,0.0,1.0,0.0,0.0,16.0,8075.16,-31.66,40.0,201.88,2.0,6.0,2.0,0.0,4.0,0.169,0
SMB_EU_004621,0.0,0.0,0.0,0.0,1.0,0.0,0.0,0.0,0.0,14.0,16619.46,-19.79,93.0,178.7,4.0,8.0,0.0,0.0,0.0,0.027,1
SMB_EU_004622,1.0,0.0,0.0,0.0,0.0,0.0,0.0,0.0,0.0,13.0,15110.71,-27.04,113.0,133.72,4.0,10.0,0.0,0.0,2.0,0.074,0
SMB_EU_004623,0.0,0.0,0.0,0.0,0.0,1.0,0.0,0.0,0.0,13.0,4632.36,-52.58,23.0,201.41,2.0,11.0,1.0,0.0,0.0,0.142,1
SMB_EU_004624,0.0,0.0,1.0,0.0,0.0,0.0,0.0,0.0,1.0,70.0,8986.37,15.22,90.0,99.85,2.0,15.0,1.0,0.0,1.0,0.034,0
SMB_EU_004625,0.0,0.0,0.0,0.0,1.0,0.0,0.0,0.0,1.0,78.0,12082.15,0.15,73.0,165.51,3.0,13.0,1.0,0.0,0.0,0.097,0
SMB_EU_004626,0.0,0.0,1.0,0.0,0.0,1.0,0.0,0.0,0.0,46.0,5562.58,-8.38,43.0,129.36,3.0,12.0,0.0,0.0,0.0,0.078,0
SMB_EU_004627,0.0,1.0,0.0,0.0,0.0,0.0,0.0,1.0,0.0,38.0,6432.08,24.01,60.0,107.2,4.0,10.0,1.0,0.0,2.0,0.217,0
SMB_EU_004628,0.0,0.0,0.0,1.0,0.0,0.0,0.0,0.0,0.0,14.0,9079.77,-1.03,32.0,283.74,4.0,10.0,0.0,0.0,1.0,0.076,0
SMB_EU_004629,0.0,0.0,1.0,0.0,0.0,0.0,1.0,0.0,0.0,19.0,5568.39,-5.43,24.0,232.02,3.0,11.0,0.0,2.0,0.0,0.166,1
SMB_EU_004630,0.0,0.0,0.0,1.0,0.0,0.0,0.0,0.0,0.0,7.0,9654.83,13.64,82.0,117.74,1.0,7.0,1.0,0.0,0.0,0.109,0
SMB_EU_004631,0.0,0.0,0.0,0.0,0.0,1.0,0.0,0.0,0.0,22.0,4274.56,-22.21,15.0,284.97,1.0,9.0,1.0,0.0,0.0,0.217,0
SMB_EU_004632,0.0,1.0,0.0,0.0,0.0,0.0,0.0,1.0,0.0,9.0,10823.79,-37.91,85.0,127.34,2.0,12.0,1.0,0.0,2.0,0.094,1
SMB_EU_004633,1.0,0.0,0.0,0.0,0.0,0.0,1.0,0.0,0.0,30.0,12367.41,17.37,94.0,131.57,3.0,11.0,1.0,0.0,2.0,0.096,0
SMB_EU_004634,0.0,0.0,0.0,0.0,1.0,0.0,0.0,0.0,0.0,15.0,7860.86,-12.54,72.0,109.18,1.0,10.0,0.0,0.0,1.0,0.048,0
SMB_EU_004635,0.0,0.0,0.0,0.0,0.0,0.0,0.0,0.0,0.0,32.0,19502.63,12.97,81.0,240.77,1.0,11.0,3.0,0.0,2.0,0.111,0
SMB_EU_004636,0.0,0.0,0.0,0.0,1.0,0.0,0.0,0.0,1.0,13.0,7119.77,0.69,35.0,203.42,2.0,12.0,0.0,0.0,0.0,0.046,0
SMB_EU_004637,0.0,1.0,0.0,0.0,0.0,0.0,0.0,0.0,0.0,6.0,9960.42,-17.46,107.0,93.09,4.0,16.0,0.0,0.0,1.0,0.059,0
SMB_EU_004638,0.0,0.0,1.0,0.0,0.0,0.0,0.0,1.0,0.0,11.0,2050.32,-12.68,24.0,85.43,2.0,8.0,0.0,0.0,0.0,0.106,0
SMB_EU_004639,1.0,0.0,0.0,0.0,0.0,0.0,0.0,1.0,0.0,34.0,8958.38,-60.78,45.0,199.08,1.0,10.0,1.0,0.0,1.0,0.163,0
SMB_EU_004640,1.0,0.0,0.0,0.0,0.0,0.0,0.0,0.0,0.0,36.0,6617.6,-16.16,30.0,220.59,1.0,7.0,3.0,0.0,2.0,0.249,1
SMB_EU_004641,0.0,0.0,0.0,0.0,1.0,1.0,0.0,0.0,0.0,33.0,5815.82,-70.39,22.0,264.36,1.0,6.0,0.0,0.0,1.0,0.135,0
SMB_EU_004642,0.0,1.0,0.0,0.0,0.0,0.0,0.0,1.0,0.0,30.0,2833.89,-25.99,15.0,188.93,4.0,9.0,0.0,1.0,1.0,0.086,0
SMB_EU_004643,0.0,0.0,0.0,0.0,1.0,0.0,0.0,0.0,0.0,27.0,23892.31,6.05,104.0,229.73,4.0,8.0,1.0,0.0,2.0,0.026,0
SMB_EU_004644,0.0,0.0,0.0,0.0,0.0,0.0,0.0,0.0,1.0,41.0,7364.08,-14.03,31.0,237.55,2.0,9.0,0.0,1.0,0.0,0.304,0
SMB_EU_004645,1.0,0.0,0.0,0.0,0.0,0.0,1.0,0.0,0.0,2.0,7379.93,-0.52,34.0,217.06,2.0,9.0,1.0,1.0,0.0,0.077,0
SMB_EU_004646,1.0,0.0,0.0,0.0,0.0,0.0,1.0,0.0,0.0,68.0,7530.8,-2.73,48.0,156.89,3.0,6.0,2.0,0.0,1.0,0.178,0
SMB_EU_004647,0.0,0.0,1.0,0.0,0.0,0.0,0.0,1.0,0.0,22.0,5995.33,-14.12,55.0,109.01,1.0,8.0,2.0,1.0,1.0,0.042,0
SMB_EU_004648,0.0,1.0,0.0,0.0,0.0,0.0,0.0,1.0,0.0,41.0,5039.17,-22.84,23.0,219.09,2.0,12.0,0.0,0.0,0.0,0.038,0
SMB_EU_004649,0.0,0.0,0.0,0.0,1.0,0.0,0.0,0.0,1.0,26.0,8769.33,38.01,35.0,250.55,2.0,9.0,2.0,0.0,1.0,0.009,0
SMB_EU_004650,0.0,0.0,0.0,0.0,0.0,1.0,0.0,0.0,0.0,15.0,4396.1,-44.49,36.0,122.11,4.0,7.0,2.0,0.0,1.0,0.082,0
SMB_EU_004651,0.0,0.0,0.0,0.0,0.0,0.0,0.0,0.0,1.0,21.0,3498.68,27.35,19.0,184.14,3.0,10.0,1.0,1.0,1.0,0.131,0
SMB_EU_004652,1.0,0.0,0.0,0.0,0.0,0.0,0.0,1.0,0.0,11.0,2555.65,17.47,15.0,170.38,2.0,8.0,0.0,0.0,0.0,0.154,0
SMB_EU_004653,0.0,0.0,0.0,1.0,0.0,0.0,0.0,1.0,0.0,13.0,7694.65,-4.82,61.0,126.14,4.0,14.0,0.0,0.0,1.0,0.051,0
SMB_EU_004654,0.0,0.0,0.0,0.0,1.0,1.0,0.0,0.0,0.0,37.0,4994.15,2.71,37.0,134.98,3.0,6.0,1.0,1.0,1.0,0.163,0
SMB_EU_004655,0.0,1.0,0.0,0.0,0.0,0.0,0.0,0.0,0.0,30.0,10070.84,2.28,76.0,132.51,3.0,8.0,1.0,0.0,0.0,0.138,0
SMB_EU_004656,0.0,0.0,0.0,0.0,0.0,0.0,0.0,0.0,1.0,5.0,3872.06,27.66,22.0,176.0,2.0,6.0,1.0,0.0,2.0,0.117,0
SMB_EU_004657,1.0,0.0,0.0,0.0,0.0,0.0,0.0,0.0,0.0,13.0,5345.54,12.45,32.0,167.05,1.0,7.0,2.0,1.0,1.0,0.106,0
SMB_EU_004658,0.0,0.0,1.0,0.0,0.0,0.0,0.0,0.0,0.0,22.0,9836.76,-12.11,49.0,200.75,1.0,10.0,1.0,0.0,1.0,0.038,0
SMB_EU_004659,0.0,0.0,0.0,0.0,0.0,0.0,0.0,0.0,0.0,26.0,25556.25,5.27,254.0,100.62,4.0,9.0,0.0,0.0,1.0,0.024,0
SMB_EU_004660,1.0,0.0,0.0,0.0,0.0,1.0,0.0,0.0,0.0,85.0,4295.28,-18.65,21.0,204.54,1.0,12.0,0.0,1.0,1.0,0.043,0
SMB_EU_004661,0.0,0.0,0.0,1.0,0.0,0.0,0.0,0.0,0.0,30.0,19074.29,-17.63,225.0,84.77,2.0,12.0,1.0,2.0,2.0,0.055,0
SMB_EU_004662,0.0,0.0,1.0,0.0,0.0,0.0,1.0,0.0,0.0,4.0,5571.17,7.41,41.0,135.88,2.0,10.0,0.0,1.0,1.0,0.177,0
SMB_EU_004663,0.0,0.0,0.0,1.0,0.0,0.0,0.0,1.0,0.0,27.0,7335.74,20.18,39.0,188.1,2.0,11.0,1.0,0.0,0.0,0.078,0
SMB_EU_004664,1.0,0.0,0.0,0.0,0.0,0.0,0.0,0.0,0.0,9.0,12146.0,-12.86,53.0,229.17,2.0,10.0,0.0,0.0,0.0,0.054,0
SMB_EU_004665,1.0,0.0,0.0,0.0,0.0,1.0,0.0,0.0,0.0,23.0,2865.17,-10.79,11.0,260.47,1.0,8.0,0.0,0.0,2.0,0.103,0
SMB_EU_004666,1.0,0.0,0.0,0.0,0.0,0.0,1.0,0.0,0.0,90.0,6807.8,17.41,78.0,87.28,1.0,14.0,1.0,0.0,3.0,0.055,0
SMB_EU_004667,0.0,0.0,0.0,0.0,0.0,0.0,1.0,0.0,0.0,18.0,24042.95,-5.31,121.0,198.7,1.0,12.0,1.0,0.0,1.0,0.154,0
SMB_EU_004668,1.0,0.0,0.0,0.0,0.0,0.0,1.0,0.0,0.0,48.0,23414.89,-14.73,148.0,158.21,1.0,11.0,1.0,0.0,1.0,0.163,0
SMB_EU_004669,0.0,0.0,1.0,0.0,0.0,0.0,0.0,1.0,0.0,26.0,6694.98,13.23,29.0,230.86,1.0,16.0,0.0,1.0,1.0,0.243,0
SMB_EU_004670,0.0,0.0,1.0,0.0,0.0,0.0,1.0,0.0,0.0,66.0,7368.44,8.65,52.0,141.7,3.0,12.0,0.0,0.0,0.0,0.202,0
SMB_EU_004671,0.0,1.0,0.0,0.0,0.0,0.0,0.0,0.0,1.0,38.0,10800.21,-19.71,44.0,245.46,1.0,13.0,2.0,1.0,2.0,0.09,0
SMB_EU_004672,0.0,0.0,0.0,0.0,1.0,0.0,1.0,0.0,0.0,52.0,9675.07,16.87,46.0,210.33,1.0,14.0,2.0,0.0,1.0,0.137,0
SMB_EU_004673,1.0,0.0,0.0,0.0,0.0,0.0,1.0,0.0,0.0,34.0,7810.82,17.93,31.0,251.96,3.0,13.0,2.0,1.0,0.0,0.131,0
SMB_EU_004674,0.0,0.0,0.0,0.0,0.0,0.0,1.0,0.0,0.0,18.0,10422.93,-1.24,35.0,297.8,1.0,10.0,0.0,0.0,4.0,0.113,1
SMB_EU_004675,0.0,1.0,0.0,0.0,0.0,0.0,1.0,0.0,0.0,61.0,9064.61,29.61,32.0,283.27,4.0,11.0,0.0,1.0,0.0,0.048,0
SMB_EU_004676,0.0,0.0,0.0,0.0,1.0,0.0,0.0,1.0,0.0,31.0,4136.52,23.75,20.0,206.83,2.0,8.0,0.0,0.0,1.0,0.01,0
SMB_EU_004677,0.0,0.0,0.0,0.0,0.0,0.0,0.0,1.0,0.0,19.0,2440.7,-29.76,9.0,271.19,4.0,14.0,1.0,0.0,2.0,0.093,0
SMB_EU_004678,0.0,0.0,0.0,0.0,1.0,1.0,0.0,0.0,0.0,15.0,4552.72,-15.45,40.0,113.82,1.0,10.0,0.0,0.0,2.0,0.01,1
SMB_EU_004679,0.0,0.0,1.0,0.0,0.0,0.0,1.0,0.0,0.0,32.0,12924.86,-33.83,144.0,89.76,1.0,9.0,1.0,1.0,3.0,0.118,0
SMB_EU_004680,0.0,0.0,1.0,0.0,0.0,0.0,0.0,0.0,0.0,55.0,14719.5,-4.87,75.0,196.26,2.0,6.0,2.0,0.0,1.0,0.044,0
SMB_EU_004681,0.0,1.0,0.0,0.0,0.0,0.0,0.0,0.0,0.0,36.0,17961.35,-18.17,61.0,294.45,1.0,11.0,1.0,0.0,1.0,0.114,0
SMB_EU_004682,0.0,1.0,0.0,0.0,0.0,0.0,0.0,0.0,1.0,20.0,7594.43,-12.21,32.0,237.33,2.0,8.0,2.0,0.0,0.0,0.068,0
SMB_EU_004683,0.0,0.0,0.0,0.0,1.0,0.0,1.0,0.0,0.0,35.0,4236.27,16.36,29.0,146.08,2.0,8.0,0.0,1.0,0.0,0.146,0
SMB_EU_004684,0.0,1.0,0.0,0.0,0.0,0.0,0.0,1.0,0.0,45.0,4333.0,-26.32,19.0,228.05,2.0,6.0,0.0,1.0,1.0,0.105,0
SMB_EU_004685,1.0,0.0,0.0,0.0,0.0,0.0,0.0,0.0,0.0,6.0,8122.0,1.95,91.0,89.25,3.0,11.0,2.0,1.0,2.0,0.051,0
SMB_EU_004686,0.0,1.0,0.0,0.0,0.0,0.0,0.0,0.0,0.0,9.0,7816.81,1.86,43.0,181.79,1.0,11.0,0.0,0.0,0.0,0.139,0
SMB_EU_004687,0.0,0.0,0.0,0.0,0.0,0.0,0.0,0.0,0.0,42.0,30920.89,-1.24,234.0,132.14,2.0,7.0,0.0,0.0,1.0,0.255,0
SMB_EU_004688,0.0,0.0,0.0,0.0,0.0,0.0,1.0,0.0,0.0,9.0,6217.64,-18.1,68.0,91.44,2.0,8.0,0.0,0.0,0.0,0.086,0
SMB_EU_004689,0.0,0.0,1.0,0.0,0.0,0.0,0.0,1.0,0.0,23.0,3204.47,-56.4,24.0,133.52,3.0,10.0,0.0,0.0,0.0,0.088,0
SMB_EU_004690,0.0,0.0,0.0,0.0,1.0,0.0,1.0,0.0,0.0,28.0,21119.93,-12.14,88.0,240.0,1.0,11.0,0.0,0.0,3.0,0.047,0
SMB_EU_004691,0.0,1.0,0.0,0.0,0.0,0.0,0.0,1.0,0.0,12.0,8153.35,23.15,41.0,198.86,2.0,7.0,0.0,2.0,5.0,0.057,0
SMB_EU_004692,0.0,1.0,0.0,0.0,0.0,0.0,1.0,0.0,0.0,23.0,6401.52,-17.95,75.0,85.35,2.0,14.0,1.0,0.0,2.0,0.131,1
SMB_EU_004693,0.0,1.0,0.0,0.0,0.0,0.0,0.0,0.0,1.0,29.0,11632.54,25.0,68.0,171.07,4.0,14.0,1.0,0.0,0.0,0.058,0
SMB_EU_004694,0.0,0.0,0.0,1.0,0.0,0.0,1.0,0.0,0.0,56.0,6944.63,-55.5,28.0,248.02,3.0,11.0,0.0,0.0,2.0,0.09,0
SMB_EU_004695,0.0,0.0,0.0,1.0,0.0,0.0,0.0,1.0,0.0,52.0,3299.7,-22.91,11.0,299.97,1.0,10.0,0.0,0.0,0.0,0.155,0
SMB_EU_004696,0.0,0.0,0.0,0.0,1.0,0.0,0.0,1.0,0.0,32.0,6647.58,-14.28,24.0,276.98,2.0,12.0,0.0,1.0,0.0,0.013,0
SMB_EU_004697,0.0,0.0,0.0,1.0,0.0,0.0,0.0,0.0,1.0,16.0,7408.61,16.94,92.0,80.53,3.0,12.0,1.0,0.0,0.0,0.015,0
SMB_EU_004698,0.0,0.0,0.0,1.0,0.0,0.0,0.0,0.0,0.0,53.0,15695.11,-35.73,123.0,127.6,2.0,9.0,0.0,1.0,0.0,0.04,0
SMB_EU_004699,0.0,0.0,0.0,0.0,0.0,0.0,0.0,1.0,0.0,54.0,9228.12,5.18,73.0,126.41,2.0,11.0,0.0,1.0,1.0,0.093,0
SMB_EU_004700,0.0,0.0,0.0,0.0,1.0,0.0,0.0,0.0,0.0,15.0,25913.86,1.1,152.0,170.49,2.0,8.0,1.0,1.0,0.0,0.136,0
SMB_EU_004701,0.0,1.0,0.0,0.0,0.0,0.0,1.0,0.0,0.0,30.0,5751.07,-0.82,26.0,221.19,2.0,10.0,3.0,0.0,0.0,0.08,0
SMB_EU_004702,0.0,0.0,0.0,0.0,0.0,0.0,0.0,0.0,0.0,19.0,20078.89,19.11,177.0,113.44,1.0,13.0,0.0,0.0,1.0,0.035,0
SMB_EU_004703,0.0,0.0,1.0,0.0,0.0,0.0,1.0,0.0,0.0,33.0,4066.28,11.57,14.0,290.45,3.0,7.0,1.0,1.0,1.0,0.086,0
SMB_EU_004704,0.0,0.0,1.0,0.0,0.0,0.0,0.0,0.0,1.0,14.0,11792.61,-17.14,47.0,250.91,2.0,10.0,0.0,0.0,0.0,0.058,0
SMB_EU_004705,0.0,1.0,0.0,0.0,0.0,0.0,1.0,0.0,0.0,44.0,8745.5,-4.13,51.0,171.48,1.0,6.0,0.0,0.0,3.0,0.047,0
SMB_EU_004706,0.0,0.0,0.0,1.0,0.0,1.0,0.0,0.0,0.0,33.0,7531.9,26.15,36.0,209.22,2.0,8.0,2.0,1.0,0.0,0.116,0
SMB_EU_004707,1.0,0.0,0.0,0.0,0.0,1.0,0.0,0.0,0.0,14.0,5019.31,4.79,25.0,200.77,1.0,14.0,2.0,0.0,0.0,0.038,1
SMB_EU_004708,0.0,0.0,0.0,0.0,0.0,0.0,0.0,0.0,0.0,42.0,52378.33,-22.62,252.0,207.85,1.0,7.0,1.0,0.0,2.0,0.056,1
SMB_EU_004709,1.0,0.0,0.0,0.0,0.0,1.0,0.0,0.0,0.0,16.0,3493.76,-21.56,13.0,268.75,3.0,9.0,1.0,0.0,1.0,0.136,1
SMB_EU_004710,0.0,0.0,1.0,0.0,0.0,0.0,1.0,0.0,0.0,5.0,14330.25,-17.25,116.0,123.54,3.0,6.0,0.0,1.0,1.0,0.193,0
SMB_EU_004711,0.0,1.0,0.0,0.0,0.0,1.0,0.0,0.0,0.0,11.0,3230.83,10.54,14.0,230.77,2.0,9.0,1.0,2.0,1.0,0.056,0
SMB_EU_004712,0.0,0.0,0.0,1.0,0.0,0.0,0.0,0.0,0.0,47.0,20300.73,-13.82,196.0,103.58,3.0,5.0,0.0,0.0,2.0,0.062,0
SMB_EU_004713,0.0,1.0,0.0,0.0,0.0,0.0,0.0,0.0,1.0,71.0,12713.93,11.21,70.0,181.63,2.0,8.0,1.0,0.0,1.0,0.053,0
SMB_EU_004714,1.0,0.0,0.0,0.0,0.0,0.0,0.0,1.0,0.0,72.0,5167.68,23.99,24.0,215.32,1.0,8.0,4.0,1.0,0.0,0.109,0
SMB_EU_004715,0.0,0.0,0.0,1.0,0.0,0.0,0.0,0.0,1.0,17.0,6686.09,-26.12,81.0,82.54,2.0,12.0,2.0,0.0,7.0,0.153,1
SMB_EU_004716,0.0,1.0,0.0,0.0,0.0,0.0,1.0,0.0,0.0,23.0,8706.96,-34.3,84.0,103.65,1.0,15.0,0.0,0.0,5.0,0.131,0
SMB_EU_004717,0.0,0.0,1.0,0.0,0.0,0.0,0.0,0.0,0.0,19.0,17606.29,8.33,176.0,100.04,3.0,11.0,1.0,0.0,1.0,0.056,0
SMB_EU_004718,0.0,0.0,0.0,0.0,1.0,0.0,1.0,0.0,0.0,26.0,23415.62,-2.66,144.0,162.61,2.0,6.0,0.0,0.0,4.0,0.098,0
SMB_EU_004719,0.0,0.0,0.0,1.0,0.0,0.0,1.0,0.0,0.0,8.0,4740.0,-6.04,22.0,215.45,3.0,9.0,1.0,0.0,1.0,0.006,0
SMB_EU_004720,0.0,0.0,0.0,0.0,1.0,0.0,1.0,0.0,0.0,18.0,5731.02,-0.26,19.0,301.63,2.0,8.0,0.0,0.0,3.0,0.111,0
SMB_EU_004721,0.0,1.0,0.0,0.0,0.0,1.0,0.0,0.0,0.0,30.0,7117.82,-13.14,52.0,136.88,3.0,13.0,1.0,1.0,1.0,0.177,0
SMB_EU_004722,0.0,0.0,0.0,0.0,0.0,0.0,1.0,0.0,0.0,48.0,6860.7,-5.39,62.0,110.66,3.0,10.0,1.0,1.0,0.0,0.171,0
SMB_EU_004723,0.0,0.0,0.0,0.0,0.0,0.0,0.0,0.0,0.0,32.0,14126.12,-9.14,82.0,172.27,1.0,11.0,1.0,0.0,1.0,0.182,0
SMB_EU_004724,0.0,1.0,0.0,0.0,0.0,0.0,0.0,1.0,0.0,22.0,9503.39,-24.14,85.0,111.8,1.0,11.0,1.0,0.0,1.0,0.112,0
SMB_EU_004725,0.0,0.0,0.0,0.0,0.0,1.0,0.0,0.0,0.0,12.0,1104.73,-23.11,13.0,84.98,4.0,11.0,2.0,0.0,0.0,0.026,0
SMB_EU_004726,0.0,0.0,0.0,0.0,0.0,0.0,0.0,0.0,0.0,49.0,10478.03,12.46,51.0,205.45,2.0,10.0,1.0,1.0,4.0,0.105,0
SMB_EU_004727,0.0,0.0,0.0,0.0,1.0,0.0,0.0,0.0,0.0,7.0,5273.15,-5.25,19.0,277.53,2.0,10.0,2.0,0.0,3.0,0.041,1
SMB_EU_004728,0.0,0.0,0.0,0.0,1.0,0.0,0.0,0.0,0.0,9.0,7319.63,-28.88,27.0,271.1,1.0,7.0,0.0,0.0,1.0,0.313,1
SMB_EU_004729,1.0,0.0,0.0,0.0,0.0,0.0,1.0,0.0,0.0,39.0,33859.39,-0.92,331.0,102.29,2.0,14.0,3.0,0.0,0.0,0.065,0
SMB_EU_004730,0.0,0.0,0.0,0.0,0.0,1.0,0.0,0.0,0.0,42.0,8590.53,-3.06,76.0,113.03,1.0,10.0,1.0,0.0,1.0,0.059,0
SMB_EU_004731,0.0,0.0,0.0,0.0,0.0,0.0,0.0,0.0,0.0,2.0,26548.92,-6.47,141.0,188.29,3.0,14.0,1.0,0.0,3.0,0.013,0
SMB_EU_004732,0.0,0.0,0.0,0.0,0.0,0.0,0.0,1.0,0.0,22.0,4764.15,10.29,30.0,158.81,1.0,12.0,0.0,0.0,0.0,0.063,0
SMB_EU_004733,1.0,0.0,0.0,0.0,0.0,0.0,0.0,1.0,0.0,4.0,7882.67,-58.62,34.0,231.84,2.0,11.0,1.0,0.0,0.0,0.066,0
SMB_EU_004734,0.0,0.0,0.0,0.0,1.0,1.0,0.0,0.0,0.0,23.0,2078.86,0.19,11.0,188.99,1.0,5.0,1.0,0.0,0.0,0.23,0
SMB_EU_004735,0.0,0.0,0.0,1.0,0.0,0.0,0.0,0.0,0.0,20.0,27967.11,-3.16,331.0,84.49,2.0,8.0,0.0,0.0,1.0,0.007,0
SMB_EU_004736,0.0,0.0,0.0,0.0,0.0,0.0,1.0,0.0,0.0,62.0,4891.68,0.57,34.0,143.87,4.0,11.0,0.0,0.0,0.0,0.059,0
SMB_EU_004737,0.0,0.0,0.0,1.0,0.0,0.0,0.0,1.0,0.0,35.0,3635.14,-25.98,13.0,279.63,1.0,11.0,1.0,0.0,2.0,0.056,0
SMB_EU_004738,0.0,1.0,0.0,0.0,0.0,0.0,0.0,0.0,0.0,36.0,20310.56,-7.84,105.0,193.43,1.0,18.0,1.0,0.0,1.0,0.235,0
SMB_EU_004739,0.0,1.0,0.0,0.0,0.0,0.0,1.0,0.0,0.0,55.0,9672.72,0.3,38.0,254.55,2.0,10.0,2.0,0.0,2.0,0.051,0
SMB_EU_004740,0.0,0.0,1.0,0.0,0.0,0.0,1.0,0.0,0.0,57.0,8416.66,8.12,50.0,168.33,3.0,9.0,1.0,1.0,0.0,0.064,0
SMB_EU_004741,1.0,0.0,0.0,0.0,0.0,0.0,1.0,0.0,0.0,29.0,3531.01,27.7,15.0,235.4,4.0,9.0,1.0,2.0,1.0,0.035,0
SMB_EU_004742,0.0,0.0,0.0,0.0,0.0,0.0,0.0,1.0,0.0,16.0,5308.59,12.09,45.0,117.97,1.0,5.0,0.0,0.0,3.0,0.04,0
SMB_EU_004743,0.0,0.0,0.0,0.0,0.0,0.0,1.0,0.0,0.0,46.0,14236.06,-52.74,59.0,241.29,3.0,13.0,0.0,0.0,0.0,0.106,0
SMB_EU_004744,0.0,0.0,0.0,0.0,1.0,0.0,0.0,0.0,0.0,44.0,10897.77,19.07,43.0,253.44,2.0,12.0,1.0,0.0,1.0,0.16,0
SMB_EU_004745,0.0,1.0,0.0,0.0,0.0,0.0,0.0,0.0,0.0,39.0,33016.66,-4.56,331.0,99.75,1.0,12.0,0.0,0.0,1.0,0.021,0
SMB_EU_004746,0.0,0.0,0.0,0.0,0.0,1.0,0.0,0.0,0.0,29.0,3554.25,23.31,30.0,118.48,1.0,11.0,1.0,1.0,1.0,0.076,0
SMB_EU_004747,0.0,0.0,0.0,0.0,0.0,0.0,0.0,1.0,0.0,23.0,5019.68,16.79,28.0,179.27,4.0,12.0,1.0,0.0,2.0,0.119,0
SMB_EU_004748,0.0,0.0,0.0,0.0,0.0,0.0,0.0,1.0,0.0,57.0,12561.47,-6.69,57.0,220.38,3.0,14.0,0.0,0.0,1.0,0.173,0
SMB_EU_004749,0.0,1.0,0.0,0.0,0.0,0.0,0.0,0.0,0.0,20.0,9966.31,28.86,45.0,221.47,1.0,13.0,2.0,0.0,2.0,0.108,0
SMB_EU_004750,1.0,0.0,0.0,0.0,0.0,0.0,1.0,0.0,0.0,15.0,15056.85,6.7,66.0,228.13,4.0,9.0,0.0,0.0,0.0,0.101,0
SMB_EU_004751,0.0,1.0,0.0,0.0,0.0,0.0,0.0,0.0,0.0,22.0,49050.07,32.89,207.0,236.96,1.0,6.0,1.0,0.0,2.0,0.117,0
SMB_EU_004752,0.0,0.0,0.0,1.0,0.0,1.0,0.0,0.0,0.0,14.0,6648.46,4.55,35.0,189.96,1.0,6.0,0.0,0.0,0.0,0.053,0
SMB_EU_004753,0.0,0.0,1.0,0.0,0.0,1.0,0.0,0.0,0.0,45.0,4373.44,-65.7,21.0,208.26,3.0,6.0,2.0,0.0,0.0,0.035,1
SMB_EU_004754,0.0,0.0,0.0,1.0,0.0,1.0,0.0,0.0,0.0,29.0,3773.93,-45.61,46.0,82.04,4.0,9.0,1.0,0.0,1.0,0.019,0
SMB_EU_004755,0.0,0.0,0.0,0.0,1.0,0.0,1.0,0.0,0.0,5.0,17500.04,-38.12,150.0,116.67,2.0,6.0,0.0,0.0,0.0,0.042,0
SMB_EU_004756,0.0,0.0,0.0,0.0,1.0,1.0,0.0,0.0,0.0,35.0,12907.08,-38.26,68.0,189.81,3.0,16.0,0.0,1.0,1.0,0.105,0
SMB_EU_004757,0.0,0.0,0.0,0.0,0.0,0.0,1.0,0.0,0.0,22.0,19087.37,19.07,78.0,244.71,4.0,7.0,1.0,1.0,2.0,0.036,0
SMB_EU_004758,1.0,0.0,0.0,0.0,0.0,0.0,0.0,1.0,0.0,26.0,4902.45,-0.43,19.0,258.02,1.0,13.0,0.0,0.0,1.0,0.054,0
SMB_EU_004759,0.0,0.0,0.0,1.0,0.0,0.0,0.0,0.0,0.0,31.0,27958.87,-24.21,116.0,241.02,1.0,11.0,0.0,0.0,2.0,0.131,0
SMB_EU_004760,0.0,0.0,0.0,0.0,1.0,0.0,0.0,1.0,0.0,18.0,4855.61,3.2,26.0,186.75,1.0,13.0,1.0,0.0,1.0,0.01,0
SMB_EU_004761,0.0,0.0,0.0,1.0,0.0,0.0,1.0,0.0,0.0,15.0,4709.63,-24.33,33.0,142.72,3.0,6.0,0.0,0.0,1.0,0.08,1
SMB_EU_004762,0.0,0.0,0.0,0.0,1.0,0.0,0.0,0.0,0.0,39.0,29445.95,-7.03,166.0,177.39,2.0,12.0,0.0,1.0,4.0,0.054,1
SMB_EU_004763,1.0,0.0,0.0,0.0,0.0,0.0,0.0,1.0,0.0,10.0,13326.57,4.01,162.0,82.26,1.0,11.0,0.0,0.0,1.0,0.139,0
SMB_EU_004764,0.0,1.0,0.0,0.0,0.0,0.0,1.0,0.0,0.0,12.0,4336.56,-0.66,20.0,216.83,2.0,12.0,1.0,1.0,2.0,0.086,0
SMB_EU_004765,0.0,0.0,0.0,1.0,0.0,0.0,0.0,1.0,0.0,15.0,2679.9,9.51,28.0,95.71,2.0,10.0,1.0,0.0,3.0,0.006,0
SMB_EU_004766,0.0,0.0,0.0,0.0,1.0,1.0,0.0,0.0,0.0,49.0,6145.68,-29.78,55.0,111.74,3.0,6.0,2.0,0.0,2.0,0.044,0
SMB_EU_004767,0.0,0.0,0.0,0.0,1.0,1.0,0.0,0.0,0.0,58.0,10648.69,-28.17,49.0,217.32,3.0,8.0,0.0,1.0,0.0,0.081,1
SMB_EU_004768,0.0,0.0,0.0,0.0,0.0,0.0,0.0,0.0,0.0,14.0,7597.04,-69.28,92.0,82.58,1.0,4.0,0.0,0.0,1.0,0.105,1
SMB_EU_004769,1.0,0.0,0.0,0.0,0.0,0.0,0.0,0.0,0.0,13.0,17188.83,31.79,83.0,207.09,2.0,8.0,1.0,0.0,1.0,0.154,0
SMB_EU_004770,0.0,1.0,0.0,0.0,0.0,1.0,0.0,0.0,0.0,29.0,4210.17,-23.34,19.0,221.59,1.0,10.0,0.0,0.0,0.0,0.076,0
SMB_EU_004771,0.0,0.0,0.0,0.0,0.0,0.0,0.0,0.0,0.0,22.0,22840.78,-31.41,90.0,253.79,3.0,7.0,1.0,0.0,1.0,0.041,0
SMB_EU_004772,0.0,1.0,0.0,0.0,0.0,1.0,0.0,0.0,0.0,45.0,3717.41,-16.42,39.0,95.32,3.0,9.0,1.0,0.0,2.0,0.247,0
SMB_EU_004773,0.0,1.0,0.0,0.0,0.0,0.0,0.0,0.0,0.0,37.0,23834.45,5.95,296.0,80.52,3.0,6.0,1.0,0.0,2.0,0.14,0
SMB_EU_004774,1.0,0.0,0.0,0.0,0.0,0.0,1.0,0.0,0.0,75.0,7275.5,2.08,29.0,250.88,1.0,12.0,0.0,0.0,3.0,0.082,0
SMB_EU_004775,0.0,1.0,0.0,0.0,0.0,0.0,1.0,0.0,0.0,13.0,4559.25,-51.98,32.0,142.48,2.0,8.0,1.0,0.0,0.0,0.108,0
SMB_EU_004776,1.0,0.0,0.0,0.0,0.0,0.0,1.0,0.0,0.0,45.0,8311.63,22.77,30.0,277.05,3.0,11.0,2.0,0.0,0.0,0.027,0
SMB_EU_004777,0.0,0.0,0.0,0.0,0.0,0.0,0.0,0.0,0.0,20.0,4689.22,16.63,39.0,120.24,3.0,16.0,2.0,0.0,2.0,0.067,0
SMB_EU_004778,0.0,1.0,0.0,0.0,0.0,0.0,0.0,1.0,0.0,12.0,3575.06,-4.91,17.0,210.3,3.0,4.0,2.0,1.0,0.0,0.096,0
SMB_EU_004779,0.0,1.0,0.0,0.0,0.0,0.0,0.0,1.0,0.0,19.0,6121.94,12.06,59.0,103.76,1.0,9.0,3.0,1.0,2.0,0.026,0
SMB_EU_004780,0.0,1.0,0.0,0.0,0.0,0.0,1.0,0.0,0.0,21.0,2763.2,-8.06,16.0,172.7,1.0,15.0,0.0,0.0,5.0,0.142,0
SMB_EU_004781,0.0,0.0,0.0,0.0,0.0,0.0,0.0,0.0,1.0,55.0,1924.26,16.52,7.0,274.89,2.0,10.0,2.0,1.0,1.0,0.047,0
SMB_EU_004782,0.0,0.0,0.0,0.0,0.0,0.0,0.0,0.0,0.0,7.0,3685.59,-2.04,17.0,216.8,2.0,9.0,1.0,0.0,2.0,0.074,0
SMB_EU_004783,0.0,0.0,1.0,0.0,0.0,0.0,0.0,0.0,1.0,15.0,19955.44,-67.56,86.0,232.04,1.0,10.0,0.0,0.0,1.0,0.051,1
SMB_EU_004784,0.0,1.0,0.0,0.0,0.0,0.0,0.0,1.0,0.0,28.0,4774.95,4.87,37.0,129.05,2.0,13.0,1.0,0.0,0.0,0.09,0
SMB_EU_004785,0.0,1.0,0.0,0.0,0.0,0.0,0.0,1.0,0.0,11.0,3632.64,10.03,13.0,279.43,3.0,9.0,2.0,1.0,1.0,0.02,0
SMB_EU_004786,0.0,1.0,0.0,0.0,0.0,0.0,1.0,0.0,0.0,70.0,14105.07,-11.54,65.0,217.0,2.0,12.0,3.0,0.0,1.0,0.033,0
SMB_EU_004787,0.0,0.0,0.0,0.0,1.0,0.0,1.0,0.0,0.0,77.0,6276.24,0.34,61.0,102.89,1.0,7.0,3.0,1.0,3.0,0.053,1
SMB_EU_004788,0.0,0.0,0.0,0.0,1.0,0.0,1.0,0.0,0.0,26.0,9398.2,-1.24,113.0,83.17,4.0,7.0,1.0,1.0,2.0,0.057,0
SMB_EU_004789,0.0,0.0,0.0,1.0,0.0,0.0,0.0,1.0,0.0,39.0,5077.87,20.82,61.0,83.24,2.0,5.0,0.0,1.0,1.0,0.255,0
SMB_EU_004790,0.0,1.0,0.0,0.0,0.0,0.0,0.0,0.0,0.0,63.0,11307.32,27.81,124.0,91.19,2.0,13.0,1.0,0.0,2.0,0.039,0
SMB_EU_004791,0.0,0.0,0.0,0.0,0.0,0.0,0.0,1.0,0.0,24.0,5965.1,17.63,21.0,284.05,4.0,8.0,2.0,0.0,2.0,0.136,0
SMB_EU_004792,0.0,0.0,0.0,0.0,1.0,0.0,0.0,0.0,0.0,37.0,23855.31,-1.28,150.0,159.04,1.0,17.0,1.0,0.0,0.0,0.124,0
SMB_EU_004793,0.0,0.0,0.0,0.0,0.0,0.0,0.0,1.0,0.0,10.0,4474.94,17.22,31.0,144.35,2.0,6.0,1.0,0.0,0.0,0.135,0
SMB_EU_004794,0.0,1.0,0.0,0.0,0.0,0.0,1.0,0.0,0.0,5.0,6068.48,9.73,35.0,173.39,3.0,7.0,0.0,1.0,1.0,0.183,0
SMB_EU_004795,0.0,1.0,0.0,0.0,0.0,0.0,1.0,0.0,0.0,48.0,6513.87,-1.12,38.0,171.42,2.0,8.0,2.0,0.0,1.0,0.167,0
SMB_EU_004796,0.0,1.0,0.0,0.0,0.0,0.0,0.0,0.0,0.0,25.0,3778.41,31.39,29.0,130.29,3.0,6.0,1.0,1.0,1.0,0.199,0
SMB_EU_004797,0.0,0.0,0.0,0.0,0.0,0.0,0.0,0.0,0.0,76.0,17776.65,-11.07,177.0,100.43,4.0,11.0,0.0,0.0,2.0,0.025,0
SMB_EU_004798,1.0,0.0,0.0,0.0,0.0,0.0,0.0,0.0,0.0,17.0,7261.48,-36.48,70.0,103.74,1.0,9.0,1.0,1.0,2.0,0.035,1
SMB_EU_004799,0.0,0.0,0.0,0.0,0.0,0.0,0.0,1.0,0.0,9.0,7295.58,12.59,34.0,214.58,1.0,15.0,2.0,1.0,1.0,0.104,0
SMB_EU_004800,0.0,0.0,1.0,0.0,0.0,0.0,1.0,0.0,0.0,45.0,7577.53,-51.18,45.0,168.39,2.0,9.0,1.0,0.0,1.0,0.018,0
SMB_EU_004801,0.0,0.0,0.0,0.0,0.0,0.0,0.0,0.0,0.0,72.0,15976.56,-18.63,57.0,280.29,2.0,5.0,0.0,0.0,0.0,0.052,0
SMB_EU_004802,0.0,0.0,0.0,0.0,0.0,0.0,0.0,1.0,0.0,10.0,7611.31,14.18,42.0,181.22,1.0,14.0,1.0,1.0,0.0,0.14,0
SMB_EU_004803,0.0,0.0,0.0,0.0,1.0,0.0,1.0,0.0,0.0,13.0,4588.38,3.67,24.0,191.18,1.0,13.0,0.0,0.0,0.0,0.006,0
SMB_EU_004804,0.0,0.0,0.0,0.0,0.0,0.0,0.0,0.0,1.0,62.0,11232.08,7.09,40.0,280.8,4.0,7.0,1.0,0.0,0.0,0.008,0
SMB_EU_004805,1.0,0.0,0.0,0.0,0.0,0.0,0.0,0.0,1.0,91.0,10567.65,1.58,56.0,188.71,2.0,9.0,0.0,1.0,4.0,0.082,1
SMB_EU_004806,0.0,0.0,1.0,0.0,0.0,0.0,1.0,0.0,0.0,37.0,7160.45,-19.35,38.0,188.43,1.0,9.0,1.0,1.0,2.0,0.091,0
SMB_EU_004807,0.0,0.0,0.0,0.0,0.0,0.0,0.0,0.0,0.0,16.0,8594.64,-3.43,54.0,159.16,4.0,15.0,1.0,0.0,2.0,0.012,0
SMB_EU_004808,0.0,0.0,0.0,0.0,1.0,0.0,0.0,0.0,0.0,58.0,21438.6,-4.68,91.0,235.59,3.0,9.0,2.0,1.0,1.0,0.038,0
SMB_EU_004809,0.0,1.0,0.0,0.0,0.0,0.0,0.0,1.0,0.0,21.0,7625.6,0.31,46.0,165.77,2.0,8.0,1.0,1.0,1.0,0.115,0
SMB_EU_004810,0.0,0.0,0.0,0.0,1.0,1.0,0.0,0.0,0.0,16.0,6423.23,17.76,31.0,207.2,3.0,12.0,1.0,1.0,2.0,0.211,0
SMB_EU_004811,0.0,0.0,0.0,0.0,0.0,1.0,0.0,0.0,0.0,18.0,3156.86,-56.06,18.0,175.38,2.0,5.0,1.0,0.0,1.0,0.007,1
SMB_EU_004812,0.0,0.0,0.0,0.0,1.0,0.0,0.0,1.0,0.0,41.0,3643.59,-13.64,19.0,191.77,3.0,11.0,0.0,1.0,1.0,0.111,0
SMB_EU_004813,0.0,0.0,0.0,0.0,0.0,0.0,1.0,0.0,0.0,27.0,7715.58,-8.91,29.0,266.05,1.0,7.0,2.0,1.0,2.0,0.03,0
SMB_EU_004814,0.0,0.0,0.0,1.0,0.0,0.0,0.0,1.0,0.0,36.0,7557.46,-18.9,44.0,171.76,1.0,16.0,0.0,0.0,2.0,0.029,0
SMB_EU_004815,1.0,0.0,0.0,0.0,0.0,0.0,0.0,1.0,0.0,46.0,1933.52,-6.11,15.0,128.9,1.0,16.0,1.0,0.0,1.0,0.067,0
SMB_EU_004816,0.0,0.0,0.0,0.0,1.0,1.0,0.0,0.0,0.0,22.0,4277.96,11.92,21.0,203.71,1.0,10.0,0.0,0.0,1.0,0.063,0
SMB_EU_004817,0.0,0.0,0.0,0.0,1.0,0.0,0.0,1.0,0.0,50.0,3926.84,-11.78,14.0,280.49,2.0,8.0,1.0,1.0,0.0,0.023,0
SMB_EU_004818,1.0,0.0,0.0,0.0,0.0,0.0,0.0,1.0,0.0,26.0,4756.47,-31.54,20.0,237.82,2.0,10.0,0.0,0.0,2.0,0.038,0
SMB_EU_004819,0.0,0.0,0.0,0.0,1.0,0.0,1.0,0.0,0.0,18.0,3664.33,5.32,25.0,146.57,1.0,11.0,0.0,0.0,1.0,0.141,0
SMB_EU_004820,0.0,0.0,0.0,0.0,0.0,0.0,0.0,0.0,0.0,8.0,13164.59,-51.69,45.0,292.55,3.0,8.0,0.0,0.0,3.0,0.126,0
SMB_EU_004821,0.0,1.0,0.0,0.0,0.0,0.0,0.0,0.0,0.0,21.0,12450.49,1.52,80.0,155.63,3.0,7.0,1.0,0.0,1.0,0.085,0
SMB_EU_004822,0.0,1.0,0.0,0.0,0.0,0.0,1.0,0.0,0.0,66.0,4292.57,4.94,14.0,306.61,2.0,9.0,1.0,0.0,2.0,0.195,0
SMB_EU_004823,0.0,1.0,0.0,0.0,0.0,0.0,0.0,0.0,1.0,44.0,8385.0,2.13,69.0,121.52,4.0,8.0,1.0,0.0,2.0,0.028,0
SMB_EU_004824,0.0,1.0,0.0,0.0,0.0,0.0,1.0,0.0,0.0,36.0,5781.94,-25.63,19.0,304.31,4.0,14.0,1.0,1.0,0.0,0.034,0
SMB_EU_004825,0.0,0.0,1.0,0.0,0.0,1.0,0.0,0.0,0.0,11.0,8077.73,0.39,84.0,96.16,1.0,12.0,3.0,0.0,3.0,0.123,0
SMB_EU_004826,0.0,0.0,0.0,0.0,0.0,0.0,0.0,0.0,0.0,18.0,8818.52,-16.83,37.0,238.34,2.0,12.0,0.0,1.0,4.0,0.266,1
SMB_EU_004827,0.0,0.0,1.0,0.0,0.0,0.0,1.0,0.0,0.0,40.0,8443.04,-54.48,35.0,241.23,3.0,8.0,2.0,1.0,2.0,0.051,1
SMB_EU_004828,0.0,0.0,0.0,0.0,0.0,0.0,0.0,0.0,1.0,47.0,5541.09,-22.79,24.0,230.88,1.0,14.0,1.0,0.0,2.0,0.094,0
SMB_EU_004829,0.0,1.0,0.0,0.0,0.0,0.0,0.0,1.0,0.0,45.0,3488.9,-16.04,14.0,249.21,1.0,10.0,1.0,0.0,1.0,0.105,0
SMB_EU_004830,0.0,0.0,0.0,1.0,0.0,0.0,0.0,0.0,0.0,31.0,17929.1,-36.27,98.0,182.95,1.0,17.0,1.0,0.0,0.0,0.014,0
SMB_EU_004831,1.0,0.0,0.0,0.0,0.0,0.0,1.0,0.0,0.0,14.0,9209.84,-29.97,100.0,92.1,1.0,13.0,0.0,0.0,0.0,0.115,0
SMB_EU_004832,1.0,0.0,0.0,0.0,0.0,0.0,1.0,0.0,0.0,47.0,6229.08,12.45,39.0,159.72,4.0,11.0,3.0,0.0,0.0,0.19,0
SMB_EU_004833,0.0,0.0,1.0,0.0,0.0,0.0,0.0,0.0,0.0,17.0,12761.13,5.88,58.0,220.02,3.0,6.0,3.0,0.0,1.0,0.098,0
SMB_EU_004834,0.0,0.0,0.0,0.0,0.0,0.0,0.0,0.0,0.0,48.0,6270.69,-40.37,28.0,223.95,1.0,9.0,2.0,0.0,2.0,0.08,1
SMB_EU_004835,0.0,0.0,1.0,0.0,0.0,0.0,0.0,0.0,0.0,21.0,34803.18,-22.21,283.0,122.98,3.0,18.0,1.0,0.0,2.0,0.091,1
SMB_EU_004836,0.0,0.0,0.0,0.0,0.0,0.0,0.0,0.0,1.0,73.0,13594.95,-11.95,100.0,135.95,1.0,12.0,1.0,0.0,1.0,0.044,0
SMB_EU_004837,0.0,1.0,0.0,0.0,0.0,1.0,0.0,0.0,0.0,20.0,8869.59,11.73,47.0,188.71,2.0,10.0,1.0,0.0,4.0,0.083,0
SMB_EU_004838,0.0,1.0,0.0,0.0,0.0,0.0,0.0,1.0,0.0,20.0,1920.18,18.85,8.0,240.02,1.0,9.0,0.0,0.0,0.0,0.034,0
SMB_EU_004839,0.0,0.0,0.0,0.0,0.0,1.0,0.0,0.0,0.0,25.0,4197.4,-15.47,16.0,262.34,1.0,15.0,1.0,0.0,1.0,0.2,0
SMB_EU_004840,0.0,1.0,0.0,0.0,0.0,0.0,0.0,0.0,0.0,14.0,12272.03,-14.09,124.0,98.97,1.0,11.0,2.0,0.0,1.0,0.121,0
SMB_EU_004841,0.0,0.0,0.0,0.0,1.0,0.0,0.0,1.0,0.0,12.0,1569.57,-34.35,6.0,261.59,3.0,9.0,0.0,1.0,1.0,0.054,0
SMB_EU_004842,0.0,0.0,0.0,0.0,1.0,0.0,0.0,0.0,0.0,14.0,25585.36,-49.71,90.0,284.28,1.0,8.0,2.0,0.0,0.0,0.141,1
SMB_EU_004843,0.0,1.0,0.0,0.0,0.0,0.0,0.0,1.0,0.0,60.0,11962.4,-11.07,146.0,81.93,3.0,16.0,0.0,0.0,1.0,0.052,0
SMB_EU_004844,0.0,0.0,0.0,0.0,0.0,0.0,0.0,0.0,0.0,13.0,51687.25,-8.72,270.0,191.43,1.0,9.0,2.0,0.0,2.0,0.147,1
SMB_EU_004845,0.0,0.0,0.0,0.0,0.0,0.0,1.0,0.0,0.0,20.0,4271.27,-2.84,20.0,213.56,2.0,10.0,2.0,0.0,2.0,0.067,0
SMB_EU_004846,0.0,1.0,0.0,0.0,0.0,0.0,0.0,1.0,0.0,96.0,5364.65,2.68,27.0,198.69,3.0,12.0,0.0,0.0,1.0,0.165,0
SMB_EU_004847,0.0,0.0,0.0,0.0,1.0,1.0,0.0,0.0,0.0,49.0,13269.26,19.95,62.0,214.02,1.0,5.0,2.0,0.0,0.0,0.158,0
SMB_EU_004848,0.0,0.0,0.0,0.0,0.0,0.0,0.0,1.0,0.0,48.0,4294.21,3.62,23.0,186.7,2.0,11.0,0.0,0.0,2.0,0.202,0
SMB_EU_004849,1.0,0.0,0.0,0.0,0.0,0.0,0.0,0.0,1.0,87.0,6404.7,-6.79,44.0,145.56,2.0,15.0,1.0,0.0,0.0,0.191,0
SMB_EU_004850,0.0,0.0,0.0,0.0,0.0,0.0,1.0,0.0,0.0,24.0,2611.25,8.76,26.0,100.43,1.0,7.0,0.0,1.0,0.0,0.017,0
SMB_EU_004851,0.0,0.0,0.0,0.0,1.0,0.0,0.0,0.0,0.0,5.0,29595.54,32.37,235.0,125.94,1.0,6.0,2.0,0.0,5.0,0.048,0
SMB_EU_004852,0.0,1.0,0.0,0.0,0.0,0.0,0.0,0.0,0.0,45.0,14827.65,-9.66,61.0,243.08,3.0,18.0,0.0,0.0,0.0,0.084,0
SMB_EU_004853,1.0,0.0,0.0,0.0,0.0,1.0,0.0,0.0,0.0,22.0,3873.48,13.71,29.0,133.57,1.0,12.0,2.0,1.0,1.0,0.117,0
SMB_EU_004854,0.0,1.0,0.0,0.0,0.0,0.0,0.0,1.0,0.0,97.0,5928.39,2.86,23.0,257.76,1.0,8.0,1.0,0.0,1.0,0.048,0
SMB_EU_004855,0.0,0.0,1.0,0.0,0.0,0.0,0.0,0.0,0.0,4.0,16442.24,-21.74,97.0,169.51,3.0,15.0,1.0,0.0,3.0,0.114,0
SMB_EU_004856,0.0,0.0,0.0,0.0,0.0,1.0,0.0,0.0,0.0,12.0,6637.36,-54.05,39.0,170.19,4.0,9.0,1.0,1.0,0.0,0.108,1
SMB_EU_004857,0.0,0.0,0.0,0.0,0.0,0.0,0.0,1.0,0.0,17.0,4389.34,-6.78,16.0,274.33,1.0,10.0,0.0,1.0,2.0,0.062,0
SMB_EU_004858,0.0,0.0,0.0,0.0,1.0,0.0,1.0,0.0,0.0,25.0,21175.75,5.21,167.0,126.8,3.0,3.0,1.0,1.0,0.0,0.183,0
SMB_EU_004859,0.0,0.0,0.0,0.0,1.0,0.0,0.0,1.0,0.0,9.0,4614.68,-32.44,38.0,121.44,4.0,12.0,0.0,1.0,3.0,0.077,0
SMB_EU_004860,0.0,0.0,0.0,0.0,1.0,1.0,0.0,0.0,0.0,34.0,15852.9,-23.56,53.0,299.11,1.0,2.0,0.0,0.0,0.0,0.24,0
SMB_EU_004861,0.0,0.0,1.0,0.0,0.0,0.0,0.0,0.0,1.0,16.0,12625.2,9.79,63.0,200.4,2.0,7.0,0.0,0.0,1.0,0.128,0
SMB_EU_004862,1.0,0.0,0.0,0.0,0.0,0.0,0.0,0.0,0.0,51.0,18518.17,-1.78,152.0,121.83,1.0,11.0,1.0,0.0,0.0,0.073,0
SMB_EU_004863,0.0,0.0,0.0,0.0,0.0,0.0,1.0,0.0,0.0,63.0,7474.35,0.05,64.0,116.79,3.0,9.0,1.0,0.0,1.0,0.101,0
SMB_EU_004864,0.0,1.0,0.0,0.0,0.0,0.0,0.0,0.0,0.0,21.0,26908.02,8.83,100.0,269.08,1.0,13.0,0.0,1.0,1.0,0.025,0
SMB_EU_004865,0.0,1.0,0.0,0.0,0.0,0.0,1.0,0.0,0.0,37.0,8561.17,-32.42,40.0,214.03,1.0,9.0,0.0,1.0,2.0,0.088,1
SMB_EU_004866,0.0,0.0,1.0,0.0,0.0,0.0,0.0,0.0,1.0,26.0,5144.59,4.55,49.0,104.99,3.0,8.0,2.0,0.0,1.0,0.026,0
SMB_EU_004867,0.0,1.0,0.0,0.0,0.0,0.0,1.0,0.0,0.0,25.0,4482.34,-20.35,16.0,280.15,3.0,6.0,0.0,1.0,1.0,0.013,0
SMB_EU_004868,0.0,0.0,0.0,0.0,0.0,0.0,0.0,1.0,0.0,8.0,6442.58,-31.36,36.0,178.96,2.0,11.0,0.0,0.0,1.0,0.07,0
SMB_EU_004869,0.0,0.0,1.0,0.0,0.0,0.0,0.0,0.0,0.0,24.0,8702.61,12.78,29.0,300.09,3.0,9.0,0.0,0.0,2.0,0.02,0
SMB_EU_004870,1.0,0.0,0.0,0.0,0.0,0.0,0.0,0.0,0.0,47.0,14450.25,13.28,102.0,141.67,4.0,9.0,0.0,1.0,2.0,0.153,0
SMB_EU_004871,0.0,1.0,0.0,0.0,0.0,0.0,1.0,0.0,0.0,34.0,15085.78,9.99,77.0,195.92,4.0,8.0,1.0,0.0,1.0,0.081,0
SMB_EU_004872,0.0,0.0,0.0,0.0,0.0,1.0,0.0,0.0,0.0,13.0,7200.44,-7.65,61.0,118.04,3.0,9.0,1.0,2.0,2.0,0.093,0
SMB_EU_004873,0.0,0.0,0.0,0.0,0.0,1.0,0.0,0.0,0.0,8.0,3890.27,-20.52,22.0,176.83,4.0,8.0,1.0,0.0,1.0,0.066,0
SMB_EU_004874,0.0,1.0,0.0,0.0,0.0,0.0,0.0,0.0,0.0,23.0,34954.34,8.84,294.0,118.89,4.0,9.0,3.0,1.0,1.0,0.04,0
SMB_EU_004875,0.0,1.0,0.0,0.0,0.0,0.0,0.0,0.0,1.0,15.0,12502.76,-18.21,85.0,147.09,3.0,15.0,1.0,0.0,1.0,0.051,0
SMB_EU_004876,0.0,0.0,1.0,0.0,0.0,0.0,0.0,0.0,0.0,16.0,27625.13,10.4,198.0,139.52,4.0,16.0,2.0,0.0,0.0,0.09,0
SMB_EU_004877,0.0,0.0,1.0,0.0,0.0,0.0,0.0,0.0,0.0,15.0,3847.85,10.4,27.0,142.51,3.0,8.0,0.0,1.0,2.0,0.115,0
SMB_EU_004878,0.0,0.0,1.0,0.0,0.0,0.0,0.0,0.0,0.0,26.0,18293.79,-7.02,62.0,295.06,2.0,8.0,2.0,2.0,2.0,0.087,0
SMB_EU_004879,0.0,1.0,0.0,0.0,0.0,0.0,1.0,0.0,0.0,39.0,13259.79,-1.69,150.0,88.4,2.0,14.0,1.0,0.0,1.0,0.077,0
SMB_EU_004880,1.0,0.0,0.0,0.0,0.0,0.0,0.0,0.0,1.0,14.0,24963.08,2.98,132.0,189.11,1.0,12.0,1.0,0.0,0.0,0.223,0
SMB_EU_004881,0.0,0.0,0.0,0.0,0.0,0.0,0.0,0.0,0.0,14.0,6232.38,-55.39,29.0,214.91,1.0,14.0,1.0,1.0,2.0,0.038,1
SMB_EU_004882,0.0,0.0,0.0,1.0,0.0,0.0,1.0,0.0,0.0,9.0,16495.87,-20.73,73.0,225.97,3.0,10.0,0.0,0.0,1.0,0.108,0
SMB_EU_004883,1.0,0.0,0.0,0.0,0.0,0.0,0.0,0.0,0.0,30.0,40232.63,-0.59,164.0,245.32,2.0,8.0,0.0,1.0,0.0,0.125,0
SMB_EU_004884,0.0,0.0,0.0,0.0,0.0,1.0,0.0,0.0,0.0,47.0,1788.52,-55.29,7.0,255.5,3.0,13.0,0.0,1.0,0.0,0.113,0
SMB_EU_004885,0.0,0.0,0.0,0.0,0.0,0.0,0.0,0.0,0.0,24.0,19989.45,20.42,69.0,289.7,4.0,10.0,1.0,0.0,1.0,0.05,0
SMB_EU_004886,0.0,0.0,0.0,0.0,1.0,1.0,0.0,0.0,0.0,39.0,8691.38,-11.73,35.0,248.33,2.0,12.0,0.0,0.0,2.0,0.184,0
SMB_EU_004887,0.0,1.0,0.0,0.0,0.0,0.0,1.0,0.0,0.0,55.0,6574.75,16.03,25.0,262.99,1.0,8.0,1.0,0.0,1.0,0.086,0
SMB_EU_004888,0.0,0.0,1.0,0.0,0.0,0.0,0.0,0.0,0.0,31.0,11178.51,-17.21,57.0,196.11,2.0,10.0,0.0,0.0,1.0,0.154,0
SMB_EU_004889,0.0,0.0,0.0,0.0,0.0,0.0,0.0,1.0,0.0,13.0,7464.44,-20.17,33.0,226.2,1.0,18.0,0.0,0.0,3.0,0.094,0
SMB_EU_004890,0.0,0.0,1.0,0.0,0.0,0.0,1.0,0.0,0.0,12.0,5531.46,-42.99,30.0,184.38,2.0,12.0,1.0,0.0,0.0,0.175,0
SMB_EU_004891,0.0,1.0,0.0,0.0,0.0,0.0,0.0,1.0,0.0,14.0,4388.94,-14.11,31.0,141.58,2.0,8.0,1.0,0.0,0.0,0.249,0
SMB_EU_004892,0.0,0.0,0.0,0.0,0.0,0.0,1.0,0.0,0.0,79.0,13025.42,-53.05,87.0,149.72,3.0,13.0,0.0,0.0,0.0,0.057,0
SMB_EU_004893,0.0,0.0,1.0,0.0,0.0,0.0,0.0,1.0,0.0,94.0,14322.96,29.16,90.0,159.14,2.0,16.0,0.0,0.0,0.0,0.074,0
SMB_EU_004894,0.0,1.0,0.0,0.0,0.0,0.0,0.0,0.0,0.0,20.0,20714.64,-6.77,134.0,154.59,1.0,8.0,1.0,1.0,2.0,0.012,0
SMB_EU_004895,0.0,1.0,0.0,0.0,0.0,1.0,0.0,0.0,0.0,54.0,6500.31,-12.01,33.0,196.98,1.0,11.0,0.0,0.0,1.0,0.034,0
SMB_EU_004896,0.0,0.0,0.0,0.0,0.0,0.0,1.0,0.0,0.0,60.0,5868.52,-36.18,44.0,133.38,3.0,7.0,0.0,1.0,2.0,0.158,0
SMB_EU_004897,0.0,0.0,0.0,0.0,0.0,0.0,1.0,0.0,0.0,8.0,4362.66,-25.63,23.0,189.68,2.0,9.0,1.0,0.0,3.0,0.103,0
SMB_EU_004898,0.0,1.0,0.0,0.0,0.0,0.0,1.0,0.0,0.0,76.0,15567.55,19.37,55.0,283.05,2.0,11.0,0.0,0.0,1.0,0.072,0
SMB_EU_004899,0.0,0.0,0.0,0.0,0.0,0.0,1.0,0.0,0.0,22.0,7296.33,-45.31,43.0,169.68,1.0,9.0,2.0,2.0,1.0,0.088,1
SMB_EU_004900,0.0,0.0,0.0,0.0,1.0,0.0,0.0,0.0,0.0,21.0,29918.35,-28.24,232.0,128.96,3.0,4.0,1.0,0.0,0.0,0.087,0
SMB_EU_004901,0.0,0.0,0.0,0.0,0.0,0.0,0.0,0.0,0.0,10.0,12308.86,-20.33,79.0,155.81,4.0,17.0,2.0,0.0,1.0,0.018,0
SMB_EU_004902,0.0,0.0,0.0,1.0,0.0,1.0,0.0,0.0,0.0,79.0,4064.08,-0.57,15.0,270.94,1.0,6.0,3.0,0.0,0.0,0.019,0
SMB_EU_004903,0.0,0.0,0.0,0.0,0.0,0.0,0.0,1.0,0.0,28.0,6436.06,-20.57,22.0,292.55,3.0,8.0,0.0,1.0,1.0,0.031,0
SMB_EU_004904,0.0,1.0,0.0,0.0,0.0,1.0,0.0,0.0,0.0,74.0,5730.7,-1.11,21.0,272.89,1.0,17.0,0.0,0.0,0.0,0.14,0
SMB_EU_004905,0.0,0.0,0.0,0.0,1.0,1.0,0.0,0.0,0.0,58.0,2910.84,-7.11,20.0,145.54,3.0,9.0,1.0,0.0,1.0,0.209,1
SMB_EU_004906,0.0,0.0,0.0,0.0,0.0,0.0,0.0,0.0,0.0,20.0,44632.9,3.45,270.0,165.31,2.0,9.0,0.0,0.0,2.0,0.105,0
SMB_EU_004907,0.0,0.0,0.0,0.0,1.0,0.0,0.0,0.0,0.0,28.0,10297.08,-19.6,35.0,294.2,2.0,8.0,1.0,0.0,1.0,0.109,1
SMB_EU_004908,0.0,0.0,0.0,0.0,0.0,0.0,0.0,0.0,0.0,16.0,26169.77,3.62,173.0,151.27,1.0,13.0,0.0,0.0,1.0,0.031,0
SMB_EU_004909,1.0,0.0,0.0,0.0,0.0,0.0,0.0,1.0,0.0,17.0,8285.87,6.77,75.0,110.48,3.0,9.0,1.0,0.0,3.0,0.039,0
SMB_EU_004910,0.0,0.0,1.0,0.0,0.0,0.0,1.0,0.0,0.0,36.0,3757.54,-28.83,26.0,144.52,1.0,16.0,1.0,1.0,1.0,0.109,1
SMB_EU_004911,0.0,0.0,0.0,0.0,1.0,0.0,1.0,0.0,0.0,43.0,4384.21,-56.01,15.0,292.28,4.0,11.0,0.0,0.0,0.0,0.055,0
SMB_EU_004912,0.0,0.0,1.0,0.0,0.0,1.0,0.0,0.0,0.0,5.0,5007.08,-51.15,29.0,172.66,1.0,12.0,1.0,0.0,0.0,0.14,0
SMB_EU_004913,0.0,0.0,0.0,1.0,0.0,0.0,1.0,0.0,0.0,5.0,4759.08,-1.67,17.0,279.95,1.0,10.0,1.0,0.0,0.0,0.051,0
SMB_EU_004914,0.0,0.0,0.0,0.0,0.0,0.0,0.0,1.0,0.0,18.0,14087.84,-1.1,137.0,102.83,2.0,16.0,0.0,0.0,0.0,0.074,0
SMB_EU_004915,0.0,0.0,0.0,0.0,0.0,0.0,0.0,1.0,0.0,32.0,4434.13,-29.42,18.0,246.34,3.0,13.0,1.0,0.0,1.0,0.086,0
SMB_EU_004916,0.0,0.0,0.0,0.0,1.0,0.0,1.0,0.0,0.0,61.0,13643.88,-15.5,136.0,100.32,2.0,15.0,1.0,1.0,2.0,0.086,0
SMB_EU_004917,0.0,1.0,0.0,0.0,0.0,0.0,1.0,0.0,0.0,27.0,10887.59,21.44,88.0,123.72,1.0,11.0,0.0,0.0,1.0,0.043,0
SMB_EU_004918,0.0,1.0,0.0,0.0,0.0,0.0,0.0,0.0,0.0,22.0,17574.76,-3.74,82.0,214.33,3.0,11.0,0.0,0.0,1.0,0.195,0
SMB_EU_004919,1.0,0.0,0.0,0.0,0.0,1.0,0.0,0.0,0.0,39.0,6146.93,1.86,35.0,175.63,2.0,7.0,1.0,0.0,3.0,0.102,0
SMB_EU_004920,0.0,1.0,0.0,0.0,0.0,0.0,0.0,0.0,0.0,13.0,31510.75,-0.67,139.0,226.7,1.0,7.0,0.0,0.0,1.0,0.074,0
SMB_EU_004921,0.0,0.0,0.0,0.0,1.0,0.0,0.0,1.0,0.0,28.0,3047.68,9.79,10.0,304.77,2.0,14.0,1.0,0.0,1.0,0.101,0
SMB_EU_004922,1.0,0.0,0.0,0.0,0.0,1.0,0.0,0.0,0.0,24.0,16904.18,5.09,185.0,91.37,3.0,7.0,1.0,0.0,2.0,0.079,0
SMB_EU_004923,0.0,0.0,1.0,0.0,0.0,0.0,0.0,0.0,0.0,29.0,6929.01,-0.75,57.0,121.56,3.0,8.0,1.0,1.0,0.0,0.083,0
SMB_EU_004924,0.0,0.0,0.0,0.0,1.0,0.0,1.0,0.0,0.0,56.0,12785.97,21.73,58.0,220.45,3.0,17.0,2.0,0.0,1.0,0.049,0
SMB_EU_004925,0.0,0.0,0.0,0.0,0.0,0.0,0.0,1.0,0.0,6.0,2151.88,-48.05,8.0,268.98,4.0,12.0,0.0,0.0,1.0,0.079,0
SMB_EU_004926,0.0,1.0,0.0,0.0,0.0,0.0,1.0,0.0,0.0,25.0,6619.49,-3.32,26.0,254.6,3.0,12.0,2.0,0.0,1.0,0.114,0
SMB_EU_004927,0.0,0.0,0.0,1.0,0.0,0.0,0.0,1.0,0.0,43.0,5287.91,13.8,29.0,182.34,2.0,11.0,0.0,0.0,3.0,0.117,0
SMB_EU_004928,0.0,1.0,0.0,0.0,0.0,0.0,0.0,0.0,0.0,37.0,11201.34,-76.29,46.0,243.51,1.0,16.0,0.0,1.0,0.0,0.04,0
SMB_EU_004929,1.0,0.0,0.0,0.0,0.0,1.0,0.0,0.0,0.0,6.0,5380.37,13.94,43.0,125.12,3.0,8.0,1.0,0.0,0.0,0.157,0
SMB_EU_004930,0.0,0.0,0.0,0.0,1.0,0.0,0.0,1.0,0.0,5.0,2175.49,15.88,26.0,83.67,4.0,13.0,0.0,0.0,2.0,0.057,0
SMB_EU_004931,0.0,0.0,0.0,1.0,0.0,0.0,0.0,1.0,0.0,41.0,2764.8,8.43,13.0,212.68,1.0,9.0,0.0,1.0,1.0,0.161,0
SMB_EU_004932,0.0,1.0,0.0,0.0,0.0,0.0,0.0,0.0,0.0,6.0,20226.81,-64.91,78.0,259.32,2.0,16.0,2.0,0.0,1.0,0.055,0
SMB_EU_004933,0.0,0.0,0.0,0.0,1.0,0.0,1.0,0.0,0.0,28.0,8143.7,10.24,46.0,177.04,3.0,10.0,1.0,0.0,2.0,0.003,0
SMB_EU_004934,0.0,0.0,0.0,1.0,0.0,0.0,0.0,1.0,0.0,53.0,3303.96,-33.84,16.0,206.5,2.0,14.0,0.0,0.0,1.0,0.048,0
SMB_EU_004935,0.0,0.0,0.0,1.0,0.0,0.0,0.0,0.0,0.0,8.0,33202.22,-8.58,192.0,172.93,4.0,11.0,1.0,0.0,3.0,0.027,0
SMB_EU_004936,0.0,1.0,0.0,0.0,0.0,0.0,1.0,0.0,0.0,75.0,3847.73,6.62,20.0,192.39,2.0,10.0,0.0,0.0,3.0,0.061,0
SMB_EU_004937,0.0,0.0,0.0,0.0,1.0,0.0,0.0,0.0,1.0,40.0,7244.7,-5.3,26.0,278.64,2.0,14.0,0.0,0.0,1.0,0.069,0
SMB_EU_004938,0.0,0.0,1.0,0.0,0.0,0.0,1.0,0.0,0.0,120.0,5906.47,13.28,32.0,184.58,1.0,16.0,0.0,0.0,3.0,0.142,0
SMB_EU_004939,1.0,0.0,0.0,0.0,0.0,0.0,1.0,0.0,0.0,18.0,11570.56,-4.7,142.0,81.48,4.0,14.0,0.0,0.0,1.0,0.036,0
SMB_EU_004940,1.0,0.0,0.0,0.0,0.0,0.0,1.0,0.0,0.0,62.0,8234.56,-8.7,32.0,257.33,1.0,16.0,2.0,0.0,3.0,0.119,0
SMB_EU_004941,0.0,1.0,0.0,0.0,0.0,1.0,0.0,0.0,0.0,20.0,5622.97,-0.59,26.0,216.27,4.0,10.0,0.0,1.0,1.0,0.06,0
SMB_EU_004942,0.0,0.0,0.0,1.0,0.0,1.0,0.0,0.0,0.0,27.0,1984.23,-20.12,8.0,248.03,1.0,8.0,1.0,1.0,2.0,0.017,0
SMB_EU_004943,0.0,0.0,0.0,0.0,1.0,0.0,0.0,0.0,0.0,16.0,25205.72,-2.08,91.0,276.99,1.0,9.0,1.0,0.0,2.0,0.208,0
SMB_EU_004944,0.0,1.0,0.0,0.0,0.0,0.0,0.0,0.0,0.0,26.0,13162.27,5.43,92.0,143.07,2.0,12.0,1.0,0.0,1.0,0.124,0
SMB_EU_004945,1.0,0.0,0.0,0.0,0.0,0.0,0.0,0.0,0.0,49.0,16077.92,13.05,84.0,191.4,3.0,13.0,0.0,0.0,1.0,0.125,0
SMB_EU_004946,0.0,0.0,0.0,0.0,1.0,1.0,0.0,0.0,0.0,76.0,3829.07,3.73,18.0,212.73,2.0,15.0,1.0,0.0,1.0,0.113,0
SMB_EU_004947,0.0,0.0,1.0,0.0,0.0,0.0,1.0,0.0,0.0,13.0,4645.71,-21.49,30.0,154.86,2.0,9.0,0.0,1.0,1.0,0.229,0
SMB_EU_004948,1.0,0.0,0.0,0.0,0.0,0.0,0.0,0.0,1.0,30.0,22126.97,20.28,83.0,266.59,2.0,5.0,0.0,0.0,2.0,0.261,0
SMB_EU_004949,1.0,0.0,0.0,0.0,0.0,0.0,1.0,0.0,0.0,17.0,2760.74,21.54,12.0,230.06,4.0,9.0,0.0,2.0,0.0,0.044,0
SMB_EU_004950,0.0,0.0,0.0,0.0,1.0,0.0,0.0,0.0,1.0,31.0,4781.27,1.69,20.0,239.06,4.0,14.0,0.0,0.0,2.0,0.124,0
SMB_EU_004951,0.0,1.0,0.0,0.0,0.0,0.0,1.0,0.0,0.0,53.0,19447.86,-11.28,75.0,259.3,1.0,8.0,3.0,1.0,1.0,0.045,0
SMB_EU_004952,0.0,0.0,0.0,0.0,0.0,0.0,0.0,1.0,0.0,18.0,7344.02,-7.97,54.0,136.0,3.0,12.0,0.0,0.0,0.0,0.092,0
SMB_EU_004953,0.0,1.0,0.0,0.0,0.0,0.0,1.0,0.0,0.0,36.0,6580.85,-3.05,27.0,243.74,3.0,6.0,2.0,1.0,1.0,0.13,0
SMB_EU_004954,0.0,0.0,1.0,0.0,0.0,0.0,1.0,0.0,0.0,12.0,16901.45,4.18,68.0,248.55,3.0,6.0,0.0,0.0,2.0,0.076,0
SMB_EU_004955,0.0,0.0,0.0,1.0,0.0,0.0,0.0,1.0,0.0,56.0,6537.49,-4.57,25.0,261.5,1.0,13.0,0.0,0.0,0.0,0.067,0
SMB_EU_004956,1.0,0.0,0.0,0.0,0.0,0.0,0.0,1.0,0.0,44.0,5749.05,-58.79,31.0,185.45,2.0,7.0,1.0,0.0,0.0,0.058,0
SMB_EU_004957,0.0,1.0,0.0,0.0,0.0,0.0,0.0,0.0,0.0,14.0,17173.84,-40.87,90.0,190.82,3.0,8.0,1.0,0.0,1.0,0.024,0
SMB_EU_004958,0.0,0.0,1.0,0.0,0.0,0.0,0.0,1.0,0.0,14.0,6609.98,-21.76,65.0,101.69,1.0,7.0,1.0,0.0,0.0,0.053,0
SMB_EU_004959,0.0,0.0,0.0,0.0,0.0,1.0,0.0,0.0,0.0,65.0,8126.86,-42.55,30.0,270.9,1.0,8.0,1.0,0.0,3.0,0.112,0
SMB_EU_004960,1.0,0.0,0.0,0.0,0.0,0.0,0.0,1.0,0.0,90.0,18671.94,4.37,95.0,196.55,1.0,8.0,2.0,1.0,1.0,0.071,0
SMB_EU_004961,0.0,0.0,1.0,0.0,0.0,0.0,0.0,0.0,0.0,15.0,13344.64,2.43,63.0,211.82,4.0,5.0,1.0,1.0,0.0,0.274,0
SMB_EU_004962,0.0,0.0,0.0,0.0,0.0,0.0,0.0,0.0,0.0,49.0,13593.91,-10.77,127.0,107.04,3.0,9.0,0.0,0.0,2.0,0.121,0
SMB_EU_004963,0.0,1.0,0.0,0.0,0.0,0.0,0.0,0.0,0.0,20.0,7141.44,17.93,34.0,210.04,1.0,9.0,0.0,0.0,1.0,0.048,0
SMB_EU_004964,1.0,0.0,0.0,0.0,0.0,0.0,0.0,0.0,0.0,65.0,14540.12,2.02,163.0,89.2,3.0,8.0,0.0,0.0,0.0,0.05,0
SMB_EU_004965,0.0,0.0,0.0,1.0,0.0,0.0,0.0,1.0,0.0,21.0,15289.56,-3.25,54.0,283.14,2.0,11.0,2.0,1.0,0.0,0.033,1
SMB_EU_004966,0.0,0.0,0.0,0.0,0.0,0.0,1.0,0.0,0.0,42.0,14441.88,-34.91,53.0,272.49,3.0,10.0,0.0,0.0,3.0,0.082,0
SMB_EU_004967,0.0,0.0,0.0,0.0,1.0,0.0,1.0,0.0,0.0,29.0,5773.28,6.66,47.0,122.84,2.0,7.0,1.0,0.0,3.0,0.102,0
SMB_EU_004968,1.0,0.0,0.0,0.0,0.0,1.0,0.0,0.0,0.0,4.0,6109.13,-1.08,29.0,210.66,2.0,8.0,0.0,0.0,4.0,0.055,0
SMB_EU_004969,0.0,0.0,0.0,0.0,1.0,1.0,0.0,0.0,0.0,13.0,2756.32,-40.86,13.0,212.02,4.0,9.0,0.0,0.0,0.0,0.052,0
SMB_EU_004970,0.0,0.0,0.0,1.0,0.0,0.0,1.0,0.0,0.0,42.0,4472.6,15.99,17.0,263.09,2.0,14.0,3.0,0.0,0.0,0.129,0
SMB_EU_004971,0.0,0.0,0.0,1.0,0.0,0.0,0.0,0.0,0.0,38.0,16407.11,-78.3,67.0,244.88,1.0,15.0,2.0,1.0,3.0,0.116,1
SMB_EU_004972,0.0,0.0,0.0,0.0,1.0,0.0,0.0,0.0,1.0,32.0,6689.58,-75.05,22.0,304.07,1.0,9.0,1.0,0.0,6.0,0.139,1
SMB_EU_004973,0.0,0.0,0.0,1.0,0.0,0.0,1.0,0.0,0.0,78.0,4274.56,11.65,27.0,158.32,4.0,8.0,1.0,2.0,0.0,0.049,0
SMB_EU_004974,1.0,0.0,0.0,0.0,0.0,1.0,0.0,0.0,0.0,47.0,8049.93,36.24,75.0,107.33,1.0,15.0,0.0,0.0,0.0,0.035,0
SMB_EU_004975,0.0,1.0,0.0,0.0,0.0,0.0,0.0,1.0,0.0,43.0,4759.24,13.15,23.0,206.92,3.0,12.0,2.0,0.0,2.0,0.115,0
SMB_EU_004976,0.0,0.0,0.0,1.0,0.0,0.0,0.0,0.0,0.0,3.0,5856.31,27.96,24.0,244.01,2.0,7.0,1.0,0.0,4.0,0.105,0
SMB_EU_004977,0.0,0.0,0.0,0.0,0.0,0.0,0.0,0.0,1.0,48.0,2591.24,-6.52,18.0,143.96,1.0,13.0,2.0,0.0,2.0,0.012,0
SMB_EU_004978,0.0,0.0,0.0,0.0,0.0,0.0,0.0,1.0,0.0,7.0,3551.72,-9.56,27.0,131.55,3.0,11.0,0.0,0.0,2.0,0.108,0
SMB_EU_004979,0.0,0.0,0.0,0.0,0.0,0.0,0.0,0.0,0.0,26.0,5783.97,6.85,23.0,251.48,4.0,13.0,2.0,2.0,0.0,0.077,0
SMB_EU_004980,0.0,0.0,0.0,0.0,0.0,1.0,0.0,0.0,0.0,7.0,1955.04,14.3,8.0,244.38,1.0,5.0,0.0,0.0,0.0,0.057,0
SMB_EU_004981,0.0,0.0,0.0,0.0,1.0,1.0,0.0,0.0,0.0,37.0,11812.3,-19.67,95.0,124.34,1.0,14.0,0.0,0.0,0.0,0.022,0
SMB_EU_004982,0.0,1.0,0.0,0.0,0.0,1.0,0.0,0.0,0.0,55.0,5658.35,-3.2,21.0,269.45,3.0,10.0,3.0,0.0,1.0,0.116,0
SMB_EU_004983,0.0,0.0,1.0,0.0,0.0,0.0,0.0,1.0,0.0,25.0,4263.84,-0.41,39.0,109.33,2.0,10.0,0.0,1.0,0.0,0.067,0
SMB_EU_004984,1.0,0.0,0.0,0.0,0.0,0.0,0.0,0.0,0.0,25.0,13396.68,-10.18,129.0,103.85,3.0,6.0,1.0,0.0,0.0,0.236,0
SMB_EU_004985,0.0,0.0,1.0,0.0,0.0,0.0,0.0,0.0,0.0,12.0,7578.77,-8.43,48.0,157.89,2.0,10.0,0.0,0.0,1.0,0.011,0
SMB_EU_004986,0.0,0.0,0.0,0.0,0.0,0.0,1.0,0.0,0.0,54.0,10237.19,-42.23,37.0,276.68,2.0,11.0,2.0,1.0,3.0,0.008,0
SMB_EU_004987,1.0,0.0,0.0,0.0,0.0,0.0,1.0,0.0,0.0,8.0,7396.61,7.05,32.0,231.14,1.0,6.0,4.0,1.0,1.0,0.083,0
SMB_EU_004988,0.0,0.0,1.0,0.0,0.0,0.0,1.0,0.0,0.0,29.0,5078.4,11.98,30.0,169.28,2.0,10.0,4.0,0.0,0.0,0.125,0
SMB_EU_004989,1.0,0.0,0.0,0.0,0.0,0.0,0.0,1.0,0.0,24.0,3472.45,5.05,30.0,115.75,1.0,10.0,2.0,0.0,3.0,0.029,0
SMB_EU_004990,1.0,0.0,0.0,0.0,0.0,1.0,0.0,0.0,0.0,34.0,2872.79,-13.1,12.0,239.4,3.0,7.0,2.0,0.0,0.0,0.057,1
SMB_EU_004991,0.0,0.0,0.0,0.0,1.0,1.0,0.0,0.0,0.0,45.0,4702.12,-22.55,22.0,213.73,2.0,13.0,1.0,2.0,1.0,0.148,0
SMB_EU_004992,0.0,0.0,1.0,0.0,0.0,1.0,0.0,0.0,0.0,23.0,5196.49,-14.28,17.0,305.68,3.0,12.0,3.0,0.0,1.0,0.093,1
SMB_EU_004993,0.0,1.0,0.0,0.0,0.0,0.0,0.0,1.0,0.0,48.0,3857.69,-4.68,16.0,241.11,4.0,9.0,2.0,0.0,0.0,0.109,0
SMB_EU_004994,0.0,0.0,1.0,0.0,0.0,0.0,0.0,0.0,0.0,25.0,15504.7,-15.54,151.0,102.68,4.0,9.0,0.0,0.0,3.0,0.033,0
SMB_EU_004995,0.0,0.0,0.0,0.0,0.0,0.0,0.0,1.0,0.0,33.0,4769.93,-9.16,20.0,238.5,2.0,16.0,2.0,0.0,1.0,0.052,0
SMB_EU_004996,0.0,0.0,0.0,0.0,1.0,0.0,0.0,0.0,0.0,10.0,17227.58,-47.83,126.0,136.73,1.0,11.0,0.0,1.0,2.0,0.259,1
SMB_EU_004997,0.0,0.0,0.0,0.0,0.0,0.0,0.0,0.0,1.0,19.0,15848.63,-42.2,54.0,293.49,2.0,13.0,1.0,2.0,1.0,0.091,1
SMB_EU_004998,0.0,1.0,0.0,0.0,0.0,1.0,0.0,0.0,0.0,6.0,8564.05,-13.25,102.0,83.96,3.0,10.0,1.0,1.0,2.0,0.116,0
SMB_EU_004999,1.0,0.0,0.0,0.0,0.0,0.0,0.0,0.0,0.0,27.0,26597.15,17.07,201.0,132.32,3.0,12.0,0.0,1.0,2.0,0.072,0
SMB_EU_005000,0.0,0.0,1.0,0.0,0.0,1.0,0.0,0.0,0.0,43.0,3607.87,-1.79,19.0,189.89,1.0,16.0,2.0,0.0,0.0,0.088,0
SMB_EU_005001,0.0,1.0,0.0,0.0,0.0,0.0,0.0,0.0,0.0,22.0,11054.98,-7.92,114.0,96.97,4.0,14.0,2.0,1.0,4.0,0.104,0
SMB_EU_005002,0.0,0.0,0.0,1.0,0.0,0.0,1.0,0.0,0.0,24.0,11841.37,-73.48,76.0,155.81,1.0,6.0,2.0,2.0,1.0,0.151,1
SMB_EU_005003,0.0,0.0,0.0,0.0,1.0,1.0,0.0,0.0,0.0,35.0,8976.82,-28.08,47.0,191.0,2.0,9.0,0.0,0.0,0.0,0.131,0
SMB_EU_005004,0.0,1.0,0.0,0.0,0.0,0.0,0.0,0.0,0.0,37.0,9982.94,-3.33,56.0,178.27,2.0,4.0,0.0,0.0,0.0,0.282,0
SMB_EU_005005,0.0,0.0,0.0,0.0,1.0,0.0,1.0,0.0,0.0,6.0,11546.61,-20.67,64.0,180.42,2.0,17.0,0.0,0.0,3.0,0.154,0
SMB_EU_005006,0.0,0.0,0.0,0.0,0.0,0.0,0.0,0.0,1.0,16.0,5109.52,10.68,19.0,268.92,2.0,6.0,1.0,0.0,3.0,0.173,0
SMB_EU_005007,1.0,0.0,0.0,0.0,0.0,1.0,0.0,0.0,0.0,7.0,8007.61,0.44,42.0,190.66,1.0,15.0,0.0,0.0,1.0,0.096,0
SMB_EU_005008,0.0,0.0,0.0,0.0,1.0,0.0,0.0,1.0,0.0,19.0,4921.73,-5.21,17.0,289.51,4.0,11.0,1.0,0.0,1.0,0.047,0
SMB_EU_005009,0.0,0.0,0.0,0.0,0.0,1.0,0.0,0.0,0.0,69.0,2614.57,3.35,23.0,113.68,4.0,14.0,0.0,2.0,1.0,0.055,0
SMB_EU_005010,0.0,0.0,0.0,1.0,0.0,0.0,0.0,0.0,0.0,44.0,11560.64,-10.9,82.0,140.98,2.0,9.0,0.0,1.0,1.0,0.061,0
SMB_EU_005011,0.0,0.0,0.0,0.0,0.0,0.0,0.0,0.0,0.0,26.0,55557.08,-28.2,248.0,224.02,1.0,5.0,0.0,0.0,1.0,0.082,0
SMB_EU_005012,1.0,0.0,0.0,0.0,0.0,1.0,0.0,0.0,0.0,82.0,6776.28,12.1,48.0,141.17,1.0,17.0,1.0,1.0,1.0,0.245,0
SMB_EU_005013,0.0,0.0,0.0,1.0,0.0,0.0,0.0,0.0,1.0,32.0,35783.77,-45.13,229.0,156.26,1.0,11.0,1.0,1.0,0.0,0.029,0
SMB_EU_005014,0.0,0.0,1.0,0.0,0.0,0.0,0.0,0.0,0.0,110.0,6307.22,-6.12,23.0,274.23,2.0,13.0,0.0,0.0,3.0,0.03,0
SMB_EU_005015,0.0,0.0,0.0,0.0,0.0,0.0,0.0,1.0,0.0,29.0,7845.05,25.11,40.0,196.13,2.0,12.0,1.0,1.0,1.0,0.058,0
SMB_EU_005016,0.0,0.0,0.0,0.0,0.0,0.0,0.0,0.0,1.0,16.0,1967.22,9.16,13.0,151.32,2.0,14.0,1.0,1.0,2.0,0.062,0
SMB_EU_005017,0.0,0.0,0.0,0.0,0.0,1.0,0.0,0.0,0.0,10.0,5999.15,-47.85,24.0,249.96,2.0,12.0,1.0,2.0,2.0,0.124,0
SMB_EU_005018,0.0,1.0,0.0,0.0,0.0,0.0,0.0,0.0,1.0,41.0,13143.86,14.16,138.0,95.25,4.0,13.0,2.0,0.0,5.0,0.049,0
SMB_EU_005019,0.0,0.0,1.0,0.0,0.0,0.0,0.0,0.0,0.0,19.0,24798.53,13.61,122.0,203.27,1.0,10.0,1.0,0.0,1.0,0.209,0
SMB_EU_005020,0.0,0.0,0.0,0.0,1.0,0.0,0.0,0.0,1.0,29.0,5571.49,23.71,55.0,101.3,2.0,6.0,1.0,1.0,1.0,0.047,0
SMB_EU_005021,0.0,0.0,1.0,0.0,0.0,0.0,0.0,1.0,0.0,36.0,9326.8,-57.71,78.0,119.57,3.0,8.0,0.0,0.0,2.0,0.071,0
SMB_EU_005022,0.0,0.0,0.0,1.0,0.0,0.0,1.0,0.0,0.0,13.0,5807.86,-5.65,62.0,93.68,4.0,10.0,0.0,2.0,3.0,0.052,0
SMB_EU_005023,0.0,0.0,0.0,0.0,1.0,0.0,0.0,0.0,1.0,32.0,8156.1,-66.69,29.0,281.24,3.0,9.0,2.0,0.0,0.0,0.044,0
SMB_EU_005024,1.0,0.0,0.0,0.0,0.0,0.0,0.0,0.0,0.0,23.0,11565.85,-0.49,128.0,90.36,2.0,14.0,1.0,0.0,0.0,0.219,0
SMB_EU_005025,0.0,0.0,0.0,0.0,1.0,0.0,0.0,0.0,0.0,7.0,7585.33,-1.98,39.0,194.5,3.0,12.0,2.0,0.0,2.0,0.049,0
SMB_EU_005026,0.0,0.0,0.0,1.0,0.0,1.0,0.0,0.0,0.0,38.0,15388.05,-26.32,119.0,129.31,4.0,13.0,0.0,0.0,2.0,0.051,0
SMB_EU_005027,0.0,1.0,0.0,0.0,0.0,0.0,1.0,0.0,0.0,41.0,8233.84,-36.13,50.0,164.68,4.0,10.0,1.0,0.0,1.0,0.02,0
SMB_EU_005028,0.0,0.0,0.0,0.0,0.0,0.0,0.0,0.0,0.0,61.0,28801.9,-33.8,153.0,188.25,1.0,10.0,0.0,0.0,2.0,0.027,0
SMB_EU_005029,1.0,0.0,0.0,0.0,0.0,0.0,0.0,1.0,0.0,10.0,9358.31,3.66,52.0,179.97,2.0,11.0,0.0,1.0,1.0,0.126,0
SMB_EU_005030,0.0,0.0,0.0,0.0,0.0,0.0,1.0,0.0,0.0,92.0,4475.77,10.73,18.0,248.65,3.0,9.0,0.0,0.0,0.0,0.183,0
SMB_EU_005031,0.0,1.0,0.0,0.0,0.0,0.0,0.0,0.0,0.0,14.0,31116.14,-1.81,111.0,280.33,3.0,9.0,2.0,0.0,1.0,0.028,0
SMB_EU_005032,0.0,0.0,0.0,1.0,0.0,0.0,1.0,0.0,0.0,4.0,10821.02,-28.31,74.0,146.23,2.0,6.0,0.0,1.0,0.0,0.034,0
SMB_EU_005033,0.0,0.0,1.0,0.0,0.0,0.0,0.0,0.0,0.0,27.0,8032.61,-1.93,94.0,85.45,1.0,8.0,1.0,1.0,0.0,0.073,1
SMB_EU_005034,0.0,0.0,1.0,0.0,0.0,0.0,0.0,1.0,0.0,34.0,6545.31,15.63,24.0,272.72,2.0,13.0,2.0,0.0,0.0,0.177,0
SMB_EU_005035,0.0,0.0,0.0,0.0,0.0,0.0,0.0,1.0,0.0,23.0,2706.5,-17.79,9.0,300.72,2.0,7.0,0.0,0.0,2.0,0.134,0
SMB_EU_005036,0.0,1.0,0.0,0.0,0.0,0.0,0.0,0.0,1.0,10.0,23596.53,-35.9,135.0,174.79,2.0,6.0,1.0,0.0,2.0,0.058,0
SMB_EU_005037,0.0,0.0,1.0,0.0,0.0,1.0,0.0,0.0,0.0,18.0,9776.99,-25.53,54.0,181.06,3.0,12.0,0.0,2.0,1.0,0.069,0
SMB_EU_005038,0.0,0.0,0.0,0.0,1.0,0.0,0.0,0.0,0.0,33.0,14373.14,0.3,129.0,111.42,1.0,9.0,0.0,0.0,3.0,0.101,0
SMB_EU_005039,1.0,0.0,0.0,0.0,0.0,0.0,0.0,0.0,1.0,100.0,19222.99,8.17,104.0,184.84,2.0,3.0,0.0,0.0,0.0,0.11,0
SMB_EU_005040,0.0,0.0,0.0,0.0,1.0,0.0,0.0,1.0,0.0,10.0,1935.27,-4.68,13.0,148.87,4.0,7.0,0.0,0.0,1.0,0.053,0
SMB_EU_005041,1.0,0.0,0.0,0.0,0.0,1.0,0.0,0.0,0.0,16.0,3827.28,37.09,13.0,294.41,2.0,8.0,1.0,0.0,2.0,0.03,0
SMB_EU_005042,0.0,0.0,1.0,0.0,0.0,1.0,0.0,0.0,0.0,8.0,5156.76,-53.46,43.0,119.92,2.0,7.0,1.0,0.0,1.0,0.03,0
SMB_EU_005043,0.0,0.0,0.0,0.0,0.0,0.0,0.0,0.0,1.0,19.0,34419.92,-8.68,211.0,163.13,1.0,14.0,0.0,0.0,1.0,0.128,0
SMB_EU_005044,0.0,0.0,1.0,0.0,0.0,0.0,0.0,1.0,0.0,25.0,2630.43,3.07,12.0,219.2,3.0,7.0,1.0,1.0,3.0,0.108,0
SMB_EU_005045,0.0,0.0,1.0,0.0,0.0,0.0,0.0,0.0,0.0,51.0,5385.27,-54.63,35.0,153.86,4.0,15.0,2.0,0.0,1.0,0.243,1
SMB_EU_005046,0.0,0.0,1.0,0.0,0.0,0.0,0.0,1.0,0.0,33.0,2101.83,-21.62,11.0,191.08,3.0,11.0,0.0,0.0,2.0,0.093,1
SMB_EU_005047,0.0,0.0,0.0,1.0,0.0,0.0,1.0,0.0,0.0,67.0,13779.35,-16.47,47.0,293.18,2.0,12.0,2.0,0.0,1.0,0.142,0
SMB_EU_005048,0.0,0.0,0.0,1.0,0.0,0.0,0.0,0.0,0.0,25.0,10501.68,11.37,55.0,190.94,2.0,14.0,0.0,0.0,2.0,0.075,0
SMB_EU_005049,0.0,1.0,0.0,0.0,0.0,0.0,0.0,0.0,0.0,1.0,13634.43,-4.57,49.0,278.25,1.0,7.0,1.0,0.0,3.0,0.057,1
SMB_EU_005050,0.0,0.0,0.0,1.0,0.0,0.0,1.0,0.0,0.0,34.0,12643.47,25.53,141.0,89.67,3.0,6.0,1.0,0.0,2.0,0.057,0
SMB_EU_005051,0.0,0.0,0.0,0.0,0.0,0.0,1.0,0.0,0.0,5.0,7276.07,-6.62,68.0,107.0,1.0,8.0,1.0,0.0,0.0,0.272,0
SMB_EU_005052,1.0,0.0,0.0,0.0,0.0,0.0,1.0,0.0,0.0,50.0,9042.44,10.66,31.0,291.69,4.0,13.0,0.0,1.0,0.0,0.028,0
SMB_EU_005053,0.0,0.0,0.0,0.0,0.0,1.0,0.0,0.0,0.0,25.0,8272.1,7.66,76.0,108.84,2.0,12.0,1.0,0.0,0.0,0.134,0
SMB_EU_005054,0.0,0.0,0.0,0.0,0.0,0.0,0.0,1.0,0.0,16.0,3861.41,-6.84,16.0,241.34,2.0,9.0,2.0,1.0,0.0,0.113,0
SMB_EU_005055,0.0,0.0,0.0,1.0,0.0,0.0,0.0,0.0,1.0,9.0,8145.25,-63.78,46.0,177.07,1.0,7.0,3.0,0.0,3.0,0.066,1
SMB_EU_005056,0.0,0.0,1.0,0.0,0.0,0.0,0.0,0.0,0.0,18.0,17343.6,-25.98,102.0,170.04,2.0,9.0,2.0,0.0,0.0,0.247,0
SMB_EU_005057,0.0,0.0,0.0,1.0,0.0,1.0,0.0,0.0,0.0,25.0,10101.33,8.3,45.0,224.47,3.0,9.0,1.0,0.0,4.0,0.132,0
SMB_EU_005058,0.0,1.0,0.0,0.0,0.0,0.0,0.0,0.0,1.0,83.0,5594.61,17.97,23.0,243.24,1.0,5.0,0.0,0.0,0.0,0.082,0
SMB_EU_005059,0.0,0.0,1.0,0.0,0.0,0.0,1.0,0.0,0.0,23.0,1306.17,-23.85,5.0,261.23,3.0,12.0,2.0,0.0,0.0,0.108,1
SMB_EU_005060,0.0,1.0,0.0,0.0,0.0,0.0,0.0,1.0,0.0,31.0,7517.16,-5.56,55.0,136.68,2.0,9.0,1.0,1.0,0.0,0.042,0
SMB_EU_005061,0.0,0.0,0.0,0.0,1.0,0.0,0.0,1.0,0.0,24.0,8723.91,-10.0,37.0,235.78,2.0,14.0,0.0,0.0,0.0,0.046,0
SMB_EU_005062,0.0,0.0,0.0,0.0,1.0,0.0,1.0,0.0,0.0,31.0,9020.16,8.27,58.0,155.52,1.0,8.0,1.0,0.0,0.0,0.097,0
SMB_EU_005063,0.0,0.0,0.0,1.0,0.0,0.0,0.0,1.0,0.0,29.0,5873.28,-4.93,25.0,234.93,3.0,6.0,0.0,1.0,1.0,0.11,0
SMB_EU_005064,0.0,1.0,0.0,0.0,0.0,0.0,0.0,1.0,0.0,26.0,3563.89,19.84,32.0,111.37,1.0,11.0,1.0,1.0,0.0,0.04,0
SMB_EU_005065,1.0,0.0,0.0,0.0,0.0,0.0,1.0,0.0,0.0,15.0,10800.06,-5.77,60.0,180.0,3.0,8.0,2.0,0.0,1.0,0.049,0
SMB_EU_005066,0.0,0.0,0.0,0.0,0.0,0.0,1.0,0.0,0.0,42.0,13347.67,-18.55,111.0,120.25,2.0,7.0,0.0,0.0,0.0,0.144,0
SMB_EU_005067,0.0,0.0,0.0,1.0,0.0,0.0,1.0,0.0,0.0,10.0,8275.83,-7.03,54.0,153.26,3.0,12.0,0.0,0.0,1.0,0.131,0
SMB_EU_005068,0.0,1.0,0.0,0.0,0.0,0.0,0.0,0.0,0.0,37.0,66873.26,-5.38,282.0,237.14,2.0,11.0,1.0,2.0,3.0,0.114,0
SMB_EU_005069,0.0,0.0,0.0,0.0,1.0,0.0,0.0,0.0,0.0,42.0,5869.71,7.89,45.0,130.44,1.0,9.0,1.0,0.0,1.0,0.143,0
SMB_EU_005070,0.0,0.0,0.0,0.0,0.0,0.0,0.0,0.0,0.0,4.0,16540.75,-5.6,72.0,229.73,4.0,17.0,2.0,0.0,1.0,0.07,0
SMB_EU_005071,0.0,0.0,1.0,0.0,0.0,0.0,0.0,0.0,0.0,10.0,7414.51,6.6,39.0,190.12,1.0,12.0,1.0,1.0,0.0,0.107,0
SMB_EU_005072,1.0,0.0,0.0,0.0,0.0,0.0,0.0,0.0,1.0,5.0,15258.43,-11.86,152.0,100.38,1.0,11.0,0.0,0.0,2.0,0.059,0
SMB_EU_005073,0.0,0.0,0.0,1.0,0.0,0.0,0.0,0.0,0.0,59.0,5807.59,-4.42,35.0,165.93,2.0,15.0,1.0,0.0,0.0,0.208,0
SMB_EU_005074,0.0,0.0,0.0,0.0,0.0,0.0,1.0,0.0,0.0,17.0,3593.36,-11.78,13.0,276.41,4.0,11.0,0.0,0.0,0.0,0.131,0
SMB_EU_005075,0.0,0.0,0.0,0.0,1.0,0.0,0.0,0.0,0.0,57.0,10258.82,-12.7,34.0,301.73,1.0,13.0,0.0,1.0,1.0,0.048,0
SMB_EU_005076,0.0,0.0,0.0,1.0,0.0,0.0,0.0,0.0,0.0,20.0,17593.85,19.12,109.0,161.41,2.0,13.0,0.0,1.0,0.0,0.134,0
SMB_EU_005077,0.0,0.0,1.0,0.0,0.0,0.0,0.0,0.0,0.0,11.0,10493.62,-10.73,114.0,92.05,2.0,11.0,0.0,0.0,0.0,0.105,0
SMB_EU_005078,0.0,1.0,0.0,0.0,0.0,0.0,0.0,0.0,0.0,15.0,10556.96,-5.21,97.0,108.83,1.0,9.0,0.0,0.0,1.0,0.077,0
SMB_EU_005079,0.0,0.0,0.0,1.0,0.0,0.0,1.0,0.0,0.0,29.0,7177.19,15.67,28.0,256.33,3.0,12.0,0.0,1.0,2.0,0.087,0
SMB_EU_005080,0.0,0.0,0.0,1.0,0.0,0.0,0.0,1.0,0.0,42.0,4323.62,-25.37,19.0,227.56,2.0,10.0,2.0,0.0,0.0,0.181,0
SMB_EU_005081,0.0,0.0,0.0,0.0,0.0,0.0,0.0,0.0,1.0,26.0,21970.36,-0.69,154.0,142.66,2.0,6.0,0.0,0.0,2.0,0.091,0
SMB_EU_005082,0.0,0.0,0.0,0.0,0.0,0.0,0.0,0.0,0.0,48.0,22637.25,7.24,136.0,166.45,1.0,13.0,0.0,0.0,1.0,0.037,0
SMB_EU_005083,1.0,0.0,0.0,0.0,0.0,0.0,0.0,0.0,0.0,23.0,12345.65,-9.01,48.0,257.2,4.0,14.0,1.0,2.0,2.0,0.039,0
SMB_EU_005084,0.0,1.0,0.0,0.0,0.0,1.0,0.0,0.0,0.0,25.0,21114.64,30.86,124.0,170.28,1.0,10.0,1.0,0.0,2.0,0.045,0
SMB_EU_005085,0.0,0.0,0.0,0.0,0.0,0.0,0.0,1.0,0.0,14.0,6715.61,8.73,27.0,248.73,3.0,7.0,2.0,0.0,0.0,0.053,0
SMB_EU_005086,0.0,0.0,0.0,1.0,0.0,0.0,0.0,0.0,0.0,13.0,8386.92,-2.32,58.0,144.6,4.0,9.0,0.0,0.0,2.0,0.166,0
SMB_EU_005087,1.0,0.0,0.0,0.0,0.0,0.0,0.0,0.0,1.0,44.0,10497.45,0.86,44.0,238.58,1.0,10.0,1.0,0.0,0.0,0.088,0
SMB_EU_005088,0.0,0.0,0.0,0.0,0.0,1.0,0.0,0.0,0.0,10.0,8273.58,-38.88,45.0,183.86,1.0,13.0,0.0,0.0,2.0,0.002,0
SMB_EU_005089,0.0,0.0,1.0,0.0,0.0,0.0,0.0,0.0,0.0,20.0,9929.15,-3.55,50.0,198.58,1.0,14.0,0.0,1.0,2.0,0.074,0
SMB_EU_005090,0.0,0.0,0.0,0.0,0.0,1.0,0.0,0.0,0.0,45.0,3190.74,-20.64,15.0,212.72,3.0,6.0,1.0,1.0,0.0,0.11,0
SMB_EU_005091,0.0,0.0,0.0,0.0,0.0,0.0,0.0,0.0,1.0,6.0,9479.2,24.4,53.0,178.85,3.0,12.0,0.0,0.0,1.0,0.049,0
SMB_EU_005092,0.0,0.0,0.0,0.0,0.0,0.0,0.0,1.0,0.0,60.0,4028.14,-0.33,22.0,183.1,3.0,11.0,0.0,1.0,0.0,0.246,0
SMB_EU_005093,1.0,0.0,0.0,0.0,0.0,0.0,1.0,0.0,0.0,11.0,19431.94,2.75,140.0,138.8,2.0,11.0,0.0,0.0,1.0,0.173,0
SMB_EU_005094,0.0,0.0,0.0,0.0,0.0,0.0,0.0,0.0,0.0,60.0,23400.18,31.17,79.0,296.2,4.0,7.0,2.0,1.0,1.0,0.076,0
SMB_EU_005095,0.0,0.0,0.0,0.0,0.0,0.0,0.0,0.0,0.0,10.0,10212.22,-60.17,37.0,276.01,2.0,6.0,1.0,0.0,0.0,0.162,0
SMB_EU_005096,0.0,0.0,0.0,1.0,0.0,0.0,0.0,0.0,0.0,44.0,19367.82,-16.31,99.0,195.63,3.0,11.0,1.0,1.0,2.0,0.074,0
SMB_EU_005097,0.0,0.0,0.0,0.0,1.0,0.0,0.0,1.0,0.0,17.0,10694.34,-11.88,122.0,87.66,2.0,9.0,1.0,0.0,0.0,0.042,0
SMB_EU_005098,0.0,1.0,0.0,0.0,0.0,0.0,0.0,1.0,0.0,86.0,2166.59,-24.15,19.0,114.03,1.0,10.0,0.0,0.0,1.0,0.103,0
SMB_EU_005099,0.0,0.0,0.0,1.0,0.0,0.0,0.0,1.0,0.0,22.0,2706.81,3.02,10.0,270.68,1.0,15.0,0.0,0.0,3.0,0.143,0
SMB_EU_005100,0.0,0.0,0.0,0.0,0.0,0.0,0.0,0.0,1.0,9.0,8939.89,11.86,31.0,288.38,1.0,10.0,0.0,0.0,1.0,0.118,0
SMB_EU_005101,0.0,0.0,0.0,1.0,0.0,0.0,0.0,0.0,0.0,37.0,15323.86,18.12,133.0,115.22,1.0,11.0,0.0,0.0,1.0,0.132,0
SMB_EU_005102,0.0,0.0,1.0,0.0,0.0,0.0,0.0,1.0,0.0,18.0,4845.83,-8.69,20.0,242.29,2.0,17.0,1.0,0.0,1.0,0.051,0
SMB_EU_005103,0.0,0.0,1.0,0.0,0.0,0.0,0.0,1.0,0.0,39.0,4149.43,21.25,19.0,218.39,1.0,11.0,1.0,0.0,0.0,0.108,0
SMB_EU_005104,0.0,1.0,0.0,0.0,0.0,0.0,0.0,0.0,0.0,60.0,12334.67,22.31,84.0,146.84,2.0,8.0,0.0,0.0,1.0,0.05,0
SMB_EU_005105,0.0,1.0,0.0,0.0,0.0,0.0,0.0,1.0,0.0,45.0,6296.49,-3.75,36.0,174.9,1.0,13.0,1.0,0.0,0.0,0.082,0
SMB_EU_005106,0.0,0.0,0.0,0.0,0.0,0.0,1.0,0.0,0.0,6.0,15796.8,-0.1,69.0,228.94,2.0,9.0,5.0,1.0,1.0,0.1,0
SMB_EU_005107,0.0,1.0,0.0,0.0,0.0,0.0,0.0,1.0,0.0,10.0,3746.67,-7.42,37.0,101.26,4.0,12.0,1.0,0.0,1.0,0.084,0
SMB_EU_005108,0.0,0.0,0.0,0.0,0.0,0.0,0.0,0.0,0.0,31.0,64786.02,-4.58,533.0,121.55,2.0,14.0,1.0,0.0,1.0,0.058,0
SMB_EU_005109,1.0,0.0,0.0,0.0,0.0,0.0,0.0,0.0,0.0,34.0,48640.92,-65.91,557.0,87.33,1.0,6.0,2.0,1.0,2.0,0.055,1
SMB_EU_005110,0.0,0.0,0.0,0.0,1.0,1.0,0.0,0.0,0.0,8.0,13320.62,-19.12,48.0,277.51,1.0,7.0,1.0,0.0,2.0,0.146,1
SMB_EU_005111,0.0,0.0,0.0,0.0,1.0,1.0,0.0,0.0,0.0,11.0,8716.78,-30.75,42.0,207.54,3.0,8.0,2.0,2.0,0.0,0.106,1
SMB_EU_005112,0.0,0.0,0.0,0.0,1.0,0.0,1.0,0.0,0.0,63.0,26688.54,-37.25,137.0,194.81,1.0,9.0,0.0,1.0,0.0,0.136,0
SMB_EU_005113,0.0,0.0,1.0,0.0,0.0,0.0,1.0,0.0,0.0,15.0,6721.91,-0.69,29.0,231.79,2.0,10.0,1.0,0.0,1.0,0.039,0
SMB_EU_005114,1.0,0.0,0.0,0.0,0.0,0.0,0.0,0.0,0.0,42.0,9101.94,19.5,31.0,293.61,3.0,8.0,0.0,1.0,1.0,0.187,0
SMB_EU_005115,0.0,1.0,0.0,0.0,0.0,1.0,0.0,0.0,0.0,54.0,4376.18,-8.18,37.0,118.28,1.0,10.0,0.0,1.0,0.0,0.078,0
SMB_EU_005116,0.0,0.0,1.0,0.0,0.0,0.0,0.0,1.0,0.0,15.0,2739.22,6.42,25.0,109.57,2.0,10.0,2.0,0.0,0.0,0.146,0
SMB_EU_005117,0.0,0.0,0.0,1.0,0.0,0.0,0.0,0.0,1.0,24.0,9682.36,-1.21,67.0,144.51,1.0,9.0,1.0,1.0,0.0,0.19,0
SMB_EU_005118,0.0,0.0,0.0,1.0,0.0,0.0,0.0,0.0,0.0,42.0,17956.43,14.18,64.0,280.57,1.0,7.0,3.0,1.0,2.0,0.057,0
SMB_EU_005119,1.0,0.0,0.0,0.0,0.0,0.0,0.0,1.0,0.0,6.0,5640.33,5.63,33.0,170.92,1.0,7.0,1.0,0.0,1.0,0.052,0
SMB_EU_005120,0.0,1.0,0.0,0.0,0.0,0.0,0.0,0.0,0.0,21.0,14888.53,12.45,58.0,256.7,2.0,9.0,1.0,0.0,0.0,0.027,0
SMB_EU_005121,0.0,1.0,0.0,0.0,0.0,0.0,0.0,1.0,0.0,58.0,5415.85,-8.26,43.0,125.95,3.0,16.0,0.0,2.0,0.0,0.071,0
SMB_EU_005122,0.0,0.0,0.0,0.0,1.0,0.0,1.0,0.0,0.0,33.0,22674.38,-15.21,120.0,188.95,2.0,9.0,0.0,0.0,2.0,0.131,0
SMB_EU_005123,0.0,0.0,0.0,0.0,0.0,0.0,0.0,0.0,0.0,33.0,21760.17,5.51,201.0,108.26,2.0,10.0,2.0,1.0,2.0,0.256,1
SMB_EU_005124,0.0,0.0,0.0,1.0,0.0,1.0,0.0,0.0,0.0,49.0,10436.04,-7.32,61.0,171.08,1.0,8.0,0.0,0.0,1.0,0.183,0
SMB_EU_005125,0.0,0.0,0.0,0.0,1.0,0.0,1.0,0.0,0.0,16.0,8970.27,-55.12,65.0,138.0,1.0,7.0,0.0,0.0,0.0,0.077,0
SMB_EU_005126,0.0,0.0,1.0,0.0,0.0,0.0,0.0,1.0,0.0,11.0,1896.64,4.76,9.0,210.74,2.0,14.0,1.0,1.0,2.0,0.118,0
SMB_EU_005127,0.0,0.0,1.0,0.0,0.0,0.0,0.0,1.0,0.0,32.0,1683.89,18.63,7.0,240.56,4.0,9.0,0.0,0.0,1.0,0.093,0
SMB_EU_005128,0.0,1.0,0.0,0.0,0.0,0.0,0.0,0.0,0.0,17.0,52338.71,11.8,183.0,286.0,1.0,12.0,0.0,1.0,1.0,0.132,0
SMB_EU_005129,0.0,1.0,0.0,0.0,0.0,0.0,0.0,0.0,0.0,17.0,10902.12,-36.65,77.0,141.59,2.0,7.0,1.0,0.0,0.0,0.082,0
SMB_EU_005130,0.0,0.0,0.0,0.0,1.0,0.0,0.0,1.0,0.0,10.0,3453.5,-17.18,14.0,246.68,4.0,10.0,1.0,0.0,4.0,0.149,0
SMB_EU_005131,0.0,0.0,1.0,0.0,0.0,0.0,0.0,1.0,0.0,36.0,5794.08,25.61,21.0,275.91,2.0,9.0,0.0,1.0,0.0,0.106,0
SMB_EU_005132,0.0,0.0,0.0,1.0,0.0,0.0,0.0,0.0,0.0,22.0,20869.57,-23.74,194.0,107.58,3.0,16.0,0.0,0.0,3.0,0.056,0
SMB_EU_005133,0.0,0.0,0.0,0.0,0.0,0.0,0.0,0.0,0.0,11.0,22514.68,-6.79,108.0,208.47,2.0,12.0,0.0,0.0,1.0,0.103,0
SMB_EU_005134,0.0,0.0,0.0,0.0,0.0,1.0,0.0,0.0,0.0,51.0,17398.96,9.68,81.0,214.8,1.0,11.0,0.0,1.0,1.0,0.028,0
SMB_EU_005135,0.0,0.0,0.0,0.0,1.0,1.0,0.0,0.0,0.0,20.0,14764.14,24.58,106.0,139.28,1.0,7.0,1.0,0.0,1.0,0.032,0
SMB_EU_005136,0.0,1.0,0.0,0.0,0.0,0.0,1.0,0.0,0.0,37.0,4917.9,-2.84,58.0,84.79,1.0,7.0,2.0,1.0,1.0,0.045,0
SMB_EU_005137,0.0,0.0,1.0,0.0,0.0,0.0,0.0,0.0,0.0,73.0,26823.84,0.41,197.0,136.16,1.0,8.0,1.0,2.0,1.0,0.073,0
SMB_EU_005138,0.0,0.0,0.0,0.0,0.0,0.0,0.0,1.0,0.0,50.0,3970.86,-13.13,19.0,208.99,3.0,10.0,1.0,0.0,2.0,0.063,0
SMB_EU_005139,0.0,0.0,1.0,0.0,0.0,1.0,0.0,0.0,0.0,68.0,5524.84,1.9,45.0,122.77,2.0,11.0,0.0,0.0,1.0,0.036,0
SMB_EU_005140,0.0,0.0,0.0,0.0,1.0,0.0,0.0,0.0,1.0,49.0,4668.47,-17.25,33.0,141.47,3.0,9.0,1.0,0.0,0.0,0.178,0
SMB_EU_005141,0.0,0.0,1.0,0.0,0.0,0.0,0.0,1.0,0.0,21.0,1810.48,-45.02,8.0,226.31,1.0,8.0,1.0,1.0,2.0,0.091,1
SMB_EU_005142,0.0,0.0,0.0,0.0,0.0,0.0,0.0,0.0,1.0,13.0,8831.17,11.46,53.0,166.63,3.0,4.0,0.0,0.0,3.0,0.08,0
SMB_EU_005143,0.0,0.0,1.0,0.0,0.0,0.0,1.0,0.0,0.0,20.0,4507.99,-43.64,48.0,93.92,1.0,12.0,0.0,1.0,1.0,0.069,1
SMB_EU_005144,1.0,0.0,0.0,0.0,0.0,0.0,0.0,1.0,0.0,21.0,8724.42,13.76,52.0,167.78,1.0,13.0,1.0,0.0,3.0,0.033,0
SMB_EU_005145,0.0,1.0,0.0,0.0,0.0,0.0,1.0,0.0,0.0,59.0,6758.46,-2.3,23.0,293.85,2.0,11.0,1.0,0.0,1.0,0.051,0
SMB_EU_005146,0.0,0.0,0.0,0.0,1.0,1.0,0.0,0.0,0.0,18.0,7220.42,-20.53,53.0,136.23,4.0,10.0,0.0,1.0,0.0,0.111,0
SMB_EU_005147,0.0,0.0,1.0,0.0,0.0,0.0,0.0,0.0,0.0,8.0,34075.06,17.53,246.0,138.52,2.0,10.0,0.0,0.0,1.0,0.188,0
SMB_EU_005148,0.0,0.0,0.0,0.0,1.0,0.0,0.0,0.0,0.0,30.0,6152.59,-19.73,52.0,118.32,2.0,9.0,0.0,1.0,2.0,0.031,0
SMB_EU_005149,0.0,0.0,1.0,0.0,0.0,0.0,0.0,1.0,0.0,27.0,3237.07,-9.03,23.0,140.74,2.0,12.0,1.0,0.0,3.0,0.2,0
SMB_EU_005150,0.0,0.0,0.0,0.0,0.0,0.0,0.0,1.0,0.0,14.0,5573.19,-42.04,27.0,206.41,2.0,12.0,0.0,2.0,2.0,0.117,1
SMB_EU_005151,0.0,1.0,0.0,0.0,0.0,0.0,1.0,0.0,0.0,19.0,9649.99,15.09,33.0,292.42,1.0,10.0,1.0,1.0,2.0,0.103,0
SMB_EU_005152,0.0,0.0,0.0,0.0,0.0,1.0,0.0,0.0,0.0,69.0,11633.14,-7.9,54.0,215.43,2.0,8.0,1.0,0.0,2.0,0.108,0
SMB_EU_005153,0.0,0.0,0.0,0.0,1.0,0.0,0.0,0.0,0.0,36.0,25237.78,-13.9,148.0,170.53,2.0,9.0,1.0,1.0,1.0,0.03,0
SMB_EU_005154,1.0,0.0,0.0,0.0,0.0,0.0,0.0,0.0,0.0,20.0,15898.27,2.44,96.0,165.61,3.0,10.0,0.0,0.0,0.0,0.051,0
SMB_EU_005155,0.0,0.0,1.0,0.0,0.0,0.0,0.0,1.0,0.0,14.0,5998.33,-3.21,70.0,85.69,1.0,13.0,0.0,0.0,0.0,0.062,0
SMB_EU_005156,0.0,1.0,0.0,0.0,0.0,0.0,0.0,0.0,0.0,93.0,18296.24,-7.01,227.0,80.6,2.0,6.0,1.0,0.0,3.0,0.073,0
SMB_EU_005157,0.0,0.0,0.0,0.0,0.0,0.0,0.0,0.0,1.0,78.0,3726.23,3.25,15.0,248.42,3.0,10.0,0.0,0.0,0.0,0.071,0
SMB_EU_005158,1.0,0.0,0.0,0.0,0.0,0.0,1.0,0.0,0.0,47.0,7283.53,-18.05,39.0,186.76,2.0,5.0,1.0,0.0,0.0,0.094,0
SMB_EU_005159,0.0,0.0,0.0,1.0,0.0,1.0,0.0,0.0,0.0,22.0,6964.62,-25.83,80.0,87.06,2.0,10.0,2.0,1.0,2.0,0.089,0
SMB_EU_005160,0.0,1.0,0.0,0.0,0.0,1.0,0.0,0.0,0.0,13.0,7900.22,32.08,55.0,143.64,3.0,7.0,0.0,0.0,3.0,0.046,0
SMB_EU_005161,0.0,0.0,1.0,0.0,0.0,0.0,0.0,0.0,0.0,14.0,8614.37,1.56,54.0,159.53,2.0,6.0,0.0,0.0,1.0,0.258,0
SMB_EU_005162,0.0,0.0,0.0,0.0,0.0,0.0,0.0,0.0,0.0,22.0,7006.03,2.61,28.0,250.22,1.0,14.0,1.0,2.0,1.0,0.15,0
SMB_EU_005163,0.0,1.0,0.0,0.0,0.0,0.0,0.0,1.0,0.0,18.0,4343.66,-11.73,25.0,173.75,3.0,12.0,0.0,1.0,1.0,0.116,0
SMB_EU_005164,0.0,0.0,0.0,1.0,0.0,0.0,0.0,1.0,0.0,25.0,16278.7,13.47,64.0,254.35,4.0,9.0,2.0,0.0,2.0,0.084,0
SMB_EU_005165,0.0,0.0,0.0,0.0,0.0,0.0,0.0,0.0,0.0,25.0,9175.18,-8.0,42.0,218.46,1.0,10.0,0.0,0.0,2.0,0.042,0
SMB_EU_005166,0.0,0.0,0.0,0.0,1.0,0.0,0.0,0.0,0.0,11.0,30338.18,-41.79,348.0,87.18,4.0,7.0,1.0,0.0,0.0,0.097,0
SMB_EU_005167,0.0,0.0,0.0,0.0,0.0,0.0,1.0,0.0,0.0,12.0,20703.14,-8.51,71.0,291.59,2.0,12.0,0.0,0.0,0.0,0.153,0
SMB_EU_005168,0.0,0.0,0.0,0.0,0.0,0.0,1.0,0.0,0.0,20.0,8221.24,-38.67,69.0,119.15,2.0,17.0,0.0,0.0,2.0,0.067,0
SMB_EU_005169,0.0,0.0,0.0,0.0,0.0,0.0,0.0,0.0,0.0,24.0,9975.59,-2.55,71.0,140.5,4.0,8.0,0.0,0.0,0.0,0.118,0
SMB_EU_005170,1.0,0.0,0.0,0.0,0.0,0.0,1.0,0.0,0.0,65.0,10882.25,-2.99,42.0,259.1,4.0,12.0,0.0,0.0,1.0,0.106,0
SMB_EU_005171,0.0,0.0,0.0,1.0,0.0,0.0,0.0,1.0,0.0,32.0,5620.56,-9.67,46.0,122.19,1.0,11.0,0.0,1.0,1.0,0.064,0
SMB_EU_005172,0.0,0.0,1.0,0.0,0.0,0.0,0.0,1.0,0.0,31.0,2986.12,-67.62,18.0,165.9,2.0,5.0,1.0,0.0,1.0,0.141,1
SMB_EU_005173,0.0,0.0,0.0,0.0,0.0,0.0,0.0,0.0,1.0,33.0,6061.41,-4.47,22.0,275.52,3.0,9.0,0.0,0.0,0.0,0.123,0
SMB_EU_005174,0.0,0.0,0.0,0.0,0.0,1.0,0.0,0.0,0.0,55.0,7876.69,-24.68,36.0,218.8,2.0,16.0,1.0,0.0,0.0,0.086,0
SMB_EU_005175,0.0,0.0,0.0,1.0,0.0,0.0,0.0,0.0,1.0,120.0,15757.06,-29.36,108.0,145.9,1.0,10.0,0.0,1.0,3.0,0.108,0
SMB_EU_005176,1.0,0.0,0.0,0.0,0.0,1.0,0.0,0.0,0.0,17.0,4943.56,-44.87,22.0,224.71,4.0,11.0,1.0,0.0,4.0,0.111,1
SMB_EU_005177,0.0,0.0,0.0,0.0,1.0,1.0,0.0,0.0,0.0,88.0,5756.21,-32.66,22.0,261.65,1.0,10.0,1.0,1.0,1.0,0.081,0
SMB_EU_005178,0.0,0.0,0.0,0.0,0.0,0.0,0.0,0.0,1.0,7.0,13442.32,13.19,80.0,168.03,2.0,15.0,0.0,0.0,1.0,0.093,0
SMB_EU_005179,0.0,0.0,0.0,1.0,0.0,1.0,0.0,0.0,0.0,21.0,5410.1,-3.83,26.0,208.08,2.0,3.0,2.0,0.0,0.0,0.117,0
SMB_EU_005180,0.0,0.0,0.0,0.0,1.0,0.0,1.0,0.0,0.0,10.0,6684.86,-17.9,22.0,303.86,2.0,8.0,1.0,0.0,1.0,0.041,0
SMB_EU_005181,0.0,1.0,0.0,0.0,0.0,0.0,0.0,1.0,0.0,41.0,3177.94,-29.09,11.0,288.9,1.0,14.0,1.0,0.0,0.0,0.094,0
SMB_EU_005182,1.0,0.0,0.0,0.0,0.0,0.0,0.0,0.0,1.0,49.0,5661.07,-13.35,29.0,195.21,1.0,6.0,1.0,0.0,0.0,0.038,0
SMB_EU_005183,0.0,0.0,0.0,0.0,0.0,0.0,0.0,1.0,0.0,8.0,24798.11,6.34,245.0,101.22,1.0,12.0,0.0,0.0,2.0,0.071,0
SMB_EU_005184,0.0,0.0,0.0,0.0,1.0,1.0,0.0,0.0,0.0,53.0,5333.66,21.62,23.0,231.9,3.0,13.0,2.0,0.0,0.0,0.036,0
SMB_EU_005185,1.0,0.0,0.0,0.0,0.0,1.0,0.0,0.0,0.0,33.0,13609.86,0.81,98.0,138.88,3.0,9.0,0.0,0.0,0.0,0.087,0
SMB_EU_005186,0.0,0.0,0.0,0.0,1.0,0.0,0.0,0.0,1.0,45.0,24720.2,-18.2,109.0,226.79,3.0,12.0,0.0,0.0,2.0,0.195,0
SMB_EU_005187,0.0,0.0,1.0,0.0,0.0,0.0,1.0,0.0,0.0,58.0,7165.6,-47.51,46.0,155.77,3.0,12.0,3.0,0.0,2.0,0.09,0
SMB_EU_005188,0.0,1.0,0.0,0.0,0.0,1.0,0.0,0.0,0.0,42.0,7484.37,-12.73,31.0,241.43,1.0,14.0,0.0,0.0,2.0,0.064,0
SMB_EU_005189,0.0,0.0,0.0,0.0,1.0,0.0,0.0,0.0,0.0,7.0,15951.25,-46.21,99.0,161.12,4.0,7.0,1.0,0.0,1.0,0.082,1
SMB_EU_005190,0.0,1.0,0.0,0.0,0.0,1.0,0.0,0.0,0.0,19.0,2280.63,16.81,8.0,285.08,1.0,8.0,2.0,0.0,2.0,0.056,0
SMB_EU_005191,0.0,1.0,0.0,0.0,0.0,1.0,0.0,0.0,0.0,8.0,2364.52,17.98,21.0,112.6,2.0,6.0,0.0,0.0,1.0,0.044,0
SMB_EU_005192,1.0,0.0,0.0,0.0,0.0,0.0,1.0,0.0,0.0,4.0,8237.94,-2.58,87.0,94.69,3.0,9.0,3.0,1.0,2.0,0.174,0
SMB_EU_005193,1.0,0.0,0.0,0.0,0.0,0.0,1.0,0.0,0.0,10.0,6199.65,-18.6,25.0,247.99,1.0,9.0,2.0,0.0,1.0,0.155,1
SMB_EU_005194,0.0,0.0,0.0,0.0,1.0,1.0,0.0,0.0,0.0,20.0,18666.07,-11.96,111.0,168.16,1.0,8.0,1.0,0.0,2.0,0.129,0
SMB_EU_005195,0.0,0.0,0.0,0.0,0.0,0.0,1.0,0.0,0.0,84.0,6941.36,-82.71,38.0,182.67,4.0,7.0,2.0,1.0,2.0,0.004,1
SMB_EU_005196,1.0,0.0,0.0,0.0,0.0,0.0,0.0,0.0,0.0,25.0,48356.84,26.83,169.0,286.14,1.0,12.0,0.0,0.0,1.0,0.101,0
SMB_EU_005197,1.0,0.0,0.0,0.0,0.0,0.0,0.0,1.0,0.0,33.0,3756.93,-34.84,18.0,208.72,3.0,16.0,2.0,0.0,1.0,0.089,0
SMB_EU_005198,0.0,0.0,0.0,0.0,0.0,0.0,0.0,0.0,0.0,17.0,47246.12,-27.54,210.0,224.98,3.0,13.0,0.0,0.0,1.0,0.022,0
SMB_EU_005199,0.0,1.0,0.0,0.0,0.0,0.0,0.0,0.0,0.0,22.0,20326.08,26.95,241.0,84.34,4.0,6.0,0.0,0.0,0.0,0.101,0
SMB_EU_005200,0.0,1.0,0.0,0.0,0.0,0.0,0.0,0.0,1.0,27.0,12618.95,0.25,55.0,229.44,1.0,10.0,0.0,0.0,2.0,0.109,0
SMB_EU_005201,0.0,1.0,0.0,0.0,0.0,0.0,1.0,0.0,0.0,21.0,5884.86,-16.89,36.0,163.47,1.0,11.0,1.0,0.0,2.0,0.01,0
SMB_EU_005202,0.0,0.0,0.0,0.0,1.0,0.0,0.0,0.0,0.0,38.0,21204.23,10.24,117.0,181.23,3.0,4.0,0.0,0.0,1.0,0.064,1
SMB_EU_005203,0.0,0.0,1.0,0.0,0.0,1.0,0.0,0.0,0.0,16.0,16566.58,11.6,64.0,258.85,1.0,11.0,2.0,0.0,2.0,0.2,0
SMB_EU_005204,1.0,0.0,0.0,0.0,0.0,0.0,0.0,1.0,0.0,7.0,4583.86,-19.99,23.0,199.3,2.0,10.0,1.0,0.0,0.0,0.176,0
SMB_EU_005205,0.0,0.0,0.0,0.0,1.0,0.0,0.0,0.0,1.0,6.0,7341.82,-36.93,25.0,293.67,2.0,6.0,2.0,0.0,1.0,0.114,1
SMB_EU_005206,0.0,1.0,0.0,0.0,0.0,0.0,0.0,0.0,1.0,47.0,7761.43,13.14,30.0,258.71,2.0,7.0,0.0,2.0,1.0,0.036,0
SMB_EU_005207,1.0,0.0,0.0,0.0,0.0,0.0,0.0,1.0,0.0,2.0,13217.01,-60.16,55.0,240.31,2.0,10.0,1.0,0.0,0.0,0.095,1
SMB_EU_005208,0.0,0.0,0.0,1.0,0.0,0.0,1.0,0.0,0.0,22.0,13365.17,4.23,64.0,208.83,3.0,16.0,0.0,1.0,0.0,0.115,0
SMB_EU_005209,0.0,0.0,0.0,0.0,1.0,0.0,1.0,0.0,0.0,10.0,19068.72,-29.74,112.0,170.26,1.0,7.0,0.0,0.0,4.0,0.038,0
SMB_EU_005210,0.0,0.0,0.0,0.0,0.0,0.0,0.0,0.0,0.0,39.0,18105.65,-35.89,198.0,91.44,2.0,9.0,1.0,0.0,1.0,0.133,0
SMB_EU_005211,0.0,0.0,0.0,0.0,1.0,0.0,1.0,0.0,0.0,26.0,8190.98,-5.12,97.0,84.44,1.0,16.0,0.0,0.0,0.0,0.052,0
SMB_EU_005212,0.0,0.0,0.0,0.0,0.0,0.0,0.0,1.0,0.0,26.0,6448.22,3.92,71.0,90.82,1.0,12.0,0.0,0.0,1.0,0.029,0
SMB_EU_005213,0.0,1.0,0.0,0.0,0.0,1.0,0.0,0.0,0.0,28.0,11402.75,-26.88,39.0,292.38,1.0,11.0,0.0,1.0,2.0,0.108,1
SMB_EU_005214,1.0,0.0,0.0,0.0,0.0,0.0,1.0,0.0,0.0,27.0,6897.58,-61.04,46.0,149.95,2.0,4.0,1.0,1.0,2.0,0.032,1
SMB_EU_005215,0.0,1.0,0.0,0.0,0.0,0.0,0.0,1.0,0.0,7.0,11366.2,15.67,49.0,231.96,4.0,11.0,0.0,1.0,2.0,0.056,0
SMB_EU_005216,0.0,0.0,1.0,0.0,0.0,0.0,1.0,0.0,0.0,18.0,9963.61,-10.56,47.0,211.99,3.0,9.0,0.0,0.0,0.0,0.133,0
SMB_EU_005217,0.0,0.0,0.0,1.0,0.0,0.0,0.0,0.0,0.0,13.0,3540.55,-22.26,17.0,208.27,1.0,6.0,1.0,0.0,1.0,0.009,0
SMB_EU_005218,1.0,0.0,0.0,0.0,0.0,1.0,0.0,0.0,0.0,15.0,10194.57,16.96,49.0,208.05,3.0,10.0,1.0,0.0,2.0,0.045,0
SMB_EU_005219,0.0,1.0,0.0,0.0,0.0,0.0,0.0,0.0,0.0,28.0,6991.3,6.67,48.0,145.65,1.0,10.0,1.0,0.0,2.0,0.08,0
SMB_EU_005220,0.0,0.0,0.0,0.0,0.0,0.0,0.0,0.0,0.0,47.0,25117.22,-1.03,91.0,276.01,3.0,12.0,3.0,1.0,0.0,0.181,0
SMB_EU_005221,0.0,1.0,0.0,0.0,0.0,0.0,1.0,0.0,0.0,46.0,13740.56,-1.48,49.0,280.42,3.0,14.0,0.0,0.0,2.0,0.03,0
SMB_EU_005222,0.0,0.0,0.0,1.0,0.0,0.0,0.0,0.0,0.0,31.0,18283.26,15.42,82.0,222.97,1.0,15.0,0.0,1.0,2.0,0.067,0
SMB_EU_005223,0.0,0.0,0.0,0.0,0.0,0.0,0.0,1.0,0.0,19.0,6928.52,4.42,26.0,266.48,1.0,17.0,1.0,0.0,1.0,0.093,0
SMB_EU_005224,0.0,1.0,0.0,0.0,0.0,0.0,0.0,0.0,1.0,26.0,17401.34,9.68,187.0,93.06,1.0,6.0,1.0,1.0,1.0,0.219,0
SMB_EU_005225,0.0,1.0,0.0,0.0,0.0,0.0,0.0,0.0,0.0,42.0,11141.46,-37.01,109.0,102.22,1.0,5.0,1.0,0.0,0.0,0.076,1
SMB_EU_005226,0.0,0.0,0.0,0.0,0.0,0.0,0.0,0.0,0.0,15.0,24145.74,-70.23,119.0,202.91,2.0,12.0,3.0,0.0,1.0,0.149,1
SMB_EU_005227,0.0,0.0,1.0,0.0,0.0,0.0,0.0,1.0,0.0,25.0,10046.78,9.33,38.0,264.39,1.0,11.0,0.0,1.0,2.0,0.068,0
SMB_EU_005228,0.0,0.0,0.0,0.0,1.0,0.0,0.0,0.0,1.0,17.0,25874.92,16.51,173.0,149.57,1.0,14.0,0.0,0.0,0.0,0.119,0
SMB_EU_005229,0.0,0.0,0.0,0.0,0.0,0.0,0.0,0.0,0.0,14.0,7725.93,-3.37,39.0,198.1,2.0,6.0,0.0,1.0,2.0,0.053,0
SMB_EU_005230,0.0,0.0,1.0,0.0,0.0,0.0,0.0,0.0,0.0,24.0,19166.42,13.32,233.0,82.26,4.0,9.0,1.0,0.0,2.0,0.07,0
SMB_EU_005231,0.0,0.0,1.0,0.0,0.0,0.0,0.0,1.0,0.0,19.0,2808.2,-5.03,9.0,312.02,2.0,9.0,1.0,1.0,0.0,0.158,0
SMB_EU_005232,0.0,1.0,0.0,0.0,0.0,1.0,0.0,0.0,0.0,31.0,3285.13,-1.36,13.0,252.7,2.0,9.0,2.0,2.0,3.0,0.05,0
SMB_EU_005233,1.0,0.0,0.0,0.0,0.0,0.0,1.0,0.0,0.0,19.0,9923.03,2.94,62.0,160.05,1.0,7.0,2.0,1.0,0.0,0.071,0
SMB_EU_005234,0.0,1.0,0.0,0.0,0.0,1.0,0.0,0.0,0.0,23.0,6285.42,-4.37,21.0,299.31,2.0,7.0,1.0,1.0,0.0,0.074,0
SMB_EU_005235,0.0,0.0,0.0,1.0,0.0,0.0,1.0,0.0,0.0,7.0,15901.96,-5.26,158.0,100.65,1.0,14.0,0.0,0.0,1.0,0.027,0
SMB_EU_005236,0.0,0.0,0.0,0.0,0.0,0.0,0.0,0.0,0.0,43.0,12186.69,-28.05,67.0,181.89,4.0,13.0,1.0,1.0,1.0,0.173,0
SMB_EU_005237,0.0,0.0,1.0,0.0,0.0,0.0,0.0,0.0,0.0,44.0,13840.78,10.35,149.0,92.89,1.0,9.0,1.0,0.0,1.0,0.025,0
SMB_EU_005238,0.0,0.0,1.0,0.0,0.0,0.0,0.0,1.0,0.0,13.0,5676.53,-62.84,37.0,153.42,1.0,10.0,0.0,0.0,1.0,0.186,1
SMB_EU_005239,0.0,0.0,0.0,0.0,0.0,0.0,0.0,0.0,0.0,14.0,8943.73,2.21,70.0,127.77,1.0,13.0,1.0,1.0,0.0,0.056,1
SMB_EU_005240,0.0,1.0,0.0,0.0,0.0,0.0,0.0,0.0,0.0,29.0,9720.22,-4.73,65.0,149.54,3.0,13.0,1.0,2.0,0.0,0.17,0
SMB_EU_005241,0.0,0.0,0.0,0.0,1.0,0.0,1.0,0.0,0.0,17.0,15628.57,-6.69,54.0,289.42,2.0,14.0,0.0,1.0,1.0,0.073,0
SMB_EU_005242,0.0,0.0,0.0,1.0,0.0,0.0,0.0,1.0,0.0,31.0,3596.87,-1.77,21.0,171.28,3.0,6.0,1.0,1.0,1.0,0.059,0
SMB_EU_005243,0.0,0.0,0.0,1.0,0.0,0.0,1.0,0.0,0.0,61.0,16263.57,-40.07,107.0,152.0,3.0,14.0,0.0,0.0,1.0,0.131,0
SMB_EU_005244,0.0,0.0,0.0,0.0,1.0,0.0,0.0,0.0,0.0,13.0,21594.48,17.64,98.0,220.35,4.0,17.0,2.0,1.0,4.0,0.03,0
SMB_EU_005245,1.0,0.0,0.0,0.0,0.0,0.0,1.0,0.0,0.0,45.0,3161.11,22.8,14.0,225.79,1.0,12.0,1.0,0.0,2.0,0.074,0
SMB_EU_005246,0.0,0.0,1.0,0.0,0.0,0.0,0.0,1.0,0.0,11.0,6873.44,9.76,23.0,298.85,1.0,8.0,0.0,0.0,2.0,0.174,0
SMB_EU_005247,1.0,0.0,0.0,0.0,0.0,0.0,0.0,0.0,0.0,15.0,20522.83,19.07,103.0,199.25,3.0,17.0,2.0,0.0,1.0,0.073,0
SMB_EU_005248,0.0,0.0,0.0,0.0,1.0,0.0,0.0,0.0,0.0,29.0,19332.88,12.81,79.0,244.72,2.0,11.0,1.0,1.0,1.0,0.035,0
SMB_EU_005249,0.0,0.0,0.0,1.0,0.0,0.0,0.0,0.0,0.0,38.0,13775.95,7.42,84.0,164.0,3.0,9.0,1.0,0.0,3.0,0.025,0
SMB_EU_005250,0.0,0.0,0.0,1.0,0.0,0.0,0.0,1.0,0.0,60.0,2844.53,21.83,24.0,118.52,2.0,9.0,0.0,0.0,0.0,0.03,0
SMB_EU_005251,0.0,1.0,0.0,0.0,0.0,1.0,0.0,0.0,0.0,74.0,13456.83,-19.63,77.0,174.76,2.0,8.0,3.0,1.0,0.0,0.208,1
SMB_EU_005252,0.0,0.0,0.0,0.0,1.0,0.0,0.0,1.0,0.0,20.0,4704.36,-10.27,27.0,174.24,4.0,5.0,2.0,0.0,1.0,0.142,0
SMB_EU_005253,0.0,0.0,1.0,0.0,0.0,0.0,0.0,1.0,0.0,25.0,2942.9,-12.31,17.0,173.11,4.0,12.0,0.0,0.0,0.0,0.174,0
SMB_EU_005254,0.0,0.0,0.0,0.0,0.0,0.0,0.0,0.0,1.0,32.0,11842.63,-4.52,51.0,232.21,1.0,10.0,2.0,0.0,2.0,0.103,1
SMB_EU_005255,0.0,0.0,0.0,0.0,1.0,0.0,0.0,0.0,0.0,24.0,9605.95,10.29,57.0,168.53,2.0,10.0,1.0,0.0,0.0,0.092,0
SMB_EU_005256,0.0,0.0,0.0,1.0,0.0,0.0,0.0,0.0,1.0,20.0,5092.52,-16.73,18.0,282.92,2.0,14.0,1.0,0.0,3.0,0.045,1
SMB_EU_005257,0.0,0.0,0.0,0.0,0.0,0.0,1.0,0.0,0.0,17.0,6386.32,7.54,22.0,290.29,2.0,11.0,3.0,0.0,1.0,0.131,0
SMB_EU_005258,0.0,0.0,1.0,0.0,0.0,0.0,0.0,0.0,0.0,38.0,10062.46,-8.81,52.0,193.51,1.0,6.0,2.0,0.0,0.0,0.082,0
SMB_EU_005259,0.0,1.0,0.0,0.0,0.0,0.0,0.0,1.0,0.0,61.0,2892.42,-31.55,14.0,206.6,2.0,4.0,0.0,0.0,2.0,0.039,0
SMB_EU_005260,0.0,0.0,0.0,0.0,1.0,0.0,0.0,0.0,0.0,7.0,24334.55,3.01,143.0,170.17,4.0,11.0,0.0,0.0,2.0,0.124,0
SMB_EU_005261,0.0,0.0,0.0,0.0,0.0,0.0,0.0,0.0,0.0,21.0,14009.75,25.22,89.0,157.41,1.0,7.0,1.0,1.0,1.0,0.148,0
SMB_EU_005262,1.0,0.0,0.0,0.0,0.0,0.0,0.0,0.0,0.0,7.0,31798.47,-10.69,107.0,297.18,3.0,13.0,0.0,0.0,1.0,0.185,0
SMB_EU_005263,0.0,0.0,1.0,0.0,0.0,1.0,0.0,0.0,0.0,37.0,3593.24,-1.2,40.0,89.83,1.0,13.0,2.0,1.0,0.0,0.096,0
SMB_EU_005264,0.0,0.0,0.0,0.0,0.0,0.0,0.0,0.0,0.0,14.0,5320.21,-16.17,31.0,171.62,2.0,10.0,0.0,0.0,1.0,0.134,0
SMB_EU_005265,0.0,0.0,0.0,0.0,1.0,0.0,0.0,1.0,0.0,55.0,5466.84,-10.83,48.0,113.89,2.0,9.0,1.0,2.0,1.0,0.286,0
SMB_EU_005266,0.0,0.0,0.0,1.0,0.0,0.0,0.0,1.0,0.0,23.0,15226.32,-16.31,64.0,237.91,1.0,10.0,1.0,0.0,3.0,0.033,0
SMB_EU_005267,0.0,1.0,0.0,0.0,0.0,1.0,0.0,0.0,0.0,37.0,8251.14,3.67,67.0,123.15,4.0,7.0,0.0,1.0,1.0,0.174,0
SMB_EU_005268,0.0,0.0,0.0,1.0,0.0,0.0,1.0,0.0,0.0,13.0,55073.36,-42.37,201.0,274.0,4.0,9.0,1.0,1.0,1.0,0.085,1
SMB_EU_005269,0.0,0.0,0.0,0.0,1.0,0.0,0.0,0.0,1.0,28.0,10984.22,-22.94,68.0,161.53,2.0,11.0,0.0,0.0,1.0,0.157,0
SMB_EU_005270,0.0,1.0,0.0,0.0,0.0,0.0,0.0,0.0,0.0,28.0,17277.09,-11.3,61.0,283.23,2.0,10.0,2.0,1.0,3.0,0.032,1
SMB_EU_005271,0.0,0.0,0.0,0.0,0.0,0.0,1.0,0.0,0.0,33.0,2195.09,7.62,7.0,313.58,2.0,6.0,3.0,0.0,2.0,0.083,0
SMB_EU_005272,0.0,0.0,0.0,0.0,0.0,0.0,1.0,0.0,0.0,16.0,10341.97,1.7,41.0,252.24,1.0,8.0,1.0,0.0,1.0,0.093,0
SMB_EU_005273,0.0,1.0,0.0,0.0,0.0,1.0,0.0,0.0,0.0,52.0,6638.99,-0.87,31.0,214.16,1.0,15.0,0.0,1.0,0.0,0.067,0
SMB_EU_005274,1.0,0.0,0.0,0.0,0.0,0.0,1.0,0.0,0.0,32.0,6265.06,-18.62,55.0,113.91,3.0,6.0,1.0,0.0,0.0,0.27,0
SMB_EU_005275,0.0,0.0,0.0,1.0,0.0,0.0,1.0,0.0,0.0,59.0,7369.68,2.3,26.0,283.45,2.0,3.0,0.0,1.0,0.0,0.07,0
SMB_EU_005276,0.0,1.0,0.0,0.0,0.0,0.0,0.0,0.0,0.0,8.0,14399.45,2.77,57.0,252.62,1.0,7.0,0.0,1.0,0.0,0.104,0
SMB_EU_005277,0.0,0.0,0.0,0.0,0.0,0.0,0.0,0.0,0.0,28.0,13464.99,1.53,94.0,143.24,4.0,11.0,1.0,0.0,2.0,0.032,0
SMB_EU_005278,0.0,1.0,0.0,0.0,0.0,1.0,0.0,0.0,0.0,22.0,21022.4,6.0,115.0,182.8,1.0,6.0,1.0,0.0,2.0,0.065,0
SMB_EU_005279,0.0,0.0,0.0,0.0,1.0,0.0,0.0,1.0,0.0,75.0,4002.51,10.42,42.0,95.3,1.0,8.0,1.0,1.0,1.0,0.078,0
SMB_EU_005280,0.0,1.0,0.0,0.0,0.0,0.0,0.0,1.0,0.0,39.0,5534.64,-41.05,25.0,221.39,3.0,13.0,0.0,0.0,1.0,0.095,0
SMB_EU_005281,0.0,0.0,0.0,0.0,1.0,0.0,0.0,0.0,0.0,25.0,11771.83,-3.25,109.0,108.0,2.0,13.0,1.0,0.0,2.0,0.066,0
SMB_EU_005282,0.0,0.0,0.0,1.0,0.0,0.0,1.0,0.0,0.0,37.0,12800.71,7.74,57.0,224.57,2.0,10.0,2.0,1.0,2.0,0.004,0
SMB_EU_005283,0.0,0.0,0.0,0.0,0.0,0.0,0.0,0.0,1.0,18.0,10006.98,-4.03,44.0,227.43,1.0,9.0,0.0,0.0,2.0,0.138,0
SMB_EU_005284,0.0,0.0,0.0,0.0,1.0,0.0,1.0,0.0,0.0,34.0,6763.19,14.39,45.0,150.29,4.0,12.0,1.0,0.0,1.0,0.042,0
SMB_EU_005285,0.0,0.0,0.0,1.0,0.0,0.0,0.0,1.0,0.0,102.0,1574.37,1.35,5.0,314.87,1.0,14.0,2.0,1.0,1.0,0.124,0
SMB_EU_005286,1.0,0.0,0.0,0.0,0.0,0.0,1.0,0.0,0.0,16.0,9257.43,-67.77,37.0,250.2,1.0,11.0,1.0,0.0,2.0,0.04,1
SMB_EU_005287,0.0,0.0,0.0,0.0,1.0,0.0,0.0,0.0,1.0,28.0,7474.36,12.59,39.0,191.65,1.0,2.0,2.0,0.0,2.0,0.268,1
SMB_EU_005288,0.0,0.0,0.0,0.0,0.0,0.0,0.0,0.0,0.0,14.0,14463.18,-1.76,51.0,283.59,2.0,11.0,0.0,1.0,1.0,0.152,0
SMB_EU_005289,0.0,0.0,0.0,0.0,0.0,0.0,0.0,0.0,0.0,12.0,7378.54,-26.55,28.0,263.52,3.0,12.0,1.0,0.0,2.0,0.088,0
SMB_EU_005290,1.0,0.0,0.0,0.0,0.0,0.0,0.0,1.0,0.0,46.0,11815.44,-3.78,51.0,231.68,1.0,11.0,0.0,0.0,2.0,0.189,0
SMB_EU_005291,0.0,1.0,0.0,0.0,0.0,1.0,0.0,0.0,0.0,10.0,10032.25,-48.44,88.0,114.0,1.0,10.0,0.0,0.0,0.0,0.081,1
SMB_EU_005292,0.0,0.0,0.0,0.0,0.0,0.0,0.0,0.0,0.0,34.0,35391.58,11.3,187.0,189.26,2.0,9.0,1.0,0.0,0.0,0.141,0
SMB_EU_005293,0.0,0.0,0.0,0.0,0.0,1.0,0.0,0.0,0.0,44.0,11940.63,-0.54,44.0,271.38,4.0,8.0,1.0,1.0,0.0,0.041,0
SMB_EU_005294,0.0,0.0,0.0,0.0,0.0,0.0,0.0,1.0,0.0,19.0,7133.69,-13.86,33.0,216.17,1.0,15.0,1.0,1.0,2.0,0.124,0
SMB_EU_005295,1.0,0.0,0.0,0.0,0.0,0.0,1.0,0.0,0.0,57.0,4031.23,-45.85,20.0,201.56,2.0,8.0,1.0,0.0,2.0,0.101,0
SMB_EU_005296,0.0,0.0,0.0,0.0,0.0,0.0,1.0,0.0,0.0,54.0,24178.74,6.88,83.0,291.31,3.0,11.0,1.0,0.0,5.0,0.065,0
SMB_EU_005297,0.0,0.0,0.0,1.0,0.0,0.0,0.0,0.0,0.0,19.0,8597.48,-3.54,103.0,83.47,3.0,11.0,2.0,0.0,0.0,0.216,0
SMB_EU_005298,0.0,0.0,1.0,0.0,0.0,0.0,1.0,0.0,0.0,8.0,6810.03,-18.68,82.0,83.05,3.0,12.0,1.0,2.0,2.0,0.129,1
SMB_EU_005299,0.0,0.0,0.0,1.0,0.0,1.0,0.0,0.0,0.0,36.0,9169.67,-12.64,33.0,277.87,1.0,11.0,0.0,1.0,1.0,0.048,1
SMB_EU_005300,0.0,0.0,0.0,0.0,0.0,0.0,1.0,0.0,0.0,24.0,12595.83,-47.32,142.0,88.7,2.0,15.0,1.0,0.0,1.0,0.111,0
SMB_EU_005301,1.0,0.0,0.0,0.0,0.0,0.0,0.0,0.0,0.0,29.0,21144.76,11.2,138.0,153.22,1.0,9.0,1.0,0.0,3.0,0.119,0
SMB_EU_005302,0.0,0.0,0.0,0.0,0.0,0.0,1.0,0.0,0.0,35.0,6291.93,-25.21,22.0,286.0,2.0,11.0,0.0,0.0,2.0,0.036,0
SMB_EU_005303,1.0,0.0,0.0,0.0,0.0,0.0,0.0,0.0,0.0,7.0,10421.71,-0.71,45.0,231.59,1.0,9.0,1.0,0.0,1.0,0.038,0
SMB_EU_005304,0.0,0.0,0.0,0.0,1.0,0.0,1.0,0.0,0.0,18.0,36604.13,-3.75,164.0,223.2,1.0,14.0,0.0,0.0,2.0,0.056,0
SMB_EU_005305,0.0,0.0,0.0,1.0,0.0,0.0,1.0,0.0,0.0,70.0,7813.5,-27.37,35.0,223.24,1.0,8.0,1.0,0.0,2.0,0.166,1
SMB_EU_005306,0.0,0.0,0.0,1.0,0.0,0.0,1.0,0.0,0.0,30.0,7259.99,3.49,48.0,151.25,4.0,12.0,3.0,0.0,0.0,0.034,0
SMB_EU_005307,0.0,0.0,0.0,1.0,0.0,0.0,0.0,0.0,1.0,37.0,5865.52,-49.91,30.0,195.52,3.0,11.0,1.0,1.0,0.0,0.077,0
SMB_EU_005308,0.0,1.0,0.0,0.0,0.0,0.0,1.0,0.0,0.0,28.0,9265.0,-7.88,42.0,220.6,1.0,15.0,0.0,1.0,2.0,0.097,0
SMB_EU_005309,0.0,0.0,0.0,0.0,1.0,0.0,0.0,1.0,0.0,36.0,5630.8,-18.46,38.0,148.18,1.0,8.0,2.0,0.0,1.0,0.002,0
SMB_EU_005310,0.0,0.0,0.0,0.0,1.0,0.0,1.0,0.0,0.0,53.0,7922.49,-4.88,31.0,255.56,1.0,5.0,0.0,0.0,0.0,0.034,0
SMB_EU_005311,0.0,1.0,0.0,0.0,0.0,0.0,1.0,0.0,0.0,4.0,10059.1,11.66,67.0,150.14,1.0,7.0,0.0,1.0,1.0,0.069,0
SMB_EU_005312,0.0,0.0,1.0,0.0,0.0,0.0,0.0,0.0,0.0,42.0,43214.35,11.62,451.0,95.82,3.0,13.0,0.0,1.0,2.0,0.06,0
SMB_EU_005313,0.0,0.0,0.0,0.0,1.0,0.0,0.0,0.0,0.0,24.0,10496.26,-6.46,84.0,124.96,3.0,10.0,1.0,0.0,2.0,0.084,0
SMB_EU_005314,0.0,0.0,0.0,0.0,1.0,0.0,0.0,0.0,1.0,47.0,9235.69,-48.66,54.0,171.03,3.0,9.0,2.0,1.0,1.0,0.12,1
SMB_EU_005315,0.0,0.0,0.0,1.0,0.0,0.0,0.0,0.0,1.0,19.0,6101.38,-50.18,22.0,277.34,4.0,10.0,0.0,1.0,0.0,0.143,0
SMB_EU_005316,0.0,0.0,0.0,1.0,0.0,0.0,0.0,1.0,0.0,19.0,5967.08,-2.05,35.0,170.49,2.0,7.0,3.0,0.0,1.0,0.091,0
SMB_EU_005317,0.0,1.0,0.0,0.0,0.0,1.0,0.0,0.0,0.0,9.0,4266.0,-24.45,43.0,99.21,3.0,12.0,0.0,0.0,2.0,0.108,0
SMB_EU_005318,0.0,0.0,0.0,0.0,1.0,0.0,0.0,0.0,0.0,25.0,10943.92,-35.43,89.0,122.97,3.0,9.0,2.0,1.0,1.0,0.085,0
SMB_EU_005319,0.0,0.0,0.0,0.0,0.0,0.0,0.0,0.0,0.0,9.0,6248.47,1.85,31.0,201.56,2.0,16.0,1.0,0.0,3.0,0.238,0
SMB_EU_005320,0.0,0.0,1.0,0.0,0.0,0.0,0.0,0.0,1.0,23.0,9543.89,9.21,80.0,119.3,4.0,6.0,0.0,0.0,2.0,0.121,0
SMB_EU_005321,0.0,1.0,0.0,0.0,0.0,1.0,0.0,0.0,0.0,29.0,7764.96,-11.71,83.0,93.55,4.0,11.0,1.0,0.0,0.0,0.139,0
SMB_EU_005322,0.0,1.0,0.0,0.0,0.0,1.0,0.0,0.0,0.0,15.0,18320.95,0.63,77.0,237.93,4.0,7.0,0.0,0.0,0.0,0.053,0
SMB_EU_005323,0.0,1.0,0.0,0.0,0.0,0.0,1.0,0.0,0.0,6.0,10603.06,2.1,42.0,252.45,1.0,8.0,1.0,2.0,3.0,0.063,0
SMB_EU_005324,0.0,0.0,0.0,0.0,1.0,0.0,1.0,0.0,0.0,5.0,6108.19,-2.11,23.0,265.57,1.0,7.0,1.0,2.0,1.0,0.0,0
SMB_EU_005325,0.0,0.0,0.0,0.0,0.0,0.0,0.0,0.0,1.0,12.0,3980.54,-0.33,15.0,265.37,4.0,14.0,1.0,0.0,2.0,0.09,0
SMB_EU_005326,0.0,0.0,1.0,0.0,0.0,0.0,0.0,0.0,0.0,5.0,7208.62,1.89,44.0,163.83,2.0,8.0,1.0,0.0,1.0,0.108,0
SMB_EU_005327,0.0,0.0,0.0,0.0,0.0,0.0,0.0,0.0,0.0,28.0,6894.15,7.22,29.0,237.73,3.0,8.0,1.0,0.0,0.0,0.092,0
SMB_EU_005328,0.0,0.0,0.0,0.0,0.0,0.0,1.0,0.0,0.0,104.0,24686.75,17.54,118.0,209.21,3.0,14.0,0.0,0.0,1.0,0.11,0
SMB_EU_005329,0.0,0.0,0.0,1.0,0.0,0.0,0.0,1.0,0.0,9.0,5942.47,-86.01,70.0,84.89,3.0,16.0,0.0,0.0,0.0,0.039,0
SMB_EU_005330,0.0,0.0,0.0,1.0,0.0,0.0,1.0,0.0,0.0,120.0,5638.75,-12.13,33.0,170.87,1.0,13.0,0.0,0.0,1.0,0.022,0
SMB_EU_005331,0.0,1.0,0.0,0.0,0.0,0.0,0.0,1.0,0.0,28.0,2810.95,-25.66,31.0,90.68,2.0,10.0,0.0,0.0,0.0,0.024,0
SMB_EU_005332,0.0,1.0,0.0,0.0,0.0,0.0,1.0,0.0,0.0,32.0,4786.39,4.63,49.0,97.68,3.0,13.0,0.0,2.0,0.0,0.214,0
SMB_EU_005333,0.0,0.0,0.0,0.0,0.0,0.0,0.0,1.0,0.0,7.0,3468.97,35.33,38.0,91.29,2.0,12.0,1.0,0.0,1.0,0.04,0
SMB_EU_005334,0.0,1.0,0.0,0.0,0.0,0.0,0.0,1.0,0.0,29.0,11014.26,-0.64,38.0,289.85,3.0,8.0,0.0,0.0,1.0,0.223,0
SMB_EU_005335,0.0,0.0,0.0,0.0,1.0,0.0,1.0,0.0,0.0,17.0,7857.55,2.7,30.0,261.92,3.0,16.0,0.0,0.0,3.0,0.182,0
SMB_EU_005336,0.0,0.0,0.0,0.0,1.0,1.0,0.0,0.0,0.0,67.0,2517.53,-4.65,14.0,179.82,1.0,11.0,1.0,0.0,1.0,0.129,0
SMB_EU_005337,0.0,1.0,0.0,0.0,0.0,0.0,0.0,0.0,0.0,5.0,59998.87,10.01,446.0,134.53,1.0,9.0,0.0,1.0,0.0,0.043,0
SMB_EU_005338,0.0,0.0,1.0,0.0,0.0,0.0,1.0,0.0,0.0,17.0,4036.37,-27.87,42.0,96.1,3.0,6.0,1.0,0.0,2.0,0.039,0
SMB_EU_005339,0.0,0.0,0.0,0.0,1.0,0.0,0.0,1.0,0.0,13.0,3507.62,-10.14,20.0,175.38,1.0,7.0,0.0,0.0,3.0,0.051,0
SMB_EU_005340,0.0,0.0,0.0,0.0,0.0,0.0,0.0,0.0,0.0,33.0,32921.86,-1.72,155.0,212.4,1.0,14.0,0.0,0.0,0.0,0.11,0
SMB_EU_005341,1.0,0.0,0.0,0.0,0.0,0.0,0.0,0.0,0.0,2.0,19242.86,-16.78,75.0,256.57,4.0,10.0,0.0,0.0,5.0,0.163,0
SMB_EU_005342,0.0,0.0,0.0,0.0,1.0,0.0,1.0,0.0,0.0,66.0,6034.47,-1.78,66.0,91.43,2.0,12.0,1.0,0.0,2.0,0.079,0
SMB_EU_005343,0.0,0.0,0.0,0.0,0.0,0.0,0.0,0.0,0.0,32.0,7165.16,-6.29,42.0,170.6,4.0,15.0,1.0,1.0,1.0,0.085,0
SMB_EU_005344,0.0,0.0,0.0,0.0,0.0,0.0,0.0,1.0,0.0,30.0,2799.45,-54.55,9.0,311.05,1.0,10.0,2.0,1.0,0.0,0.091,1
SMB_EU_005345,0.0,0.0,0.0,0.0,1.0,0.0,0.0,0.0,0.0,10.0,8707.22,-10.65,82.0,106.19,2.0,15.0,1.0,0.0,2.0,0.09,0
SMB_EU_005346,0.0,0.0,0.0,1.0,0.0,0.0,0.0,0.0,1.0,44.0,9038.05,-44.71,54.0,167.37,1.0,12.0,1.0,2.0,0.0,0.079,0
SMB_EU_005347,0.0,0.0,0.0,0.0,0.0,0.0,0.0,0.0,1.0,41.0,10093.2,0.13,72.0,140.18,1.0,8.0,0.0,0.0,2.0,0.013,0
SMB_EU_005348,0.0,1.0,0.0,0.0,0.0,0.0,1.0,0.0,0.0,57.0,7317.35,1.18,67.0,109.21,4.0,7.0,0.0,0.0,1.0,0.037,0
SMB_EU_005349,0.0,0.0,0.0,1.0,0.0,0.0,1.0,0.0,0.0,20.0,7813.97,4.11,30.0,260.47,1.0,5.0,0.0,0.0,2.0,0.116,0
SMB_EU_005350,0.0,0.0,1.0,0.0,0.0,0.0,0.0,1.0,0.0,6.0,2661.8,-2.61,11.0,241.98,1.0,7.0,1.0,0.0,1.0,0.101,0
SMB_EU_005351,1.0,0.0,0.0,0.0,0.0,0.0,0.0,0.0,0.0,15.0,17884.45,-11.8,105.0,170.33,3.0,7.0,0.0,0.0,3.0,0.084,0
SMB_EU_005352,0.0,0.0,0.0,0.0,1.0,0.0,1.0,0.0,0.0,48.0,17248.98,1.23,107.0,161.21,3.0,8.0,0.0,0.0,1.0,0.043,0
SMB_EU_005353,0.0,1.0,0.0,0.0,0.0,0.0,0.0,0.0,0.0,17.0,13604.15,-2.68,52.0,261.62,4.0,6.0,0.0,0.0,1.0,0.178,0
SMB_EU_005354,0.0,0.0,0.0,1.0,0.0,1.0,0.0,0.0,0.0,85.0,5378.38,15.37,54.0,99.6,1.0,6.0,0.0,1.0,2.0,0.037,0
SMB_EU_005355,0.0,0.0,0.0,1.0,0.0,0.0,0.0,1.0,0.0,44.0,5255.31,17.26,47.0,111.82,1.0,3.0,0.0,0.0,1.0,0.207,0
SMB_EU_005356,0.0,1.0,0.0,0.0,0.0,0.0,1.0,0.0,0.0,78.0,15648.33,-20.58,56.0,279.43,2.0,10.0,1.0,2.0,2.0,0.094,0
SMB_EU_005357,0.0,0.0,0.0,0.0,0.0,0.0,1.0,0.0,0.0,18.0,4676.77,9.26,18.0,259.82,2.0,9.0,2.0,0.0,2.0,0.118,0
SMB_EU_005358,0.0,0.0,0.0,0.0,1.0,0.0,0.0,0.0,1.0,35.0,21493.12,12.27,86.0,249.92,1.0,8.0,2.0,0.0,1.0,0.074,0
SMB_EU_005359,0.0,0.0,0.0,0.0,1.0,0.0,0.0,1.0,0.0,12.0,6437.7,-20.19,30.0,214.59,1.0,9.0,1.0,0.0,0.0,0.216,0
SMB_EU_005360,0.0,0.0,0.0,1.0,0.0,1.0,0.0,0.0,0.0,46.0,6104.14,8.69,42.0,145.34,3.0,9.0,2.0,0.0,3.0,0.1,0
SMB_EU_005361,0.0,0.0,1.0,0.0,0.0,0.0,0.0,1.0,0.0,36.0,10354.09,13.44,36.0,287.61,3.0,14.0,0.0,2.0,0.0,0.165,0
SMB_EU_005362,0.0,1.0,0.0,0.0,0.0,0.0,0.0,0.0,0.0,43.0,7380.29,-14.24,39.0,189.24,1.0,10.0,0.0,0.0,1.0,0.076,0
SMB_EU_005363,0.0,0.0,1.0,0.0,0.0,0.0,0.0,1.0,0.0,20.0,6839.16,-45.8,48.0,142.48,4.0,14.0,1.0,0.0,1.0,0.12,0
SMB_EU_005364,0.0,0.0,1.0,0.0,0.0,0.0,0.0,0.0,0.0,28.0,19418.69,2.79,121.0,160.49,1.0,11.0,0.0,0.0,4.0,0.157,0
SMB_EU_005365,0.0,0.0,0.0,1.0,0.0,0.0,1.0,0.0,0.0,27.0,4563.86,8.56,55.0,82.98,4.0,9.0,1.0,0.0,0.0,0.06,0
SMB_EU_005366,0.0,0.0,0.0,0.0,1.0,0.0,0.0,1.0,0.0,20.0,6591.76,-14.83,48.0,137.33,4.0,11.0,0.0,0.0,0.0,0.053,0
SMB_EU_005367,0.0,0.0,1.0,0.0,0.0,0.0,0.0,0.0,0.0,30.0,17779.27,17.36,147.0,120.95,2.0,6.0,0.0,0.0,1.0,0.095,0
SMB_EU_005368,0.0,1.0,0.0,0.0,0.0,0.0,0.0,0.0,1.0,33.0,8084.77,-30.44,74.0,109.25,2.0,8.0,1.0,2.0,1.0,0.119,0
SMB_EU_005369,1.0,0.0,0.0,0.0,0.0,0.0,0.0,0.0,0.0,38.0,25172.21,19.86,289.0,87.1,1.0,11.0,2.0,1.0,2.0,0.121,0
SMB_EU_005370,0.0,0.0,0.0,0.0,0.0,0.0,0.0,0.0,1.0,19.0,6386.41,8.25,49.0,130.33,3.0,7.0,0.0,0.0,2.0,0.12,0
SMB_EU_005371,0.0,1.0,0.0,0.0,0.0,0.0,0.0,0.0,1.0,44.0,10584.78,-55.25,103.0,102.76,1.0,11.0,0.0,0.0,1.0,0.089,1
SMB_EU_005372,0.0,1.0,0.0,0.0,0.0,0.0,1.0,0.0,0.0,42.0,7392.29,12.97,82.0,90.15,2.0,3.0,1.0,2.0,1.0,0.046,0
SMB_EU_005373,0.0,0.0,0.0,1.0,0.0,0.0,0.0,1.0,0.0,38.0,3457.76,-66.2,31.0,111.54,2.0,8.0,0.0,0.0,2.0,0.037,1
SMB_EU_005374,1.0,0.0,0.0,0.0,0.0,0.0,0.0,0.0,0.0,47.0,20282.96,1.72,163.0,124.44,1.0,12.0,0.0,1.0,1.0,0.03,0
SMB_EU_005375,0.0,0.0,0.0,1.0,0.0,0.0,0.0,0.0,1.0,23.0,7945.32,3.58,46.0,172.72,4.0,6.0,0.0,0.0,1.0,0.074,0
SMB_EU_005376,1.0,0.0,0.0,0.0,0.0,0.0,0.0,0.0,0.0,10.0,6198.12,3.54,30.0,206.6,3.0,6.0,2.0,1.0,1.0,0.093,0
SMB_EU_005377,0.0,0.0,1.0,0.0,0.0,0.0,0.0,1.0,0.0,42.0,1696.89,-12.6,11.0,154.26,1.0,12.0,1.0,0.0,2.0,0.051,0
SMB_EU_005378,0.0,1.0,0.0,0.0,0.0,0.0,0.0,0.0,0.0,17.0,24082.48,-7.44,217.0,110.98,2.0,5.0,0.0,1.0,0.0,0.035,0
SMB_EU_005379,1.0,0.0,0.0,0.0,0.0,0.0,1.0,0.0,0.0,7.0,3846.18,1.9,13.0,295.86,2.0,10.0,1.0,0.0,0.0,0.056,0
SMB_EU_005380,0.0,1.0,0.0,0.0,0.0,0.0,1.0,0.0,0.0,17.0,9460.0,-10.9,49.0,193.06,4.0,8.0,1.0,1.0,0.0,0.03,0
SMB_EU_005381,0.0,1.0,0.0,0.0,0.0,0.0,0.0,0.0,0.0,29.0,15502.81,4.07,64.0,242.23,1.0,10.0,1.0,1.0,0.0,0.021,0
SMB_EU_005382,0.0,0.0,0.0,1.0,0.0,0.0,0.0,1.0,0.0,62.0,4008.11,-9.21,17.0,235.77,4.0,9.0,2.0,0.0,1.0,0.041,0
SMB_EU_005383,0.0,1.0,0.0,0.0,0.0,1.0,0.0,0.0,0.0,34.0,19409.46,15.0,136.0,142.72,1.0,13.0,2.0,0.0,1.0,0.042,0
SMB_EU_005384,0.0,0.0,0.0,0.0,0.0,1.0,0.0,0.0,0.0,46.0,6682.98,23.44,33.0,202.51,1.0,10.0,0.0,2.0,2.0,0.248,0
SMB_EU_005385,0.0,0.0,1.0,0.0,0.0,0.0,0.0,0.0,0.0,42.0,23604.33,-4.46,111.0,212.65,3.0,10.0,0.0,1.0,1.0,0.09,0
SMB_EU_005386,0.0,0.0,0.0,1.0,0.0,0.0,0.0,0.0,0.0,32.0,17795.4,13.8,113.0,157.48,1.0,18.0,0.0,0.0,1.0,0.04,0
SMB_EU_005387,0.0,0.0,0.0,1.0,0.0,0.0,1.0,0.0,0.0,21.0,6962.36,-3.18,31.0,224.59,4.0,11.0,1.0,0.0,2.0,0.07,0
SMB_EU_005388,0.0,0.0,0.0,0.0,1.0,0.0,0.0,1.0,0.0,12.0,4943.06,-14.05,19.0,260.16,1.0,6.0,0.0,0.0,0.0,0.056,0
SMB_EU_005389,0.0,0.0,1.0,0.0,0.0,0.0,0.0,0.0,1.0,92.0,21592.59,-6.39,135.0,159.95,4.0,11.0,3.0,0.0,2.0,0.056,0
SMB_EU_005390,0.0,0.0,0.0,0.0,1.0,0.0,0.0,0.0,0.0,17.0,28815.5,-56.29,346.0,83.28,4.0,6.0,1.0,0.0,2.0,0.054,0
SMB_EU_005391,0.0,0.0,0.0,0.0,0.0,0.0,1.0,0.0,0.0,21.0,25806.68,-26.8,165.0,156.4,3.0,11.0,1.0,0.0,1.0,0.149,0
SMB_EU_005392,0.0,0.0,1.0,0.0,0.0,0.0,1.0,0.0,0.0,24.0,9137.87,-42.7,86.0,106.25,2.0,7.0,0.0,0.0,0.0,0.03,1
SMB_EU_005393,0.0,0.0,0.0,0.0,1.0,1.0,0.0,0.0,0.0,17.0,3545.21,1.29,31.0,114.36,2.0,14.0,1.0,0.0,1.0,0.174,0
SMB_EU_005394,0.0,0.0,1.0,0.0,0.0,1.0,0.0,0.0,0.0,37.0,4606.41,15.01,29.0,158.84,2.0,7.0,1.0,0.0,1.0,0.027,0
SMB_EU_005395,1.0,0.0,0.0,0.0,0.0,0.0,0.0,1.0,0.0,17.0,2451.67,9.12,20.0,122.58,4.0,8.0,1.0,0.0,1.0,0.064,0
SMB_EU_005396,0.0,1.0,0.0,0.0,0.0,0.0,0.0,0.0,0.0,21.0,23766.49,-55.58,83.0,286.34,1.0,3.0,0.0,0.0,0.0,0.13,0
SMB_EU_005397,0.0,0.0,0.0,0.0,0.0,0.0,0.0,1.0,0.0,16.0,3517.98,-5.34,16.0,219.87,2.0,5.0,1.0,1.0,0.0,0.056,0
SMB_EU_005398,0.0,0.0,0.0,1.0,0.0,1.0,0.0,0.0,0.0,20.0,959.42,22.84,5.0,191.88,4.0,11.0,1.0,0.0,1.0,0.145,0
SMB_EU_005399,0.0,1.0,0.0,0.0,0.0,0.0,0.0,0.0,0.0,10.0,65779.99,-20.28,801.0,82.12,2.0,11.0,1.0,0.0,2.0,0.129,0
SMB_EU_005400,0.0,0.0,0.0,0.0,1.0,0.0,0.0,0.0,0.0,8.0,10651.38,-26.94,104.0,102.42,2.0,6.0,3.0,0.0,0.0,0.096,1
SMB_EU_005401,0.0,1.0,0.0,0.0,0.0,0.0,1.0,0.0,0.0,71.0,5660.36,15.63,22.0,257.29,2.0,11.0,2.0,0.0,1.0,0.128,0
SMB_EU_005402,0.0,0.0,0.0,0.0,1.0,0.0,0.0,0.0,0.0,46.0,40895.38,-10.6,247.0,165.57,4.0,5.0,0.0,0.0,0.0,0.124,0
SMB_EU_005403,0.0,0.0,0.0,0.0,1.0,0.0,0.0,1.0,0.0,64.0,2421.74,-8.82,27.0,89.69,1.0,9.0,0.0,0.0,1.0,0.057,0
SMB_EU_005404,0.0,1.0,0.0,0.0,0.0,0.0,0.0,0.0,0.0,68.0,29666.36,-5.79,113.0,262.53,4.0,9.0,1.0,0.0,1.0,0.123,0
SMB_EU_005405,0.0,1.0,0.0,0.0,0.0,0.0,0.0,1.0,0.0,13.0,3514.76,10.27,24.0,146.45,1.0,11.0,1.0,0.0,2.0,0.044,0
SMB_EU_005406,0.0,0.0,0.0,0.0,1.0,1.0,0.0,0.0,0.0,62.0,2711.45,-16.12,16.0,169.47,3.0,6.0,0.0,0.0,3.0,0.092,0
SMB_EU_005407,0.0,0.0,0.0,0.0,1.0,0.0,1.0,0.0,0.0,52.0,22261.8,23.25,76.0,292.92,1.0,14.0,0.0,0.0,0.0,0.146,0
SMB_EU_005408,0.0,0.0,0.0,1.0,0.0,1.0,0.0,0.0,0.0,20.0,10439.72,14.07,125.0,83.52,1.0,7.0,0.0,1.0,0.0,0.083,0
SMB_EU_005409,0.0,1.0,0.0,0.0,0.0,0.0,0.0,0.0,0.0,33.0,26050.86,9.92,109.0,239.0,3.0,5.0,0.0,0.0,2.0,0.07,0
SMB_EU_005410,0.0,0.0,0.0,1.0,0.0,0.0,0.0,0.0,0.0,45.0,18702.24,-4.41,65.0,287.73,2.0,5.0,0.0,0.0,0.0,0.118,0
SMB_EU_005411,0.0,0.0,1.0,0.0,0.0,0.0,1.0,0.0,0.0,39.0,11460.46,12.44,122.0,93.94,2.0,5.0,1.0,0.0,1.0,0.125,0
SMB_EU_005412,0.0,1.0,0.0,0.0,0.0,0.0,0.0,0.0,0.0,24.0,7161.76,-43.76,26.0,275.45,2.0,5.0,2.0,1.0,1.0,0.181,1
SMB_EU_005413,1.0,0.0,0.0,0.0,0.0,0.0,1.0,0.0,0.0,29.0,8554.08,-18.09,50.0,171.08,2.0,10.0,1.0,1.0,2.0,0.023,0
SMB_EU_005414,0.0,0.0,0.0,0.0,0.0,0.0,1.0,0.0,0.0,36.0,4582.22,2.4,17.0,269.54,1.0,14.0,2.0,0.0,1.0,0.07,0
SMB_EU_005415,0.0,0.0,0.0,0.0,0.0,0.0,0.0,0.0,0.0,20.0,6518.77,-28.29,44.0,148.15,1.0,10.0,2.0,0.0,1.0,0.08,0
SMB_EU_005416,0.0,1.0,0.0,0.0,0.0,0.0,0.0,0.0,0.0,39.0,19194.47,6.09,65.0,295.3,2.0,9.0,0.0,1.0,1.0,0.018,0
SMB_EU_005417,0.0,1.0,0.0,0.0,0.0,0.0,0.0,0.0,1.0,15.0,18031.39,8.86,81.0,222.61,1.0,12.0,0.0,0.0,1.0,0.033,0
SMB_EU_005418,0.0,1.0,0.0,0.0,0.0,0.0,0.0,0.0,0.0,64.0,11917.75,-83.2,55.0,216.69,2.0,13.0,4.0,0.0,1.0,0.023,1
SMB_EU_005419,0.0,0.0,0.0,1.0,0.0,0.0,0.0,1.0,0.0,50.0,4402.75,-38.91,17.0,258.99,3.0,6.0,1.0,0.0,2.0,0.029,0
SMB_EU_005420,0.0,1.0,0.0,0.0,0.0,0.0,0.0,0.0,0.0,46.0,7577.32,30.97,43.0,176.22,3.0,11.0,1.0,0.0,1.0,0.097,0
SMB_EU_005421,0.0,0.0,0.0,0.0,0.0,0.0,0.0,1.0,0.0,34.0,5021.7,-2.8,37.0,135.72,2.0,6.0,1.0,0.0,2.0,0.081,0
SMB_EU_005422,0.0,1.0,0.0,0.0,0.0,0.0,0.0,0.0,0.0,31.0,23667.34,14.63,172.0,137.6,2.0,5.0,1.0,0.0,2.0,0.08,0
SMB_EU_005423,0.0,0.0,0.0,0.0,1.0,0.0,0.0,0.0,1.0,52.0,14470.92,16.9,95.0,152.33,1.0,10.0,1.0,2.0,1.0,0.2,0
SMB_EU_005424,0.0,1.0,0.0,0.0,0.0,0.0,0.0,0.0,0.0,11.0,20804.22,5.91,96.0,216.71,4.0,17.0,1.0,0.0,1.0,0.195,0
SMB_EU_005425,0.0,0.0,0.0,1.0,0.0,0.0,0.0,1.0,0.0,14.0,3450.02,15.26,13.0,265.39,2.0,11.0,2.0,0.0,0.0,0.117,0
SMB_EU_005426,0.0,0.0,1.0,0.0,0.0,0.0,0.0,0.0,0.0,39.0,10155.07,-31.69,53.0,191.61,1.0,11.0,3.0,0.0,0.0,0.036,1
SMB_EU_005427,0.0,0.0,0.0,0.0,1.0,0.0,1.0,0.0,0.0,26.0,12893.0,-55.22,76.0,169.64,1.0,11.0,0.0,0.0,0.0,0.125,0
SMB_EU_005428,0.0,1.0,0.0,0.0,0.0,1.0,0.0,0.0,0.0,17.0,9766.51,-100.0,38.0,257.01,3.0,11.0,2.0,0.0,2.0,0.046,1
SMB_EU_005429,0.0,0.0,1.0,0.0,0.0,0.0,1.0,0.0,0.0,54.0,7215.59,-26.19,50.0,144.31,2.0,8.0,1.0,0.0,1.0,0.034,0
SMB_EU_005430,1.0,0.0,0.0,0.0,0.0,0.0,0.0,0.0,0.0,29.0,11615.58,-8.19,50.0,232.31,1.0,7.0,1.0,0.0,1.0,0.075,0
SMB_EU_005431,0.0,0.0,1.0,0.0,0.0,0.0,1.0,0.0,0.0,33.0,16115.63,-9.98,156.0,103.31,2.0,5.0,0.0,0.0,0.0,0.06,0
SMB_EU_005432,0.0,0.0,0.0,0.0,0.0,1.0,0.0,0.0,0.0,55.0,4834.56,0.62,46.0,105.1,3.0,13.0,0.0,2.0,0.0,0.099,0
SMB_EU_005433,0.0,0.0,1.0,0.0,0.0,0.0,0.0,0.0,1.0,24.0,14080.4,-0.31,64.0,220.01,1.0,11.0,0.0,0.0,0.0,0.153,0
SMB_EU_005434,0.0,0.0,0.0,0.0,0.0,0.0,0.0,0.0,0.0,86.0,13817.62,2.01,141.0,98.0,2.0,12.0,1.0,0.0,1.0,0.087,0
SMB_EU_005435,0.0,0.0,1.0,0.0,0.0,0.0,0.0,1.0,0.0,12.0,2666.9,2.62,23.0,115.95,1.0,7.0,1.0,1.0,1.0,0.08,0
SMB_EU_005436,1.0,0.0,0.0,0.0,0.0,0.0,0.0,0.0,0.0,54.0,39465.92,4.99,182.0,216.85,1.0,7.0,2.0,0.0,1.0,0.095,0
SMB_EU_005437,0.0,0.0,0.0,0.0,0.0,0.0,0.0,0.0,0.0,18.0,16120.45,-14.39,91.0,177.15,2.0,9.0,0.0,0.0,1.0,0.174,0
SMB_EU_005438,0.0,0.0,0.0,0.0,1.0,0.0,0.0,0.0,1.0,48.0,5875.42,-10.87,29.0,202.6,3.0,7.0,0.0,0.0,2.0,0.038,0
SMB_EU_005439,0.0,0.0,0.0,0.0,0.0,0.0,0.0,1.0,0.0,15.0,2170.49,-37.17,7.0,310.07,1.0,6.0,1.0,0.0,1.0,0.05,1
SMB_EU_005440,0.0,0.0,0.0,0.0,1.0,0.0,0.0,1.0,0.0,8.0,2305.82,-0.32,11.0,209.62,3.0,4.0,0.0,1.0,0.0,0.161,0
SMB_EU_005441,0.0,0.0,0.0,1.0,0.0,0.0,0.0,0.0,0.0,49.0,11992.76,-16.23,57.0,210.4,3.0,9.0,0.0,1.0,0.0,0.205,0
SMB_EU_005442,0.0,0.0,0.0,0.0,0.0,0.0,0.0,0.0,0.0,20.0,47614.03,-17.97,291.0,163.62,2.0,9.0,0.0,0.0,2.0,0.11,0
SMB_EU_005443,0.0,0.0,0.0,0.0,0.0,0.0,1.0,0.0,0.0,8.0,5633.01,10.87,26.0,216.65,4.0,7.0,1.0,0.0,2.0,0.033,0
SMB_EU_005444,0.0,0.0,0.0,0.0,1.0,0.0,0.0,0.0,0.0,50.0,35749.03,-12.9,431.0,82.94,4.0,11.0,1.0,1.0,0.0,0.034,0
SMB_EU_005445,0.0,0.0,0.0,0.0,0.0,0.0,0.0,0.0,0.0,31.0,13868.11,-3.13,68.0,203.94,2.0,8.0,0.0,1.0,1.0,0.062,0
SMB_EU_005446,0.0,0.0,0.0,0.0,0.0,0.0,0.0,1.0,0.0,20.0,2461.44,30.14,26.0,94.67,2.0,10.0,0.0,1.0,1.0,0.154,0
SMB_EU_005447,0.0,1.0,0.0,0.0,0.0,0.0,0.0,1.0,0.0,34.0,3764.11,2.41,29.0,129.8,1.0,12.0,0.0,0.0,2.0,0.207,0
SMB_EU_005448,0.0,0.0,1.0,0.0,0.0,0.0,0.0,0.0,0.0,24.0,6954.98,-21.84,34.0,204.56,4.0,7.0,1.0,1.0,3.0,0.114,0
SMB_EU_005449,0.0,0.0,1.0,0.0,0.0,0.0,1.0,0.0,0.0,22.0,4786.79,-31.09,21.0,227.94,4.0,9.0,0.0,0.0,3.0,0.041,0
SMB_EU_005450,0.0,0.0,0.0,0.0,0.0,0.0,0.0,1.0,0.0,45.0,2938.76,-54.51,18.0,163.26,3.0,9.0,1.0,2.0,2.0,0.054,0
SMB_EU_005451,0.0,1.0,0.0,0.0,0.0,0.0,1.0,0.0,0.0,31.0,2552.72,22.67,15.0,170.18,1.0,11.0,1.0,1.0,1.0,0.059,0
SMB_EU_005452,0.0,1.0,0.0,0.0,0.0,1.0,0.0,0.0,0.0,15.0,14871.36,-21.25,78.0,190.66,3.0,8.0,3.0,0.0,1.0,0.113,0
SMB_EU_005453,0.0,0.0,0.0,0.0,0.0,0.0,1.0,0.0,0.0,26.0,9079.8,-1.06,37.0,245.4,1.0,14.0,0.0,2.0,1.0,0.171,0
SMB_EU_005454,0.0,1.0,0.0,0.0,0.0,0.0,0.0,0.0,0.0,45.0,9937.18,0.11,118.0,84.21,1.0,12.0,0.0,0.0,0.0,0.057,0
SMB_EU_005455,1.0,0.0,0.0,0.0,0.0,0.0,0.0,0.0,1.0,11.0,10280.81,-19.61,58.0,177.26,3.0,13.0,1.0,0.0,1.0,0.053,0
SMB_EU_005456,0.0,0.0,0.0,0.0,0.0,0.0,1.0,0.0,0.0,57.0,4846.0,-31.27,58.0,83.55,4.0,9.0,2.0,0.0,1.0,0.095,0
SMB_EU_005457,0.0,1.0,0.0,0.0,0.0,0.0,0.0,0.0,0.0,30.0,3020.47,-12.45,20.0,151.02,1.0,9.0,0.0,1.0,0.0,0.048,0
SMB_EU_005458,0.0,1.0,0.0,0.0,0.0,0.0,0.0,0.0,0.0,29.0,88417.08,-9.83,455.0,194.32,1.0,13.0,1.0,0.0,2.0,0.033,0
SMB_EU_005459,0.0,0.0,0.0,0.0,1.0,0.0,0.0,0.0,1.0,30.0,10084.35,11.71,103.0,97.91,1.0,10.0,0.0,0.0,2.0,0.069,0
SMB_EU_005460,0.0,0.0,0.0,0.0,1.0,0.0,0.0,1.0,0.0,73.0,3511.45,-21.43,19.0,184.81,4.0,4.0,1.0,0.0,0.0,0.047,0
SMB_EU_005461,1.0,0.0,0.0,0.0,0.0,0.0,1.0,0.0,0.0,26.0,2507.01,6.76,9.0,278.56,3.0,9.0,1.0,0.0,2.0,0.183,0
SMB_EU_005462,0.0,1.0,0.0,0.0,0.0,0.0,1.0,0.0,0.0,21.0,3263.99,-10.86,14.0,233.14,3.0,9.0,0.0,0.0,2.0,0.178,0
SMB_EU_005463,0.0,0.0,0.0,0.0,0.0,1.0,0.0,0.0,0.0,24.0,16190.99,-27.88,64.0,252.98,2.0,9.0,3.0,0.0,0.0,0.049,1
SMB_EU_005464,0.0,1.0,0.0,0.0,0.0,0.0,0.0,0.0,0.0,49.0,36936.98,-14.7,178.0,207.51,2.0,7.0,0.0,0.0,0.0,0.073,0
SMB_EU_005465,0.0,1.0,0.0,0.0,0.0,1.0,0.0,0.0,0.0,40.0,9428.04,0.41,34.0,277.3,1.0,11.0,1.0,1.0,0.0,0.151,0
SMB_EU_005466,0.0,0.0,0.0,1.0,0.0,0.0,1.0,0.0,0.0,27.0,4097.57,20.93,36.0,113.82,1.0,9.0,0.0,0.0,2.0,0.065,0
SMB_EU_005467,1.0,0.0,0.0,0.0,0.0,0.0,1.0,0.0,0.0,97.0,19794.93,13.7,111.0,178.33,3.0,9.0,1.0,0.0,2.0,0.248,0
SMB_EU_005468,0.0,0.0,0.0,0.0,1.0,1.0,0.0,0.0,0.0,38.0,7858.76,-4.41,37.0,212.4,2.0,8.0,1.0,0.0,2.0,0.028,0
SMB_EU_005469,0.0,0.0,0.0,0.0,1.0,0.0,1.0,0.0,0.0,13.0,11850.81,14.58,44.0,269.34,1.0,6.0,0.0,0.0,1.0,0.106,0
SMB_EU_005470,0.0,1.0,0.0,0.0,0.0,0.0,0.0,1.0,0.0,4.0,6534.79,-5.35,44.0,148.52,2.0,11.0,2.0,0.0,0.0,0.032,0
SMB_EU_005471,0.0,0.0,1.0,0.0,0.0,0.0,1.0,0.0,0.0,41.0,3238.95,-22.0,40.0,80.97,1.0,8.0,2.0,0.0,1.0,0.086,0
SMB_EU_005472,0.0,1.0,0.0,0.0,0.0,0.0,1.0,0.0,0.0,22.0,3898.32,0.32,13.0,299.87,2.0,6.0,1.0,0.0,1.0,0.201,0
SMB_EU_005473,0.0,0.0,0.0,0.0,0.0,0.0,0.0,0.0,1.0,8.0,6626.61,-22.59,77.0,86.06,1.0,10.0,2.0,0.0,1.0,0.082,0
SMB_EU_005474,1.0,0.0,0.0,0.0,0.0,0.0,0.0,0.0,0.0,25.0,22070.33,11.87,194.0,113.76,3.0,5.0,1.0,2.0,5.0,0.048,0
SMB_EU_005475,0.0,0.0,0.0,0.0,0.0,0.0,0.0,1.0,0.0,43.0,2184.05,12.09,13.0,168.0,1.0,10.0,2.0,1.0,2.0,0.083,0
SMB_EU_005476,0.0,1.0,0.0,0.0,0.0,0.0,1.0,0.0,0.0,23.0,7201.1,-13.2,38.0,189.5,2.0,7.0,0.0,2.0,2.0,0.056,0
SMB_EU_005477,0.0,1.0,0.0,0.0,0.0,1.0,0.0,0.0,0.0,26.0,5396.73,2.18,20.0,269.84,3.0,12.0,4.0,1.0,2.0,0.02,0
SMB_EU_005478,0.0,0.0,1.0,0.0,0.0,0.0,0.0,1.0,0.0,4.0,8045.25,2.04,45.0,178.78,3.0,10.0,2.0,1.0,1.0,0.117,0
SMB_EU_005479,1.0,0.0,0.0,0.0,0.0,0.0,0.0,0.0,0.0,41.0,22485.11,13.08,112.0,200.76,2.0,12.0,2.0,0.0,2.0,0.129,0
SMB_EU_005480,0.0,1.0,0.0,0.0,0.0,0.0,0.0,1.0,0.0,6.0,2727.27,-18.68,22.0,123.97,1.0,9.0,1.0,1.0,1.0,0.081,0
SMB_EU_005481,1.0,0.0,0.0,0.0,0.0,1.0,0.0,0.0,0.0,17.0,14293.02,8.99,70.0,204.19,4.0,6.0,3.0,0.0,0.0,0.141,0
SMB_EU_005482,0.0,1.0,0.0,0.0,0.0,0.0,0.0,0.0,0.0,32.0,7464.11,-19.75,48.0,155.5,1.0,11.0,1.0,1.0,3.0,0.053,1
SMB_EU_005483,0.0,0.0,0.0,1.0,0.0,1.0,0.0,0.0,0.0,14.0,11554.83,-40.11,114.0,101.36,3.0,8.0,2.0,1.0,1.0,0.083,0
SMB_EU_005484,1.0,0.0,0.0,0.0,0.0,1.0,0.0,0.0,0.0,17.0,4313.17,15.94,15.0,287.54,4.0,12.0,0.0,1.0,1.0,0.051,0
SMB_EU_005485,0.0,0.0,1.0,0.0,0.0,0.0,1.0,0.0,0.0,31.0,8826.84,-10.04,90.0,98.08,1.0,15.0,1.0,0.0,2.0,0.106,0
SMB_EU_005486,0.0,0.0,0.0,0.0,1.0,0.0,0.0,0.0,0.0,33.0,17178.23,18.29,75.0,229.04,1.0,13.0,0.0,2.0,0.0,0.067,0
SMB_EU_005487,0.0,1.0,0.0,0.0,0.0,0.0,0.0,0.0,0.0,27.0,16889.21,-23.61,60.0,281.49,1.0,13.0,2.0,1.0,2.0,0.057,1
SMB_EU_005488,0.0,0.0,1.0,0.0,0.0,0.0,0.0,0.0,0.0,3.0,22482.78,16.49,188.0,119.59,1.0,10.0,1.0,0.0,0.0,0.203,0
SMB_EU_005489,0.0,0.0,1.0,0.0,0.0,0.0,0.0,1.0,0.0,5.0,6323.76,21.58,48.0,131.74,2.0,14.0,2.0,0.0,1.0,0.005,0
SMB_EU_005490,0.0,0.0,0.0,0.0,1.0,0.0,0.0,0.0,0.0,49.0,24004.46,5.19,138.0,173.95,2.0,13.0,0.0,1.0,1.0,0.088,0
SMB_EU_005491,0.0,0.0,0.0,0.0,0.0,0.0,0.0,0.0,1.0,20.0,11893.55,-2.93,82.0,145.04,3.0,5.0,0.0,0.0,0.0,0.008,0
SMB_EU_005492,1.0,0.0,0.0,0.0,0.0,0.0,0.0,0.0,0.0,107.0,7024.31,4.69,28.0,250.87,4.0,12.0,2.0,2.0,2.0,0.055,0
SMB_EU_005493,0.0,0.0,1.0,0.0,0.0,0.0,0.0,0.0,0.0,31.0,17635.78,-9.06,114.0,154.7,2.0,6.0,0.0,2.0,3.0,0.03,0
SMB_EU_005494,0.0,1.0,0.0,0.0,0.0,0.0,0.0,1.0,0.0,85.0,3564.83,39.37,12.0,297.07,3.0,16.0,1.0,0.0,0.0,0.025,0
SMB_EU_005495,0.0,0.0,0.0,1.0,0.0,0.0,0.0,0.0,0.0,23.0,7709.8,-8.8,29.0,265.86,1.0,9.0,1.0,1.0,2.0,0.087,0
SMB_EU_005496,0.0,1.0,0.0,0.0,0.0,0.0,0.0,0.0,0.0,18.0,12605.66,19.76,46.0,274.04,1.0,4.0,0.0,1.0,1.0,0.094,0
SMB_EU_005497,0.0,0.0,1.0,0.0,0.0,0.0,1.0,0.0,0.0,41.0,8929.7,-11.12,95.0,94.0,1.0,16.0,0.0,0.0,1.0,0.086,0
SMB_EU_005498,0.0,0.0,0.0,0.0,1.0,0.0,0.0,0.0,0.0,55.0,17424.12,23.95,147.0,118.53,3.0,14.0,0.0,2.0,3.0,0.048,0
SMB_EU_005499,0.0,0.0,1.0,0.0,0.0,0.0,0.0,0.0,0.0,23.0,28266.15,30.18,241.0,117.29,4.0,9.0,1.0,1.0,3.0,0.044,0
SMB_EU_005500,0.0,0.0,1.0,0.0,0.0,0.0,0.0,0.0,1.0,40.0,19719.54,5.79,87.0,226.66,4.0,10.0,2.0,0.0,1.0,0.12,0
SMB_EU_005501,0.0,0.0,0.0,1.0,0.0,0.0,0.0,0.0,0.0,6.0,18353.47,4.3,222.0,82.67,1.0,8.0,2.0,0.0,3.0,0.085,0
SMB_EU_005502,0.0,0.0,0.0,0.0,0.0,0.0,0.0,1.0,0.0,13.0,6818.92,-14.35,26.0,262.27,1.0,10.0,3.0,0.0,2.0,0.06,0
SMB_EU_005503,0.0,1.0,0.0,0.0,0.0,1.0,0.0,0.0,0.0,35.0,6353.11,-16.14,32.0,198.53,1.0,11.0,0.0,0.0,2.0,0.019,0
SMB_EU_005504,0.0,0.0,0.0,1.0,0.0,0.0,0.0,0.0,0.0,20.0,23769.08,4.47,116.0,204.91,1.0,15.0,1.0,0.0,0.0,0.11,0
SMB_EU_005505,0.0,1.0,0.0,0.0,0.0,0.0,0.0,0.0,0.0,32.0,20090.42,-0.51,101.0,198.92,1.0,6.0,3.0,0.0,1.0,0.256,0
SMB_EU_005506,0.0,0.0,0.0,0.0,0.0,0.0,0.0,1.0,0.0,36.0,4839.18,-49.67,24.0,201.63,1.0,11.0,0.0,0.0,0.0,0.165,1
SMB_EU_005507,0.0,0.0,0.0,1.0,0.0,0.0,0.0,1.0,0.0,40.0,18185.55,-0.85,147.0,123.71,1.0,8.0,0.0,1.0,1.0,0.076,0
SMB_EU_005508,0.0,1.0,0.0,0.0,0.0,0.0,1.0,0.0,0.0,48.0,5764.58,-9.15,41.0,140.6,1.0,8.0,1.0,1.0,3.0,0.068,0
SMB_EU_005509,0.0,1.0,0.0,0.0,0.0,0.0,0.0,0.0,0.0,49.0,35899.54,3.44,192.0,186.98,1.0,10.0,1.0,0.0,2.0,0.097,0
SMB_EU_005510,0.0,0.0,0.0,1.0,0.0,0.0,0.0,0.0,0.0,11.0,6655.71,3.48,29.0,229.51,3.0,8.0,2.0,0.0,0.0,0.033,0
SMB_EU_005511,0.0,0.0,0.0,0.0,0.0,0.0,1.0,0.0,0.0,24.0,13034.65,-1.52,93.0,140.16,2.0,14.0,2.0,0.0,1.0,0.073,0
SMB_EU_005512,0.0,0.0,0.0,0.0,1.0,1.0,0.0,0.0,0.0,23.0,14206.51,-30.66,55.0,258.3,4.0,9.0,2.0,0.0,0.0,0.018,0
SMB_EU_005513,0.0,0.0,0.0,0.0,1.0,0.0,0.0,1.0,0.0,25.0,1592.18,-9.29,6.0,265.36,2.0,6.0,2.0,2.0,0.0,0.028,1
SMB_EU_005514,1.0,0.0,0.0,0.0,0.0,0.0,0.0,0.0,0.0,22.0,16304.16,2.99,116.0,140.55,2.0,12.0,1.0,1.0,0.0,0.143,0
SMB_EU_005515,0.0,0.0,0.0,0.0,0.0,0.0,0.0,1.0,0.0,27.0,7680.51,-1.44,38.0,202.12,1.0,16.0,1.0,0.0,0.0,0.07,0
SMB_EU_005516,1.0,0.0,0.0,0.0,0.0,1.0,0.0,0.0,0.0,16.0,6979.22,-11.66,45.0,155.09,1.0,14.0,1.0,1.0,4.0,0.056,1
SMB_EU_005517,1.0,0.0,0.0,0.0,0.0,0.0,0.0,0.0,0.0,46.0,18820.44,11.35,154.0,122.21,3.0,11.0,1.0,1.0,3.0,0.266,0
SMB_EU_005518,1.0,0.0,0.0,0.0,0.0,0.0,1.0,0.0,0.0,36.0,8681.34,-49.83,34.0,255.33,1.0,8.0,1.0,0.0,0.0,0.123,1
SMB_EU_005519,0.0,0.0,0.0,0.0,0.0,0.0,0.0,1.0,0.0,16.0,2593.19,-14.44,9.0,288.13,3.0,9.0,0.0,1.0,0.0,0.101,0
SMB_EU_005520,0.0,0.0,1.0,0.0,0.0,0.0,0.0,1.0,0.0,27.0,20702.72,23.22,101.0,204.98,3.0,10.0,0.0,1.0,0.0,0.056,0
SMB_EU_005521,1.0,0.0,0.0,0.0,0.0,1.0,0.0,0.0,0.0,80.0,4435.48,-20.33,16.0,277.22,3.0,10.0,2.0,1.0,2.0,0.04,0
SMB_EU_005522,0.0,0.0,1.0,0.0,0.0,0.0,1.0,0.0,0.0,12.0,10380.6,-8.93,47.0,220.86,3.0,6.0,2.0,1.0,2.0,0.099,1
SMB_EU_005523,0.0,0.0,1.0,0.0,0.0,0.0,1.0,0.0,0.0,14.0,5426.74,-12.75,27.0,200.99,3.0,17.0,1.0,0.0,0.0,0.033,0
SMB_EU_005524,0.0,0.0,0.0,1.0,0.0,0.0,1.0,0.0,0.0,48.0,2041.99,11.2,11.0,185.64,2.0,8.0,0.0,0.0,0.0,0.156,0
SMB_EU_005525,0.0,0.0,0.0,1.0,0.0,1.0,0.0,0.0,0.0,69.0,3445.44,19.76,26.0,132.52,3.0,15.0,0.0,1.0,1.0,0.011,0
SMB_EU_005526,0.0,0.0,0.0,0.0,0.0,0.0,0.0,1.0,0.0,33.0,2097.77,-2.61,21.0,99.89,2.0,14.0,1.0,0.0,0.0,0.053,0
SMB_EU_005527,0.0,0.0,1.0,0.0,0.0,0.0,1.0,0.0,0.0,28.0,15400.22,3.45,87.0,177.01,1.0,8.0,1.0,1.0,0.0,0.155,0
SMB_EU_005528,0.0,0.0,0.0,0.0,0.0,0.0,0.0,1.0,0.0,10.0,3474.04,6.43,17.0,204.36,1.0,10.0,0.0,0.0,1.0,0.176,0
SMB_EU_005529,0.0,0.0,0.0,1.0,0.0,1.0,0.0,0.0,0.0,19.0,4407.49,27.06,23.0,191.63,2.0,7.0,1.0,0.0,1.0,0.145,0
SMB_EU_005530,0.0,1.0,0.0,0.0,0.0,1.0,0.0,0.0,0.0,18.0,3168.19,-84.33,14.0,226.3,1.0,10.0,0.0,2.0,0.0,0.017,1
SMB_EU_005531,0.0,0.0,1.0,0.0,0.0,0.0,0.0,0.0,1.0,19.0,9522.39,11.16,78.0,122.08,4.0,15.0,2.0,0.0,3.0,0.021,0
SMB_EU_005532,0.0,0.0,0.0,0.0,0.0,0.0,1.0,0.0,0.0,15.0,5204.72,-14.78,33.0,157.72,1.0,12.0,1.0,0.0,1.0,0.018,0
SMB_EU_005533,0.0,0.0,1.0,0.0,0.0,0.0,0.0,0.0,1.0,9.0,16324.02,-5.56,95.0,171.83,1.0,7.0,1.0,1.0,1.0,0.048,1
SMB_EU_005534,1.0,0.0,0.0,0.0,0.0,0.0,1.0,0.0,0.0,41.0,9589.47,4.89,79.0,121.39,2.0,6.0,0.0,0.0,0.0,0.073,0
SMB_EU_005535,0.0,0.0,0.0,0.0,0.0,0.0,0.0,0.0,0.0,34.0,10643.56,11.11,38.0,280.09,3.0,10.0,1.0,0.0,1.0,0.016,0
SMB_EU_005536,0.0,0.0,0.0,0.0,0.0,0.0,0.0,1.0,0.0,9.0,8327.62,8.75,36.0,231.32,2.0,14.0,1.0,0.0,0.0,0.125,0
SMB_EU_005537,0.0,0.0,0.0,0.0,0.0,0.0,0.0,0.0,1.0,27.0,9042.98,1.56,90.0,100.48,1.0,2.0,0.0,0.0,0.0,0.053,0
SMB_EU_005538,0.0,0.0,0.0,0.0,1.0,0.0,0.0,0.0,0.0,21.0,15194.73,-46.23,64.0,237.42,2.0,14.0,0.0,0.0,1.0,0.024,0
SMB_EU_005539,0.0,0.0,0.0,1.0,0.0,1.0,0.0,0.0,0.0,74.0,2494.73,0.4,12.0,207.89,2.0,7.0,2.0,0.0,2.0,0.124,0
SMB_EU_005540,0.0,0.0,0.0,1.0,0.0,0.0,0.0,1.0,0.0,59.0,4791.23,-2.72,25.0,191.65,3.0,10.0,0.0,0.0,2.0,0.081,0
SMB_EU_005541,0.0,0.0,0.0,0.0,0.0,0.0,0.0,1.0,0.0,74.0,6063.97,8.29,20.0,303.2,3.0,9.0,0.0,1.0,1.0,0.047,0
SMB_EU_005542,0.0,0.0,1.0,0.0,0.0,0.0,1.0,0.0,0.0,19.0,17806.82,-0.48,82.0,217.16,3.0,7.0,3.0,1.0,3.0,0.055,1
SMB_EU_005543,0.0,0.0,0.0,0.0,1.0,0.0,0.0,1.0,0.0,5.0,3184.52,0.2,11.0,289.5,1.0,7.0,1.0,0.0,5.0,0.087,0
SMB_EU_005544,1.0,0.0,0.0,0.0,0.0,0.0,0.0,0.0,0.0,11.0,58845.5,0.27,209.0,281.56,1.0,11.0,2.0,1.0,1.0,0.113,0
SMB_EU_005545,0.0,0.0,1.0,0.0,0.0,0.0,0.0,0.0,0.0,19.0,20950.68,-2.02,205.0,102.2,4.0,10.0,0.0,0.0,1.0,0.102,0
SMB_EU_005546,0.0,0.0,0.0,0.0,0.0,0.0,0.0,0.0,0.0,22.0,6027.93,-9.13,74.0,81.46,1.0,8.0,0.0,1.0,0.0,0.058,0
SMB_EU_005547,0.0,0.0,0.0,0.0,0.0,0.0,0.0,0.0,0.0,75.0,9033.42,-48.58,51.0,177.13,1.0,8.0,1.0,1.0,0.0,0.044,0
SMB_EU_005548,0.0,0.0,0.0,0.0,0.0,0.0,0.0,0.0,1.0,46.0,21111.63,-4.28,85.0,248.37,3.0,10.0,1.0,0.0,2.0,0.102,0
SMB_EU_005549,0.0,1.0,0.0,0.0,0.0,0.0,0.0,0.0,0.0,34.0,31626.26,9.21,121.0,261.37,2.0,7.0,0.0,2.0,0.0,0.03,0
SMB_EU_005550,0.0,0.0,0.0,0.0,0.0,0.0,0.0,0.0,1.0,59.0,9098.24,1.66,36.0,252.73,2.0,8.0,2.0,1.0,3.0,0.193,0
SMB_EU_005551,0.0,1.0,0.0,0.0,0.0,0.0,1.0,0.0,0.0,39.0,8752.96,-5.8,49.0,178.63,1.0,11.0,2.0,0.0,0.0,0.037,0
SMB_EU_005552,0.0,1.0,0.0,0.0,0.0,0.0,0.0,1.0,0.0,44.0,2485.99,23.47,10.0,248.6,1.0,11.0,0.0,0.0,1.0,0.083,0
SMB_EU_005553,0.0,0.0,0.0,0.0,1.0,0.0,0.0,1.0,0.0,21.0,11048.6,-29.17,46.0,240.19,3.0,8.0,0.0,0.0,1.0,0.07,1
SMB_EU_005554,0.0,0.0,1.0,0.0,0.0,1.0,0.0,0.0,0.0,8.0,3317.13,-13.49,22.0,150.78,1.0,13.0,3.0,0.0,1.0,0.137,0
SMB_EU_005555,1.0,0.0,0.0,0.0,0.0,1.0,0.0,0.0,0.0,6.0,9960.27,-10.5,85.0,117.18,2.0,8.0,0.0,0.0,1.0,0.227,0
SMB_EU_005556,1.0,0.0,0.0,0.0,0.0,1.0,0.0,0.0,0.0,6.0,13503.99,-30.38,62.0,217.81,3.0,12.0,0.0,0.0,0.0,0.073,0
SMB_EU_005557,0.0,0.0,0.0,0.0,0.0,0.0,0.0,1.0,0.0,41.0,5146.57,-8.5,22.0,233.94,4.0,11.0,1.0,1.0,1.0,0.103,0
SMB_EU_005558,1.0,0.0,0.0,0.0,0.0,0.0,0.0,1.0,0.0,14.0,8935.26,-52.41,44.0,203.07,4.0,8.0,1.0,0.0,1.0,0.043,0
SMB_EU_005559,0.0,1.0,0.0,0.0,0.0,0.0,1.0,0.0,0.0,21.0,24240.51,-32.16,191.0,126.91,3.0,11.0,1.0,0.0,1.0,0.024,0
SMB_EU_005560,0.0,0.0,1.0,0.0,0.0,0.0,0.0,1.0,0.0,9.0,5872.14,22.03,42.0,139.81,2.0,8.0,1.0,1.0,0.0,0.164,0
SMB_EU_005561,0.0,1.0,0.0,0.0,0.0,0.0,0.0,0.0,0.0,54.0,13502.42,-13.58,57.0,236.88,4.0,7.0,0.0,0.0,0.0,0.153,0
SMB_EU_005562,0.0,0.0,0.0,0.0,1.0,0.0,0.0,0.0,0.0,26.0,14410.23,-31.59,49.0,294.09,3.0,17.0,0.0,1.0,1.0,0.073,0
SMB_EU_005563,0.0,1.0,0.0,0.0,0.0,0.0,0.0,1.0,0.0,31.0,3201.58,22.5,11.0,291.05,4.0,14.0,1.0,0.0,1.0,0.274,0
SMB_EU_005564,0.0,1.0,0.0,0.0,0.0,0.0,0.0,0.0,0.0,33.0,9475.41,-7.13,49.0,193.38,1.0,8.0,2.0,1.0,1.0,0.02,1
SMB_EU_005565,0.0,0.0,0.0,0.0,1.0,0.0,0.0,1.0,0.0,36.0,6520.05,-23.09,24.0,271.67,1.0,5.0,2.0,1.0,1.0,0.037,1
SMB_EU_005566,0.0,0.0,0.0,0.0,0.0,0.0,0.0,0.0,0.0,56.0,13594.7,11.82,157.0,86.59,2.0,8.0,0.0,0.0,4.0,0.022,0
SMB_EU_005567,0.0,0.0,1.0,0.0,0.0,0.0,1.0,0.0,0.0,42.0,9737.49,7.85,36.0,270.49,3.0,6.0,1.0,0.0,0.0,0.064,0
SMB_EU_005568,1.0,0.0,0.0,0.0,0.0,0.0,0.0,0.0,0.0,12.0,6135.48,-23.12,33.0,185.92,2.0,14.0,1.0,0.0,1.0,0.018,0
SMB_EU_005569,1.0,0.0,0.0,0.0,0.0,0.0,1.0,0.0,0.0,14.0,7567.56,13.51,30.0,252.25,4.0,16.0,1.0,1.0,1.0,0.116,0
SMB_EU_005570,0.0,0.0,0.0,0.0,1.0,0.0,0.0,1.0,0.0,120.0,9276.73,-63.8,114.0,81.37,1.0,8.0,1.0,3.0,2.0,0.115,1
SMB_EU_005571,0.0,0.0,0.0,0.0,1.0,0.0,0.0,0.0,0.0,50.0,7665.24,-60.41,28.0,273.76,1.0,15.0,0.0,0.0,1.0,0.136,0
SMB_EU_005572,0.0,0.0,0.0,0.0,0.0,0.0,0.0,0.0,0.0,98.0,15149.48,-8.13,72.0,210.41,3.0,7.0,0.0,0.0,1.0,0.253,0
SMB_EU_005573,1.0,0.0,0.0,0.0,0.0,0.0,1.0,0.0,0.0,22.0,2629.19,-11.73,20.0,131.46,2.0,7.0,3.0,1.0,1.0,0.108,1
SMB_EU_005574,0.0,0.0,1.0,0.0,0.0,0.0,0.0,0.0,0.0,69.0,6853.59,-10.09,44.0,155.76,2.0,10.0,2.0,0.0,0.0,0.053,0
SMB_EU_005575,0.0,0.0,1.0,0.0,0.0,0.0,0.0,1.0,0.0,37.0,8117.6,-18.94,65.0,124.89,3.0,10.0,1.0,0.0,2.0,0.056,1
SMB_EU_005576,0.0,0.0,0.0,0.0,0.0,0.0,1.0,0.0,0.0,32.0,6645.04,-6.07,38.0,174.87,3.0,10.0,0.0,0.0,1.0,0.154,0
SMB_EU_005577,0.0,0.0,1.0,0.0,0.0,1.0,0.0,0.0,0.0,27.0,17903.62,-5.24,117.0,153.02,1.0,6.0,0.0,0.0,0.0,0.081,0
SMB_EU_005578,0.0,0.0,0.0,0.0,1.0,0.0,0.0,0.0,1.0,45.0,11666.14,-14.06,59.0,197.73,3.0,10.0,0.0,0.0,0.0,0.162,0
SMB_EU_005579,0.0,0.0,0.0,0.0,1.0,1.0,0.0,0.0,0.0,38.0,8249.21,-15.8,32.0,257.79,1.0,10.0,2.0,0.0,2.0,0.075,0
SMB_EU_005580,0.0,0.0,0.0,1.0,0.0,0.0,0.0,1.0,0.0,23.0,2620.98,4.78,9.0,291.22,2.0,15.0,0.0,0.0,2.0,0.061,0
SMB_EU_005581,0.0,0.0,0.0,0.0,0.0,0.0,1.0,0.0,0.0,17.0,6349.51,-12.12,47.0,135.1,1.0,10.0,2.0,0.0,3.0,0.064,0
SMB_EU_005582,0.0,1.0,0.0,0.0,0.0,0.0,0.0,0.0,0.0,24.0,9664.59,-9.09,93.0,103.92,1.0,7.0,0.0,0.0,4.0,0.126,1
SMB_EU_005583,1.0,0.0,0.0,0.0,0.0,0.0,0.0,1.0,0.0,26.0,2638.4,-32.79,16.0,164.9,2.0,9.0,0.0,0.0,0.0,0.07,0
SMB_EU_005584,1.0,0.0,0.0,0.0,0.0,0.0,0.0,1.0,0.0,20.0,7446.72,29.07,67.0,111.15,1.0,5.0,2.0,0.0,2.0,0.145,1
SMB_EU_005585,0.0,0.0,0.0,1.0,0.0,1.0,0.0,0.0,0.0,13.0,10079.15,14.13,38.0,265.24,1.0,6.0,0.0,0.0,1.0,0.106,0
SMB_EU_005586,0.0,0.0,0.0,0.0,0.0,1.0,0.0,0.0,0.0,28.0,7622.63,-7.42,40.0,190.57,2.0,8.0,0.0,0.0,1.0,0.168,0
SMB_EU_005587,0.0,0.0,0.0,1.0,0.0,0.0,0.0,0.0,0.0,35.0,9126.75,-52.05,42.0,217.3,2.0,15.0,3.0,0.0,3.0,0.035,1
SMB_EU_005588,0.0,0.0,0.0,1.0,0.0,0.0,1.0,0.0,0.0,32.0,9755.97,0.16,86.0,113.44,1.0,12.0,1.0,0.0,1.0,0.032,0
SMB_EU_005589,0.0,0.0,0.0,0.0,1.0,0.0,0.0,1.0,0.0,11.0,1586.98,-0.25,6.0,264.5,1.0,9.0,0.0,0.0,0.0,0.195,0
SMB_EU_005590,0.0,0.0,1.0,0.0,0.0,1.0,0.0,0.0,0.0,74.0,13270.79,-39.5,45.0,294.91,1.0,7.0,0.0,1.0,1.0,0.018,0
SMB_EU_005591,0.0,1.0,0.0,0.0,0.0,0.0,0.0,0.0,0.0,86.0,6883.73,-38.26,37.0,186.05,1.0,10.0,0.0,1.0,2.0,0.121,0
SMB_EU_005592,0.0,0.0,0.0,1.0,0.0,0.0,0.0,1.0,0.0,41.0,2552.73,-7.89,9.0,283.64,2.0,15.0,2.0,1.0,0.0,0.195,0
SMB_EU_005593,0.0,0.0,0.0,0.0,0.0,0.0,0.0,0.0,0.0,46.0,16074.36,-23.45,183.0,87.84,1.0,15.0,1.0,1.0,1.0,0.008,0
SMB_EU_005594,0.0,0.0,0.0,0.0,1.0,0.0,0.0,0.0,0.0,31.0,16954.71,-27.01,193.0,87.85,4.0,3.0,1.0,1.0,1.0,0.029,0
SMB_EU_005595,0.0,1.0,0.0,0.0,0.0,0.0,0.0,1.0,0.0,34.0,4786.45,-32.09,16.0,299.15,1.0,12.0,0.0,0.0,0.0,0.104,0
SMB_EU_005596,0.0,0.0,0.0,1.0,0.0,0.0,0.0,1.0,0.0,6.0,2568.6,-39.33,11.0,233.51,1.0,11.0,2.0,0.0,0.0,0.083,0
SMB_EU_005597,0.0,1.0,0.0,0.0,0.0,0.0,0.0,0.0,0.0,25.0,29608.43,-8.02,244.0,121.35,2.0,8.0,0.0,1.0,1.0,0.111,0
SMB_EU_005598,0.0,0.0,1.0,0.0,0.0,0.0,1.0,0.0,0.0,25.0,2909.18,26.45,18.0,161.62,1.0,7.0,0.0,2.0,4.0,0.124,0
SMB_EU_005599,0.0,0.0,1.0,0.0,0.0,0.0,1.0,0.0,0.0,84.0,3285.37,11.63,17.0,193.26,1.0,9.0,1.0,0.0,1.0,0.119,0
SMB_EU_005600,1.0,0.0,0.0,0.0,0.0,1.0,0.0,0.0,0.0,21.0,5626.96,-6.78,24.0,234.46,3.0,17.0,1.0,0.0,0.0,0.191,0
SMB_EU_005601,0.0,1.0,0.0,0.0,0.0,0.0,0.0,0.0,0.0,73.0,7025.24,34.38,26.0,270.2,2.0,12.0,0.0,0.0,0.0,0.183,0
SMB_EU_005602,0.0,1.0,0.0,0.0,0.0,0.0,0.0,1.0,0.0,27.0,10412.56,-70.51,106.0,98.23,1.0,11.0,0.0,0.0,4.0,0.25,1
SMB_EU_005603,0.0,0.0,0.0,0.0,0.0,0.0,0.0,0.0,1.0,19.0,4438.41,-12.19,20.0,221.92,2.0,10.0,3.0,0.0,0.0,0.096,0
SMB_EU_005604,0.0,0.0,1.0,0.0,0.0,0.0,0.0,1.0,0.0,6.0,12726.09,-1.66,69.0,184.44,1.0,15.0,1.0,0.0,3.0,0.12,0
SMB_EU_005605,0.0,0.0,0.0,0.0,0.0,0.0,0.0,0.0,0.0,33.0,27913.86,-51.01,132.0,211.47,2.0,13.0,0.0,0.0,2.0,0.235,0
SMB_EU_005606,0.0,0.0,1.0,0.0,0.0,0.0,0.0,1.0,0.0,15.0,10490.51,26.85,55.0,190.74,2.0,7.0,2.0,1.0,1.0,0.031,0
SMB_EU_005607,0.0,0.0,0.0,0.0,1.0,0.0,0.0,0.0,0.0,7.0,46540.08,2.75,260.0,179.0,3.0,11.0,2.0,0.0,0.0,0.041,0
SMB_EU_005608,0.0,0.0,0.0,0.0,1.0,0.0,1.0,0.0,0.0,40.0,8399.55,-11.85,67.0,125.37,3.0,15.0,0.0,2.0,1.0,0.154,0
SMB_EU_005609,0.0,0.0,0.0,1.0,0.0,0.0,1.0,0.0,0.0,34.0,4356.45,6.72,24.0,181.52,4.0,11.0,0.0,0.0,2.0,0.053,0
SMB_EU_005610,0.0,0.0,0.0,1.0,0.0,0.0,0.0,0.0,0.0,36.0,14101.0,2.19,116.0,121.56,1.0,11.0,0.0,0.0,0.0,0.032,0
SMB_EU_005611,0.0,0.0,0.0,0.0,0.0,0.0,0.0,0.0,1.0,27.0,6405.94,-4.57,71.0,90.22,2.0,7.0,1.0,0.0,0.0,0.109,0
SMB_EU_005612,0.0,0.0,1.0,0.0,0.0,0.0,1.0,0.0,0.0,16.0,5227.47,-18.13,32.0,163.36,1.0,4.0,0.0,0.0,0.0,0.189,0
SMB_EU_005613,1.0,0.0,0.0,0.0,0.0,0.0,1.0,0.0,0.0,12.0,8757.88,-21.54,102.0,85.86,3.0,7.0,1.0,0.0,1.0,0.116,0
SMB_EU_005614,0.0,1.0,0.0,0.0,0.0,0.0,0.0,0.0,1.0,67.0,7464.83,32.8,37.0,201.75,2.0,9.0,1.0,0.0,1.0,0.088,0
SMB_EU_005615,0.0,0.0,0.0,1.0,0.0,0.0,1.0,0.0,0.0,43.0,5094.27,-20.29,53.0,96.12,1.0,12.0,3.0,0.0,1.0,0.06,0
SMB_EU_005616,1.0,0.0,0.0,0.0,0.0,0.0,0.0,1.0,0.0,50.0,4315.43,25.47,24.0,179.81,1.0,14.0,1.0,1.0,1.0,0.126,0
SMB_EU_005617,0.0,0.0,0.0,0.0,1.0,0.0,0.0,0.0,0.0,24.0,20851.74,-12.67,71.0,293.69,1.0,18.0,0.0,1.0,1.0,0.042,0
SMB_EU_005618,0.0,1.0,0.0,0.0,0.0,0.0,1.0,0.0,0.0,14.0,14200.71,11.85,173.0,82.09,3.0,10.0,1.0,0.0,0.0,0.061,0
SMB_EU_005619,0.0,0.0,1.0,0.0,0.0,0.0,0.0,0.0,1.0,13.0,3440.0,-43.21,21.0,163.81,1.0,15.0,0.0,2.0,2.0,0.133,1
SMB_EU_005620,0.0,0.0,0.0,0.0,0.0,0.0,1.0,0.0,0.0,28.0,6669.34,-28.97,29.0,229.98,2.0,9.0,0.0,1.0,0.0,0.093,1
SMB_EU_005621,0.0,0.0,0.0,0.0,0.0,1.0,0.0,0.0,0.0,15.0,5512.14,10.98,48.0,114.84,3.0,15.0,0.0,0.0,1.0,0.212,0
SMB_EU_005622,0.0,0.0,0.0,0.0,1.0,0.0,0.0,0.0,0.0,5.0,7378.26,-24.17,36.0,204.95,3.0,6.0,0.0,1.0,0.0,0.077,0
SMB_EU_005623,1.0,0.0,0.0,0.0,0.0,0.0,1.0,0.0,0.0,39.0,7445.56,-49.33,54.0,137.88,4.0,8.0,0.0,1.0,1.0,0.025,0
SMB_EU_005624,1.0,0.0,0.0,0.0,0.0,0.0,1.0,0.0,0.0,50.0,8742.87,-20.52,68.0,128.57,1.0,7.0,1.0,0.0,1.0,0.028,0
SMB_EU_005625,0.0,0.0,0.0,0.0,0.0,0.0,1.0,0.0,0.0,18.0,10921.6,-42.97,39.0,280.04,2.0,11.0,0.0,0.0,3.0,0.139,0
SMB_EU_005626,0.0,0.0,0.0,0.0,1.0,0.0,1.0,0.0,0.0,7.0,8379.07,-19.85,67.0,125.06,2.0,10.0,0.0,0.0,0.0,0.183,0
SMB_EU_005627,0.0,0.0,0.0,1.0,0.0,0.0,0.0,1.0,0.0,30.0,2947.24,-51.49,18.0,163.74,1.0,9.0,2.0,0.0,3.0,0.082,1
SMB_EU_005628,0.0,1.0,0.0,0.0,0.0,0.0,0.0,0.0,0.0,24.0,50162.52,-3.56,428.0,117.2,3.0,10.0,1.0,0.0,0.0,0.04,0
SMB_EU_005629,0.0,0.0,1.0,0.0,0.0,0.0,0.0,0.0,0.0,20.0,24668.48,-33.14,173.0,142.59,3.0,14.0,0.0,0.0,1.0,0.093,0
SMB_EU_005630,0.0,0.0,0.0,0.0,0.0,0.0,0.0,0.0,0.0,36.0,20898.6,3.88,145.0,144.13,2.0,12.0,1.0,0.0,1.0,0.03,0
SMB_EU_005631,1.0,0.0,0.0,0.0,0.0,0.0,0.0,0.0,1.0,29.0,16446.68,-18.86,108.0,152.28,2.0,11.0,1.0,1.0,1.0,0.09,0
SMB_EU_005632,0.0,0.0,1.0,0.0,0.0,0.0,0.0,0.0,1.0,35.0,10422.74,-35.76,47.0,221.76,4.0,8.0,0.0,1.0,2.0,0.088,0
SMB_EU_005633,0.0,0.0,0.0,0.0,0.0,0.0,0.0,1.0,0.0,28.0,10818.08,-34.21,44.0,245.87,1.0,16.0,1.0,0.0,1.0,0.003,0
SMB_EU_005634,0.0,0.0,0.0,0.0,0.0,0.0,0.0,1.0,0.0,15.0,5173.56,24.75,27.0,191.61,1.0,9.0,0.0,0.0,0.0,0.009,0
SMB_EU_005635,0.0,0.0,0.0,0.0,0.0,0.0,0.0,0.0,0.0,14.0,15015.74,-55.02,70.0,214.51,4.0,11.0,1.0,0.0,2.0,0.083,0
SMB_EU_005636,0.0,0.0,0.0,0.0,0.0,0.0,0.0,0.0,0.0,27.0,21959.22,-5.46,85.0,258.34,1.0,15.0,3.0,0.0,0.0,0.267,0
SMB_EU_005637,0.0,0.0,1.0,0.0,0.0,1.0,0.0,0.0,0.0,48.0,15449.46,-26.88,52.0,297.1,3.0,11.0,0.0,0.0,1.0,0.043,0
SMB_EU_005638,0.0,0.0,0.0,0.0,1.0,1.0,0.0,0.0,0.0,28.0,14864.69,-12.54,82.0,181.28,3.0,19.0,0.0,1.0,1.0,0.091,0
SMB_EU_005639,0.0,0.0,0.0,0.0,0.0,0.0,0.0,0.0,0.0,16.0,21407.87,26.28,75.0,285.44,4.0,10.0,0.0,0.0,0.0,0.094,0
SMB_EU_005640,0.0,0.0,0.0,0.0,0.0,0.0,0.0,0.0,0.0,30.0,20450.7,4.46,109.0,187.62,1.0,9.0,0.0,0.0,0.0,0.046,0
SMB_EU_005641,0.0,0.0,1.0,0.0,0.0,0.0,0.0,0.0,1.0,31.0,13665.17,-10.85,54.0,253.06,4.0,9.0,0.0,0.0,0.0,0.239,0
SMB_EU_005642,1.0,0.0,0.0,0.0,0.0,0.0,0.0,1.0,0.0,15.0,9032.33,-0.51,44.0,205.28,1.0,8.0,0.0,0.0,1.0,0.156,1
SMB_EU_005643,0.0,1.0,0.0,0.0,0.0,0.0,0.0,0.0,0.0,85.0,32697.2,-8.41,119.0,274.77,1.0,11.0,0.0,0.0,1.0,0.126,0
SMB_EU_005644,0.0,1.0,0.0,0.0,0.0,0.0,0.0,1.0,0.0,46.0,4338.32,-1.39,24.0,180.76,1.0,10.0,2.0,1.0,2.0,0.129,0
SMB_EU_005645,0.0,0.0,1.0,0.0,0.0,0.0,0.0,0.0,0.0,24.0,33078.61,11.16,142.0,232.95,1.0,8.0,2.0,0.0,2.0,0.063,0
SMB_EU_005646,0.0,1.0,0.0,0.0,0.0,0.0,1.0,0.0,0.0,81.0,9828.03,-4.97,54.0,182.0,4.0,12.0,0.0,0.0,0.0,0.058,0
SMB_EU_005647,0.0,0.0,0.0,0.0,0.0,0.0,0.0,0.0,0.0,34.0,22167.1,3.3,83.0,267.07,3.0,5.0,2.0,0.0,2.0,0.084,0
SMB_EU_005648,1.0,0.0,0.0,0.0,0.0,0.0,0.0,0.0,0.0,32.0,34371.23,3.55,115.0,298.88,2.0,8.0,0.0,0.0,2.0,0.086,0
SMB_EU_005649,0.0,0.0,1.0,0.0,0.0,0.0,1.0,0.0,0.0,63.0,12524.4,-41.57,94.0,133.24,1.0,8.0,1.0,0.0,0.0,0.044,0
SMB_EU_005650,0.0,0.0,1.0,0.0,0.0,0.0,0.0,1.0,0.0,47.0,8662.78,-48.24,47.0,184.31,2.0,6.0,0.0,0.0,2.0,0.034,0
SMB_EU_005651,1.0,0.0,0.0,0.0,0.0,0.0,0.0,0.0,0.0,37.0,11874.57,-7.88,121.0,98.14,1.0,12.0,0.0,1.0,1.0,0.073,0
SMB_EU_005652,0.0,0.0,1.0,0.0,0.0,1.0,0.0,0.0,0.0,20.0,14742.68,-36.59,133.0,110.85,1.0,7.0,0.0,2.0,1.0,0.044,0
SMB_EU_005653,0.0,0.0,0.0,0.0,0.0,0.0,1.0,0.0,0.0,27.0,12144.22,11.74,43.0,282.42,2.0,8.0,1.0,0.0,2.0,0.037,0
SMB_EU_005654,0.0,1.0,0.0,0.0,0.0,0.0,1.0,0.0,0.0,24.0,8628.59,-17.07,43.0,200.66,3.0,7.0,3.0,0.0,1.0,0.08,0
SMB_EU_005655,0.0,0.0,0.0,0.0,0.0,0.0,0.0,1.0,0.0,16.0,9680.2,-23.94,58.0,166.9,2.0,17.0,0.0,1.0,2.0,0.105,0
SMB_EU_005656,0.0,0.0,0.0,0.0,0.0,1.0,0.0,0.0,0.0,102.0,28345.2,-11.29,124.0,228.59,2.0,10.0,1.0,0.0,2.0,0.099,0
SMB_EU_005657,0.0,0.0,1.0,0.0,0.0,0.0,0.0,0.0,1.0,47.0,4463.22,12.0,22.0,202.87,3.0,6.0,4.0,0.0,0.0,0.171,0
SMB_EU_005658,0.0,0.0,0.0,0.0,1.0,0.0,0.0,0.0,1.0,23.0,5556.59,-7.07,39.0,142.48,1.0,11.0,1.0,0.0,1.0,0.067,1
SMB_EU_005659,0.0,0.0,0.0,0.0,1.0,0.0,0.0,0.0,0.0,34.0,75131.01,33.01,579.0,129.76,3.0,9.0,1.0,0.0,1.0,0.128,0
SMB_EU_005660,0.0,0.0,1.0,0.0,0.0,0.0,0.0,0.0,0.0,24.0,19376.62,3.27,92.0,210.62,3.0,10.0,2.0,1.0,3.0,0.117,0
SMB_EU_005661,0.0,0.0,0.0,0.0,0.0,0.0,0.0,1.0,0.0,14.0,5606.69,17.73,46.0,121.88,2.0,8.0,1.0,0.0,1.0,0.095,0
SMB_EU_005662,0.0,0.0,0.0,0.0,0.0,0.0,0.0,0.0,1.0,5.0,8398.0,-15.22,76.0,110.5,1.0,10.0,5.0,0.0,2.0,0.035,1
SMB_EU_005663,1.0,0.0,0.0,0.0,0.0,1.0,0.0,0.0,0.0,36.0,12389.15,0.18,83.0,149.27,2.0,12.0,0.0,0.0,1.0,0.108,0
SMB_EU_005664,0.0,0.0,1.0,0.0,0.0,0.0,0.0,1.0,0.0,27.0,23955.22,-49.12,89.0,269.16,1.0,9.0,1.0,0.0,1.0,0.202,1
SMB_EU_005665,0.0,0.0,1.0,0.0,0.0,0.0,0.0,1.0,0.0,55.0,3354.57,-15.5,38.0,88.28,3.0,11.0,1.0,0.0,4.0,0.083,0
SMB_EU_005666,1.0,0.0,0.0,0.0,0.0,0.0,0.0,0.0,0.0,18.0,14152.97,0.31,54.0,262.09,1.0,9.0,1.0,0.0,3.0,0.047,0
SMB_EU_005667,1.0,0.0,0.0,0.0,0.0,1.0,0.0,0.0,0.0,55.0,4861.38,15.78,22.0,220.97,1.0,5.0,2.0,0.0,2.0,0.126,0
SMB_EU_005668,1.0,0.0,0.0,0.0,0.0,0.0,0.0,1.0,0.0,59.0,7761.35,-4.91,87.0,89.21,4.0,12.0,2.0,0.0,1.0,0.149,0
SMB_EU_005669,0.0,0.0,0.0,0.0,0.0,1.0,0.0,0.0,0.0,50.0,12493.34,-12.78,59.0,211.75,2.0,8.0,0.0,0.0,1.0,0.115,0
SMB_EU_005670,1.0,0.0,0.0,0.0,0.0,0.0,1.0,0.0,0.0,45.0,21157.64,27.04,122.0,173.42,3.0,6.0,1.0,0.0,1.0,0.039,0
SMB_EU_005671,0.0,0.0,0.0,0.0,1.0,0.0,0.0,0.0,0.0,25.0,23761.85,-17.58,90.0,264.02,2.0,9.0,0.0,0.0,2.0,0.165,0
SMB_EU_005672,0.0,1.0,0.0,0.0,0.0,0.0,1.0,0.0,0.0,55.0,36271.82,2.34,130.0,279.01,1.0,7.0,1.0,0.0,0.0,0.115,0
SMB_EU_005673,0.0,0.0,1.0,0.0,0.0,0.0,1.0,0.0,0.0,49.0,5666.6,-10.62,40.0,141.67,1.0,11.0,1.0,0.0,3.0,0.025,0
SMB_EU_005674,0.0,1.0,0.0,0.0,0.0,0.0,0.0,0.0,1.0,29.0,5454.82,-14.05,22.0,247.95,3.0,5.0,0.0,0.0,2.0,0.037,0
SMB_EU_005675,0.0,0.0,0.0,0.0,1.0,0.0,1.0,0.0,0.0,7.0,19318.21,11.12,130.0,148.6,3.0,9.0,1.0,1.0,2.0,0.064,0
SMB_EU_005676,0.0,0.0,0.0,0.0,0.0,0.0,1.0,0.0,0.0,22.0,8611.87,-30.06,59.0,145.96,1.0,11.0,0.0,0.0,2.0,0.021,0
SMB_EU_005677,0.0,0.0,1.0,0.0,0.0,0.0,0.0,0.0,0.0,51.0,6569.82,6.09,54.0,121.66,1.0,10.0,2.0,0.0,2.0,0.188,0
SMB_EU_005678,0.0,0.0,0.0,0.0,0.0,1.0,0.0,0.0,0.0,33.0,4963.55,-33.83,22.0,225.62,3.0,10.0,0.0,0.0,2.0,0.285,0
SMB_EU_005679,1.0,0.0,0.0,0.0,0.0,0.0,0.0,0.0,0.0,19.0,17486.78,-22.4,127.0,137.69,4.0,10.0,1.0,1.0,0.0,0.131,0
SMB_EU_005680,0.0,0.0,0.0,0.0,0.0,0.0,1.0,0.0,0.0,28.0,5428.66,-10.81,30.0,180.96,3.0,8.0,0.0,0.0,3.0,0.074,0
SMB_EU_005681,0.0,1.0,0.0,0.0,0.0,0.0,1.0,0.0,0.0,29.0,4352.04,-28.18,17.0,256.0,3.0,8.0,1.0,0.0,0.0,0.108,0
SMB_EU_005682,0.0,0.0,0.0,1.0,0.0,0.0,1.0,0.0,0.0,14.0,7062.96,-27.95,28.0,252.25,4.0,11.0,0.0,0.0,0.0,0.065,0
SMB_EU_005683,0.0,0.0,0.0,0.0,1.0,0.0,0.0,0.0,0.0,19.0,7919.52,9.02,30.0,263.98,1.0,5.0,0.0,1.0,1.0,0.062,0
SMB_EU_005684,0.0,0.0,0.0,0.0,0.0,0.0,0.0,0.0,0.0,98.0,21957.94,-16.81,190.0,115.57,1.0,10.0,0.0,0.0,0.0,0.318,0
SMB_EU_005685,0.0,0.0,0.0,0.0,0.0,0.0,0.0,0.0,1.0,2.0,2803.7,18.74,13.0,215.67,1.0,11.0,0.0,0.0,1.0,0.051,0
SMB_EU_005686,1.0,0.0,0.0,0.0,0.0,0.0,0.0,0.0,0.0,28.0,15836.31,3.71,56.0,282.79,4.0,9.0,1.0,0.0,3.0,0.099,0
SMB_EU_005687,0.0,0.0,0.0,1.0,0.0,0.0,1.0,0.0,0.0,51.0,10926.02,-11.98,122.0,89.56,4.0,11.0,1.0,0.0,1.0,0.044,0
SMB_EU_005688,0.0,0.0,0.0,0.0,1.0,0.0,0.0,1.0,0.0,27.0,4735.62,-2.62,19.0,249.24,1.0,12.0,1.0,0.0,0.0,0.028,0
SMB_EU_005689,0.0,0.0,0.0,0.0,0.0,0.0,0.0,0.0,0.0,17.0,28904.11,-10.18,215.0,134.44,2.0,10.0,1.0,0.0,1.0,0.257,0
SMB_EU_005690,0.0,0.0,1.0,0.0,0.0,1.0,0.0,0.0,0.0,21.0,2636.42,-67.16,12.0,219.7,1.0,10.0,1.0,1.0,0.0,0.116,0
SMB_EU_005691,0.0,1.0,0.0,0.0,0.0,0.0,0.0,0.0,0.0,82.0,9849.26,-18.87,41.0,240.23,3.0,8.0,2.0,0.0,0.0,0.06,0
SMB_EU_005692,0.0,0.0,0.0,0.0,0.0,1.0,0.0,0.0,0.0,42.0,4922.12,-14.55,17.0,289.54,2.0,16.0,1.0,0.0,1.0,0.049,0
SMB_EU_005693,0.0,0.0,1.0,0.0,0.0,0.0,0.0,1.0,0.0,40.0,7668.13,13.42,40.0,191.7,4.0,12.0,0.0,1.0,1.0,0.066,0
SMB_EU_005694,0.0,0.0,1.0,0.0,0.0,0.0,0.0,0.0,1.0,25.0,10260.78,4.98,38.0,270.02,1.0,13.0,0.0,0.0,0.0,0.066,0
SMB_EU_005695,1.0,0.0,0.0,0.0,0.0,0.0,0.0,0.0,0.0,32.0,54275.33,-7.55,603.0,90.01,3.0,15.0,0.0,0.0,1.0,0.021,0
SMB_EU_005696,0.0,1.0,0.0,0.0,0.0,0.0,0.0,0.0,0.0,12.0,9249.58,-15.42,54.0,171.29,2.0,13.0,1.0,0.0,4.0,0.071,0
SMB_EU_005697,0.0,0.0,0.0,1.0,0.0,0.0,0.0,0.0,0.0,85.0,6495.16,-6.08,37.0,175.54,1.0,12.0,1.0,0.0,2.0,0.041,0
SMB_EU_005698,0.0,1.0,0.0,0.0,0.0,0.0,0.0,0.0,1.0,44.0,26329.18,-46.7,133.0,197.96,2.0,10.0,1.0,0.0,1.0,0.041,0
SMB_EU_005699,0.0,0.0,0.0,0.0,1.0,0.0,0.0,0.0,1.0,27.0,3814.12,-22.92,21.0,181.62,2.0,12.0,0.0,1.0,0.0,0.02,0
SMB_EU_005700,0.0,1.0,0.0,0.0,0.0,0.0,1.0,0.0,0.0,30.0,12052.59,14.18,41.0,293.97,1.0,11.0,0.0,1.0,1.0,0.058,0
SMB_EU_005701,0.0,1.0,0.0,0.0,0.0,0.0,1.0,0.0,0.0,38.0,4447.04,35.5,46.0,96.67,2.0,6.0,1.0,0.0,1.0,0.071,0
SMB_EU_005702,0.0,1.0,0.0,0.0,0.0,0.0,0.0,0.0,0.0,12.0,4333.86,-16.55,31.0,139.8,3.0,7.0,0.0,0.0,2.0,0.021,0
SMB_EU_005703,0.0,0.0,1.0,0.0,0.0,0.0,1.0,0.0,0.0,22.0,6388.96,13.56,22.0,290.41,1.0,6.0,1.0,0.0,0.0,0.057,0
SMB_EU_005704,0.0,1.0,0.0,0.0,0.0,0.0,0.0,0.0,0.0,12.0,25732.38,-10.61,145.0,177.46,2.0,9.0,0.0,0.0,3.0,0.154,0
SMB_EU_005705,0.0,0.0,0.0,0.0,1.0,0.0,1.0,0.0,0.0,43.0,3843.48,-16.93,19.0,202.29,3.0,6.0,1.0,0.0,1.0,0.143,0
SMB_EU_005706,0.0,1.0,0.0,0.0,0.0,1.0,0.0,0.0,0.0,9.0,8477.51,-16.93,87.0,97.44,1.0,14.0,0.0,0.0,3.0,0.049,0
SMB_EU_005707,0.0,0.0,0.0,0.0,1.0,0.0,0.0,0.0,1.0,13.0,14224.17,2.11,100.0,142.24,3.0,13.0,2.0,0.0,0.0,0.046,0
SMB_EU_005708,0.0,0.0,0.0,0.0,0.0,0.0,0.0,0.0,1.0,47.0,4196.33,-13.96,47.0,89.28,3.0,6.0,0.0,2.0,0.0,0.107,0
SMB_EU_005709,0.0,0.0,1.0,0.0,0.0,0.0,0.0,0.0,0.0,32.0,13084.04,-9.1,119.0,109.95,3.0,7.0,2.0,1.0,2.0,0.029,0
SMB_EU_005710,0.0,0.0,0.0,0.0,1.0,1.0,0.0,0.0,0.0,77.0,15456.11,-6.61,70.0,220.8,1.0,11.0,0.0,0.0,3.0,0.066,0
SMB_EU_005711,0.0,0.0,0.0,0.0,0.0,0.0,0.0,1.0,0.0,22.0,7387.53,-11.1,30.0,246.25,3.0,10.0,1.0,0.0,0.0,0.093,0
SMB_EU_005712,0.0,0.0,0.0,0.0,1.0,0.0,1.0,0.0,0.0,24.0,6838.35,-12.19,25.0,273.53,3.0,10.0,1.0,1.0,0.0,0.065,0
SMB_EU_005713,0.0,0.0,0.0,1.0,0.0,1.0,0.0,0.0,0.0,66.0,7697.82,-36.44,57.0,135.05,2.0,11.0,1.0,0.0,1.0,0.088,0
SMB_EU_005714,0.0,0.0,0.0,0.0,1.0,0.0,0.0,0.0,0.0,56.0,9943.23,1.3,65.0,152.97,2.0,10.0,0.0,0.0,3.0,0.079,0
SMB_EU_005715,0.0,0.0,1.0,0.0,0.0,0.0,1.0,0.0,0.0,48.0,15606.05,1.02,76.0,205.34,1.0,7.0,1.0,0.0,1.0,0.117,0
SMB_EU_005716,0.0,1.0,0.0,0.0,0.0,0.0,0.0,0.0,0.0,15.0,29253.71,-11.96,297.0,98.5,1.0,15.0,0.0,0.0,1.0,0.025,0
SMB_EU_005717,0.0,0.0,0.0,0.0,0.0,0.0,1.0,0.0,0.0,16.0,8601.92,-24.2,33.0,260.66,2.0,6.0,1.0,1.0,0.0,0.01,1
SMB_EU_005718,0.0,1.0,0.0,0.0,0.0,1.0,0.0,0.0,0.0,26.0,6890.77,20.95,37.0,186.24,1.0,10.0,2.0,0.0,3.0,0.114,0
SMB_EU_005719,0.0,0.0,0.0,0.0,0.0,0.0,0.0,0.0,0.0,25.0,8238.12,0.35,28.0,294.22,2.0,16.0,1.0,0.0,2.0,0.23,1
SMB_EU_005720,0.0,0.0,0.0,0.0,0.0,0.0,0.0,0.0,0.0,16.0,6664.72,19.95,63.0,105.79,1.0,9.0,2.0,1.0,0.0,0.019,0
SMB_EU_005721,0.0,0.0,0.0,0.0,0.0,0.0,1.0,0.0,0.0,21.0,6381.98,33.57,58.0,110.03,1.0,17.0,2.0,0.0,0.0,0.098,0
SMB_EU_005722,0.0,0.0,0.0,1.0,0.0,0.0,0.0,1.0,0.0,26.0,4744.55,37.96,30.0,158.15,2.0,10.0,2.0,1.0,1.0,0.086,0
SMB_EU_005723,1.0,0.0,0.0,0.0,0.0,0.0,0.0,0.0,0.0,54.0,28378.35,-55.37,226.0,125.57,3.0,9.0,0.0,0.0,2.0,0.166,0
SMB_EU_005724,0.0,0.0,0.0,0.0,0.0,1.0,0.0,0.0,0.0,63.0,10435.53,-17.75,45.0,231.9,1.0,12.0,1.0,0.0,2.0,0.069,0
SMB_EU_005725,0.0,0.0,0.0,0.0,0.0,1.0,0.0,0.0,0.0,42.0,6703.7,-6.67,23.0,291.47,3.0,10.0,3.0,0.0,1.0,0.042,0
SMB_EU_005726,0.0,0.0,1.0,0.0,0.0,0.0,0.0,0.0,0.0,8.0,30642.06,1.93,307.0,99.81,1.0,4.0,1.0,1.0,2.0,0.038,0
SMB_EU_005727,0.0,0.0,0.0,0.0,0.0,0.0,1.0,0.0,0.0,58.0,4541.92,23.8,34.0,133.59,1.0,11.0,0.0,0.0,0.0,0.052,0
SMB_EU_005728,0.0,0.0,0.0,0.0,0.0,0.0,0.0,1.0,0.0,43.0,9543.31,9.41,72.0,132.55,4.0,6.0,2.0,2.0,1.0,0.044,0
SMB_EU_005729,0.0,0.0,0.0,0.0,0.0,0.0,1.0,0.0,0.0,49.0,4978.78,-18.05,26.0,191.49,2.0,14.0,1.0,1.0,1.0,0.072,0
SMB_EU_005730,0.0,0.0,0.0,0.0,1.0,0.0,1.0,0.0,0.0,16.0,16831.6,-9.17,94.0,179.06,1.0,8.0,2.0,0.0,0.0,0.031,0
SMB_EU_005731,1.0,0.0,0.0,0.0,0.0,0.0,0.0,1.0,0.0,68.0,4960.12,-41.37,21.0,236.2,2.0,8.0,0.0,0.0,0.0,0.08,0
SMB_EU_005732,0.0,1.0,0.0,0.0,0.0,0.0,1.0,0.0,0.0,24.0,2412.03,-22.34,10.0,241.2,1.0,8.0,0.0,1.0,0.0,0.13,0
SMB_EU_005733,0.0,0.0,1.0,0.0,0.0,0.0,0.0,0.0,0.0,15.0,23246.27,0.21,113.0,205.72,4.0,11.0,0.0,1.0,1.0,0.242,0
SMB_EU_005734,0.0,0.0,0.0,1.0,0.0,0.0,0.0,0.0,0.0,45.0,24380.35,-17.83,116.0,210.18,1.0,8.0,0.0,0.0,0.0,0.07,0
SMB_EU_005735,0.0,0.0,1.0,0.0,0.0,0.0,0.0,0.0,0.0,26.0,11405.57,-24.76,43.0,265.25,3.0,8.0,0.0,0.0,3.0,0.188,0
SMB_EU_005736,0.0,0.0,1.0,0.0,0.0,0.0,0.0,1.0,0.0,42.0,4001.55,-14.2,24.0,166.73,1.0,8.0,2.0,0.0,0.0,0.012,0
SMB_EU_005737,0.0,0.0,1.0,0.0,0.0,1.0,0.0,0.0,0.0,21.0,5452.27,6.17,66.0,82.61,2.0,12.0,2.0,0.0,3.0,0.022,0
SMB_EU_005738,0.0,1.0,0.0,0.0,0.0,1.0,0.0,0.0,0.0,11.0,1890.17,6.06,15.0,126.01,4.0,8.0,0.0,0.0,2.0,0.01,0
SMB_EU_005739,0.0,0.0,0.0,0.0,0.0,0.0,0.0,1.0,0.0,20.0,1209.98,1.45,14.0,86.43,1.0,9.0,0.0,0.0,3.0,0.32,0
SMB_EU_005740,0.0,0.0,0.0,1.0,0.0,0.0,0.0,0.0,0.0,9.0,32754.02,14.87,197.0,166.26,1.0,6.0,1.0,1.0,1.0,0.056,0
SMB_EU_005741,0.0,0.0,0.0,0.0,1.0,0.0,0.0,0.0,0.0,43.0,9148.68,13.28,58.0,157.74,2.0,15.0,0.0,0.0,2.0,0.047,0
SMB_EU_005742,0.0,0.0,1.0,0.0,0.0,0.0,0.0,0.0,0.0,3.0,45659.36,-21.12,449.0,101.69,1.0,13.0,2.0,0.0,1.0,0.145,1
SMB_EU_005743,1.0,0.0,0.0,0.0,0.0,0.0,0.0,0.0,0.0,56.0,34133.91,1.0,139.0,245.57,3.0,8.0,1.0,0.0,2.0,0.203,0
SMB_EU_005744,0.0,0.0,0.0,0.0,1.0,0.0,0.0,0.0,1.0,10.0,23047.14,1.94,114.0,202.17,2.0,9.0,1.0,0.0,0.0,0.051,0
SMB_EU_005745,0.0,0.0,0.0,0.0,0.0,0.0,0.0,1.0,0.0,52.0,3384.68,-2.21,26.0,130.18,1.0,5.0,1.0,0.0,2.0,0.123,0
SMB_EU_005746,0.0,0.0,1.0,0.0,0.0,0.0,1.0,0.0,0.0,39.0,3047.74,-32.62,12.0,253.98,3.0,9.0,0.0,3.0,0.0,0.055,0
SMB_EU_005747,0.0,0.0,1.0,0.0,0.0,0.0,1.0,0.0,0.0,4.0,4167.48,17.03,18.0,231.53,1.0,11.0,1.0,0.0,3.0,0.067,0
SMB_EU_005748,0.0,0.0,0.0,0.0,1.0,0.0,1.0,0.0,0.0,31.0,6120.04,-16.98,50.0,122.4,4.0,7.0,3.0,0.0,1.0,0.196,0
SMB_EU_005749,0.0,0.0,0.0,0.0,1.0,0.0,1.0,0.0,0.0,9.0,1926.11,-18.24,7.0,275.16,1.0,12.0,1.0,1.0,0.0,0.185,0
SMB_EU_005750,0.0,0.0,1.0,0.0,0.0,0.0,1.0,0.0,0.0,31.0,6014.58,21.42,51.0,117.93,3.0,9.0,0.0,0.0,1.0,0.092,0
SMB_EU_005751,0.0,1.0,0.0,0.0,0.0,0.0,0.0,0.0,0.0,17.0,13290.42,-8.85,53.0,250.76,1.0,4.0,1.0,0.0,1.0,0.092,0
SMB_EU_005752,1.0,0.0,0.0,0.0,0.0,0.0,0.0,1.0,0.0,4.0,2299.72,-22.89,8.0,287.46,3.0,6.0,2.0,1.0,2.0,0.047,0
SMB_EU_005753,0.0,0.0,0.0,0.0,0.0,0.0,0.0,1.0,0.0,38.0,2678.21,15.35,11.0,243.47,1.0,11.0,1.0,0.0,1.0,0.04,0
SMB_EU_005754,1.0,0.0,0.0,0.0,0.0,0.0,1.0,0.0,0.0,25.0,7008.21,3.3,31.0,226.07,1.0,11.0,0.0,1.0,1.0,0.019,0
SMB_EU_005755,0.0,0.0,0.0,0.0,1.0,0.0,0.0,0.0,0.0,27.0,18575.1,-10.24,67.0,277.24,1.0,10.0,1.0,0.0,2.0,0.128,0
SMB_EU_005756,0.0,1.0,0.0,0.0,0.0,0.0,0.0,0.0,0.0,5.0,8789.49,-62.14,63.0,139.52,2.0,12.0,1.0,0.0,0.0,0.079,1
SMB_EU_005757,0.0,0.0,1.0,0.0,0.0,0.0,0.0,1.0,0.0,5.0,5958.33,25.37,42.0,141.86,2.0,10.0,0.0,0.0,3.0,0.075,0
SMB_EU_005758,0.0,0.0,0.0,1.0,0.0,0.0,0.0,1.0,0.0,22.0,5427.86,-11.67,25.0,217.11,2.0,14.0,1.0,0.0,0.0,0.047,0
SMB_EU_005759,0.0,0.0,0.0,1.0,0.0,0.0,0.0,0.0,1.0,51.0,9256.78,19.76,34.0,272.26,4.0,11.0,3.0,1.0,2.0,0.108,0
SMB_EU_005760,0.0,1.0,0.0,0.0,0.0,0.0,0.0,0.0,0.0,43.0,10143.59,-33.98,47.0,215.82,1.0,14.0,0.0,2.0,0.0,0.034,0
SMB_EU_005761,1.0,0.0,0.0,0.0,0.0,1.0,0.0,0.0,0.0,37.0,2695.9,-16.5,9.0,299.54,3.0,8.0,3.0,0.0,1.0,0.124,1
SMB_EU_005762,0.0,0.0,0.0,0.0,1.0,0.0,1.0,0.0,0.0,61.0,22138.38,4.47,172.0,128.71,2.0,7.0,1.0,1.0,0.0,0.064,0
SMB_EU_005763,0.0,0.0,0.0,0.0,1.0,1.0,0.0,0.0,0.0,17.0,8757.79,-6.01,33.0,265.39,1.0,7.0,0.0,1.0,1.0,0.108,0
SMB_EU_005764,0.0,0.0,0.0,0.0,0.0,0.0,1.0,0.0,0.0,39.0,14627.17,-1.12,52.0,281.29,1.0,10.0,1.0,0.0,1.0,0.151,0
SMB_EU_005765,0.0,0.0,0.0,0.0,1.0,0.0,0.0,0.0,0.0,7.0,14265.9,-34.97,82.0,173.97,2.0,6.0,0.0,0.0,1.0,0.041,0
SMB_EU_005766,1.0,0.0,0.0,0.0,0.0,1.0,0.0,0.0,0.0,101.0,5437.63,-17.86,19.0,286.19,1.0,2.0,0.0,1.0,0.0,0.1,0
SMB_EU_005767,0.0,1.0,0.0,0.0,0.0,0.0,0.0,0.0,0.0,15.0,20134.73,-16.74,162.0,124.29,3.0,6.0,0.0,0.0,0.0,0.118,0
SMB_EU_005768,0.0,0.0,0.0,0.0,0.0,0.0,1.0,0.0,0.0,37.0,2660.8,-47.08,9.0,295.64,4.0,12.0,0.0,0.0,0.0,0.115,0
SMB_EU_005769,0.0,1.0,0.0,0.0,0.0,0.0,1.0,0.0,0.0,76.0,4098.64,-9.99,15.0,273.24,1.0,8.0,0.0,0.0,2.0,0.104,0
SMB_EU_005770,0.0,0.0,0.0,0.0,1.0,0.0,1.0,0.0,0.0,20.0,4956.88,20.12,52.0,95.32,1.0,11.0,2.0,0.0,0.0,0.158,0
SMB_EU_005771,0.0,0.0,1.0,0.0,0.0,0.0,1.0,0.0,0.0,36.0,6090.33,-2.88,31.0,196.46,1.0,5.0,0.0,0.0,2.0,0.049,0
SMB_EU_005772,1.0,0.0,0.0,0.0,0.0,0.0,1.0,0.0,0.0,31.0,4719.13,10.78,24.0,196.63,2.0,12.0,3.0,0.0,3.0,0.157,0
SMB_EU_005773,0.0,1.0,0.0,0.0,0.0,0.0,1.0,0.0,0.0,20.0,9768.14,6.64,106.0,92.15,1.0,7.0,2.0,1.0,1.0,0.214,0
SMB_EU_005774,1.0,0.0,0.0,0.0,0.0,0.0,1.0,0.0,0.0,17.0,8400.66,-36.62,95.0,88.43,4.0,9.0,1.0,0.0,2.0,0.029,0
SMB_EU_005775,0.0,0.0,0.0,0.0,0.0,0.0,0.0,0.0,1.0,10.0,20758.24,-29.7,256.0,81.09,3.0,6.0,2.0,0.0,1.0,0.1,1
SMB_EU_005776,0.0,1.0,0.0,0.0,0.0,0.0,0.0,0.0,0.0,24.0,66175.2,17.77,339.0,195.21,4.0,12.0,4.0,0.0,1.0,0.035,0
SMB_EU_005777,0.0,0.0,1.0,0.0,0.0,0.0,1.0,0.0,0.0,15.0,3749.91,-37.27,21.0,178.57,2.0,14.0,0.0,0.0,2.0,0.079,0
SMB_EU_005778,0.0,0.0,0.0,0.0,0.0,0.0,0.0,0.0,0.0,15.0,16386.1,-6.06,57.0,287.48,1.0,16.0,0.0,0.0,0.0,0.049,0
SMB_EU_005779,1.0,0.0,0.0,0.0,0.0,0.0,0.0,1.0,0.0,40.0,5456.2,-2.26,35.0,155.89,2.0,10.0,0.0,0.0,1.0,0.184,0
SMB_EU_005780,0.0,1.0,0.0,0.0,0.0,1.0,0.0,0.0,0.0,29.0,5949.1,-42.94,26.0,228.81,2.0,9.0,0.0,0.0,2.0,0.053,0
SMB_EU_005781,0.0,0.0,1.0,0.0,0.0,0.0,0.0,0.0,0.0,53.0,7823.68,14.43,96.0,81.5,3.0,13.0,0.0,0.0,1.0,0.049,0
SMB_EU_005782,0.0,1.0,0.0,0.0,0.0,1.0,0.0,0.0,0.0,19.0,3460.6,0.09,15.0,230.71,4.0,12.0,0.0,1.0,0.0,0.06,0
SMB_EU_005783,0.0,0.0,1.0,0.0,0.0,0.0,0.0,1.0,0.0,11.0,5775.83,-1.91,21.0,275.04,2.0,10.0,0.0,0.0,2.0,0.13,0
SMB_EU_005784,0.0,0.0,0.0,0.0,0.0,0.0,0.0,1.0,0.0,41.0,2835.53,15.28,18.0,157.53,1.0,10.0,0.0,0.0,0.0,0.116,0
SMB_EU_005785,0.0,0.0,0.0,0.0,0.0,1.0,0.0,0.0,0.0,42.0,6601.67,9.01,44.0,150.04,1.0,9.0,0.0,1.0,1.0,0.075,0
SMB_EU_005786,0.0,0.0,0.0,0.0,1.0,0.0,0.0,1.0,0.0,33.0,4314.01,-63.92,20.0,215.7,3.0,10.0,0.0,1.0,1.0,0.08,1
SMB_EU_005787,0.0,1.0,0.0,0.0,0.0,0.0,0.0,1.0,0.0,14.0,5443.56,-17.21,36.0,151.21,2.0,10.0,2.0,0.0,0.0,0.04,0
SMB_EU_005788,1.0,0.0,0.0,0.0,0.0,1.0,0.0,0.0,0.0,28.0,3386.44,-12.36,20.0,169.32,2.0,8.0,2.0,1.0,1.0,0.058,0
SMB_EU_005789,0.0,0.0,0.0,0.0,1.0,0.0,0.0,0.0,0.0,10.0,16486.33,-0.74,118.0,139.71,1.0,7.0,2.0,1.0,1.0,0.176,1
SMB_EU_005790,0.0,0.0,0.0,0.0,0.0,1.0,0.0,0.0,0.0,15.0,3536.68,-18.69,23.0,153.77,4.0,8.0,0.0,0.0,4.0,0.015,0
SMB_EU_005791,0.0,1.0,0.0,0.0,0.0,0.0,0.0,1.0,0.0,58.0,5506.09,1.36,24.0,229.42,3.0,11.0,1.0,0.0,1.0,0.136,0
SMB_EU_005792,0.0,0.0,1.0,0.0,0.0,0.0,1.0,0.0,0.0,18.0,17869.21,-1.94,63.0,283.64,1.0,9.0,0.0,0.0,4.0,0.029,0
SMB_EU_005793,0.0,0.0,0.0,0.0,1.0,0.0,0.0,0.0,1.0,49.0,10525.65,-38.14,51.0,206.39,2.0,6.0,2.0,0.0,1.0,0.033,0
SMB_EU_005794,0.0,0.0,0.0,0.0,1.0,0.0,1.0,0.0,0.0,34.0,9704.25,-21.09,118.0,82.24,2.0,12.0,2.0,0.0,1.0,0.176,0
SMB_EU_005795,0.0,0.0,0.0,1.0,0.0,0.0,0.0,0.0,0.0,75.0,24492.68,-43.29,177.0,138.38,2.0,15.0,0.0,1.0,2.0,0.246,1
SMB_EU_005796,1.0,0.0,0.0,0.0,0.0,0.0,0.0,1.0,0.0,33.0,2153.95,-5.16,7.0,307.71,2.0,10.0,1.0,0.0,0.0,0.057,0
SMB_EU_005797,0.0,0.0,0.0,0.0,0.0,0.0,1.0,0.0,0.0,32.0,22438.86,16.11,80.0,280.49,3.0,14.0,1.0,0.0,0.0,0.031,0
SMB_EU_005798,0.0,0.0,0.0,0.0,1.0,0.0,0.0,0.0,0.0,7.0,7962.13,-28.36,76.0,104.76,1.0,7.0,1.0,0.0,1.0,0.078,0
SMB_EU_005799,0.0,0.0,0.0,0.0,1.0,0.0,1.0,0.0,0.0,16.0,13561.54,-19.83,48.0,282.53,2.0,10.0,0.0,0.0,1.0,0.04,0
SMB_EU_005800,0.0,0.0,0.0,0.0,0.0,0.0,0.0,0.0,0.0,22.0,23481.11,-2.46,80.0,293.51,1.0,5.0,1.0,0.0,0.0,0.027,0
SMB_EU_005801,0.0,1.0,0.0,0.0,0.0,0.0,1.0,0.0,0.0,93.0,4655.93,-15.96,31.0,150.19,1.0,7.0,0.0,0.0,1.0,0.076,0
SMB_EU_005802,0.0,0.0,0.0,0.0,0.0,0.0,0.0,0.0,0.0,16.0,27477.9,-16.03,117.0,234.85,2.0,14.0,0.0,1.0,1.0,0.013,0
SMB_EU_005803,0.0,1.0,0.0,0.0,0.0,0.0,0.0,0.0,0.0,11.0,20221.33,8.12,100.0,202.21,1.0,12.0,1.0,1.0,3.0,0.104,0
SMB_EU_005804,1.0,0.0,0.0,0.0,0.0,0.0,0.0,0.0,1.0,8.0,27972.22,-7.42,181.0,154.54,1.0,2.0,0.0,0.0,0.0,0.134,0
SMB_EU_005805,0.0,1.0,0.0,0.0,0.0,0.0,0.0,0.0,1.0,7.0,10107.24,-22.3,89.0,113.56,2.0,9.0,1.0,2.0,0.0,0.099,0
SMB_EU_005806,0.0,0.0,0.0,0.0,0.0,0.0,1.0,0.0,0.0,95.0,7495.6,-31.32,47.0,159.48,4.0,11.0,3.0,1.0,2.0,0.108,0
SMB_EU_005807,0.0,1.0,0.0,0.0,0.0,0.0,0.0,1.0,0.0,30.0,3671.43,33.13,13.0,282.42,3.0,14.0,1.0,1.0,1.0,0.117,0
SMB_EU_005808,0.0,0.0,0.0,0.0,1.0,0.0,1.0,0.0,0.0,12.0,2810.69,16.92,11.0,255.52,1.0,9.0,0.0,0.0,1.0,0.015,0
SMB_EU_005809,0.0,0.0,1.0,0.0,0.0,0.0,1.0,0.0,0.0,62.0,6609.48,-6.77,43.0,153.71,2.0,12.0,1.0,0.0,3.0,0.055,0
SMB_EU_005810,0.0,1.0,0.0,0.0,0.0,0.0,1.0,0.0,0.0,81.0,6779.49,1.32,34.0,199.4,2.0,9.0,0.0,0.0,2.0,0.112,0
SMB_EU_005811,0.0,0.0,0.0,0.0,0.0,0.0,0.0,0.0,1.0,12.0,10532.43,-7.33,62.0,169.88,1.0,11.0,2.0,1.0,0.0,0.117,0
SMB_EU_005812,0.0,0.0,0.0,0.0,1.0,0.0,0.0,0.0,1.0,19.0,3831.91,7.66,21.0,182.47,1.0,5.0,0.0,0.0,2.0,0.114,0
SMB_EU_005813,1.0,0.0,0.0,0.0,0.0,0.0,1.0,0.0,0.0,56.0,6931.21,-12.81,28.0,247.54,1.0,6.0,1.0,0.0,1.0,0.103,0
SMB_EU_005814,0.0,1.0,0.0,0.0,0.0,0.0,1.0,0.0,0.0,43.0,11304.4,-8.15,57.0,198.32,2.0,5.0,1.0,0.0,1.0,0.102,0
SMB_EU_005815,0.0,0.0,0.0,0.0,0.0,0.0,1.0,0.0,0.0,24.0,11998.09,-49.11,100.0,119.98,3.0,4.0,2.0,0.0,1.0,0.068,0
SMB_EU_005816,0.0,0.0,0.0,0.0,0.0,0.0,0.0,0.0,0.0,57.0,4914.36,21.81,35.0,140.41,2.0,11.0,0.0,0.0,5.0,0.046,0
SMB_EU_005817,0.0,0.0,0.0,0.0,0.0,1.0,0.0,0.0,0.0,6.0,9166.94,11.12,45.0,203.71,4.0,10.0,2.0,0.0,3.0,0.02,0
SMB_EU_005818,0.0,0.0,1.0,0.0,0.0,0.0,1.0,0.0,0.0,10.0,6899.83,18.51,30.0,229.99,1.0,8.0,2.0,2.0,1.0,0.144,0
SMB_EU_005819,0.0,0.0,0.0,0.0,1.0,0.0,0.0,1.0,0.0,15.0,4474.66,-4.69,23.0,194.55,4.0,7.0,2.0,1.0,3.0,0.154,0
SMB_EU_005820,0.0,0.0,0.0,1.0,0.0,0.0,0.0,0.0,0.0,13.0,3630.39,-51.19,17.0,213.55,2.0,12.0,0.0,1.0,0.0,0.134,0
SMB_EU_005821,0.0,0.0,0.0,0.0,1.0,0.0,0.0,0.0,1.0,3.0,22051.21,-29.08,87.0,253.46,1.0,12.0,1.0,1.0,2.0,0.058,0
SMB_EU_005822,0.0,0.0,0.0,1.0,0.0,1.0,0.0,0.0,0.0,20.0,6671.46,1.08,33.0,202.17,4.0,8.0,0.0,0.0,2.0,0.051,0
SMB_EU_005823,1.0,0.0,0.0,0.0,0.0,0.0,0.0,0.0,0.0,39.0,5984.51,5.69,20.0,299.23,2.0,6.0,1.0,0.0,1.0,0.047,1
SMB_EU_005824,1.0,0.0,0.0,0.0,0.0,0.0,0.0,1.0,0.0,47.0,6262.37,-4.5,48.0,130.47,1.0,11.0,1.0,0.0,0.0,0.069,1
SMB_EU_005825,0.0,0.0,0.0,0.0,0.0,0.0,0.0,1.0,0.0,44.0,6147.99,-11.65,22.0,279.45,1.0,8.0,0.0,0.0,1.0,0.119,0
SMB_EU_005826,0.0,1.0,0.0,0.0,0.0,0.0,0.0,0.0,0.0,54.0,31236.17,18.65,232.0,134.64,1.0,10.0,1.0,0.0,2.0,0.053,0
SMB_EU_005827,0.0,0.0,1.0,0.0,0.0,0.0,0.0,0.0,0.0,36.0,12456.43,9.48,63.0,197.72,4.0,14.0,2.0,1.0,6.0,0.089,0
SMB_EU_005828,0.0,0.0,0.0,0.0,0.0,0.0,0.0,0.0,1.0,17.0,9065.01,19.69,50.0,181.3,1.0,13.0,1.0,0.0,0.0,0.113,0
SMB_EU_005829,0.0,1.0,0.0,0.0,0.0,0.0,1.0,0.0,0.0,5.0,5439.88,-14.3,34.0,160.0,4.0,9.0,0.0,0.0,3.0,0.029,0
SMB_EU_005830,0.0,0.0,0.0,1.0,0.0,0.0,1.0,0.0,0.0,5.0,11452.53,-10.62,39.0,293.65,1.0,10.0,2.0,0.0,1.0,0.052,1
SMB_EU_005831,0.0,0.0,0.0,0.0,1.0,0.0,0.0,0.0,0.0,29.0,9374.15,-13.71,67.0,139.91,1.0,13.0,0.0,0.0,0.0,0.087,0
SMB_EU_005832,0.0,0.0,0.0,1.0,0.0,0.0,0.0,1.0,0.0,13.0,2926.02,-0.71,13.0,225.08,1.0,12.0,3.0,1.0,2.0,0.087,0
SMB_EU_005833,1.0,0.0,0.0,0.0,0.0,0.0,0.0,1.0,0.0,28.0,4800.69,-8.54,19.0,252.67,2.0,10.0,2.0,1.0,4.0,0.033,0
SMB_EU_005834,0.0,0.0,0.0,1.0,0.0,0.0,0.0,0.0,1.0,9.0,4313.31,-7.49,35.0,123.24,1.0,10.0,1.0,1.0,0.0,0.145,0
SMB_EU_005835,1.0,0.0,0.0,0.0,0.0,0.0,0.0,0.0,0.0,61.0,39225.57,-0.17,133.0,294.93,3.0,15.0,1.0,0.0,3.0,0.106,0
SMB_EU_005836,0.0,0.0,1.0,0.0,0.0,0.0,1.0,0.0,0.0,20.0,25426.75,15.04,127.0,200.21,1.0,8.0,0.0,0.0,1.0,0.012,0
SMB_EU_005837,0.0,0.0,0.0,0.0,1.0,1.0,0.0,0.0,0.0,22.0,4570.42,-26.79,16.0,285.65,3.0,16.0,2.0,0.0,1.0,0.092,0
SMB_EU_005838,0.0,1.0,0.0,0.0,0.0,0.0,0.0,1.0,0.0,23.0,2175.98,11.86,10.0,217.6,3.0,10.0,3.0,0.0,0.0,0.104,0
SMB_EU_005839,0.0,0.0,1.0,0.0,0.0,0.0,1.0,0.0,0.0,56.0,9790.35,7.01,44.0,222.51,1.0,14.0,1.0,1.0,2.0,0.137,0
SMB_EU_005840,0.0,0.0,1.0,0.0,0.0,0.0,1.0,0.0,0.0,11.0,5990.53,-13.18,38.0,157.65,3.0,7.0,2.0,0.0,1.0,0.057,0
SMB_EU_005841,0.0,1.0,0.0,0.0,0.0,0.0,1.0,0.0,0.0,24.0,16187.68,-13.19,65.0,249.04,3.0,9.0,1.0,1.0,1.0,0.024,0
SMB_EU_005842,0.0,0.0,0.0,0.0,0.0,1.0,0.0,0.0,0.0,27.0,3741.44,-53.47,43.0,87.01,2.0,14.0,1.0,0.0,1.0,0.055,1
SMB_EU_005843,0.0,0.0,0.0,0.0,0.0,0.0,0.0,1.0,0.0,14.0,6931.98,-20.05,34.0,203.88,2.0,9.0,3.0,0.0,3.0,0.055,1
SMB_EU_005844,0.0,0.0,0.0,0.0,0.0,1.0,0.0,0.0,0.0,39.0,6424.74,-7.71,74.0,86.82,2.0,9.0,1.0,1.0,2.0,0.034,0
SMB_EU_005845,0.0,0.0,0.0,0.0,1.0,0.0,0.0,0.0,1.0,52.0,5998.25,22.7,41.0,146.3,3.0,14.0,0.0,0.0,1.0,0.187,0
SMB_EU_005846,0.0,1.0,0.0,0.0,0.0,0.0,1.0,0.0,0.0,5.0,9239.35,-0.47,91.0,101.53,1.0,15.0,1.0,0.0,4.0,0.184,0
SMB_EU_005847,0.0,0.0,0.0,0.0,0.0,0.0,0.0,0.0,1.0,42.0,15246.41,-42.71,54.0,282.34,1.0,12.0,0.0,0.0,0.0,0.172,0
SMB_EU_005848,1.0,0.0,0.0,0.0,0.0,0.0,0.0,1.0,0.0,4.0,5267.45,28.74,24.0,219.48,1.0,2.0,1.0,0.0,1.0,0.043,0
SMB_EU_005849,0.0,1.0,0.0,0.0,0.0,0.0,0.0,0.0,0.0,14.0,15901.62,-13.96,70.0,227.17,2.0,15.0,3.0,0.0,2.0,0.022,0
SMB_EU_005850,0.0,0.0,0.0,1.0,0.0,0.0,0.0,0.0,1.0,17.0,5331.08,-14.43,20.0,266.55,1.0,10.0,1.0,0.0,1.0,0.145,0
SMB_EU_005851,0.0,0.0,0.0,0.0,0.0,0.0,0.0,0.0,0.0,17.0,29801.93,18.44,124.0,240.34,1.0,13.0,2.0,0.0,0.0,0.072,0
SMB_EU_005852,0.0,0.0,0.0,0.0,1.0,0.0,0.0,1.0,0.0,58.0,9357.38,9.92,87.0,107.56,2.0,8.0,0.0,0.0,0.0,0.022,0
SMB_EU_005853,0.0,0.0,0.0,0.0,1.0,0.0,0.0,1.0,0.0,18.0,3908.3,-55.71,18.0,217.13,1.0,14.0,0.0,0.0,2.0,0.043,0
SMB_EU_005854,0.0,0.0,0.0,0.0,1.0,0.0,0.0,1.0,0.0,18.0,4640.7,12.48,16.0,290.04,1.0,12.0,0.0,0.0,2.0,0.048,0
SMB_EU_005855,0.0,1.0,0.0,0.0,0.0,1.0,0.0,0.0,0.0,8.0,14017.29,4.51,110.0,127.43,2.0,8.0,0.0,0.0,2.0,0.144,0
SMB_EU_005856,1.0,0.0,0.0,0.0,0.0,0.0,1.0,0.0,0.0,32.0,4052.36,-17.79,19.0,213.28,3.0,12.0,1.0,1.0,2.0,0.236,0
SMB_EU_005857,0.0,0.0,0.0,0.0,0.0,0.0,0.0,0.0,0.0,22.0,21555.33,-35.96,106.0,203.35,1.0,11.0,2.0,1.0,3.0,0.2,1
SMB_EU_005858,0.0,0.0,0.0,0.0,0.0,0.0,0.0,0.0,0.0,37.0,10728.27,-8.51,65.0,165.05,1.0,11.0,1.0,0.0,0.0,0.202,0
SMB_EU_005859,0.0,0.0,0.0,0.0,0.0,0.0,0.0,1.0,0.0,8.0,14531.0,-27.93,50.0,290.62,1.0,10.0,0.0,0.0,1.0,0.185,0
SMB_EU_005860,0.0,0.0,1.0,0.0,0.0,0.0,0.0,1.0,0.0,76.0,5194.01,-6.43,33.0,157.39,3.0,4.0,1.0,0.0,1.0,0.06,0
SMB_EU_005861,0.0,0.0,0.0,1.0,0.0,0.0,0.0,0.0,1.0,44.0,19172.02,-47.45,191.0,100.38,2.0,13.0,1.0,0.0,0.0,0.04,0
SMB_EU_005862,0.0,0.0,0.0,1.0,0.0,0.0,1.0,0.0,0.0,27.0,5066.47,2.77,17.0,298.03,1.0,5.0,1.0,0.0,0.0,0.12,1
SMB_EU_005863,0.0,0.0,0.0,0.0,0.0,0.0,0.0,1.0,0.0,50.0,2363.92,-25.4,10.0,236.39,3.0,8.0,0.0,0.0,2.0,0.062,0
SMB_EU_005864,0.0,0.0,0.0,1.0,0.0,0.0,0.0,0.0,1.0,77.0,7819.88,-6.1,50.0,156.4,1.0,4.0,1.0,0.0,1.0,0.034,0
SMB_EU_005865,1.0,0.0,0.0,0.0,0.0,0.0,0.0,1.0,0.0,33.0,5853.55,5.38,41.0,142.77,1.0,5.0,0.0,1.0,1.0,0.055,0
SMB_EU_005866,0.0,0.0,0.0,1.0,0.0,0.0,1.0,0.0,0.0,23.0,5888.51,-54.47,21.0,280.41,1.0,9.0,0.0,0.0,1.0,0.095,1
SMB_EU_005867,1.0,0.0,0.0,0.0,0.0,0.0,1.0,0.0,0.0,18.0,12609.19,-5.44,90.0,140.1,1.0,12.0,1.0,0.0,1.0,0.008,0
SMB_EU_005868,0.0,1.0,0.0,0.0,0.0,0.0,1.0,0.0,0.0,21.0,7053.12,5.88,36.0,195.92,2.0,8.0,0.0,1.0,2.0,0.05,0
SMB_EU_005869,1.0,0.0,0.0,0.0,0.0,1.0,0.0,0.0,0.0,30.0,1720.99,1.09,14.0,122.93,2.0,16.0,1.0,0.0,0.0,0.182,0
SMB_EU_005870,0.0,0.0,1.0,0.0,0.0,1.0,0.0,0.0,0.0,22.0,8359.9,15.7,28.0,298.57,3.0,10.0,0.0,1.0,0.0,0.012,0
SMB_EU_005871,0.0,0.0,0.0,0.0,0.0,0.0,0.0,0.0,1.0,42.0,5299.98,5.76,21.0,252.38,2.0,18.0,1.0,1.0,1.0,0.052,0
SMB_EU_005872,0.0,1.0,0.0,0.0,0.0,0.0,0.0,0.0,0.0,64.0,12074.45,-65.21,59.0,204.65,2.0,9.0,2.0,0.0,0.0,0.097,1
SMB_EU_005873,0.0,0.0,1.0,0.0,0.0,0.0,0.0,0.0,0.0,10.0,38089.13,-7.16,156.0,244.16,2.0,12.0,0.0,0.0,0.0,0.036,0
SMB_EU_005874,1.0,0.0,0.0,0.0,0.0,1.0,0.0,0.0,0.0,10.0,17382.2,0.3,62.0,280.36,2.0,12.0,0.0,0.0,1.0,0.015,0
SMB_EU_005875,0.0,1.0,0.0,0.0,0.0,0.0,0.0,1.0,0.0,19.0,3540.05,20.08,12.0,295.0,1.0,9.0,2.0,1.0,2.0,0.103,0
SMB_EU_005876,0.0,1.0,0.0,0.0,0.0,0.0,0.0,0.0,1.0,5.0,12729.17,-7.1,50.0,254.58,3.0,10.0,2.0,1.0,0.0,0.006,0
SMB_EU_005877,0.0,0.0,0.0,0.0,1.0,0.0,0.0,1.0,0.0,72.0,3589.72,-25.99,13.0,276.13,4.0,14.0,2.0,0.0,1.0,0.069,0
SMB_EU_005878,0.0,0.0,1.0,0.0,0.0,0.0,0.0,0.0,0.0,54.0,12628.12,6.61,75.0,168.37,2.0,11.0,1.0,1.0,3.0,0.103,0
SMB_EU_005879,0.0,0.0,0.0,1.0,0.0,1.0,0.0,0.0,0.0,23.0,4171.58,-11.33,25.0,166.86,2.0,14.0,1.0,0.0,4.0,0.205,0
SMB_EU_005880,0.0,0.0,0.0,1.0,0.0,0.0,0.0,1.0,0.0,24.0,1776.83,-51.05,7.0,253.83,1.0,8.0,2.0,0.0,1.0,0.011,1
SMB_EU_005881,0.0,0.0,0.0,0.0,0.0,0.0,0.0,0.0,0.0,33.0,15880.36,0.28,64.0,248.13,4.0,12.0,0.0,1.0,0.0,0.194,0
SMB_EU_005882,0.0,0.0,1.0,0.0,0.0,0.0,1.0,0.0,0.0,14.0,9509.97,14.59,34.0,279.71,4.0,6.0,0.0,1.0,2.0,0.039,0
SMB_EU_005883,0.0,1.0,0.0,0.0,0.0,0.0,1.0,0.0,0.0,20.0,5348.63,-8.61,49.0,109.16,3.0,7.0,0.0,0.0,1.0,0.075,0
SMB_EU_005884,0.0,0.0,0.0,0.0,1.0,0.0,1.0,0.0,0.0,15.0,15365.37,7.45,66.0,232.81,1.0,10.0,0.0,1.0,0.0,0.147,0
SMB_EU_005885,0.0,0.0,0.0,1.0,0.0,0.0,0.0,1.0,0.0,27.0,3848.91,10.23,17.0,226.41,4.0,14.0,0.0,1.0,0.0,0.053,0
SMB_EU_005886,0.0,0.0,0.0,1.0,0.0,0.0,1.0,0.0,0.0,28.0,5458.17,11.88,21.0,259.91,1.0,10.0,2.0,0.0,1.0,0.044,0
SMB_EU_005887,0.0,0.0,1.0,0.0,0.0,0.0,1.0,0.0,0.0,24.0,10971.97,-10.98,128.0,85.72,2.0,12.0,2.0,0.0,4.0,0.026,0
SMB_EU_005888,0.0,0.0,0.0,0.0,1.0,0.0,0.0,0.0,0.0,50.0,5944.35,-16.82,23.0,258.45,2.0,8.0,1.0,0.0,1.0,0.149,1
SMB_EU_005889,1.0,0.0,0.0,0.0,0.0,1.0,0.0,0.0,0.0,24.0,10337.38,-14.77,68.0,152.02,3.0,16.0,2.0,0.0,3.0,0.21,0
SMB_EU_005890,0.0,0.0,0.0,1.0,0.0,0.0,0.0,0.0,0.0,25.0,11784.07,-28.26,51.0,231.06,3.0,10.0,1.0,0.0,0.0,0.018,0
SMB_EU_005891,1.0,0.0,0.0,0.0,0.0,1.0,0.0,0.0,0.0,7.0,10862.66,10.01,50.0,217.25,3.0,6.0,0.0,1.0,2.0,0.03,0
SMB_EU_005892,0.0,0.0,1.0,0.0,0.0,0.0,1.0,0.0,0.0,41.0,17327.93,-14.36,98.0,176.82,3.0,8.0,2.0,1.0,4.0,0.092,0
SMB_EU_005893,0.0,0.0,0.0,1.0,0.0,0.0,1.0,0.0,0.0,29.0,11746.24,31.99,48.0,244.71,2.0,18.0,0.0,0.0,1.0,0.019,0
SMB_EU_005894,0.0,0.0,0.0,0.0,0.0,0.0,0.0,0.0,0.0,44.0,9215.31,-16.15,32.0,287.98,3.0,20.0,2.0,0.0,0.0,0.016,0
SMB_EU_005895,0.0,0.0,0.0,1.0,0.0,0.0,0.0,0.0,0.0,13.0,7081.96,14.99,47.0,150.68,1.0,14.0,0.0,0.0,2.0,0.062,0
SMB_EU_005896,0.0,1.0,0.0,0.0,0.0,0.0,0.0,0.0,0.0,10.0,6344.62,22.79,26.0,244.02,2.0,15.0,0.0,0.0,2.0,0.149,0
SMB_EU_005897,0.0,0.0,0.0,0.0,1.0,0.0,1.0,0.0,0.0,22.0,15505.39,1.65,104.0,149.09,1.0,14.0,1.0,0.0,1.0,0.128,0
SMB_EU_005898,0.0,1.0,0.0,0.0,0.0,0.0,0.0,1.0,0.0,4.0,4611.52,-32.32,17.0,271.27,4.0,10.0,0.0,0.0,2.0,0.07,0
SMB_EU_005899,0.0,0.0,0.0,0.0,1.0,1.0,0.0,0.0,0.0,75.0,4188.01,-55.53,24.0,174.5,4.0,9.0,0.0,0.0,1.0,0.103,1
SMB_EU_005900,0.0,0.0,0.0,1.0,0.0,0.0,1.0,0.0,0.0,21.0,7390.48,-3.93,41.0,180.26,1.0,11.0,1.0,1.0,1.0,0.162,0
SMB_EU_005901,0.0,0.0,1.0,0.0,0.0,0.0,1.0,0.0,0.0,2.0,15299.41,-25.14,61.0,250.81,2.0,5.0,0.0,1.0,0.0,0.036,0
SMB_EU_005902,0.0,0.0,1.0,0.0,0.0,0.0,0.0,0.0,1.0,18.0,14360.31,-18.0,76.0,188.95,1.0,9.0,3.0,2.0,0.0,0.049,1
SMB_EU_005903,0.0,0.0,0.0,0.0,0.0,1.0,0.0,0.0,0.0,23.0,7805.77,-27.58,56.0,139.39,1.0,11.0,0.0,0.0,1.0,0.1,0
SMB_EU_005904,0.0,1.0,0.0,0.0,0.0,0.0,0.0,0.0,0.0,65.0,21994.27,5.43,74.0,297.22,2.0,10.0,0.0,0.0,2.0,0.179,0
SMB_EU_005905,0.0,0.0,0.0,0.0,0.0,0.0,0.0,1.0,0.0,27.0,5570.81,-41.49,26.0,214.26,1.0,11.0,0.0,1.0,1.0,0.11,0
SMB_EU_005906,0.0,0.0,1.0,0.0,0.0,0.0,0.0,1.0,0.0,7.0,5993.68,29.52,27.0,221.99,1.0,14.0,0.0,0.0,2.0,0.106,0
SMB_EU_005907,0.0,0.0,0.0,1.0,0.0,0.0,0.0,1.0,0.0,34.0,5709.05,-69.89,26.0,219.58,2.0,9.0,0.0,0.0,2.0,0.116,0
SMB_EU_005908,1.0,0.0,0.0,0.0,0.0,0.0,0.0,0.0,0.0,27.0,14999.45,-47.13,55.0,272.72,1.0,12.0,1.0,0.0,3.0,0.034,1
SMB_EU_005909,0.0,1.0,0.0,0.0,0.0,0.0,0.0,0.0,0.0,22.0,23572.35,-4.84,196.0,120.27,2.0,4.0,0.0,0.0,0.0,0.019,0
SMB_EU_005910,0.0,0.0,0.0,0.0,0.0,0.0,1.0,0.0,0.0,20.0,9936.46,-54.31,107.0,92.86,1.0,7.0,0.0,1.0,0.0,0.053,1
SMB_EU_005911,0.0,1.0,0.0,0.0,0.0,0.0,0.0,0.0,1.0,48.0,5305.77,-2.93,32.0,165.81,3.0,12.0,1.0,0.0,0.0,0.059,0
SMB_EU_005912,0.0,0.0,0.0,0.0,1.0,1.0,0.0,0.0,0.0,26.0,8240.69,11.85,40.0,206.02,2.0,6.0,0.0,0.0,0.0,0.107,0
SMB_EU_005913,1.0,0.0,0.0,0.0,0.0,0.0,1.0,0.0,0.0,25.0,9279.33,-8.99,65.0,142.76,3.0,17.0,0.0,1.0,1.0,0.145,0
SMB_EU_005914,0.0,1.0,0.0,0.0,0.0,0.0,0.0,0.0,1.0,56.0,12988.61,12.77,56.0,231.94,1.0,12.0,1.0,3.0,0.0,0.112,0
SMB_EU_005915,0.0,0.0,0.0,1.0,0.0,0.0,0.0,0.0,1.0,45.0,8454.51,-18.8,88.0,96.07,1.0,6.0,1.0,1.0,0.0,0.084,0
SMB_EU_005916,0.0,0.0,0.0,0.0,0.0,0.0,0.0,0.0,1.0,34.0,14647.49,-22.79,58.0,252.54,4.0,12.0,1.0,0.0,1.0,0.044,1
SMB_EU_005917,0.0,0.0,0.0,0.0,1.0,0.0,0.0,1.0,0.0,15.0,4819.13,-24.82,20.0,240.96,2.0,10.0,1.0,0.0,0.0,0.107,0
SMB_EU_005918,0.0,0.0,1.0,0.0,0.0,0.0,0.0,0.0,1.0,21.0,13895.32,-90.58,109.0,127.48,2.0,13.0,1.0,0.0,1.0,0.037,0
SMB_EU_005919,0.0,1.0,0.0,0.0,0.0,0.0,1.0,0.0,0.0,24.0,6083.37,-37.9,42.0,144.84,4.0,13.0,0.0,0.0,2.0,0.126,0
SMB_EU_005920,0.0,0.0,1.0,0.0,0.0,0.0,0.0,1.0,0.0,8.0,3963.33,-25.99,15.0,264.22,1.0,7.0,0.0,0.0,1.0,0.068,0
SMB_EU_005921,0.0,0.0,0.0,0.0,0.0,0.0,0.0,1.0,0.0,18.0,7175.48,4.24,29.0,247.43,2.0,12.0,1.0,0.0,2.0,0.172,0
SMB_EU_005922,0.0,0.0,0.0,0.0,1.0,0.0,1.0,0.0,0.0,27.0,6555.98,2.78,25.0,262.24,1.0,14.0,0.0,1.0,1.0,0.118,0
SMB_EU_005923,0.0,0.0,0.0,0.0,0.0,0.0,1.0,0.0,0.0,39.0,30051.46,-1.02,199.0,151.01,2.0,11.0,2.0,0.0,3.0,0.095,0
SMB_EU_005924,0.0,0.0,1.0,0.0,0.0,0.0,0.0,0.0,1.0,38.0,12642.85,6.55,43.0,294.02,1.0,11.0,0.0,0.0,0.0,0.12,0
SMB_EU_005925,0.0,1.0,0.0,0.0,0.0,0.0,0.0,0.0,0.0,6.0,15226.0,3.06,64.0,237.91,1.0,9.0,2.0,2.0,2.0,0.035,0
SMB_EU_005926,1.0,0.0,0.0,0.0,0.0,0.0,0.0,1.0,0.0,20.0,8177.43,-4.4,87.0,93.99,2.0,15.0,2.0,0.0,0.0,0.117,0
SMB_EU_005927,1.0,0.0,0.0,0.0,0.0,0.0,1.0,0.0,0.0,14.0,5995.64,-25.25,32.0,187.36,3.0,7.0,1.0,1.0,3.0,0.052,0
SMB_EU_005928,0.0,0.0,1.0,0.0,0.0,0.0,1.0,0.0,0.0,5.0,13918.94,5.9,62.0,224.5,4.0,9.0,0.0,0.0,1.0,0.058,0
SMB_EU_005929,0.0,0.0,1.0,0.0,0.0,0.0,0.0,0.0,0.0,23.0,25666.62,11.58,219.0,117.2,2.0,6.0,1.0,0.0,1.0,0.044,0
SMB_EU_005930,0.0,0.0,0.0,0.0,1.0,0.0,1.0,0.0,0.0,18.0,16971.95,16.1,61.0,278.23,2.0,10.0,2.0,0.0,0.0,0.119,0
SMB_EU_005931,0.0,0.0,0.0,0.0,0.0,1.0,0.0,0.0,0.0,26.0,4605.6,10.02,19.0,242.4,3.0,12.0,1.0,1.0,0.0,0.197,1
SMB_EU_005932,0.0,1.0,0.0,0.0,0.0,1.0,0.0,0.0,0.0,38.0,2880.95,30.94,29.0,99.34,2.0,10.0,0.0,0.0,3.0,0.087,0
SMB_EU_005933,0.0,1.0,0.0,0.0,0.0,0.0,1.0,0.0,0.0,34.0,5547.51,2.49,20.0,277.38,2.0,14.0,0.0,1.0,1.0,0.046,0
SMB_EU_005934,0.0,0.0,0.0,0.0,1.0,0.0,1.0,0.0,0.0,82.0,6756.22,-0.1,40.0,168.91,1.0,11.0,0.0,0.0,2.0,0.089,0
SMB_EU_005935,0.0,1.0,0.0,0.0,0.0,0.0,0.0,0.0,0.0,29.0,40787.56,-9.74,227.0,179.68,3.0,12.0,0.0,1.0,0.0,0.059,0
SMB_EU_005936,1.0,0.0,0.0,0.0,0.0,0.0,1.0,0.0,0.0,63.0,29857.88,-3.84,118.0,253.03,2.0,4.0,1.0,1.0,1.0,0.129,0
SMB_EU_005937,0.0,0.0,1.0,0.0,0.0,0.0,0.0,1.0,0.0,11.0,6148.67,-10.97,28.0,219.6,4.0,8.0,0.0,0.0,2.0,0.07,0
SMB_EU_005938,0.0,0.0,0.0,0.0,0.0,0.0,0.0,0.0,0.0,33.0,15084.75,10.16,86.0,175.4,3.0,6.0,0.0,0.0,2.0,0.059,0
SMB_EU_005939,0.0,1.0,0.0,0.0,0.0,0.0,1.0,0.0,0.0,15.0,6485.03,-13.68,47.0,137.98,2.0,14.0,0.0,1.0,0.0,0.025,0
SMB_EU_005940,0.0,1.0,0.0,0.0,0.0,0.0,0.0,0.0,0.0,22.0,24602.9,1.11,127.0,193.72,3.0,13.0,1.0,0.0,0.0,0.238,0
SMB_EU_005941,0.0,1.0,0.0,0.0,0.0,0.0,1.0,0.0,0.0,45.0,29742.9,-30.21,143.0,207.99,2.0,18.0,0.0,0.0,0.0,0.118,0
SMB_EU_005942,0.0,1.0,0.0,0.0,0.0,0.0,1.0,0.0,0.0,21.0,23358.29,2.25,107.0,218.3,1.0,9.0,0.0,0.0,3.0,0.199,0
SMB_EU_005943,0.0,0.0,0.0,0.0,0.0,0.0,1.0,0.0,0.0,51.0,15835.08,-13.44,74.0,213.99,2.0,10.0,1.0,0.0,1.0,0.042,1
SMB_EU_005944,0.0,0.0,0.0,0.0,1.0,0.0,0.0,1.0,0.0,15.0,9810.17,10.48,45.0,218.0,3.0,9.0,3.0,0.0,1.0,0.137,1
SMB_EU_005945,0.0,0.0,0.0,0.0,1.0,0.0,0.0,0.0,1.0,10.0,14829.38,-1.28,80.0,185.37,3.0,8.0,2.0,0.0,3.0,0.015,0
SMB_EU_005946,0.0,1.0,0.0,0.0,0.0,0.0,0.0,1.0,0.0,30.0,4860.12,-43.09,24.0,202.51,2.0,10.0,1.0,1.0,3.0,0.039,1
SMB_EU_005947,0.0,1.0,0.0,0.0,0.0,0.0,0.0,0.0,0.0,31.0,9641.93,-14.75,67.0,143.91,2.0,10.0,2.0,1.0,1.0,0.089,0
SMB_EU_005948,0.0,0.0,0.0,0.0,0.0,0.0,0.0,0.0,0.0,20.0,14813.84,21.02,129.0,114.84,1.0,9.0,3.0,0.0,1.0,0.049,0
SMB_EU_005949,0.0,0.0,1.0,0.0,0.0,0.0,0.0,0.0,0.0,40.0,19326.05,22.26,91.0,212.37,1.0,10.0,1.0,0.0,0.0,0.085,0
SMB_EU_005950,1.0,0.0,0.0,0.0,0.0,0.0,0.0,1.0,0.0,4.0,2090.2,7.89,23.0,90.88,4.0,11.0,1.0,0.0,2.0,0.129,0
SMB_EU_005951,0.0,0.0,0.0,0.0,0.0,0.0,0.0,0.0,1.0,12.0,8210.83,11.76,87.0,94.38,3.0,5.0,1.0,1.0,2.0,0.253,1
SMB_EU_005952,0.0,0.0,0.0,0.0,0.0,0.0,1.0,0.0,0.0,35.0,4873.84,-11.67,36.0,135.38,3.0,14.0,0.0,0.0,0.0,0.149,0
SMB_EU_005953,1.0,0.0,0.0,0.0,0.0,0.0,1.0,0.0,0.0,22.0,14698.51,-3.9,120.0,122.49,3.0,9.0,1.0,0.0,0.0,0.071,0
SMB_EU_005954,0.0,0.0,1.0,0.0,0.0,1.0,0.0,0.0,0.0,16.0,4314.3,18.53,27.0,159.79,2.0,8.0,0.0,1.0,2.0,0.091,0
SMB_EU_005955,0.0,0.0,0.0,0.0,0.0,0.0,0.0,1.0,0.0,29.0,6088.31,-39.49,38.0,160.22,2.0,10.0,1.0,0.0,2.0,0.017,1
SMB_EU_005956,0.0,0.0,1.0,0.0,0.0,0.0,0.0,1.0,0.0,49.0,3285.19,0.97,31.0,105.97,2.0,9.0,0.0,1.0,0.0,0.061,0
SMB_EU_005957,0.0,1.0,0.0,0.0,0.0,1.0,0.0,0.0,0.0,33.0,15648.56,-37.33,117.0,133.75,2.0,7.0,0.0,0.0,1.0,0.058,0
SMB_EU_005958,0.0,1.0,0.0,0.0,0.0,0.0,0.0,0.0,1.0,43.0,3243.88,17.62,40.0,81.1,4.0,12.0,0.0,2.0,0.0,0.178,0
SMB_EU_005959,1.0,0.0,0.0,0.0,0.0,0.0,0.0,0.0,0.0,34.0,19956.49,16.83,127.0,157.14,2.0,8.0,1.0,0.0,0.0,0.073,0
SMB_EU_005960,1.0,0.0,0.0,0.0,0.0,0.0,0.0,0.0,1.0,57.0,4182.34,-40.0,16.0,261.4,3.0,8.0,0.0,0.0,1.0,0.112,0
SMB_EU_005961,0.0,1.0,0.0,0.0,0.0,0.0,0.0,0.0,1.0,18.0,6630.13,0.99,48.0,138.13,3.0,11.0,2.0,0.0,0.0,0.043,0
SMB_EU_005962,0.0,0.0,0.0,0.0,1.0,0.0,0.0,1.0,0.0,51.0,5658.45,-5.35,26.0,217.63,3.0,11.0,2.0,0.0,1.0,0.078,0
SMB_EU_005963,0.0,1.0,0.0,0.0,0.0,0.0,0.0,0.0,0.0,6.0,17483.62,10.4,172.0,101.65,1.0,5.0,4.0,0.0,3.0,0.032,1
SMB_EU_005964,1.0,0.0,0.0,0.0,0.0,0.0,1.0,0.0,0.0,9.0,9179.77,-16.53,111.0,82.7,1.0,13.0,0.0,0.0,0.0,0.063,0
SMB_EU_005965,0.0,0.0,0.0,1.0,0.0,0.0,0.0,0.0,0.0,39.0,16429.85,-13.42,87.0,188.85,1.0,6.0,2.0,0.0,1.0,0.022,0
SMB_EU_005966,0.0,0.0,0.0,0.0,1.0,0.0,0.0,0.0,0.0,9.0,10205.67,-21.77,56.0,182.24,3.0,4.0,1.0,0.0,0.0,0.033,0
SMB_EU_005967,0.0,0.0,0.0,0.0,1.0,0.0,0.0,1.0,0.0,20.0,4531.29,18.53,37.0,122.47,4.0,14.0,2.0,0.0,1.0,0.077,0
SMB_EU_005968,0.0,0.0,0.0,0.0,0.0,0.0,1.0,0.0,0.0,56.0,8153.29,-10.81,57.0,143.04,1.0,5.0,0.0,0.0,1.0,0.076,0
SMB_EU_005969,0.0,0.0,0.0,0.0,1.0,0.0,0.0,0.0,0.0,11.0,16865.44,6.06,194.0,86.94,1.0,12.0,0.0,0.0,3.0,0.1,0
SMB_EU_005970,1.0,0.0,0.0,0.0,0.0,0.0,0.0,1.0,0.0,46.0,4806.79,-1.88,19.0,252.99,3.0,12.0,2.0,1.0,2.0,0.142,0
SMB_EU_005971,1.0,0.0,0.0,0.0,0.0,0.0,1.0,0.0,0.0,20.0,12393.79,43.46,85.0,145.81,1.0,8.0,1.0,0.0,3.0,0.013,0
SMB_EU_005972,0.0,0.0,0.0,0.0,0.0,0.0,0.0,0.0,0.0,10.0,15864.48,-23.54,124.0,127.94,4.0,16.0,1.0,0.0,0.0,0.03,0
SMB_EU_005973,1.0,0.0,0.0,0.0,0.0,0.0,0.0,0.0,0.0,26.0,16925.91,-76.71,66.0,256.45,2.0,6.0,0.0,1.0,2.0,0.063,0
SMB_EU_005974,0.0,0.0,0.0,0.0,1.0,1.0,0.0,0.0,0.0,54.0,4769.15,17.63,54.0,88.32,4.0,8.0,0.0,2.0,1.0,0.027,0
SMB_EU_005975,0.0,1.0,0.0,0.0,0.0,0.0,1.0,0.0,0.0,9.0,4254.5,-5.81,30.0,141.82,2.0,8.0,0.0,0.0,7.0,0.014,0
SMB_EU_005976,0.0,0.0,0.0,0.0,1.0,0.0,0.0,1.0,0.0,8.0,5484.11,-3.01,40.0,137.1,1.0,6.0,3.0,1.0,0.0,0.098,0
SMB_EU_005977,0.0,0.0,0.0,0.0,0.0,0.0,0.0,0.0,0.0,38.0,30954.48,-10.09,225.0,137.58,2.0,12.0,2.0,0.0,2.0,0.124,0
SMB_EU_005978,0.0,0.0,0.0,0.0,0.0,0.0,0.0,0.0,1.0,17.0,11746.34,2.93,142.0,82.72,4.0,6.0,0.0,0.0,1.0,0.038,0
SMB_EU_005979,0.0,0.0,0.0,1.0,0.0,0.0,0.0,0.0,0.0,82.0,9184.84,2.74,32.0,287.03,1.0,7.0,2.0,0.0,0.0,0.204,0
SMB_EU_005980,0.0,0.0,1.0,0.0,0.0,0.0,0.0,0.0,0.0,31.0,24456.46,-37.42,91.0,268.75,3.0,11.0,0.0,1.0,2.0,0.006,1
SMB_EU_005981,0.0,0.0,1.0,0.0,0.0,0.0,1.0,0.0,0.0,48.0,6542.84,-7.62,38.0,172.18,2.0,6.0,0.0,0.0,0.0,0.023,0
SMB_EU_005982,0.0,0.0,0.0,0.0,0.0,0.0,1.0,0.0,0.0,31.0,12283.22,-47.37,69.0,178.02,4.0,9.0,1.0,2.0,1.0,0.13,1
SMB_EU_005983,0.0,0.0,0.0,0.0,1.0,0.0,0.0,0.0,0.0,9.0,12022.41,-35.14,62.0,193.91,1.0,9.0,0.0,1.0,2.0,0.051,1
SMB_EU_005984,0.0,0.0,0.0,0.0,0.0,0.0,1.0,0.0,0.0,13.0,9889.02,-21.62,53.0,186.59,2.0,7.0,0.0,1.0,1.0,0.137,0
SMB_EU_005985,0.0,0.0,0.0,0.0,0.0,0.0,0.0,0.0,0.0,14.0,10989.63,25.05,44.0,249.76,1.0,4.0,0.0,0.0,0.0,0.081,0
SMB_EU_005986,0.0,0.0,0.0,0.0,0.0,1.0,0.0,0.0,0.0,36.0,4463.48,4.92,24.0,185.98,2.0,7.0,0.0,0.0,1.0,0.104,0
SMB_EU_005987,0.0,0.0,1.0,0.0,0.0,0.0,0.0,0.0,0.0,25.0,5860.83,-7.87,48.0,122.1,2.0,7.0,1.0,0.0,1.0,0.023,0
SMB_EU_005988,0.0,0.0,0.0,0.0,1.0,0.0,1.0,0.0,0.0,5.0,10877.39,-57.19,103.0,105.61,1.0,15.0,1.0,0.0,0.0,0.034,0
SMB_EU_005989,0.0,0.0,1.0,0.0,0.0,0.0,0.0,1.0,0.0,41.0,6243.49,-31.99,22.0,283.8,3.0,12.0,0.0,0.0,0.0,0.133,0
SMB_EU_005990,1.0,0.0,0.0,0.0,0.0,0.0,0.0,0.0,1.0,92.0,11624.21,14.78,128.0,90.81,2.0,7.0,0.0,2.0,3.0,0.007,0
SMB_EU_005991,0.0,0.0,0.0,0.0,0.0,0.0,1.0,0.0,0.0,10.0,9437.02,39.59,34.0,277.56,2.0,11.0,1.0,1.0,1.0,0.102,0
SMB_EU_005992,0.0,0.0,1.0,0.0,0.0,0.0,1.0,0.0,0.0,12.0,5063.67,28.38,22.0,230.17,2.0,11.0,0.0,0.0,0.0,0.187,0
SMB_EU_005993,0.0,0.0,0.0,1.0,0.0,0.0,0.0,0.0,1.0,15.0,16066.95,-65.76,95.0,169.13,2.0,11.0,1.0,3.0,1.0,0.061,1
SMB_EU_005994,0.0,0.0,0.0,1.0,0.0,0.0,1.0,0.0,0.0,23.0,14513.93,-59.98,120.0,120.95,1.0,7.0,4.0,0.0,0.0,0.099,1
SMB_EU_005995,0.0,0.0,0.0,0.0,0.0,0.0,0.0,0.0,1.0,11.0,5608.49,-22.07,38.0,147.59,3.0,10.0,0.0,0.0,1.0,0.088,0
SMB_EU_005996,0.0,0.0,1.0,0.0,0.0,0.0,1.0,0.0,0.0,56.0,11009.03,-12.62,56.0,196.59,1.0,10.0,0.0,1.0,0.0,0.129,0
SMB_EU_005997,0.0,0.0,0.0,1.0,0.0,0.0,0.0,1.0,0.0,70.0,8452.25,-50.85,38.0,222.43,3.0,15.0,3.0,0.0,1.0,0.019,0
SMB_EU_005998,1.0,0.0,0.0,0.0,0.0,0.0,0.0,0.0,0.0,28.0,11313.44,-5.51,49.0,230.89,1.0,14.0,0.0,1.0,2.0,0.154,0
SMB_EU_005999,0.0,0.0,0.0,1.0,0.0,0.0,0.0,0.0,1.0,24.0,7535.33,30.82,42.0,179.41,2.0,16.0,0.0,0.0,2.0,0.159,0
SMB_EU_006000,0.0,0.0,0.0,0.0,0.0,0.0,0.0,0.0,0.0,6.0,20666.59,-19.73,127.0,162.73,4.0,13.0,0.0,0.0,0.0,0.086,0
