account_id,country,industry,account_age_months,monthly_tpv,tpv_trend_3m_pct,txn_count_monthly,avg_ticket_size,num_products_used,login_freq_monthly,disputes_90d,chargebacks_90d,support_tickets_90d,failed_txn_ratio,churn
SMB_EU_000001,FR,Hospitality,16,2985.9,-22.65,11,271.45,3,9,1,0,1,0.121,0
SMB_EU_000002,UK,Retail,31,2313.88,-16.33,20,115.69,4,7,2,0,1,0.205,0
SMB_EU_000003,ES,Services,44,1237.23,-14.85,9,137.47,4,10,1,0,1,0.04,0
SMB_EU_000004,IT,Hospitality,27,9526.22,-26.94,66,144.34,2,10,0,1,0,0.184,0
SMB_EU_000005,DE,Retail,34,5518.22,16.27,37,149.14,1,12,2,2,0,0.199,0
SMB_EU_000006,DE,Subscription,25,6850.24,-29.82,45,152.23,1,7,1,1,0,0.17,1
SMB_EU_000007,DE,E-commerce,38,20104.48,5.15,86,233.77,2,6,2,1,2,0.081,0
SMB_EU_000008,UK,Retail,9,5869.75,12.18,42,139.76,3,12,1,0,0,0.064,0
SMB_EU_000009,IT,Hospitality,64,8328.42,-4.4,58,143.59,2,11,2,1,2,0.094,0
SMB_EU_000010,ES,E-commerce,15,15882.35,-62.78,77,206.26,2,8,0,0,1,0.093,1
SMB_EU_000011,DE,Services,24,4753.88,-41.08,39,121.89,3,11,0,0,1,0.057,0
SMB_EU_000012,UK,Services,4,1946.02,0.03,12,162.17,1,14,1,0,1,0.126,0
SMB_EU_000013,ES,Subscription,18,5503.51,15.05,59,93.28,4,10,1,0,1,0.09,1
SMB_EU_000014,DE,E-commerce,32,21532.67,-39.43,74,290.98,1,7,1,0,1,0.081,0
SMB_EU_000015,DE,E-commerce,70,9962.59,-45.5,67,148.7,1,13,0,0,0,0.057,0
SMB_EU_000016,DE,Services,39,10305.31,8.42,39,264.24,3,8,1,1,2,0.043,0
SMB_EU_000017,FR,Retail,19,32696.97,0.76,166,196.97,4,9,3,0,2,0.053,0
SMB_EU_000018,NL,E-commerce,7,22239.75,11.28,171,130.06,3,10,0,0,1,0.069,0
SMB_EU_000019,NL,E-commerce,60,36735.71,3.93,300,122.45,3,14,1,0,1,0.061,0
SMB_EU_000020,FR,Retail,18,12328.06,-2.02,53,232.6,4,8,1,0,0,0.147,0
SMB_EU_000021,IT,E-commerce,32,10886.17,-4.53,37,294.22,2,9,1,1,2,0.078,0
SMB_EU_000022,DE,Services,19,5638.0,-3.59,47,119.96,3,8,1,0,0,0.046,0
SMB_EU_000023,FR,Services,34,16733.8,23.02,159,105.24,1,14,2,0,0,0.122,0
SMB_EU_000024,FR,Retail,58,5843.38,7.43,35,166.95,1,8,0,0,2,0.107,0
SMB_EU_000025,NL,Retail,43,4288.11,1.18,26,164.93,2,9,1,0,1,0.084,0
SMB_EU_000026,ES,E-commerce,21,7595.33,8.07,30,253.18,3,6,3,0,1,0.053,0
SMB_EU_000027,DE,Services,60,4388.21,12.4,24,182.84,2,11,1,0,0,0.137,0
SMB_EU_000028,NL,Retail,80,4381.36,6.28,47,93.22,2,11,0,0,1,0.1,0
SMB_EU_000029,IT,Services,50,13651.5,-59.36,48,284.41,4,9,0,0,2,0.044,0
SMB_EU_000030,DE,Retail,19,9108.93,26.77,56,162.66,2,12,0,0,2,0.128,0
SMB_EU_000031,IT,Hospitality,45,10748.81,3.69,47,228.7,4,10,1,1,1,0.208,0
SMB_EU_000032,DE,E-commerce,50,12539.09,30.21,55,227.98,3,7,0,2,0,0.207,0
SMB_EU_000033,DE,Services,22,2522.67,2.81,27,93.43,2,7,0,1,1,0.228,0
SMB_EU_000034,UK,Retail,80,3646.64,-3.68,45,81.04,1,9,1,0,1,0.143,0
SMB_EU_000035,UK,Hospitality,56,3479.76,20.76,35,99.42,1,9,0,0,0,0.298,0
SMB_EU_000036,ES,Retail,22,9854.78,4.52,34,289.85,2,11,1,2,0,0.073,0
SMB_EU_000037,FR,Services,19,6830.29,2.0,27,252.97,3,8,2,0,1,0.095,0
SMB_EU_000038,DE,Services,49,7180.4,-18.01,66,108.79,2,10,0,0,1,0.166,0
SMB_EU_000039,IT,Retail,94,3274.74,9.9,15,218.32,3,10,1,0,1,0.179,0
SMB_EU_000040,NL,Services,9,4998.77,-7.4,23,217.34,3,11,1,0,2,0.041,0
SMB_EU_000041,DE,Hospitality,36,3241.78,-6.72,40,81.04,1,9,0,0,0,0.093,0
SMB_EU_000042,NL,Retail,45,10178.94,-7.36,58,175.5,3,8,2,1,2,0.01,0
SMB_EU_000043,DE,E-commerce,58,19995.28,6.59,85,235.24,1,11,0,0,0,0.107,0
SMB_EU_000044,UK,Retail,45,3959.58,-23.03,33,119.99,1,8,1,0,2,0.106,1
SMB_EU_000045,FR,Services,18,8937.5,-3.16,33,270.83,1,9,0,1,1,0.027,0
SMB_EU_000046,IT,Services,8,20342.89,-8.07,90,226.03,1,13,1,0,0,0.177,0
SMB_EU_000047,FR,Retail,21,13201.67,-18.69,162,81.49,3,13,0,0,0,0.052,0
SMB_EU_000048,NL,E-commerce,44,13603.81,2.59,51,266.74,2,8,1,0,2,0.084,0
SMB_EU_000049,IT,Services,17,4135.1,-9.47,49,84.39,2,12,2,0,0,0.12,0
SMB_EU_000050,DE,Subscription,63,7938.99,-6.06,29,273.76,3,10,0,0,0,0.085,0
SMB_EU_000051,UK,E-commerce,24,9503.02,24.83,62,153.27,3,14,1,2,1,0.032,0
SMB_EU_000052,ES,Subscription,16,10471.57,-58.06,45,232.7,2,9,1,1,4,0.055,1
SMB_EU_000053,UK,E-commerce,38,7575.9,11.48,30,252.53,3,10,1,1,2,0.039,0
SMB_EU_000054,UK,E-commerce,22,4827.03,-7.17,34,141.97,2,10,2,0,2,0.042,0
SMB_EU_000055,IT,Services,19,5704.18,-7.91,36,158.45,3,9,0,0,1,0.139,0
SMB_EU_000056,UK,E-commerce,86,15192.32,-16.67,79,192.31,3,11,0,0,2,0.054,0
SMB_EU_000057,DE,E-commerce,17,10647.75,11.31,51,208.78,1,6,0,1,0,0.113,0
SMB_EU_000058,DE,E-commerce,20,6947.85,-55.77,48,144.75,2,3,2,0,0,0.103,1
SMB_EU_000059,DE,Services,39,5949.36,-4.77,20,297.47,3,12,1,1,2,0.085,0
SMB_EU_000060,FR,Services,63,2760.28,-34.59,11,250.93,3,11,1,0,1,0.023,0
SMB_EU_000061,FR,E-commerce,36,13800.21,-2.55,98,140.82,1,12,2,0,1,0.134,0
SMB_EU_000062,FR,E-commerce,28,43251.56,-30.01,196,220.67,1,14,3,0,0,0.097,0
SMB_EU_000063,ES,E-commerce,93,22170.53,-7.36,126,175.96,2,6,1,0,1,0.113,0
SMB_EU_000064,FR,Hospitality,20,2638.68,13.43,10,263.87,1,12,1,1,1,0.156,0
SMB_EU_000065,FR,Retail,20,3723.0,-22.6,24,155.13,1,12,3,0,1,0.098,0
SMB_EU_000066,IT,Services,17,5476.85,-16.35,45,121.71,1,10,2,0,0,0.015,0
SMB_EU_000067,DE,E-commerce,35,6572.26,-51.39,73,90.03,1,7,0,1,1,0.105,1
SMB_EU_000068,ES,E-commerce,13,4513.24,-10.88,15,300.88,2,13,0,0,0,0.05,0
SMB_EU_000069,DE,Retail,10,11010.67,-0.42,69,159.57,3,9,1,0,3,0.098,0
SMB_EU_000070,UK,Retail,20,9698.81,-16.4,75,129.32,1,17,2,1,2,0.1,1
SMB_EU_000071,ES,Subscription,6,11793.91,-29.67,63,187.2,2,12,1,0,0,0.091,0
SMB_EU_000072,DE,E-commerce,32,17564.35,-0.72,122,143.97,2,10,3,0,1,0.019,0
SMB_EU_000073,DE,Retail,35,7692.57,-41.35,59,130.38,3,8,0,0,1,0.026,0
SMB_EU_000074,ES,E-commerce,39,10081.85,18.67,47,214.51,2,10,1,0,0,0.128,0
SMB_EU_000075,ES,E-commerce,47,20444.85,-3.92,212,96.44,1,11,0,0,1,0.053,0
SMB_EU_000076,ES,Retail,21,20032.81,28.32,104,192.62,4,14,1,1,2,0.119,0
SMB_EU_000077,ES,E-commerce,58,11104.08,-26.78,67,165.73,3,7,1,0,0,0.031,0
SMB_EU_000078,DE,E-commerce,54,8130.37,-42.03,41,198.3,2,12,2,1,3,0.181,1
SMB_EU_000079,FR,Hospitality,12,3036.45,28.97,20,151.82,1,12,2,2,1,0.02,0
SMB_EU_000080,DE,E-commerce,25,8917.47,2.09,43,207.38,1,10,1,1,0,0.173,0
SMB_EU_000081,UK,E-commerce,3,16938.84,-20.6,173,97.91,1,6,1,0,1,0.098,0
SMB_EU_000082,IT,Subscription,59,2492.9,1.36,15,166.19,1,10,2,0,0,0.066,0
SMB_EU_000083,FR,E-commerce,46,19522.2,-9.17,148,131.91,1,11,0,1,1,0.083,0
SMB_EU_000084,DE,E-commerce,67,22073.95,-28.38,125,176.59,1,10,1,0,0,0.026,0
SMB_EU_000085,FR,Retail,7,2719.9,29.77,16,169.99,1,10,0,0,0,0.063,0
SMB_EU_000086,FR,E-commerce,37,8335.65,-18.34,38,219.36,3,6,0,1,1,0.084,0
SMB_EU_000087,ES,Services,18,5244.85,4.51,24,218.54,3,11,0,2,1,0.063,0
SMB_EU_000088,IT,Retail,4,7340.15,-13.17,43,170.7,1,13,0,1,0,0.02,0
SMB_EU_000089,UK,Services,51,6829.29,-4.61,57,119.81,4,10,0,1,0,0.059,0
SMB_EU_000090,NL,Retail,10,7350.43,-44.46,35,210.01,3,12,2,2,0,0.107,0
SMB_EU_000091,DE,E-commerce,34,32037.65,4.77,109,293.92,1,9,1,0,3,0.207,0
SMB_EU_000092,ES,Services,18,4123.64,-3.38,34,121.28,1,12,1,1,0,0.061,0
SMB_EU_000093,ES,E-commerce,30,8316.41,-9.75,87,95.59,1,12,0,3,1,0.039,0
SMB_EU_000094,IT,Hospitality,47,3169.88,4.74,23,137.82,3,5,3,0,1,0.075,0
SMB_EU_000095,ES,Retail,30,12437.58,25.62,73,170.38,1,7,2,1,1,0.166,0
SMB_EU_000096,NL,Services,13,5089.66,-13.52,35,145.42,1,4,0,0,0,0.204,0
SMB_EU_000097,NL,Retail,88,11700.96,28.67,44,265.93,2,15,2,0,1,0.076,0
SMB_EU_000098,NL,Services,21,7223.3,17.99,38,190.09,3,8,2,0,0,0.068,0
SMB_EU_000099,DE,Retail,15,2381.03,20.54,18,132.28,1,9,0,0,1,0.167,0
SMB_EU_000100,DE,Services,25,2522.85,-29.92,9,280.32,2,15,2,0,3,0.074,1
SMB_EU_000101,DE,E-commerce,7,8130.93,17.57,76,106.99,1,11,0,0,0,0.07,0
SMB_EU_000102,IT,Services,16,3064.24,-60.11,29,105.66,2,9,1,0,0,0.041,0
SMB_EU_000103,FR,E-commerce,22,11656.19,-63.88,87,133.98,2,11,0,1,1,0.087,1
SMB_EU_000104,NL,Subscription,32,16390.7,11.49,169,96.99,2,9,0,0,0,0.033,0
SMB_EU_000105,UK,Retail,27,16420.51,-15.97,67,245.08,2,7,0,0,1,0.175,0
SMB_EU_000106,FR,Retail,37,6710.73,-2.23,45,149.13,1,10,3,0,1,0.008,0
SMB_EU_000107,FR,E-commerce,26,12900.7,-37.54,54,238.9,1,7,0,0,1,0.044,0
SMB_EU_000108,ES,Retail,54,5239.27,-37.16,21,249.49,1,11,1,0,2,0.193,1
SMB_EU_000109,FR,Retail,41,8439.76,-17.61,64,131.87,1,9,1,0,0,0.043,0
SMB_EU_000110,DE,Subscription,35,10162.83,7.4,52,195.44,1,15,2,0,2,0.115,0
SMB_EU_000111,FR,Subscription,60,14601.29,-2.87,75,194.68,1,11,2,1,2,0.072,0
SMB_EU_000112,DE,E-commerce,60,24218.42,-9.42,89,272.12,2,9,1,0,1,0.035,0
SMB_EU_000113,UK,Subscription,29,2261.33,39.64,26,86.97,1,15,1,1,1,0.058,0
SMB_EU_000114,ES,E-commerce,20,13688.05,15.57,91,150.42,4,9,1,0,1,0.037,0
SMB_EU_000115,IT,E-commerce,31,34415.61,15.84,126,273.14,3,11,0,0,0,0.084,0
SMB_EU_000116,UK,Services,24,3844.21,33.03,29,132.56,1,15,2,0,2,0.23,0
SMB_EU_000117,ES,Hospitality,19,11885.33,12.03,108,110.05,2,7,1,0,2,0.091,0
SMB_EU_000118,DE,Subscription,30,7488.39,-11.56,36,208.01,4,11,0,0,2,0.101,0
SMB_EU_000119,UK,E-commerce,34,16659.89,-69.65,113,147.43,2,10,1,1,1,0.053,1
SMB_EU_000120,NL,Hospitality,40,3033.22,14.47,17,178.42,3,12,0,2,2,0.105,0
SMB_EU_000121,ES,Retail,66,4136.68,-30.89,16,258.54,3,11,2,0,4,0.074,0
SMB_EU_000122,UK,Retail,32,12363.35,-1.17,64,193.18,4,10,2,2,0,0.102,0
SMB_EU_000123,FR,Retail,26,13579.11,-32.57,70,193.99,1,12,0,0,1,0.142,0
SMB_EU_000124,DE,Subscription,50,9143.85,1.48,65,140.67,1,9,2,0,3,0.037,0
SMB_EU_000125,FR,Services,14,2393.9,12.81,9,265.99,1,7,0,0,2,0.002,0
SMB_EU_000126,NL,Services,6,5133.16,4.19,21,244.44,2,7,1,0,3,0.027,0
SMB_EU_000127,ES,E-commerce,37,31893.15,14.07,243,131.25,2,11,2,0,1,0.161,0
SMB_EU_000128,UK,E-commerce,21,42681.69,29.47,284,150.29,1,9,2,0,0,0.119,0
SMB_EU_000129,DE,Retail,22,6615.51,-2.15,26,254.44,1,9,0,1,2,0.137,0
SMB_EU_000130,NL,E-commerce,14,5540.75,42.11,35,158.31,3,7,0,0,0,0.022,0
SMB_EU_000131,FR,E-commerce,57,24835.36,3.19,147,168.95,1,7,0,1,2,0.208,0
SMB_EU_000132,FR,Services,7,4237.02,14.24,26,162.96,2,3,1,1,3,0.042,1
SMB_EU_000133,DE,E-commerce,39,26413.48,-9.17,229,115.34,3,10,1,1,1,0.082,0
SMB_EU_000134,FR,Retail,26,9469.58,24.29,61,155.24,2,12,0,1,2,0.038,0
SMB_EU_000135,UK,Retail,69,4708.53,15.63,18,261.58,1,9,2,0,0,0.057,0
SMB_EU_000136,FR,Retail,50,8284.52,22.07,44,188.28,3,8,0,0,2,0.05,0
SMB_EU_000137,NL,E-commerce,11,32886.2,0.82,182,180.69,1,12,1,1,1,0.153,0
SMB_EU_000138,ES,Subscription,41,8229.56,-18.83,72,114.3,3,7,1,1,2,0.094,0
SMB_EU_000139,FR,Hospitality,36,3224.82,6.91,27,119.44,3,15,0,1,3,0.023,0
SMB_EU_000140,UK,Services,25,1927.55,-25.46,22,87.62,2,9,0,0,1,0.056,0
SMB_EU_000141,UK,E-commerce,39,9438.07,-5.04,114,82.79,2,13,2,0,2,0.159,0
SMB_EU_000142,FR,E-commerce,16,11727.87,2.87,63,186.16,2,14,0,0,2,0.153,0
SMB_EU_000143,NL,Retail,28,13084.67,35.66,77,169.93,3,15,1,0,0,0.102,0
SMB_EU_000144,FR,Services,27,2552.13,4.78,18,141.79,1,8,0,0,3,0.029,0
SMB_EU_000145,FR,Services,14,12701.11,2.09,43,295.37,2,6,0,1,0,0.125,0
SMB_EU_000146,DE,Retail,21,3586.4,-0.95,21,170.78,1,10,0,2,2,0.057,0
SMB_EU_000147,IT,E-commerce,18,60760.62,-20.13,240,253.17,4,15,2,0,1,0.095,0
SMB_EU_000148,NL,E-commerce,34,42239.73,1.29,334,126.47,4,6,0,0,1,0.147,0
SMB_EU_000149,DE,Hospitality,59,6530.34,1.54,49,133.27,3,10,0,0,0,0.176,0
SMB_EU_000150,FR,Subscription,9,3348.82,-14.53,16,209.3,2,11,0,0,2,0.023,0
SMB_EU_000151,UK,Hospitality,35,5803.75,-17.8,72,80.61,1,3,1,0,1,0.04,1
SMB_EU_000152,FR,E-commerce,18,11892.95,-7.22,142,83.75,2,10,0,1,1,0.119,0
SMB_EU_000153,DE,Retail,48,3724.26,-34.55,33,112.86,3,17,1,0,0,0.116,0
SMB_EU_000154,NL,Retail,35,9526.21,-6.86,74,128.73,2,12,2,1,1,0.03,0
SMB_EU_000155,UK,Retail,7,4880.54,-64.02,25,195.22,2,11,0,2,1,0.137,1
SMB_EU_000156,FR,Retail,30,5209.57,-21.26,23,226.5,3,8,0,0,2,0.143,0
SMB_EU_000157,IT,Services,24,4424.83,8.08,30,147.49,1,10,1,0,2,0.04,0
SMB_EU_000158,ES,Services,10,3541.3,1.82,27,131.16,3,7,1,0,0,0.045,1
SMB_EU_000159,FR,Retail,18,27836.15,-8.44,107,260.15,2,9,0,0,2,0.057,0
SMB_EU_000160,ES,Services,29,3625.56,8.92,31,116.95,1,14,2,1,2,0.104,0
SMB_EU_000161,FR,Retail,18,10422.53,-2.86,45,231.61,3,8,0,0,1,0.131,0
SMB_EU_000162,IT,E-commerce,52,16368.58,-17.84,57,287.17,4,8,1,0,1,0.09,0
SMB_EU_000163,IT,Retail,24,9885.72,15.54,75,131.81,2,7,2,1,2,0.09,0
SMB_EU_000164,NL,E-commerce,17,19404.47,5.3,196,99.0,2,14,0,0,0,0.006,0
SMB_EU_000165,DE,E-commerce,30,25453.85,-1.79,86,295.98,3,15,1,2,2,0.083,0
SMB_EU_000166,ES,E-commerce,33,17600.33,-23.57,126,139.69,4,10,1,0,0,0.135,0
SMB_EU_000167,FR,E-commerce,48,17166.98,-11.17,122,140.71,4,8,0,1,0,0.037,0
SMB_EU_000168,DE,Subscription,27,9321.38,-16.86,50,186.43,1,8,2,1,3,0.103,0
SMB_EU_000169,DE,Retail,32,7362.44,-45.55,56,131.47,2,10,0,0,1,0.1,0
SMB_EU_000170,IT,Retail,21,4629.1,-52.46,16,289.32,3,10,0,0,2,0.101,1
SMB_EU_000171,IT,Retail,70,7713.1,-0.25,86,89.69,2,7,2,0,0,0.089,0
SMB_EU_000172,DE,Hospitality,35,6934.58,4.81,39,177.81,2,10,0,0,4,0.103,0
SMB_EU_000173,NL,Retail,29,10183.21,-22.46,51,199.67,2,11,0,0,0,0.133,1
SMB_EU_000174,FR,Services,18,5571.19,2.61,30,185.71,2,10,0,0,2,0.073,0
SMB_EU_000175,IT,E-commerce,52,13043.33,-25.29,67,194.68,1,14,1,0,1,0.051,0
SMB_EU_000176,DE,E-commerce,6,14494.98,1.46,49,295.82,1,5,2,0,1,0.22,0
SMB_EU_000177,IT,Hospitality,30,4304.12,-9.79,16,269.01,2,7,0,0,1,0.062,0
SMB_EU_000178,FR,Retail,16,9654.03,-12.99,65,148.52,2,7,1,1,0,0.08,1
SMB_EU_000179,UK,Retail,45,7005.98,12.52,35,200.17,4,10,0,0,1,0.025,0
SMB_EU_000180,DE,E-commerce,33,16716.34,-3.53,209,79.98,1,7,1,0,0,0.069,0
SMB_EU_000181,FR,Hospitality,30,10937.98,7.11,64,170.91,1,12,0,0,2,0.041,0
SMB_EU_000182,DE,Retail,12,5226.94,7.6,45,116.15,4,12,2,0,1,0.078,0
SMB_EU_000183,UK,Retail,25,11443.92,19.05,48,238.42,2,12,0,0,1,0.052,0
SMB_EU_000184,UK,Subscription,34,9181.13,-51.08,71,129.31,1,11,1,1,0,0.059,0
SMB_EU_000185,FR,Retail,48,26900.85,-24.85,110,244.55,3,14,0,0,1,0.217,0
SMB_EU_000186,IT,Services,37,4391.44,-26.4,29,151.43,3,6,0,0,0,0.054,1
SMB_EU_000187,ES,Services,45,7587.76,-5.67,27,281.03,2,10,2,0,1,0.045,0
SMB_EU_000188,IT,E-commerce,8,15138.82,-17.24,85,178.1,4,13,0,1,2,0.061,0
SMB_EU_000189,NL,Retail,29,3478.0,9.1,13,267.54,1,5,0,0,2,0.091,0
SMB_EU_000190,FR,Retail,50,5853.43,-13.83,27,216.79,2,9,2,0,1,0.036,0
SMB_EU_000191,DE,Hospitality,3,10176.1,7.77,34,299.3,3,5,0,0,2,0.053,0
SMB_EU_000192,UK,Hospitality,22,4628.08,-16.2,19,243.58,2,8,0,0,1,0.17,0
SMB_EU_000193,UK,Services,34,1319.54,14.7,5,263.91,4,9,0,2,2,0.062,0
SMB_EU_000194,IT,Subscription,54,8832.01,20.87,64,138.0,1,9,0,0,2,0.027,0
SMB_EU_000195,FR,Hospitality,28,3115.4,-10.79,16,194.71,1,7,1,0,0,0.142,0
SMB_EU_000196,FR,Retail,26,8658.42,11.44,60,144.31,2,11,1,0,2,0.204,0
SMB_EU_000197,ES,Retail,32,20290.03,-50.67,241,84.19,3,8,1,0,3,0.134,0
SMB_EU_000198,UK,Services,34,7933.64,-38.84,34,233.34,1,6,0,1,1,0.117,0
SMB_EU_000199,UK,Retail,14,20114.38,26.12,153,131.47,1,8,0,2,0,0.129,0
SMB_EU_000200,ES,Retail,18,5711.8,-9.12,34,167.99,4,6,1,1,3,0.119,0
SMB_EU_000201,IT,Services,5,4588.43,16.67,32,143.39,4,19,2,0,2,0.038,0
SMB_EU_000202,DE,E-commerce,16,8015.59,15.23,65,123.32,1,7,1,1,1,0.183,0
SMB_EU_000203,DE,Subscription,11,5970.31,16.12,63,94.77,2,12,0,0,1,0.004,0
SMB_EU_000204,UK,Hospitality,13,3440.54,-19.01,22,156.39,2,13,0,0,1,0.079,0
SMB_EU_000205,IT,Retail,93,3652.49,7.88,37,98.72,3,8,0,2,0,0.058,0
SMB_EU_000206,DE,Subscription,52,20424.57,-2.35,103,198.3,2,15,3,2,0,0.167,0
SMB_EU_000207,DE,E-commerce,11,4275.38,16.33,51,83.83,3,22,1,0,1,0.479,0
SMB_EU_000208,IT,E-commerce,9,34128.52,-70.91,119,286.79,4,12,1,0,1,0.119,1
SMB_EU_000209,DE,E-commerce,17,31680.0,5.52,108,293.33,2,16,1,0,1,0.044,0
SMB_EU_000210,DE,Retail,9,10797.53,3.4,73,147.91,1,8,1,0,1,0.111,0
SMB_EU_000211,IT,E-commerce,32,7685.58,-29.85,56,137.24,2,21,0,1,2,0.067,0
SMB_EU_000212,IT,Retail,31,3096.08,-13.28,30,103.2,3,11,4,1,1,0.081,0
SMB_EU_000213,IT,E-commerce,13,10794.19,-27.45,39,276.77,2,12,0,0,0,0.192,0
SMB_EU_000214,FR,E-commerce,42,21826.45,-38.05,104,209.87,4,13,0,0,2,0.026,0
SMB_EU_000215,ES,Services,42,5009.2,8.24,23,217.79,4,6,0,1,0,0.02,0
SMB_EU_000216,FR,Services,16,2673.37,2.93,10,267.34,2,9,1,0,2,0.076,0
SMB_EU_000217,FR,Retail,13,15932.55,2.54,57,279.52,2,10,0,1,2,0.077,0
SMB_EU_000218,ES,E-commerce,19,41209.97,-69.68,157,262.48,3,6,1,1,1,0.13,1
SMB_EU_000219,IT,E-commerce,38,13093.17,16.81,52,251.79,1,9,1,1,3,0.183,0
SMB_EU_000220,UK,Retail,88,8542.41,-0.28,31,275.56,2,16,4,0,0,0.069,0
SMB_EU_000221,IT,Services,38,2022.08,0.51,7,288.87,1,13,0,0,2,0.069,0
SMB_EU_000222,IT,Services,11,3899.33,14.11,24,162.47,3,14,2,1,1,0.027,0
SMB_EU_000223,DE,Retail,33,10866.73,-14.87,37,293.7,4,10,1,0,2,0.081,0
SMB_EU_000224,FR,E-commerce,28,18559.17,-46.14,79,234.93,1,4,1,0,2,0.103,1
SMB_EU_000225,FR,Retail,27,5899.34,6.35,37,159.44,3,9,3,1,1,0.05,0
SMB_EU_000226,FR,Hospitality,9,5089.67,-8.18,29,175.51,2,6,1,0,0,0.026,0
SMB_EU_000227,UK,Retail,33,6117.26,9.79,26,235.28,3,7,0,0,0,0.274,0
SMB_EU_000228,FR,Subscription,26,7615.2,7.16,48,158.65,3,15,3,2,1,0.206,0
SMB_EU_000229,UK,Services,10,6445.48,-1.52,25,257.82,1,7,0,0,0,0.059,0
SMB_EU_000230,IT,E-commerce,74,4606.77,-1.98,41,112.36,1,9,0,0,3,0.058,0
SMB_EU_000231,ES,Hospitality,9,5738.22,7.85,21,273.25,1,8,1,1,0,0.114,0
SMB_EU_000232,NL,Subscription,36,11102.94,11.83,76,146.09,4,9,0,1,0,0.021,0
SMB_EU_000233,IT,Hospitality,24,4260.85,0.94,38,112.13,2,8,0,0,3,0.044,0
SMB_EU_000234,NL,Retail,20,6000.49,16.8,22,272.75,4,8,1,0,1,0.081,0
SMB_EU_000235,DE,E-commerce,58,11447.98,9.88,86,133.12,2,16,1,0,1,0.08,0
SMB_EU_000236,ES,Services,48,3750.95,-26.83,14,267.92,2,11,2,0,2,0.111,0
SMB_EU_000237,FR,Hospitality,24,6021.22,-21.07,41,146.86,3,12,0,1,0,0.147,0
SMB_EU_000238,DE,Hospitality,14,6482.86,17.73,23,281.86,3,9,1,0,1,0.036,0
SMB_EU_000239,IT,Services,19,1417.83,-3.7,11,128.89,1,12,1,0,0,0.125,0
SMB_EU_000240,DE,Services,21,7397.68,2.46,78,94.84,1,8,0,0,3,0.077,1
SMB_EU_000241,UK,Subscription,48,7562.68,17.09,26,290.87,1,9,1,0,1,0.145,0
SMB_EU_000242,UK,Retail,34,25513.8,-0.1,219,116.5,3,12,0,0,1,0.101,0
SMB_EU_000243,UK,E-commerce,49,7337.96,0.56,26,282.23,3,9,0,0,2,0.07,0
SMB_EU_000244,FR,Services,9,2971.45,-13.03,11,270.13,1,10,1,0,2,0.085,0
SMB_EU_000245,DE,Services,52,4426.87,5.55,45,98.37,1,10,0,0,2,0.022,0
SMB_EU_000246,UK,Hospitality,64,7688.26,8.8,43,178.8,2,12,0,0,2,0.1,0
SMB_EU_000247,NL,Retail,15,2481.79,-51.78,26,95.45,2,19,0,0,1,0.148,0
SMB_EU_000248,UK,Services,45,3040.37,-13.83,20,152.02,2,14,0,1,0,0.055,0
SMB_EU_000249,UK,Services,60,7129.42,39.39,45,158.43,4,11,0,2,1,0.066,0
SMB_EU_000250,UK,Retail,17,4529.3,-1.39,21,215.68,3,18,1,1,2,0.134,0
SMB_EU_000251,FR,E-commerce,11,34126.22,-35.39,116,294.19,1,10,0,1,1,0.042,1
SMB_EU_000252,FR,Retail,31,6092.82,10.6,52,117.17,1,11,2,0,0,0.035,0
SMB_EU_000253,UK,E-commerce,5,8744.51,-0.76,57,153.41,1,13,1,2,1,0.037,0
SMB_EU_000254,FR,Retail,52,11537.33,-16.29,55,209.77,1,9,0,0,3,0.024,0
SMB_EU_000255,DE,E-commerce,13,39354.91,7.25,334,117.83,3,10,2,1,1,0.039,0
SMB_EU_000256,IT,E-commerce,22,19257.26,-60.28,81,237.74,2,10,1,2,2,0.059,1
SMB_EU_000257,UK,Hospitality,42,12781.73,23.65,76,168.18,2,10,2,0,2,0.152,0
SMB_EU_000258,IT,Hospitality,38,16407.53,7.42,57,287.85,2,15,2,0,0,0.081,0
SMB_EU_000259,IT,Services,41,2875.78,-4.15,13,221.21,1,9,0,0,1,0.121,0
SMB_EU_000260,DE,Retail,15,14047.95,1.64,88,159.64,1,12,1,0,1,0.144,0
SMB_EU_000261,IT,Retail,33,3207.07,13.55,13,246.7,3,7,1,1,0,0.018,0
SMB_EU_000262,UK,Services,46,6451.93,2.79,24,268.83,3,10,1,0,2,0.081,0
SMB_EU_000263,DE,Retail,17,7664.89,31.83,30,255.5,1,9,1,0,0,0.074,0
SMB_EU_000264,NL,Subscription,78,18972.58,17.04,138,137.48,2,8,1,0,1,0.075,0
SMB_EU_000265,UK,Services,23,10102.56,7.31,59,171.23,2,9,1,0,3,0.032,0
SMB_EU_000266,ES,E-commerce,5,21113.66,-34.78,118,178.93,3,7,0,1,2,0.142,1
SMB_EU_000267,IT,Subscription,23,10764.8,-54.38,65,165.61,3,9,1,1,0,0.081,0
SMB_EU_000268,ES,Retail,60,10853.23,-24.97,73,148.67,4,6,1,1,3,0.146,0
SMB_EU_000269,FR,E-commerce,13,15566.37,-12.34,63,247.09,1,10,0,2,3,0.016,0
SMB_EU_000270,FR,Hospitality,12,5783.69,-5.29,70,82.62,2,8,1,0,2,0.065,0
SMB_EU_000271,ES,E-commerce,34,35644.58,-14.61,247,144.31,3,10,2,0,2,0.061,0
SMB_EU_000272,ES,Subscription,11,22987.68,-9.56,207,111.05,3,14,2,0,3,0.049,1
SMB_EU_000273,UK,Retail,11,7348.13,-35.01,68,108.06,1,15,0,0,1,0.139,0
SMB_EU_000274,UK,E-commerce,14,17298.71,11.16,123,140.64,2,6,0,1,2,0.069,0
SMB_EU_000275,NL,Hospitality,70,6301.28,-12.07,25,252.05,1,9,0,0,1,0.19,0
SMB_EU_000276,NL,Hospitality,37,2281.29,-85.53,8,285.16,3,9,2,0,1,0.043,0
SMB_EU_000277,ES,E-commerce,27,12258.12,-34.63,63,194.57,3,9,3,0,3,0.032,0
SMB_EU_000278,IT,E-commerce,15,39168.49,-6.67,253,154.82,1,11,1,1,0,0.095,0
SMB_EU_000279,ES,Services,46,3188.57,-45.54,12,265.71,2,9,0,0,1,0.114,0
SMB_EU_000280,ES,Retail,39,28450.55,-11.32,300,94.84,2,9,0,0,0,0.076,0
SMB_EU_000281,UK,Services,73,10101.8,-32.79,101,100.02,1,4,1,0,1,0.088,0
SMB_EU_000282,FR,Hospitality,12,7634.35,-9.86,49,155.8,4,16,1,2,0,0.069,0
SMB_EU_000283,FR,Services,11,7000.24,-1.85,39,179.49,1,9,3,1,1,0.166,0
SMB_EU_000284,DE,Services,5,2883.81,-6.7,11,262.16,2,10,1,0,2,0.068,0
SMB_EU_000285,IT,Retail,38,6823.03,-44.09,24,284.29,2,8,0,0,0,0.091,0
SMB_EU_000286,DE,Hospitality,31,14247.75,-60.48,72,197.89,3,8,1,2,2,0.063,1
SMB_EU_000287,NL,Services,20,3458.1,-19.52,18,192.12,1,8,0,1,1,0.021,0
SMB_EU_000288,IT,E-commerce,5,28352.9,14.34,223,127.14,2,8,3,0,0,0.241,0
SMB_EU_000289,FR,Subscription,64,3939.29,1.51,22,179.06,1,8,1,0,3,0.128,0
SMB_EU_000290,IT,E-commerce,30,7309.36,37.24,26,281.13,3,9,2,0,4,0.049,0
SMB_EU_000291,DE,Retail,56,25034.94,-10.63,150,166.9,1,15,0,0,1,0.141,0
SMB_EU_000292,DE,E-commerce,60,14893.84,-12.88,118,126.22,3,7,0,0,2,0.111,0
SMB_EU_000293,ES,Subscription,37,6515.11,23.01,42,155.12,2,11,2,0,1,0.061,0
SMB_EU_000294,FR,E-commerce,40,33977.37,15.87,176,193.05,1,9,0,0,1,0.099,0
SMB_EU_000295,DE,Services,16,10558.5,5.77,50,211.17,1,10,0,1,1,0.268,0
SMB_EU_000296,NL,Services,28,8687.55,-16.71,50,173.75,1,8,0,0,0,0.127,0
SMB_EU_000297,ES,E-commerce,50,10655.88,-20.09,43,247.81,4,9,1,1,1,0.094,0
SMB_EU_000298,DE,Retail,14,6734.82,-53.94,32,210.46,2,4,0,0,0,0.198,0
SMB_EU_000299,IT,Services,48,6028.0,-6.46,27,223.26,4,9,1,0,1,0.041,0
SMB_EU_000300,DE,E-commerce,46,22752.84,17.14,84,270.87,1,5,1,1,2,0.058,0
SMB_EU_000301,DE,Services,45,3685.28,-0.33,14,263.23,1,8,2,0,0,0.188,0
SMB_EU_000302,NL,E-commerce,27,16618.1,-17.49,133,124.95,4,7,2,1,1,0.05,0
SMB_EU_000303,IT,E-commerce,15,17610.32,0.6,81,217.41,3,7,0,1,0,0.034,0
SMB_EU_000304,IT,Services,78,10821.12,-46.99,46,235.24,3,11,0,2,2,0.189,0
SMB_EU_000305,ES,E-commerce,62,23587.8,-81.21,210,112.32,4,14,1,0,0,0.08,0
SMB_EU_000306,UK,E-commerce,27,6073.71,-58.21,23,264.07,4,12,1,0,1,0.137,1
SMB_EU_000307,NL,E-commerce,31,13195.45,-7.92,110,119.96,1,12,2,0,1,0.059,0
SMB_EU_000308,FR,E-commerce,22,8591.56,-17.33,34,252.69,1,16,0,2,2,0.165,1
SMB_EU_000309,ES,E-commerce,5,21092.19,-27.3,183,115.26,1,4,0,1,2,0.012,0
SMB_EU_000310,FR,Services,25,8700.06,-11.66,36,241.67,3,12,1,0,1,0.133,0
SMB_EU_000311,NL,E-commerce,37,15942.42,-14.48,142,112.27,2,7,0,0,1,0.059,0
SMB_EU_000312,DE,E-commerce,17,12770.96,-18.5,78,163.73,2,7,0,3,0,0.036,0
SMB_EU_000313,DE,Hospitality,21,6254.25,13.64,56,111.68,3,11,2,0,2,0.057,0
SMB_EU_000314,UK,E-commerce,21,17003.2,-68.34,122,139.37,3,9,0,0,1,0.128,0
SMB_EU_000315,ES,E-commerce,29,10216.36,-35.12,34,300.48,1,10,1,1,1,0.022,0
SMB_EU_000316,IT,Subscription,22,4331.86,18.56,42,103.14,2,13,1,0,2,0.077,0
SMB_EU_000317,FR,Services,13,1461.34,-12.84,9,162.37,1,18,0,0,0,0.178,0
SMB_EU_000318,DE,Hospitality,29,12833.63,26.35,56,229.17,2,15,0,1,0,0.058,0
SMB_EU_000319,DE,Hospitality,36,8081.51,8.47,80,101.02,1,7,4,1,1,0.038,0
SMB_EU_000320,FR,Retail,30,9943.79,11.85,96,103.58,1,9,1,0,2,0.09,0
SMB_EU_000321,IT,Hospitality,5,12818.36,-29.96,115,111.46,3,10,1,0,3,0.146,0
SMB_EU_000322,ES,E-commerce,40,7062.29,1.69,32,220.7,4,14,0,0,1,0.09,0
SMB_EU_000323,IT,E-commerce,10,5294.52,1.86,19,278.66,4,4,0,0,1,0.067,0
SMB_EU_000324,FR,E-commerce,35,18889.18,19.22,72,262.35,1,8,1,0,1,0.273,0
SMB_EU_000325,UK,Retail,36,9539.15,-35.28,32,298.1,3,5,0,1,2,0.051,1
SMB_EU_000326,ES,Retail,7,2831.08,-10.92,14,202.22,3,10,2,0,0,0.094,0
SMB_EU_000327,IT,Subscription,47,11166.71,8.79,38,293.86,3,10,0,1,2,0.206,0
SMB_EU_000328,IT,E-commerce,77,11797.84,-63.82,80,147.47,3,15,1,0,0,0.093,0
SMB_EU_000329,FR,E-commerce,21,9242.36,19.79,54,171.15,4,10,1,0,1,0.041,0
SMB_EU_000330,FR,Retail,35,6549.49,20.11,39,167.94,1,7,3,0,1,0.039,0
SMB_EU_000331,FR,Retail,19,1848.78,-14.86,20,92.44,3,6,1,0,0,0.043,0
SMB_EU_000332,ES,Services,10,3506.48,17.4,13,269.73,3,7,2,0,1,0.085,0
SMB_EU_000333,DE,E-commerce,50,9830.34,-1.26,115,85.48,1,11,4,1,1,0.057,0
SMB_EU_000334,DE,E-commerce,36,20953.63,-1.6,87,240.85,2,4,0,0,1,0.022,0
SMB_EU_000335,DE,Retail,15,7275.43,-18.44,43,169.2,1,11,1,1,0,0.214,1
SMB_EU_000336,DE,Services,10,7335.75,26.22,90,81.51,4,24,0,1,0,0.06,0
SMB_EU_000337,UK,Retail,80,1732.76,-7.28,12,144.4,4,10,1,0,1,0.129,0
SMB_EU_000338,ES,Retail,8,4835.49,5.1,31,155.98,2,8,2,0,2,0.129,0
SMB_EU_000339,NL,E-commerce,39,20939.73,3.81,72,290.83,2,12,2,0,5,0.041,0
SMB_EU_000340,DE,E-commerce,30,12462.59,-20.11,55,226.59,1,15,0,0,0,0.168,0
SMB_EU_000341,NL,Retail,44,13286.09,-26.17,67,198.3,3,8,1,0,3,0.092,1
SMB_EU_000342,NL,Hospitality,67,2031.95,0.08,19,106.94,1,14,2,0,0,0.109,0
SMB_EU_000343,DE,Hospitality,2,9303.83,-6.81,56,166.14,2,17,0,0,0,0.132,0
SMB_EU_000344,NL,Services,12,3407.42,-1.34,39,87.37,3,15,1,1,1,0.068,0
SMB_EU_000345,FR,E-commerce,24,9643.96,15.98,39,247.28,2,12,0,0,1,0.099,0
SMB_EU_000346,IT,Retail,70,14498.86,3.37,125,115.99,2,11,0,0,1,0.044,0
SMB_EU_000347,IT,E-commerce,19,30120.04,11.38,143,210.63,1,9,2,0,1,0.229,0
SMB_EU_000348,DE,Subscription,16,16744.07,6.68,72,232.56,1,8,2,0,1,0.13,1
SMB_EU_000349,FR,Hospitality,3,20387.96,-4.75,127,160.54,3,10,0,1,1,0.126,0
SMB_EU_000350,IT,Services,15,10692.26,-15.03,49,218.21,1,12,1,0,1,0.081,0
SMB_EU_000351,NL,Retail,38,4963.84,3.97,20,248.19,1,8,0,0,1,0.047,0
SMB_EU_000352,UK,E-commerce,24,16330.48,1.26,136,120.08,2,11,1,0,3,0.01,0
SMB_EU_000353,IT,Retail,15,6445.12,13.73,30,214.84,2,15,1,1,1,0.026,0
SMB_EU_000354,DE,Hospitality,80,20271.45,-2.26,84,241.33,2,6,1,0,2,0.057,0
SMB_EU_000355,DE,Subscription,21,17464.09,-4.46,110,158.76,2,15,2,0,3,0.073,0
SMB_EU_000356,IT,Subscription,29,8035.72,-3.44,69,116.46,2,5,0,0,2,0.037,0
SMB_EU_000357,DE,E-commerce,14,25401.19,-63.42,178,142.7,1,10,1,1,2,0.204,1
SMB_EU_000358,IT,E-commerce,10,7161.58,21.7,25,286.46,1,10,0,0,0,0.102,0
SMB_EU_000359,UK,Subscription,42,10458.15,17.09,66,158.46,3,6,0,0,3,0.044,0
SMB_EU_000360,IT,Hospitality,6,3417.83,-18.2,33,103.57,2,15,3,0,2,0.159,0
SMB_EU_000361,FR,Retail,36,2904.57,12.06,30,96.82,2,6,1,1,0,0.01,0
SMB_EU_000362,IT,E-commerce,33,24017.24,-27.68,201,119.49,2,11,1,0,2,0.143,1
SMB_EU_000363,NL,Retail,11,13799.0,14.78,128,107.8,1,11,2,1,1,0.112,0
SMB_EU_000364,IT,E-commerce,13,19734.69,-10.45,104,189.76,1,11,3,2,0,0.092,0
SMB_EU_000365,UK,E-commerce,21,13440.47,5.4,86,156.28,2,13,1,0,0,0.149,0
SMB_EU_000366,FR,Hospitality,9,2806.52,-78.11,11,255.14,2,10,1,1,3,0.037,1
SMB_EU_000367,UK,E-commerce,4,7472.59,-17.98,27,276.76,2,12,0,2,1,0.093,1
SMB_EU_000368,UK,Retail,23,4472.17,7.03,24,186.34,1,12,1,0,1,0.088,0
SMB_EU_000369,DE,E-commerce,43,13037.71,-63.27,47,277.4,1,10,1,0,1,0.029,1
SMB_EU_000370,DE,Services,31,9536.68,-12.6,53,179.94,2,9,2,0,1,0.04,0
SMB_EU_000371,DE,Hospitality,54,11336.21,20.94,51,222.28,2,12,1,0,1,0.046,0
SMB_EU_000372,DE,E-commerce,19,5578.44,33.16,48,116.22,4,12,0,0,1,0.037,0
SMB_EU_000373,DE,Subscription,27,5937.48,14.06,65,91.35,1,14,1,2,0,0.038,0
SMB_EU_000374,IT,Subscription,13,5842.32,-16.38,51,114.56,4,13,3,0,1,0.268,0
SMB_EU_000375,DE,Retail,28,1751.53,-24.03,13,134.73,4,6,1,0,0,0.153,0
SMB_EU_000376,FR,Retail,52,11235.9,-23.42,46,244.26,2,7,0,0,0,0.025,0
SMB_EU_000377,UK,Services,37,4313.47,-54.89,37,116.58,3,7,1,0,3,0.072,1
SMB_EU_000378,DE,Services,57,4671.84,0.82,43,108.65,4,12,0,1,0,0.097,0
SMB_EU_000379,ES,Subscription,32,20181.11,28.86,71,284.24,1,6,0,0,0,0.022,0
SMB_EU_000380,FR,Services,24,5272.07,13.69,23,229.22,1,8,0,0,1,0.01,0
SMB_EU_000381,DE,Hospitality,67,4633.54,-6.96,25,185.34,1,6,0,0,0,0.044,0
SMB_EU_000382,IT,E-commerce,28,21142.74,-14.17,210,100.68,2,9,0,0,2,0.132,0
SMB_EU_000383,IT,Retail,77,15101.06,15.03,56,269.66,1,9,0,1,2,0.094,0
SMB_EU_000384,UK,Retail,48,9557.46,-8.0,92,103.89,4,12,2,0,3,0.02,0
SMB_EU_000385,ES,E-commerce,15,22681.83,3.25,106,213.98,2,9,0,0,1,0.122,0
SMB_EU_000386,ES,Hospitality,22,5498.19,-50.62,24,229.09,4,11,0,0,0,0.092,0
SMB_EU_000387,FR,Hospitality,67,5712.43,8.54,34,168.01,1,9,0,0,1,0.164,0
SMB_EU_000388,DE,Services,54,5350.82,-16.73,19,281.62,3,13,0,0,2,0.122,0
SMB_EU_000389,ES,E-commerce,43,9546.53,-18.62,105,90.92,2,5,1,0,1,0.05,1
SMB_EU_000390,ES,Hospitality,40,4267.05,15.47,16,266.69,2,19,0,0,3,0.071,0
SMB_EU_000391,UK,Retail,9,18286.61,8.32,91,200.95,4,11,1,0,1,0.045,0
SMB_EU_000392,FR,E-commerce,10,50040.06,11.1,233,214.76,2,10,0,0,0,0.046,0
SMB_EU_000393,FR,Services,31,12997.5,-5.68,44,295.4,1,6,2,1,1,0.075,0
SMB_EU_000394,ES,Hospitality,13,2712.32,2.68,13,208.64,4,8,0,0,1,0.071,0
SMB_EU_000395,FR,Subscription,21,3839.38,0.95,15,255.96,2,11,0,1,0,0.065,0
SMB_EU_000396,UK,E-commerce,20,7342.1,-2.22,65,112.96,1,7,2,0,2,0.181,0
SMB_EU_000397,UK,E-commerce,39,16259.59,2.56,63,258.09,2,10,0,1,0,0.068,0
SMB_EU_000398,NL,E-commerce,32,2781.01,-31.62,11,252.82,2,15,1,0,0,0.061,1
SMB_EU_000399,ES,E-commerce,51,10535.7,16.12,36,292.66,2,7,0,0,1,0.106,0
SMB_EU_000400,ES,Services,32,11631.27,-17.73,41,283.69,2,14,0,0,1,0.149,0
SMB_EU_000401,DE,Hospitality,30,10818.12,-9.16,85,127.27,3,7,1,0,3,0.018,0
SMB_EU_000402,UK,Services,26,3683.93,17.87,20,184.2,1,5,0,0,0,0.056,0
SMB_EU_000403,NL,Retail,56,6168.33,-2.27,22,280.38,1,15,3,0,0,0.166,1
SMB_EU_000404,ES,Services,26,7027.16,7.63,32,219.6,3,11,1,0,1,0.031,0
SMB_EU_000405,FR,Retail,15,14021.65,7.41,77,182.1,3,11,0,1,2,0.228,0
SMB_EU_000406,UK,Services,41,3631.17,-12.75,35,103.75,1,14,0,1,2,0.099,0
SMB_EU_000407,FR,E-commerce,24,13032.3,-5.73,83,157.02,1,9,1,1,1,0.044,1
SMB_EU_000408,DE,E-commerce,47,10680.76,11.26,47,227.25,4,13,0,0,0,0.016,0
SMB_EU_000409,UK,E-commerce,60,6747.96,-7.44,27,249.92,3,7,2,1,0,0.09,0
SMB_EU_000410,DE,Subscription,23,7888.28,-44.65,44,179.28,3,13,0,0,3,0.028,0
SMB_EU_000411,FR,Retail,59,6698.51,19.57,73,91.76,1,9,0,0,4,0.044,0
SMB_EU_000412,UK,E-commerce,48,7040.39,17.16,32,220.01,2,11,1,1,0,0.121,0
SMB_EU_000413,UK,Services,17,7367.56,-25.31,26,283.37,1,7,0,0,0,0.047,0
SMB_EU_000414,IT,E-commerce,13,20046.26,-42.7,106,189.12,3,10,0,0,1,0.183,0
SMB_EU_000415,IT,Retail,12,12144.46,2.66,43,282.43,3,9,0,0,0,0.042,0
SMB_EU_000416,NL,E-commerce,10,9461.28,4.81,60,157.69,2,12,1,0,0,0.037,0
SMB_EU_000417,FR,E-commerce,55,4562.66,-34.99,17,268.39,1,11,1,1,2,0.105,1
SMB_EU_000418,FR,Subscription,23,11912.92,8.13,47,253.47,3,3,1,1,1,0.036,0
SMB_EU_000419,IT,Services,16,3356.74,-25.67,12,279.73,3,12,0,0,4,0.189,0
SMB_EU_000420,ES,E-commerce,18,8790.3,3.07,35,251.15,2,8,0,0,3,0.106,0
SMB_EU_000421,ES,Subscription,37,4233.35,-20.66,28,151.19,3,11,1,1,0,0.131,0
SMB_EU_000422,ES,E-commerce,71,12715.94,-14.44,46,276.43,1,6,1,1,3,0.097,0
SMB_EU_000423,DE,Retail,17,20611.27,10.99,91,226.5,3,12,0,0,4,0.088,0
SMB_EU_000424,NL,E-commerce,45,11076.0,-2.99,96,115.37,2,10,1,0,2,0.041,0
SMB_EU_000425,DE,E-commerce,26,7800.35,10.46,87,89.66,1,10,3,0,1,0.087,1
SMB_EU_000426,IT,Retail,38,11829.56,-3.31,74,159.86,3,3,0,0,1,0.052,0
SMB_EU_000427,NL,Subscription,14,9983.28,-24.48,39,255.98,2,8,0,1,0,0.092,0
SMB_EU_000428,UK,Services,42,1401.94,-3.59,6,233.66,2,10,2,0,0,0.139,0
SMB_EU_000429,FR,E-commerce,21,22319.44,-29.32,114,195.78,1,11,1,0,2,0.035,0
SMB_EU_000430,DE,Hospitality,19,21516.93,3.38,266,80.89,1,12,1,0,3,0.052,0
SMB_EU_000431,DE,Services,26,1050.34,-32.53,6,175.06,4,8,0,0,2,0.179,0
SMB_EU_000432,ES,Subscription,39,4287.92,-21.79,37,115.89,2,8,0,0,1,0.207,0
SMB_EU_000433,IT,Services,23,905.13,-13.24,5,181.03,1,6,0,0,1,0.249,0
SMB_EU_000434,DE,E-commerce,19,14337.34,-64.49,48,298.69,4,7,0,0,1,0.007,1
SMB_EU_000435,DE,Services,24,9058.19,-8.18,33,274.49,1,14,0,0,0,0.138,0
SMB_EU_000436,ES,Hospitality,23,6392.08,-15.63,43,148.65,2,12,0,0,1,0.198,0
SMB_EU_000437,DE,Hospitality,37,13831.61,-21.09,66,209.57,1,12,3,0,0,0.171,1
SMB_EU_000438,ES,Retail,20,13167.76,23.13,69,190.84,4,4,0,2,0,0.097,0
SMB_EU_000439,ES,Retail,19,22214.16,-10.17,205,108.36,2,7,3,1,0,0.12,0
SMB_EU_000440,DE,E-commerce,14,30089.51,-33.46,101,297.92,3,8,1,0,1,0.08,1
SMB_EU_000441,DE,E-commerce,39,11778.6,-55.67,68,173.21,2,7,1,0,2,0.215,1
SMB_EU_000442,UK,Retail,29,8326.78,-16.87,44,189.25,1,9,0,0,0,0.085,0
SMB_EU_000443,FR,Services,56,2969.02,-13.27,13,228.39,2,11,1,0,0,0.072,0
SMB_EU_000444,FR,Retail,52,6966.05,10.66,57,122.21,2,7,0,0,2,0.086,0
SMB_EU_000445,ES,Hospitality,31,6226.77,-6.72,48,129.72,4,9,1,1,0,0.076,0
SMB_EU_000446,UK,E-commerce,24,14254.97,-17.29,116,122.89,3,17,0,0,3,0.097,0
SMB_EU_000447,UK,Subscription,26,20137.36,-16.25,122,165.06,3,7,0,0,3,0.098,0
SMB_EU_000448,ES,E-commerce,16,12304.31,17.25,99,124.29,1,14,0,2,0,0.087,0
SMB_EU_000449,FR,Retail,14,4573.09,8.05,16,285.82,1,9,0,0,1,0.125,0
SMB_EU_000450,DE,Hospitality,13,3560.83,-36.8,15,237.39,2,6,0,0,1,0.147,1
SMB_EU_000451,ES,Services,23,7407.54,-16.72,27,274.35,2,14,2,1,3,0.087,0
SMB_EU_000452,IT,Subscription,2,3878.09,0.71,15,258.54,3,13,0,0,0,0.141,0
SMB_EU_000453,NL,E-commerce,69,13294.34,-3.66,57,233.23,3,10,0,0,1,0.036,0
SMB_EU_000454,UK,E-commerce,12,33266.48,-4.91,249,133.6,4,13,0,0,2,0.062,0
SMB_EU_000455,DE,Subscription,81,10727.21,-14.74,50,214.54,1,8,3,1,1,0.147,0
SMB_EU_000456,NL,Retail,12,7649.79,-21.08,63,121.43,3,9,0,1,2,0.147,1
SMB_EU_000457,DE,Hospitality,26,5872.11,30.12,54,108.74,2,5,1,1,2,0.254,0
SMB_EU_000458,NL,E-commerce,34,8087.43,0.41,37,218.58,2,9,0,2,1,0.306,0
SMB_EU_000459,DE,Retail,28,4783.44,-42.56,22,217.43,2,8,1,0,2,0.055,1
SMB_EU_000460,DE,E-commerce,17,13342.32,0.09,117,114.04,4,7,1,0,0,0.05,0
SMB_EU_000461,DE,E-commerce,17,17651.38,0.7,112,157.6,2,9,3,1,1,0.179,0
SMB_EU_000462,IT,Hospitality,45,10597.83,-0.93,112,94.62,1,15,3,0,4,0.174,1
SMB_EU_000463,ES,Subscription,57,9513.97,-16.81,40,237.85,2,11,0,1,0,0.001,0
SMB_EU_000464,IT,E-commerce,5,33774.79,-68.38,114,296.27,4,6,0,1,1,0.029,1
SMB_EU_000465,UK,Services,31,13099.27,-15.83,54,242.58,3,9,0,0,4,0.191,0
SMB_EU_000466,FR,Retail,39,12891.93,2.82,49,263.1,1,6,0,1,3,0.037,0
SMB_EU_000467,FR,E-commerce,30,31281.88,14.07,169,185.1,3,9,1,0,2,0.031,0
SMB_EU_000468,UK,Retail,8,4415.02,11.03,44,100.34,1,7,2,0,1,0.095,0
SMB_EU_000469,FR,Subscription,37,4516.35,-12.13,19,237.7,1,11,0,2,2,0.121,0
SMB_EU_000470,UK,Services,52,6822.47,16.99,50,136.45,2,8,1,0,0,0.043,0
SMB_EU_000471,DE,Hospitality,14,2683.26,11.48,16,167.7,2,10,0,1,1,0.1,0
SMB_EU_000472,UK,Services,17,4200.55,-22.16,18,233.36,1,18,0,0,2,0.059,0
SMB_EU_000473,DE,Hospitality,30,9530.28,33.74,34,280.3,3,9,0,0,1,0.029,0
SMB_EU_000474,UK,Subscription,25,21015.25,30.66,112,187.64,3,11,2,0,1,0.095,0
SMB_EU_000475,NL,Services,17,4292.67,10.35,15,286.18,2,15,1,3,2,0.041,0
SMB_EU_000476,UK,Subscription,10,6093.72,8.48,31,196.57,1,6,0,0,2,0.04,0
SMB_EU_000477,DE,E-commerce,18,18180.09,-24.2,170,106.94,1,11,1,0,0,0.156,0
SMB_EU_000478,IT,Retail,4,4200.97,-8.76,22,190.95,1,9,0,1,2,0.257,1
SMB_EU_000479,UK,E-commerce,40,13518.82,-8.55,50,270.38,1,7,3,0,2,0.022,0
SMB_EU_000480,NL,Retail,15,7961.69,10.1,40,199.04,4,11,0,0,0,0.118,0
SMB_EU_000481,IT,Hospitality,44,5900.1,-12.85,24,245.84,2,15,1,0,1,0.193,0
SMB_EU_000482,IT,E-commerce,22,15818.06,8.89,79,200.23,1,9,0,0,3,0.102,0
SMB_EU_000483,NL,Hospitality,29,3636.61,2.35,18,202.03,1,7,2,0,1,0.105,0
SMB_EU_000484,IT,Retail,6,5171.93,-12.84,36,143.66,4,11,0,1,1,0.034,0
SMB_EU_000485,IT,Retail,42,5109.86,0.39,41,124.63,2,7,2,0,1,0.021,0
SMB_EU_000486,UK,E-commerce,113,5674.56,19.58,40,141.86,2,10,2,1,2,0.027,0
SMB_EU_000487,DE,Subscription,20,11048.81,1.24,62,178.21,2,7,2,1,0,0.095,0
SMB_EU_000488,FR,E-commerce,29,25657.72,1.3,99,259.17,1,12,1,0,0,0.134,0
SMB_EU_000489,UK,E-commerce,31,24187.51,-22.6,92,262.91,4,7,1,0,1,0.089,0
SMB_EU_000490,UK,Services,9,4271.39,6.89,37,115.44,1,6,1,0,0,0.08,0
SMB_EU_000491,NL,Hospitality,11,3688.27,-4.96,18,204.9,3,12,1,0,1,0.132,0
SMB_EU_000492,IT,E-commerce,38,23444.57,5.25,137,171.13,1,6,0,0,1,0.039,0
SMB_EU_000493,FR,E-commerce,14,22007.96,-15.74,107,205.68,2,5,1,0,2,0.089,1
SMB_EU_000494,DE,Retail,22,9114.75,-11.99,41,222.31,4,12,1,1,0,0.025,0
SMB_EU_000495,NL,Subscription,29,25631.22,-10.07,181,141.61,3,9,1,0,3,0.018,0
SMB_EU_000496,FR,Retail,39,7874.16,7.05,28,281.22,1,6,0,2,2,0.048,0
SMB_EU_000497,IT,E-commerce,23,12857.36,2.4,45,285.72,2,18,0,0,1,0.252,0
SMB_EU_000498,DE,Retail,23,6293.71,-28.23,61,103.18,1,10,0,0,3,0.04,0
SMB_EU_000499,UK,Retail,102,3135.9,10.36,13,241.22,4,9,0,0,3,0.07,0
SMB_EU_000500,UK,Services,49,7435.32,-14.89,85,87.47,3,6,1,0,0,0.125,0
SMB_EU_000501,IT,Retail,20,7509.36,-4.35,83,90.47,2,10,2,0,5,0.054,0
SMB_EU_000502,NL,Retail,24,10863.41,-15.53,37,293.61,1,13,1,1,0,0.043,1
SMB_EU_000503,FR,E-commerce,78,45294.11,-12.3,195,232.28,1,11,1,0,0,0.192,0
SMB_EU_000504,ES,Retail,39,6328.04,-22.0,42,150.67,3,7,1,0,1,0.166,0
SMB_EU_000505,IT,Retail,53,1967.25,2.11,9,218.58,2,11,2,0,4,0.106,0
SMB_EU_000506,DE,Services,20,6673.07,-12.93,25,266.92,1,13,0,1,2,0.075,1
SMB_EU_000507,UK,Services,18,5526.49,-7.43,20,276.32,4,13,0,0,0,0.077,0
SMB_EU_000508,ES,Subscription,67,5799.39,-58.38,69,84.05,1,7,1,2,3,0.16,1
SMB_EU_000509,UK,Services,25,6345.83,15.66,24,264.41,1,11,0,1,2,0.024,0
SMB_EU_000510,ES,Hospitality,25,9615.89,13.93,36,267.11,1,11,1,0,1,0.188,0
SMB_EU_000511,IT,Retail,19,4533.42,-0.82,21,215.88,1,8,0,0,0,0.007,0
SMB_EU_000512,FR,Services,52,4173.01,18.98,22,189.68,2,7,2,0,3,0.196,0
SMB_EU_000513,UK,Services,30,12127.68,-30.19,116,104.55,2,7,0,0,1,0.101,0
SMB_EU_000514,UK,Services,11,3242.89,28.16,24,135.12,1,13,2,1,0,0.126,0
SMB_EU_000515,DE,E-commerce,17,15612.19,10.39,83,188.1,1,14,1,0,1,0.159,0
SMB_EU_000516,DE,Retail,59,1656.65,1.54,6,276.11,1,20,2,0,2,0.006,0
SMB_EU_000517,FR,Services,31,2055.11,-13.37,8,256.89,1,12,0,1,2,0.115,0
SMB_EU_000518,ES,Services,52,5495.6,-6.57,29,189.5,1,12,2,0,3,0.171,0
SMB_EU_000519,UK,Subscription,34,18803.02,9.14,74,254.09,1,8,1,1,3,0.028,0
SMB_EU_000520,DE,Retail,12,3533.27,9.48,14,252.38,1,8,0,1,1,0.06,0
SMB_EU_000521,IT,Retail,37,8366.03,10.03,40,209.15,3,10,1,0,2,0.052,0
SMB_EU_000522,FR,Retail,25,6385.38,-33.17,50,127.71,1,7,1,2,2,0.195,1
SMB_EU_000523,UK,Services,18,8857.73,-48.59,57,155.4,3,10,2,0,4,0.134,1
SMB_EU_000524,UK,Retail,19,3852.64,2.93,33,116.75,1,8,0,0,2,0.021,0
SMB_EU_000525,ES,Retail,51,10355.19,11.55,127,81.54,3,12,3,0,1,0.047,0
SMB_EU_000526,NL,Subscription,31,6080.03,0.05,62,98.07,3,9,2,2,0,0.066,0
SMB_EU_000527,FR,Retail,30,9145.52,22.22,37,247.18,2,13,1,0,2,0.07,0
SMB_EU_000528,FR,Services,71,5211.13,0.5,60,86.85,1,13,1,1,3,0.019,0
SMB_EU_000529,DE,E-commerce,15,12896.85,-0.01,77,167.49,1,7,1,0,1,0.129,1
SMB_EU_000530,UK,Services,25,6660.04,10.06,22,302.73,3,9,0,0,2,0.042,0
SMB_EU_000531,ES,Hospitality,16,6159.23,18.29,24,256.63,2,11,0,1,1,0.044,0
SMB_EU_000532,UK,Subscription,37,8310.67,-20.24,34,244.43,1,9,1,0,2,0.086,0
SMB_EU_000533,UK,Subscription,30,7267.23,-45.0,52,139.75,4,13,0,0,1,0.202,0
SMB_EU_000534,IT,Retail,20,8381.28,-54.34,38,220.56,2,16,1,1,0,0.174,0
SMB_EU_000535,ES,Retail,22,9140.07,47.38,48,190.42,3,6,1,0,3,0.029,0
SMB_EU_000536,UK,E-commerce,48,8285.98,-52.21,38,218.05,1,10,0,0,1,0.078,0
SMB_EU_000537,UK,Hospitality,56,4865.05,-1.83,28,173.75,1,10,0,0,1,0.141,0
SMB_EU_000538,FR,Services,17,2654.69,9.28,13,204.21,2,7,2,0,0,0.054,0
SMB_EU_000539,NL,E-commerce,116,14645.64,14.65,49,298.89,2,14,0,0,1,0.061,0
SMB_EU_000540,DE,Hospitality,9,4205.36,2.55,28,150.19,1,10,1,0,0,0.121,1
SMB_EU_000541,UK,Retail,11,12703.93,17.47,100,127.04,2,7,3,0,2,0.169,0
SMB_EU_000542,IT,Services,21,7486.3,-17.91,42,178.25,3,11,0,0,1,0.135,0
SMB_EU_000543,FR,Subscription,15,5173.63,-11.49,26,198.99,1,17,1,0,1,0.269,0
SMB_EU_000544,IT,E-commerce,13,14979.25,17.44,152,98.55,3,13,0,0,1,0.075,0
SMB_EU_000545,IT,E-commerce,55,22002.59,0.16,86,255.84,2,7,1,1,2,0.027,0
SMB_EU_000546,FR,Retail,37,7201.26,-18.94,42,171.46,2,6,2,0,1,0.068,0
SMB_EU_000547,DE,Hospitality,28,3876.1,-19.84,23,168.53,1,14,0,0,1,0.086,0
SMB_EU_000548,IT,E-commerce,18,7788.19,-12.16,35,222.52,3,9,0,0,1,0.092,0
SMB_EU_000549,NL,Retail,12,13356.49,0.03,53,252.01,1,8,0,0,1,0.046,0
SMB_EU_000550,ES,E-commerce,11,25782.04,7.01,87,296.35,3,6,0,0,0,0.062,0
SMB_EU_000551,NL,E-commerce,55,13240.52,-4.94,112,118.22,2,15,0,0,0,0.049,0
SMB_EU_000552,UK,E-commerce,54,23753.57,5.77,152,156.27,2,8,0,0,2,0.032,0
SMB_EU_000553,IT,Hospitality,22,1012.71,-58.8,9,112.52,4,7,1,0,0,0.283,1
SMB_EU_000554,IT,Retail,8,17742.7,18.36,65,272.96,1,15,1,0,2,0.104,0
SMB_EU_000555,UK,Services,40,4550.65,38.28,23,197.85,2,9,1,1,3,0.119,0
SMB_EU_000556,FR,Services,22,5443.94,-5.89,20,272.2,2,20,1,1,1,0.07,0
SMB_EU_000557,DE,E-commerce,49,12375.76,7.2,42,294.66,4,9,0,0,4,0.108,0
SMB_EU_000558,DE,Retail,11,18483.27,5.98,92,200.91,3,9,0,0,0,0.043,0
SMB_EU_000559,ES,Services,28,2645.87,2.08,25,105.83,3,9,0,1,1,0.187,0
SMB_EU_000560,IT,Subscription,10,21799.8,9.8,137,159.12,1,5,0,0,0,0.185,0
SMB_EU_000561,ES,Retail,15,10147.26,7.18,115,88.24,1,17,1,0,1,0.174,0
SMB_EU_000562,DE,E-commerce,15,21794.31,-51.74,82,265.78,1,7,0,2,2,0.29,1
SMB_EU_000563,DE,Retail,21,6566.09,19.75,78,84.18,2,9,0,0,2,0.099,0
SMB_EU_000564,DE,Hospitality,58,2736.91,3.02,13,210.53,2,15,0,0,1,0.086,0
SMB_EU_000565,FR,Retail,29,13981.68,-49.44,135,103.57,1,8,0,1,1,0.054,1
SMB_EU_000566,IT,E-commerce,44,18081.61,36.65,221,81.82,2,12,1,0,4,0.081,0
SMB_EU_000567,FR,Hospitality,28,13581.84,-1.74,100,135.82,3,16,1,0,1,0.073,0
SMB_EU_000568,NL,Hospitality,19,5341.43,3.82,27,197.83,1,16,0,1,0,0.063,0
SMB_EU_000569,UK,E-commerce,4,11664.05,2.63,121,96.4,4,12,0,0,2,0.058,0
SMB_EU_000570,FR,E-commerce,12,34498.06,-38.23,160,215.61,1,10,1,0,0,0.064,0
SMB_EU_000571,NL,Hospitality,26,18894.97,6.73,83,227.65,1,5,1,1,1,0.077,0
SMB_EU_000572,ES,Retail,29,8044.99,-12.67,27,297.96,3,8,0,1,2,0.091,0
SMB_EU_000573,FR,Retail,49,5092.59,8.95,18,282.92,2,11,2,2,1,0.045,0
SMB_EU_000574,IT,Services,6,8131.59,-26.38,40,203.29,4,3,2,0,1,0.031,0
SMB_EU_000575,UK,Retail,91,6869.07,-64.93,27,254.41,2,12,0,0,1,0.095,0
SMB_EU_000576,UK,Services,4,7163.48,27.39,45,159.19,4,12,1,1,2,0.011,0
SMB_EU_000577,DE,Subscription,25,7703.38,-18.84,37,208.2,1,7,0,0,3,0.13,0
SMB_EU_000578,UK,E-commerce,17,38338.65,-54.01,227,168.89,2,17,0,0,1,0.181,0
SMB_EU_000579,NL,E-commerce,12,9858.72,-18.47,64,154.04,4,3,0,0,1,0.049,0
SMB_EU_000580,FR,Hospitality,68,8005.09,26.1,33,242.58,2,12,1,1,2,0.052,0
SMB_EU_000581,NL,Services,17,3729.29,-26.88,26,143.43,1,8,2,2,1,0.035,1
SMB_EU_000582,UK,Subscription,6,7601.31,-14.34,46,165.25,1,19,1,0,3,0.342,0
SMB_EU_000583,NL,Services,9,3904.79,-21.87,24,162.7,3,11,1,0,0,0.008,0
SMB_EU_000584,FR,Retail,53,12461.03,-4.11,46,270.89,2,14,0,0,1,0.066,0
SMB_EU_000585,IT,Hospitality,10,10410.11,-6.54,89,116.97,2,13,1,1,2,0.085,0
SMB_EU_000586,FR,E-commerce,8,20961.63,-7.21,128,163.76,3,9,1,0,0,0.043,0
SMB_EU_000587,DE,E-commerce,30,14058.96,27.84,51,275.67,3,14,0,0,2,0.037,0
SMB_EU_000588,DE,Retail,21,8701.97,-17.99,104,83.67,2,10,1,0,3,0.089,0
SMB_EU_000589,DE,Retail,36,13709.3,-1.53,48,285.61,3,8,1,1,2,0.244,0
SMB_EU_000590,DE,Services,19,8732.27,-42.3,31,281.69,2,10,1,0,4,0.006,1
SMB_EU_000591,DE,E-commerce,42,2985.85,-38.86,17,175.64,3,7,0,1,1,0.043,0
SMB_EU_000592,IT,E-commerce,8,12739.62,7.3,57,223.5,1,7,1,1,2,0.048,0
SMB_EU_000593,DE,E-commerce,7,13111.57,-6.0,44,297.99,1,12,2,0,0,0.138,0
SMB_EU_000594,FR,Services,32,7470.71,5.61,37,201.91,3,12,0,0,2,0.117,0
SMB_EU_000595,UK,Services,21,4803.65,-1.62,47,102.21,1,13,0,1,0,0.04,0
SMB_EU_000596,NL,E-commerce,19,23093.71,-30.76,86,268.53,1,10,0,0,3,0.067,0
SMB_EU_000597,IT,Retail,40,4188.09,19.59,38,110.21,3,10,1,0,1,0.049,0
SMB_EU_000598,DE,E-commerce,99,17532.97,31.06,128,136.98,2,8,2,1,1,0.031,0
SMB_EU_000599,DE,Subscription,7,15445.97,-57.12,57,270.98,1,13,0,0,2,0.041,0
SMB_EU_000600,DE,Hospitality,59,2477.2,-13.47,18,137.62,3,11,1,1,3,0.158,0
SMB_EU_000601,DE,E-commerce,41,67777.91,-17.64,278,243.81,2,10,2,0,0,0.025,1
SMB_EU_000602,FR,Hospitality,18,12259.38,28.36,69,177.67,3,11,0,0,2,0.101,0
SMB_EU_000603,DE,E-commerce,71,15012.18,-2.53,61,246.1,2,13,1,1,4,0.094,0
SMB_EU_000604,DE,Services,9,3041.63,-3.28,23,132.24,2,8,3,0,1,0.082,0
SMB_EU_000605,DE,E-commerce,35,13504.18,-1.2,78,173.13,2,12,1,0,1,0.207,0
SMB_EU_000606,NL,Retail,23,8412.54,-25.12,56,150.22,1,8,0,0,1,0.133,0
SMB_EU_000607,DE,Retail,18,10421.17,-4.37,77,135.34,1,7,0,2,2,0.106,0
SMB_EU_000608,FR,E-commerce,10,36908.68,25.72,247,149.43,1,7,0,1,1,0.12,0
SMB_EU_000609,NL,Subscription,120,6763.67,-2.53,45,150.3,4,14,1,0,1,0.062,0
SMB_EU_000610,IT,E-commerce,18,21024.24,-56.81,72,292.0,4,9,1,0,1,0.103,1
SMB_EU_000611,DE,Services,3,2302.47,-35.94,12,191.87,2,6,0,0,2,0.071,0
SMB_EU_000612,ES,Services,45,3901.17,-10.01,21,185.77,1,11,0,1,0,0.143,0
SMB_EU_000613,IT,Retail,33,10028.91,-1.0,53,189.22,1,15,1,0,2,0.191,0
SMB_EU_000614,DE,Retail,21,12112.03,-19.03,40,302.8,1,11,2,1,1,0.06,0
SMB_EU_000615,UK,Retail,20,5091.14,-15.55,23,221.35,4,9,0,0,0,0.092,0
SMB_EU_000616,UK,Services,25,3838.04,-39.98,16,239.88,2,8,0,1,1,0.059,0
SMB_EU_000617,DE,Retail,46,19216.62,1.74,129,148.97,3,12,0,1,1,0.072,0
SMB_EU_000618,FR,E-commerce,33,30120.18,-50.78,164,183.66,2,11,0,0,2,0.077,0
SMB_EU_000619,ES,E-commerce,37,16998.49,-35.31,141,120.56,2,10,1,0,3,0.086,0
SMB_EU_000620,ES,Services,37,1306.63,-9.11,6,217.77,2,11,0,0,1,0.144,0
SMB_EU_000621,DE,Retail,47,36093.8,-11.76,232,155.58,1,5,0,2,4,0.057,0
SMB_EU_000622,DE,E-commerce,56,14821.68,17.46,61,242.98,2,6,1,0,1,0.129,0
SMB_EU_000623,FR,E-commerce,15,12434.94,11.74,98,126.89,3,8,1,0,1,0.035,0
SMB_EU_000624,NL,E-commerce,30,10964.19,-0.32,65,168.68,2,8,0,1,0,0.176,0
SMB_EU_000625,IT,Services,54,6266.75,-29.37,34,184.32,2,9,2,0,2,0.075,0
SMB_EU_000626,FR,Retail,15,10088.45,-0.13,86,117.31,2,9,0,2,2,0.027,0
SMB_EU_000627,NL,Services,63,8844.67,7.31,93,95.1,2,10,0,0,1,0.142,0
SMB_EU_000628,ES,Hospitality,15,3442.24,-11.99,23,149.66,2,12,0,2,1,0.104,0
SMB_EU_000629,DE,Hospitality,34,4974.19,12.94,25,198.97,1,6,1,0,2,0.023,0
SMB_EU_000630,FR,Hospitality,21,20289.16,-19.82,91,222.96,4,5,0,0,1,0.095,0
SMB_EU_000631,ES,E-commerce,19,17163.84,-3.95,99,173.37,1,5,0,0,1,0.068,0
SMB_EU_000632,UK,Retail,36,7213.3,-7.32,38,189.82,2,12,1,0,1,0.214,0
SMB_EU_000633,NL,Hospitality,56,3410.26,12.62,17,200.6,1,12,1,1,0,0.036,0
SMB_EU_000634,NL,E-commerce,21,20320.1,-2.26,105,193.52,1,8,0,0,1,0.048,0
SMB_EU_000635,DE,Hospitality,60,11138.09,-38.1,112,99.45,3,5,2,1,1,0.009,0
SMB_EU_000636,NL,E-commerce,15,25350.61,-5.77,150,169.0,4,12,1,0,0,0.071,0
SMB_EU_000637,NL,Subscription,57,7705.57,-8.48,62,124.28,3,8,1,1,2,0.097,0
SMB_EU_000638,FR,Hospitality,28,7452.21,-24.16,38,196.11,1,17,1,0,0,0.176,0
SMB_EU_000639,FR,Retail,33,21811.5,-5.33,88,247.86,2,8,2,0,1,0.093,0
SMB_EU_000640,FR,E-commerce,10,28519.26,16.06,137,208.17,1,12,1,0,0,0.051,0
SMB_EU_000641,DE,Services,18,3123.46,-57.3,24,130.14,2,16,0,1,2,0.029,0
SMB_EU_000642,FR,Services,26,1085.28,-46.51,9,120.59,1,10,2,0,2,0.011,1
SMB_EU_000643,DE,E-commerce,52,17923.52,16.3,203,88.29,3,3,1,0,2,0.17,0
SMB_EU_000644,FR,Services,22,8073.43,13.38,46,175.51,1,10,1,0,0,0.077,0
SMB_EU_000645,DE,E-commerce,14,7803.06,-6.6,45,173.4,1,10,0,0,0,0.058,0
SMB_EU_000646,UK,E-commerce,31,14921.1,-1.96,113,132.05,3,11,1,0,1,0.249,0
SMB_EU_000647,IT,Services,85,4268.31,-15.18,17,251.08,4,11,3,0,5,0.089,0
SMB_EU_000648,IT,Services,33,5322.85,-6.0,32,166.34,1,15,0,0,1,0.076,0
SMB_EU_000649,ES,Hospitality,22,4327.29,-1.32,19,227.75,1,13,1,0,2,0.178,0
SMB_EU_000650,NL,Services,31,10845.44,-0.8,49,221.34,3,10,1,0,0,0.017,0
SMB_EU_000651,DE,Retail,13,8742.73,4.02,41,213.24,2,13,1,1,0,0.03,0
SMB_EU_000652,NL,Services,65,2950.66,20.5,11,268.24,4,9,0,0,2,0.045,0
SMB_EU_000653,IT,E-commerce,64,26011.21,16.01,312,83.37,2,20,0,0,1,0.043,0
SMB_EU_000654,ES,Retail,13,3746.9,-29.28,39,96.07,1,6,0,0,2,0.056,1
SMB_EU_000655,NL,Retail,63,17290.17,-16.18,72,240.14,1,8,1,0,2,0.027,1
SMB_EU_000656,DE,E-commerce,31,27185.56,-40.63,172,158.06,2,12,2,0,2,0.087,1
SMB_EU_000657,FR,E-commerce,41,34533.0,-3.33,116,297.7,3,11,0,1,0,0.189,0
SMB_EU_000658,FR,E-commerce,26,13641.31,21.28,107,127.49,3,10,0,0,0,0.165,0
SMB_EU_000659,IT,Retail,27,5940.38,-3.58,49,121.23,4,15,1,0,1,0.069,0
SMB_EU_000660,IT,E-commerce,16,15775.58,18.8,75,210.34,1,13,1,0,3,0.061,0
SMB_EU_000661,FR,Hospitality,13,5703.6,-8.56,40,142.59,3,8,1,3,2,0.187,0
SMB_EU_000662,UK,E-commerce,12,10139.19,-7.36,65,155.99,3,14,0,0,0,0.016,0
SMB_EU_000663,IT,E-commerce,53,10760.44,7.22,38,283.17,3,11,1,0,1,0.163,0
SMB_EU_000664,FR,Services,30,4013.3,-27.52,47,85.39,2,6,0,0,1,0.116,0
SMB_EU_000665,DE,Services,13,2477.96,-3.18,13,190.61,2,10,1,0,1,0.126,0
SMB_EU_000666,DE,Services,28,7509.85,-74.56,49,153.26,2,6,1,0,0,0.07,1
SMB_EU_000667,FR,E-commerce,6,14536.63,-78.03,93,156.31,2,9,0,0,1,0.082,1
SMB_EU_000668,DE,Services,13,4155.41,4.47,31,134.05,1,9,0,0,1,0.158,0
SMB_EU_000669,DE,Retail,57,4109.2,-22.12,37,111.06,3,7,0,1,3,0.044,0
SMB_EU_000670,FR,Retail,18,3987.71,-36.82,46,86.69,3,16,1,0,0,0.097,0
SMB_EU_000671,DE,E-commerce,52,47923.15,0.19,161,297.66,1,12,1,0,1,0.034,0
SMB_EU_000672,UK,Services,24,3431.79,-36.74,15,228.79,2,15,1,0,5,0.252,0
SMB_EU_000673,DE,Retail,42,11539.3,-5.7,46,250.85,2,9,0,1,1,0.164,0
SMB_EU_000674,NL,Retail,10,8820.0,-17.47,94,93.83,3,11,0,0,1,0.055,0
SMB_EU_000675,FR,Retail,37,1513.35,-22.49,18,84.08,3,7,0,1,0,0.129,0
SMB_EU_000676,UK,Services,3,14656.86,-46.67,69,212.42,2,14,0,0,5,0.077,1
SMB_EU_000677,DE,Hospitality,19,9044.98,-16.04,38,238.03,3,7,0,0,1,0.201,0
SMB_EU_000678,FR,E-commerce,59,9463.56,-50.32,57,166.03,1,15,2,1,6,0.097,1
SMB_EU_000679,UK,Hospitality,27,5898.74,-2.52,36,163.85,1,7,2,1,2,0.144,0
SMB_EU_000680,UK,E-commerce,12,7527.33,-5.47,46,163.64,1,9,1,0,1,0.059,0
SMB_EU_000681,ES,Hospitality,56,17948.23,-8.94,158,113.6,1,5,0,0,1,0.119,0
SMB_EU_000682,FR,Retail,91,4640.62,-6.21,19,244.24,3,10,0,0,1,0.038,0
SMB_EU_000683,DE,Services,22,3653.14,-16.62,29,125.97,4,11,1,0,2,0.035,0
SMB_EU_000684,IT,E-commerce,7,9682.44,-19.33,64,151.29,1,13,1,0,3,0.11,0
SMB_EU_000685,UK,Hospitality,27,6296.46,-60.31,28,224.87,4,18,2,0,0,0.168,0
SMB_EU_000686,IT,Retail,43,18203.82,-50.33,227,80.19,2,8,2,0,0,0.199,1
SMB_EU_000687,IT,E-commerce,23,43889.49,24.48,177,247.96,1,9,0,0,2,0.156,0
SMB_EU_000688,FR,E-commerce,4,11806.53,-10.36,42,281.11,1,10,1,0,3,0.163,0
SMB_EU_000689,ES,E-commerce,40,18821.61,-44.12,206,91.37,3,8,0,2,0,0.082,1
SMB_EU_000690,DE,Retail,15,8402.97,-8.81,40,210.07,3,8,0,0,1,0.149,0
SMB_EU_000691,FR,Services,19,2774.51,-23.86,16,173.41,1,8,1,1,1,0.258,0
SMB_EU_000692,NL,Retail,7,34225.63,0.89,352,97.23,1,6,1,0,0,0.049,0
SMB_EU_000693,NL,Hospitality,2,13591.1,-0.73,59,230.36,4,10,0,1,1,0.052,0
SMB_EU_000694,FR,Services,10,5600.79,0.84,26,215.41,1,5,1,0,0,0.101,0
SMB_EU_000695,DE,Hospitality,17,15500.7,-0.61,70,221.44,3,10,1,1,3,0.132,0
SMB_EU_000696,IT,Services,17,10347.06,-5.59,40,258.68,1,15,2,0,4,0.11,1
SMB_EU_000697,FR,Hospitality,67,6302.06,-21.84,44,143.23,2,11,0,0,2,0.098,0
SMB_EU_000698,IT,E-commerce,11,18240.21,-1.12,80,228.0,2,11,0,0,0,0.145,0
SMB_EU_000699,DE,Services,49,12387.82,15.28,51,242.9,2,7,1,1,0,0.135,0
SMB_EU_000700,NL,E-commerce,29,8502.48,27.21,73,116.47,1,13,3,1,1,0.141,0
SMB_EU_000701,NL,Hospitality,73,16378.57,-44.84,56,292.47,1,8,1,1,3,0.037,1
SMB_EU_000702,DE,Services,25,4368.28,-1.94,28,156.01,3,5,2,0,1,0.021,0
SMB_EU_000703,FR,E-commerce,4,37444.37,7.51,158,236.99,1,8,0,0,2,0.029,0
SMB_EU_000704,DE,E-commerce,23,14953.03,22.4,61,245.13,2,7,0,1,2,0.099,0
SMB_EU_000705,DE,E-commerce,2,18368.07,-7.29,96,191.33,3,12,0,1,2,0.079,0
SMB_EU_000706,UK,Services,10,4898.13,10.39,45,108.85,3,12,1,0,4,0.035,0
SMB_EU_000707,FR,Subscription,23,6541.19,-12.34,47,139.17,1,11,1,0,0,0.155,0
SMB_EU_000708,ES,E-commerce,24,12756.2,4.95,97,131.51,3,8,3,0,1,0.027,0
SMB_EU_000709,FR,Hospitality,48,13725.1,-16.59,71,193.31,2,12,0,0,1,0.047,0
SMB_EU_000710,IT,Subscription,35,2245.05,-19.36,16,140.32,1,5,2,0,0,0.075,1
SMB_EU_000711,ES,Retail,69,3804.03,-7.88,19,200.21,2,8,2,1,3,0.14,0
SMB_EU_000712,IT,Retail,48,5176.65,14.32,36,143.8,1,14,1,0,2,0.056,0
SMB_EU_000713,NL,Services,44,2618.05,9.24,33,79.33,2,15,1,0,0,0.125,0
SMB_EU_000714,FR,Services,86,12371.87,15.54,77,160.67,3,10,3,2,1,0.21,1
SMB_EU_000715,FR,Services,47,10633.87,12.73,50,212.68,4,11,0,1,2,0.248,0
SMB_EU_000716,UK,E-commerce,61,21397.4,-5.12,86,248.81,3,4,3,0,2,0.113,0
SMB_EU_000717,ES,Retail,6,5456.24,32.99,63,86.61,2,12,1,1,1,0.039,0
SMB_EU_000718,UK,E-commerce,21,33417.55,2.05,244,136.96,4,8,2,1,0,0.059,0
SMB_EU_000719,DE,Retail,34,3085.04,-45.84,10,308.5,2,16,0,0,1,0.042,1
SMB_EU_000720,ES,E-commerce,28,54230.3,-4.24,394,137.64,2,13,0,0,0,0.052,0
SMB_EU_000721,UK,Services,14,3315.67,-7.04,13,255.05,3,5,0,0,0,0.041,0
SMB_EU_000722,DE,Retail,45,6836.12,11.93,36,189.89,1,9,0,1,0,0.055,0
SMB_EU_000723,DE,Services,52,3864.5,-6.77,36,107.35,1,11,2,0,1,0.112,0
SMB_EU_000724,ES,E-commerce,25,7878.88,16.48,36,218.86,3,12,0,0,2,0.037,0
SMB_EU_000725,IT,Hospitality,21,19045.43,8.37,65,293.01,4,11,2,1,1,0.174,0
SMB_EU_000726,UK,Retail,18,12842.74,-15.0,47,273.25,1,12,2,0,0,0.082,0
SMB_EU_000727,DE,E-commerce,46,31103.88,-2.11,134,232.12,3,10,2,0,2,0.047,0
SMB_EU_000728,ES,Retail,21,3839.11,-11.63,20,191.96,2,14,2,0,2,0.074,0
SMB_EU_000729,DE,Subscription,27,10032.07,2.77,67,149.73,3,12,3,0,1,0.134,0
SMB_EU_000730,DE,Services,57,6834.99,-11.72,43,158.95,1,8,4,1,0,0.301,0
SMB_EU_000731,DE,E-commerce,32,17645.91,1.12,113,156.16,4,9,0,0,0,0.069,0
SMB_EU_000732,ES,Retail,27,3987.71,-4.08,14,284.84,4,8,1,1,0,0.104,0
SMB_EU_000733,IT,Subscription,17,17159.03,-2.28,136,126.17,2,14,2,0,0,0.074,0
SMB_EU_000734,NL,E-commerce,26,16134.83,30.76,99,162.98,4,8,3,0,0,0.069,0
SMB_EU_000735,FR,Retail,15,4510.75,-5.41,26,173.49,4,14,1,1,0,0.073,0
SMB_EU_000736,UK,Hospitality,31,1971.13,-29.02,12,164.26,2,9,0,2,0,0.245,1
SMB_EU_000737,FR,Subscription,18,12951.67,15.24,160,80.95,4,7,1,0,1,0.028,0
SMB_EU_000738,ES,Retail,20,34803.4,-39.68,249,139.77,4,13,2,2,3,0.064,1
SMB_EU_000739,NL,Retail,26,4350.49,-87.17,23,189.15,1,10,0,1,0,0.054,1
SMB_EU_000740,FR,Subscription,74,9969.12,-10.51,40,249.23,1,6,0,0,1,0.003,0
SMB_EU_000741,NL,Retail,34,15576.13,6.54,76,204.95,1,13,0,1,0,0.083,0
SMB_EU_000742,FR,Retail,10,3734.64,7.86,23,162.38,2,8,2,0,0,0.071,0
SMB_EU_000743,ES,Hospitality,21,4498.69,-54.04,20,224.93,1,8,1,0,1,0.107,1
SMB_EU_000744,NL,Services,17,2984.23,0.27,13,229.56,1,14,1,0,0,0.014,0
SMB_EU_000745,FR,E-commerce,16,27081.65,-14.08,201,134.73,4,8,1,0,3,0.035,0
SMB_EU_000746,UK,Subscription,17,19936.22,-36.0,194,102.76,3,10,0,0,1,0.188,0
SMB_EU_000747,FR,Hospitality,22,6600.74,-5.2,26,253.87,4,15,0,0,0,0.075,0
SMB_EU_000748,IT,Retail,15,4827.85,-14.53,25,193.11,4,14,0,0,1,0.09,0
SMB_EU_000749,UK,Subscription,15,6900.2,2.65,58,118.97,2,13,1,0,0,0.236,0
SMB_EU_000750,IT,E-commerce,17,10275.38,-61.98,75,137.01,3,16,1,2,4,0.024,1
SMB_EU_000751,DE,E-commerce,16,8345.22,13.46,34,245.45,1,9,0,0,3,0.048,0
SMB_EU_000752,UK,Hospitality,13,5643.68,1.72,25,225.75,2,11,1,1,0,0.122,0
SMB_EU_000753,IT,E-commerce,39,21177.64,2.3,74,286.18,1,8,4,0,3,0.041,0
SMB_EU_000754,FR,Retail,19,10735.93,-88.92,59,181.96,1,7,1,1,2,0.047,1
SMB_EU_000755,DE,Retail,22,7960.58,-12.5,87,91.5,1,10,0,0,1,0.133,0
SMB_EU_000756,ES,E-commerce,21,15522.37,11.17,66,235.19,2,5,1,0,2,0.06,0
SMB_EU_000757,IT,Services,16,4761.24,9.82,35,136.04,4,7,0,0,0,0.224,0
SMB_EU_000758,NL,Hospitality,13,2755.04,-14.27,18,153.06,1,10,0,0,1,0.09,0
SMB_EU_000759,UK,Subscription,42,9907.63,-57.89,80,123.85,2,8,1,1,1,0.061,0
SMB_EU_000760,ES,E-commerce,13,10568.47,1.9,71,148.85,3,10,0,0,0,0.062,0
SMB_EU_000761,DE,E-commerce,14,6683.52,-67.35,25,267.34,2,10,2,1,2,0.173,1
SMB_EU_000762,FR,Retail,50,9992.8,-17.23,48,208.18,4,7,1,0,1,0.107,0
SMB_EU_000763,FR,Retail,17,5542.27,26.4,53,104.57,1,7,1,0,2,0.021,0
SMB_EU_000764,ES,E-commerce,26,17196.44,21.68,82,209.71,1,8,0,0,1,0.071,0
SMB_EU_000765,DE,Services,20,8314.66,-39.37,38,218.81,2,8,1,0,2,0.049,0
SMB_EU_000766,IT,Subscription,25,5089.0,4.61,19,267.84,2,10,0,0,4,0.116,0
SMB_EU_000767,ES,Subscription,66,9511.46,-29.25,35,271.76,1,12,0,0,3,0.084,0
SMB_EU_000768,UK,Retail,15,2699.83,-11.11,29,93.1,1,19,0,1,1,0.139,0
SMB_EU_000769,FR,Services,39,12540.43,-53.57,46,272.62,3,10,2,0,3,0.046,0
SMB_EU_000770,ES,E-commerce,42,6636.67,-10.79,73,90.91,1,13,3,1,2,0.051,0
SMB_EU_000771,DE,Retail,40,5874.08,-5.25,52,112.96,2,10,1,1,0,0.018,0
SMB_EU_000772,UK,Services,64,11161.45,19.49,107,104.31,4,9,0,1,0,0.103,0
SMB_EU_000773,DE,Hospitality,4,5212.43,-8.13,43,121.22,2,15,1,1,0,0.045,0
SMB_EU_000774,FR,Retail,8,3900.1,-5.11,15,260.01,2,11,0,0,5,0.106,0
SMB_EU_000775,ES,E-commerce,13,23009.2,-13.81,100,230.09,2,8,1,0,1,0.072,0
SMB_EU_000776,DE,E-commerce,18,22700.11,-21.29,98,231.63,2,10,2,1,0,0.147,0
SMB_EU_000777,FR,Services,31,3419.61,-12.6,12,284.97,3,12,0,0,1,0.008,0
SMB_EU_000778,ES,E-commerce,13,10947.32,-11.07,66,165.87,3,14,2,1,2,0.089,0
SMB_EU_000779,ES,Subscription,13,6930.83,0.83,86,80.59,2,10,0,1,2,0.108,1
SMB_EU_000780,IT,Retail,28,7065.52,-5.17,32,220.8,3,7,2,0,0,0.02,0
SMB_EU_000781,IT,E-commerce,36,4817.56,-4.7,18,267.64,1,10,0,0,0,0.11,0
SMB_EU_000782,IT,E-commerce,26,13452.92,-9.97,46,292.45,1,11,1,0,3,0.099,0
SMB_EU_000783,FR,E-commerce,38,43745.94,-16.06,273,160.24,3,10,0,2,0,0.087,0
SMB_EU_000784,FR,E-commerce,7,8762.39,9.14,34,257.72,1,12,1,1,1,0.149,0
SMB_EU_000785,DE,Services,15,3523.1,-47.06,13,271.01,4,14,0,0,1,0.034,0
SMB_EU_000786,UK,Services,12,2457.8,9.29,22,111.72,2,15,0,1,0,0.064,0
SMB_EU_000787,IT,Subscription,17,12994.44,-16.67,59,220.24,2,9,2,0,1,0.028,0
SMB_EU_000788,FR,Services,25,10291.89,-9.98,87,118.3,3,6,0,2,4,0.027,0
SMB_EU_000789,NL,Services,5,10151.57,-3.32,57,178.1,3,10,1,0,1,0.046,0
SMB_EU_000790,UK,Hospitality,17,2837.58,-1.92,10,283.76,3,8,0,0,2,0.01,0
SMB_EU_000791,DE,Services,15,6748.45,11.32,27,249.94,3,9,2,1,1,0.102,0
SMB_EU_000792,IT,E-commerce,7,35456.27,-6.46,173,204.95,2,12,1,1,1,0.049,0
SMB_EU_000793,NL,E-commerce,38,20365.62,-48.28,79,257.79,4,13,1,0,1,0.069,0
SMB_EU_000794,IT,E-commerce,25,19987.28,5.62,176,113.56,4,10,1,0,0,0.059,0
SMB_EU_000795,DE,E-commerce,17,11302.96,-1.6,92,122.86,1,2,0,0,0,0.187,0
SMB_EU_000796,UK,E-commerce,71,17117.75,-14.27,136,125.87,3,8,2,0,2,0.009,0
SMB_EU_000797,UK,Subscription,8,18897.23,11.35,75,251.96,4,10,0,0,1,0.188,0
SMB_EU_000798,IT,E-commerce,74,18264.8,-46.94,66,276.74,2,13,0,0,1,0.057,0
SMB_EU_000799,IT,Retail,21,3782.85,-32.4,19,199.1,2,13,1,0,1,0.171,0
SMB_EU_000800,UK,E-commerce,14,11409.26,-0.81,39,292.55,3,9,1,0,0,0.208,0
SMB_EU_000801,ES,Retail,18,16527.23,-3.11,69,239.53,1,15,2,0,0,0.062,0
SMB_EU_000802,DE,Retail,19,9720.99,-5.84,48,202.52,1,11,2,0,2,0.006,0
SMB_EU_000803,IT,Retail,80,8592.41,-12.33,40,214.81,3,11,0,1,1,0.073,0
SMB_EU_000804,IT,E-commerce,31,10757.91,-24.25,40,268.95,2,13,0,0,1,0.019,0
SMB_EU_000805,NL,E-commerce,11,30606.42,21.06,307,99.7,1,7,0,0,1,0.03,0
SMB_EU_000806,ES,Services,42,13556.76,-63.51,116,116.87,2,8,0,0,1,0.039,0
SMB_EU_000807,UK,Services,19,10669.1,-1.92,77,138.56,1,13,3,0,2,0.099,0
SMB_EU_000808,UK,E-commerce,2,35644.87,-2.01,129,276.32,4,5,0,0,1,0.03,0
SMB_EU_000809,NL,E-commerce,41,12095.42,16.43,42,287.99,2,13,1,0,2,0.17,0
SMB_EU_000810,DE,E-commerce,42,11111.15,29.0,70,158.73,2,14,0,0,0,0.061,0
SMB_EU_000811,UK,Services,20,4552.29,-22.3,16,284.52,1,15,1,0,0,0.028,0
SMB_EU_000812,ES,Retail,16,8187.31,-2.36,41,199.69,3,15,1,0,5,0.192,0
SMB_EU_000813,DE,Retail,44,18879.06,-74.19,103,183.29,4,10,0,0,1,0.043,1
SMB_EU_000814,UK,Services,15,10064.05,-21.65,38,264.84,3,4,0,1,1,0.051,0
SMB_EU_000815,UK,E-commerce,51,20720.67,-77.79,104,199.24,2,9,2,0,0,0.078,1
SMB_EU_000816,NL,Retail,15,3389.66,-47.57,19,178.4,3,14,2,0,0,0.074,0
SMB_EU_000817,IT,Retail,23,2905.57,-31.36,35,83.02,1,12,1,1,2,0.198,1
SMB_EU_000818,FR,Subscription,33,10396.84,16.18,126,82.51,1,21,1,0,2,0.062,0
SMB_EU_000819,DE,Services,29,8479.03,6.35,39,217.41,2,13,1,0,1,0.035,0
SMB_EU_000820,FR,Services,14,4766.91,-3.77,50,95.34,1,13,0,2,0,0.071,0
SMB_EU_000821,ES,E-commerce,32,47322.83,-6.7,195,242.68,1,7,2,0,2,0.106,0
SMB_EU_000822,DE,E-commerce,40,7834.88,-16.07,36,217.64,2,10,1,0,0,0.173,0
SMB_EU_000823,FR,Subscription,11,4358.87,-12.3,24,181.62,2,12,0,0,2,0.034,1
SMB_EU_000824,FR,Subscription,34,6041.52,-49.77,26,232.37,3,16,2,1,2,0.094,0
SMB_EU_000825,NL,Retail,23,5249.13,11.62,18,291.62,1,13,1,1,0,0.09,0
SMB_EU_000826,UK,Services,12,6856.58,-12.16,51,134.44,4,10,0,0,1,0.036,0
SMB_EU_000827,FR,Retail,31,6211.57,0.24,31,200.37,2,5,1,0,0,0.103,0
SMB_EU_000828,FR,Retail,43,3160.52,15.04,12,263.38,2,9,1,0,1,0.044,0
SMB_EU_000829,ES,Hospitality,16,10244.15,20.56,122,83.97,1,10,0,0,1,0.057,0
SMB_EU_000830,NL,E-commerce,32,5217.82,-0.44,42,124.23,2,7,0,2,0,0.09,0
SMB_EU_000831,FR,Subscription,19,4732.69,5.76,24,197.2,4,12,1,1,1,0.078,0
SMB_EU_000832,NL,Retail,38,3021.69,-13.56,15,201.45,3,9,0,0,1,0.107,0
SMB_EU_000833,DE,E-commerce,49,16984.87,25.25,172,98.75,1,8,1,1,0,0.019,0
SMB_EU_000834,DE,Subscription,30,10062.88,-2.49,59,170.56,2,11,0,0,1,0.135,0
SMB_EU_000835,NL,Subscription,40,28420.12,1.2,146,194.66,2,9,0,0,0,0.083,0
SMB_EU_000836,FR,Retail,45,13842.42,-6.1,80,173.03,1,11,0,1,1,0.246,0
SMB_EU_000837,UK,E-commerce,16,35624.65,17.99,152,234.37,4,10,1,0,1,0.093,0
SMB_EU_000838,FR,Hospitality,19,7134.38,2.99,29,246.01,2,13,1,0,2,0.072,0
SMB_EU_000839,IT,Retail,33,4451.68,11.41,25,178.07,2,7,0,0,2,0.064,0
SMB_EU_000840,IT,Subscription,56,9719.06,5.31,56,173.55,1,10,2,0,0,0.161,0
SMB_EU_000841,DE,Subscription,9,12841.44,-3.31,55,233.48,1,9,1,1,0,0.01,0
SMB_EU_000842,IT,Retail,35,12203.54,13.94,60,203.39,4,12,0,0,0,0.088,0
SMB_EU_000843,DE,Retail,53,6025.46,5.18,22,273.88,1,12,1,2,1,0.146,0
SMB_EU_000844,UK,Retail,22,10726.46,-14.41,58,184.94,2,7,2,0,1,0.228,0
SMB_EU_000845,DE,Subscription,25,5141.82,-49.87,25,205.67,3,10,0,0,1,0.108,0
SMB_EU_000846,FR,Retail,25,4277.95,2.23,39,109.69,1,14,1,0,1,0.068,0
SMB_EU_000847,DE,E-commerce,24,7679.69,-34.6,29,264.82,2,19,0,0,1,0.059,0
SMB_EU_000848,UK,E-commerce,14,15223.28,24.59,88,172.99,2,14,0,1,1,0.005,0
SMB_EU_000849,NL,Hospitality,23,2959.61,-26.66,12,246.63,4,10,0,0,2,0.113,0
SMB_EU_000850,IT,Retail,14,6200.28,0.38,36,172.23,3,15,1,0,1,0.062,0
SMB_EU_000851,DE,Retail,38,13752.1,7.34,171,80.42,4,11,1,2,0,0.149,0
SMB_EU_000852,ES,Subscription,6,4853.73,4.44,29,167.37,3,10,2,0,0,0.073,0
SMB_EU_000853,DE,Subscription,44,6650.14,15.14,59,112.71,1,4,0,0,2,0.048,0
SMB_EU_000854,UK,Services,48,5219.58,9.83,31,168.37,1,9,0,0,0,0.133,0
SMB_EU_000855,DE,Retail,29,9277.33,-14.78,62,149.63,3,9,0,1,1,0.222,0
SMB_EU_000856,DE,E-commerce,70,11117.0,-15.22,89,124.91,2,7,2,1,3,0.103,1
SMB_EU_000857,DE,Hospitality,34,9620.3,-34.81,90,106.89,2,9,0,1,1,0.066,1
SMB_EU_000858,NL,E-commerce,31,21377.13,-34.69,89,240.19,4,15,0,0,0,0.091,0
SMB_EU_000859,IT,Subscription,5,17834.57,2.15,72,247.7,1,13,1,0,1,0.139,0
SMB_EU_000860,DE,Hospitality,50,5713.31,-23.67,41,139.35,2,8,1,0,0,0.087,1
SMB_EU_000861,ES,Retail,13,5881.14,-62.53,31,189.71,3,15,3,0,0,0.013,1
SMB_EU_000862,NL,Subscription,11,5975.37,10.37,33,181.07,3,9,0,1,1,0.02,0
SMB_EU_000863,NL,Subscription,29,10820.48,-5.23,68,159.12,2,11,1,0,2,0.11,0
SMB_EU_000864,NL,Retail,14,6379.87,1.77,45,141.77,2,7,3,0,0,0.26,0
SMB_EU_000865,FR,E-commerce,22,10660.53,15.98,88,121.14,1,7,2,0,1,0.14,0
SMB_EU_000866,IT,E-commerce,53,11462.47,-18.03,42,272.92,2,11,2,2,1,0.069,0
SMB_EU_000867,DE,E-commerce,65,9952.62,-6.21,38,261.91,2,10,2,1,2,0.025,0
SMB_EU_000868,DE,Retail,16,9014.68,-7.84,52,173.36,4,13,1,0,1,0.05,0
SMB_EU_000869,UK,Hospitality,23,2570.78,5.33,11,233.71,1,13,2,0,1,0.069,0
SMB_EU_000870,UK,Subscription,94,10794.47,11.59,57,189.38,3,5,0,0,2,0.109,0
SMB_EU_000871,FR,E-commerce,65,22510.45,-22.2,228,98.73,3,12,2,0,2,0.002,0
SMB_EU_000872,FR,Retail,45,5645.81,-0.08,22,256.63,3,10,0,1,0,0.095,0
SMB_EU_000873,IT,Hospitality,14,19010.31,-29.88,148,128.45,2,12,1,0,1,0.173,0
SMB_EU_000874,FR,E-commerce,17,15159.43,-27.82,64,236.87,2,15,0,1,2,0.124,0
SMB_EU_000875,DE,Services,45,1959.39,-0.97,10,195.94,3,10,0,1,1,0.075,0
SMB_EU_000876,DE,E-commerce,5,12670.85,-18.24,55,230.38,4,6,0,0,2,0.075,0
SMB_EU_000877,ES,Retail,51,8306.47,-68.32,45,184.59,2,10,0,0,2,0.123,0
SMB_EU_000878,IT,Retail,59,10473.23,-37.58,45,232.74,4,6,1,0,4,0.029,0
SMB_EU_000879,DE,Services,20,4284.4,20.89,49,87.44,2,8,0,0,2,0.02,0
SMB_EU_000880,FR,E-commerce,66,8175.22,-5.34,92,88.86,3,12,0,0,2,0.016,0
SMB_EU_000881,FR,Services,35,2592.05,-12.11,9,288.01,1,12,1,1,2,0.13,0
SMB_EU_000882,IT,Retail,10,5404.77,4.92,22,245.67,3,9,1,0,0,0.08,0
SMB_EU_000883,DE,E-commerce,28,10733.66,-15.63,41,261.8,3,14,0,0,2,0.063,0
SMB_EU_000884,DE,E-commerce,15,7591.78,-17.06,42,180.76,3,9,0,1,2,0.148,0
SMB_EU_000885,ES,Subscription,30,5798.14,22.65,32,181.19,3,11,0,1,2,0.172,0
SMB_EU_000886,DE,Subscription,9,13368.48,27.13,68,196.6,1,7,1,0,1,0.118,0
SMB_EU_000887,IT,Retail,69,21509.38,-8.88,161,133.6,2,8,0,0,0,0.125,0
SMB_EU_000888,FR,E-commerce,38,23601.9,16.01,98,240.84,1,13,0,0,0,0.102,0
SMB_EU_000889,DE,Retail,19,17513.26,5.34,67,261.39,1,6,2,0,0,0.051,0
SMB_EU_000890,FR,E-commerce,31,26910.63,-21.21,96,280.32,1,14,1,1,2,0.188,1
SMB_EU_000891,ES,E-commerce,25,24727.81,-13.92,128,193.19,1,7,0,0,0,0.041,0
SMB_EU_000892,UK,Subscription,70,7348.87,23.27,43,170.9,3,8,1,1,0,0.104,0
SMB_EU_000893,ES,Subscription,25,9794.01,-21.4,37,264.7,3,9,0,0,1,0.011,0
SMB_EU_000894,FR,E-commerce,29,11654.34,34.21,47,247.96,1,16,0,0,0,0.063,0
SMB_EU_000895,IT,E-commerce,8,13152.16,-57.71,49,268.41,3,7,1,0,1,0.005,0
SMB_EU_000896,DE,Services,30,5208.74,23.71,23,226.47,1,9,1,0,1,0.1,0
SMB_EU_000897,FR,Services,34,7672.0,-4.58,28,274.0,1,12,1,0,2,0.148,0
SMB_EU_000898,UK,Retail,11,10313.31,12.0,104,99.17,3,13,0,0,2,0.059,0
SMB_EU_000899,DE,E-commerce,41,13612.01,20.93,59,230.71,2,19,0,0,1,0.042,0
SMB_EU_000900,DE,E-commerce,4,15508.27,20.85,156,99.41,2,11,0,0,3,0.07,0
SMB_EU_000901,DE,Retail,23,10376.25,-8.77,42,247.05,1,9,2,0,0,0.065,0
SMB_EU_000902,DE,Retail,8,11939.81,-69.45,55,217.09,2,8,1,1,5,0.13,1
SMB_EU_000903,DE,Retail,27,3215.7,-1.22,39,82.45,1,8,0,0,1,0.09,0
SMB_EU_000904,IT,Hospitality,19,3143.47,-19.51,15,209.56,1,11,2,0,0,0.109,0
SMB_EU_000905,NL,E-commerce,35,29149.46,-26.1,260,112.11,2,7,1,0,3,0.105,0
SMB_EU_000906,UK,Retail,25,7713.1,-60.86,69,111.78,3,7,0,1,0,0.073,0
SMB_EU_000907,ES,Retail,35,6202.77,16.24,55,112.78,1,8,2,0,1,0.104,0
SMB_EU_000908,FR,Services,27,4268.82,-52.46,23,185.6,1,10,1,2,3,0.09,1
SMB_EU_000909,FR,Services,52,4268.3,-26.13,40,106.71,1,10,0,0,0,0.066,1
SMB_EU_000910,FR,E-commerce,47,20964.13,21.01,195,107.51,2,13,0,1,0,0.042,0
SMB_EU_000911,IT,E-commerce,15,7715.57,2.75,57,135.36,1,17,3,1,2,0.076,0
SMB_EU_000912,FR,Subscription,50,9134.8,0.44,114,80.13,1,10,3,0,0,0.034,0
SMB_EU_000913,IT,Retail,34,9273.05,16.42,66,140.5,4,9,0,1,1,0.117,0
SMB_EU_000914,FR,Retail,55,10147.25,-43.9,47,215.9,1,15,1,0,2,0.092,0
SMB_EU_000915,IT,E-commerce,12,17146.06,-11.43,81,211.68,2,10,0,0,0,0.151,0
SMB_EU_000916,NL,Retail,9,10902.43,-6.75,37,294.66,4,16,1,0,0,0.078,0
SMB_EU_000917,FR,E-commerce,10,10638.0,-16.69,100,106.38,1,12,2,1,2,0.096,0
SMB_EU_000918,UK,Subscription,66,5114.82,-21.97,19,269.2,3,8,1,0,2,0.169,0
SMB_EU_000919,ES,Hospitality,56,26205.31,8.68,158,165.86,2,7,1,0,4,0.102,0
SMB_EU_000920,DE,E-commerce,47,12519.55,5.88,76,164.73,4,8,1,0,4,0.247,0
SMB_EU_000921,UK,Subscription,9,8057.09,11.41,51,157.98,4,9,1,0,0,0.049,0
SMB_EU_000922,NL,Retail,48,12014.88,19.22,112,107.28,2,8,1,2,0,0.04,0
SMB_EU_000923,UK,Retail,9,20844.6,11.62,113,184.47,1,10,1,1,1,0.061,0
SMB_EU_000924,ES,Hospitality,2,4327.73,-27.47,17,254.57,2,17,1,0,2,0.306,1
SMB_EU_000925,NL,Hospitality,19,3295.21,-31.17,12,274.6,4,13,0,1,4,0.015,0
SMB_EU_000926,DE,Retail,23,3796.77,-35.79,13,292.06,1,13,0,1,2,0.013,0
SMB_EU_000927,FR,E-commerce,61,39013.74,14.47,154,253.34,4,15,3,2,0,0.05,0
SMB_EU_000928,IT,Hospitality,12,3218.44,-17.52,15,214.56,3,9,1,1,0,0.07,0
SMB_EU_000929,IT,Hospitality,98,5901.61,1.38,31,190.37,1,12,1,0,2,0.104,0
SMB_EU_000930,FR,Hospitality,30,3338.06,-27.6,12,278.17,3,4,2,0,2,0.168,1
SMB_EU_000931,DE,E-commerce,24,6290.48,-22.11,26,241.94,1,11,0,2,1,0.034,0
SMB_EU_000932,ES,Retail,24,6712.8,5.53,58,115.74,2,12,4,0,2,0.064,0
SMB_EU_000933,UK,E-commerce,9,8545.27,8.98,37,230.95,2,16,1,0,2,0.02,0
SMB_EU_000934,NL,Retail,20,5282.84,2.71,30,176.09,2,11,1,1,0,0.044,0
SMB_EU_000935,DE,Subscription,31,29990.71,-21.94,142,211.2,2,14,1,0,1,0.03,0
SMB_EU_000936,FR,E-commerce,48,19355.72,7.6,70,276.51,2,12,1,2,2,0.057,0
SMB_EU_000937,DE,E-commerce,20,26230.74,4.27,117,224.19,3,8,0,0,2,0.065,0
SMB_EU_000938,UK,Services,30,8200.82,-21.75,29,282.79,3,15,0,0,1,0.031,0
SMB_EU_000939,DE,E-commerce,44,14119.17,20.7,52,271.52,4,11,1,1,1,0.055,0
SMB_EU_000940,IT,E-commerce,19,11521.55,8.01,106,108.69,3,5,2,1,0,0.131,0
SMB_EU_000941,FR,Services,50,5805.46,-20.71,70,82.94,3,11,1,1,2,0.046,0
SMB_EU_000942,IT,Services,38,5531.77,-12.26,34,162.7,2,9,1,0,2,0.052,0
SMB_EU_000943,IT,Hospitality,45,4265.15,-8.46,16,266.57,1,12,2,0,2,0.131,0
SMB_EU_000944,ES,Retail,5,8648.19,-37.27,66,131.03,1,13,0,0,2,0.016,0
SMB_EU_000945,DE,Hospitality,21,3927.34,-34.42,17,231.02,2,10,0,0,0,0.094,0
SMB_EU_000946,DE,Services,16,4511.2,-14.65,24,187.97,3,3,0,0,2,0.084,0
SMB_EU_000947,DE,Retail,4,6542.19,16.92,27,242.3,3,7,1,0,1,0.148,0
SMB_EU_000948,UK,Retail,48,3736.38,15.69,32,116.76,4,10,1,1,1,0.316,0
SMB_EU_000949,UK,Services,7,1219.87,9.29,9,135.54,2,16,0,0,2,0.087,0
SMB_EU_000950,IT,Retail,62,4553.99,0.66,34,133.94,2,10,2,0,0,0.15,0
SMB_EU_000951,IT,Services,25,14759.7,14.06,74,199.46,4,11,0,1,3,0.179,0
SMB_EU_000952,IT,E-commerce,36,12456.48,-4.14,87,143.18,2,12,0,0,0,0.175,0
SMB_EU_000953,DE,E-commerce,16,23894.09,-10.87,92,259.72,2,10,0,1,1,0.078,0
SMB_EU_000954,UK,Retail,50,2236.19,17.85,14,159.73,4,13,0,0,0,0.054,0
SMB_EU_000955,FR,Services,25,2730.45,4.76,12,227.54,2,12,0,0,0,0.084,0
SMB_EU_000956,FR,E-commerce,37,6654.92,-10.26,23,289.34,3,8,2,1,3,0.206,0
SMB_EU_000957,NL,E-commerce,54,13285.46,-61.97,62,214.28,4,6,0,0,0,0.086,0
SMB_EU_000958,DE,Hospitality,40,25659.98,-11.05,193,132.95,2,7,1,0,3,0.193,0
SMB_EU_000959,DE,Services,19,6590.18,30.33,25,263.61,1,5,0,1,1,0.04,0
SMB_EU_000960,ES,Subscription,25,24893.14,0.06,301,82.7,3,17,0,0,0,0.062,0
SMB_EU_000961,DE,E-commerce,46,12876.3,-25.31,94,136.98,3,7,0,1,0,0.027,0
SMB_EU_000962,IT,E-commerce,21,34020.79,10.82,206,165.15,1,7,0,0,1,0.168,0
SMB_EU_000963,FR,Subscription,26,31223.74,-18.23,254,122.93,2,11,0,0,1,0.118,0
SMB_EU_000964,FR,Hospitality,32,5618.91,16.45,26,216.11,2,6,1,1,3,0.119,0
SMB_EU_000965,FR,E-commerce,16,10853.54,-9.12,54,200.99,3,11,0,1,0,0.113,0
SMB_EU_000966,FR,Retail,24,3628.27,-4.06,21,172.77,1,10,4,0,6,0.05,1
SMB_EU_000967,ES,Services,30,4153.71,-4.69,29,143.23,2,16,0,0,5,0.08,0
SMB_EU_000968,FR,E-commerce,29,15755.48,15.56,90,175.06,2,7,0,1,0,0.048,0
SMB_EU_000969,IT,Hospitality,29,20294.13,-37.45,141,143.93,2,13,0,0,2,0.017,0
SMB_EU_000970,NL,E-commerce,20,6896.86,-17.63,54,127.72,4,7,1,0,2,0.027,0
SMB_EU_000971,IT,Retail,31,8291.56,-4.4,53,156.44,4,15,0,0,1,0.096,0
SMB_EU_000972,UK,Hospitality,60,2020.16,-30.46,10,202.02,1,11,3,0,0,0.115,0
SMB_EU_000973,ES,Retail,25,6192.78,9.01,28,221.17,1,6,0,1,2,0.018,0
SMB_EU_000974,DE,E-commerce,30,18081.47,4.69,124,145.82,1,15,0,0,1,0.03,0
SMB_EU_000975,DE,E-commerce,24,20401.33,-14.86,71,287.34,2,8,0,0,2,0.101,1
SMB_EU_000976,FR,E-commerce,58,21358.8,-0.24,155,137.8,3,12,0,0,1,0.021,0
SMB_EU_000977,IT,Services,22,6346.35,12.1,27,235.05,2,11,1,1,0,0.031,0
SMB_EU_000978,DE,Services,13,7082.95,-31.55,72,98.37,1,13,0,1,2,0.069,0
SMB_EU_000979,NL,Services,41,5139.12,-19.1,23,223.44,1,9,0,0,0,0.021,0
SMB_EU_000980,IT,Retail,21,4266.19,-5.03,24,177.76,1,8,3,0,1,0.098,1
SMB_EU_000981,FR,Retail,40,2633.85,0.36,13,202.6,2,8,1,0,0,0.08,0
SMB_EU_000982,ES,E-commerce,18,10805.31,-0.88,90,120.06,3,5,0,0,1,0.096,0
SMB_EU_000983,DE,Subscription,11,8301.66,13.34,47,176.63,1,8,2,0,5,0.131,0
SMB_EU_000984,DE,Services,25,10610.0,7.16,43,246.74,1,7,0,0,2,0.006,0
SMB_EU_000985,ES,Services,8,4707.12,10.45,19,247.74,3,10,0,1,0,0.024,0
SMB_EU_000986,NL,E-commerce,32,13331.22,-20.85,101,131.99,3,9,1,0,2,0.165,0
SMB_EU_000987,IT,E-commerce,45,18903.87,2.17,120,157.53,1,2,1,0,1,0.078,0
SMB_EU_000988,NL,E-commerce,81,12756.53,-4.61,158,80.74,2,8,0,0,1,0.111,0
SMB_EU_000989,FR,Retail,18,13010.63,21.93,130,100.08,1,19,0,0,2,0.044,0
SMB_EU_000990,ES,Retail,15,26233.62,2.62,243,107.96,1,9,2,0,0,0.028,0
SMB_EU_000991,ES,Subscription,44,33505.04,-64.16,232,144.42,3,10,0,1,1,0.024,1
SMB_EU_000992,IT,Retail,42,8479.62,-20.78,34,249.4,2,13,1,0,0,0.083,0
SMB_EU_000993,FR,Retail,44,9792.11,8.45,51,192.0,2,10,1,0,1,0.119,0
SMB_EU_000994,IT,Retail,81,20630.18,-12.32,81,254.69,4,11,1,0,0,0.037,0
SMB_EU_000995,FR,Subscription,26,8225.57,-5.23,33,249.26,3,9,0,3,0,0.022,0
SMB_EU_000996,DE,Hospitality,92,9018.47,-4.97,43,209.73,2,7,2,1,3,0.11,0
SMB_EU_000997,UK,Hospitality,20,3036.37,18.41,16,189.77,2,8,1,0,0,0.051,0
SMB_EU_000998,DE,Subscription,16,7468.7,3.05,26,287.26,1,12,1,1,1,0.079,0
SMB_EU_000999,UK,E-commerce,15,30015.65,10.9,146,205.59,3,9,3,2,1,0.051,0
SMB_EU_001000,NL,Hospitality,14,3899.48,-65.9,21,185.69,1,15,0,0,1,0.036,1
SMB_EU_001001,DE,Retail,84,7408.37,5.02,27,274.38,1,9,1,0,0,0.042,0
SMB_EU_001002,IT,Retail,56,3110.91,19.55,33,94.27,1,12,0,0,3,0.167,0
SMB_EU_001003,UK,Services,79,16658.14,-5.42,74,225.11,1,8,0,0,1,0.084,0
SMB_EU_001004,ES,Services,5,10668.07,-29.03,102,104.59,2,11,3,0,1,0.027,1
SMB_EU_001005,ES,E-commerce,9,16792.12,-20.45,64,262.38,3,11,0,0,0,0.241,0
SMB_EU_001006,IT,E-commerce,21,20339.36,-49.17,80,254.24,4,9,0,0,1,0.082,0
SMB_EU_001007,IT,E-commerce,18,19021.86,-5.02,100,190.22,3,8,1,0,0,0.077,0
SMB_EU_001008,UK,Retail,31,18357.32,-15.91,81,226.63,1,4,1,0,3,0.06,1
SMB_EU_001009,FR,Retail,27,5860.07,-3.99,23,254.79,1,10,0,0,1,0.086,0
SMB_EU_001010,NL,Retail,11,12413.72,-72.26,67,185.28,1,7,0,0,2,0.078,1
SMB_EU_001011,FR,E-commerce,17,28631.29,11.8,103,277.97,1,8,0,1,2,0.083,0
SMB_EU_001012,UK,Services,22,10367.06,2.8,59,175.71,2,8,1,1,1,0.051,0
SMB_EU_001013,UK,E-commerce,10,3866.8,-55.14,14,276.2,4,10,0,1,1,0.08,0
SMB_EU_001014,DE,Retail,24,5583.84,22.29,27,206.81,3,12,0,0,0,0.115,0
SMB_EU_001015,ES,E-commerce,11,8138.03,-33.91,47,173.15,3,8,1,1,2,0.037,0
SMB_EU_001016,UK,Services,23,5469.52,-2.94,68,80.43,2,6,1,0,1,0.065,0
SMB_EU_001017,DE,Retail,13,2386.49,-68.91,16,149.16,2,15,0,1,1,0.057,0
SMB_EU_001018,IT,Retail,48,2344.49,-29.42,9,260.5,4,8,1,0,2,0.151,0
SMB_EU_001019,UK,E-commerce,35,55152.78,-17.92,316,174.53,3,12,0,1,1,0.225,0
SMB_EU_001020,DE,Services,34,7243.12,-26.04,42,172.46,2,9,2,0,2,0.178,0
SMB_EU_001021,IT,Hospitality,42,6451.84,-10.88,34,189.76,1,10,0,0,1,0.104,0
SMB_EU_001022,FR,Services,36,6219.2,13.45,43,144.63,1,7,1,1,1,0.041,0
SMB_EU_001023,UK,Subscription,48,9825.97,-3.21,52,188.96,3,8,1,1,3,0.266,0
SMB_EU_001024,UK,Services,29,9096.12,-63.65,56,162.43,1,12,3,1,1,0.06,1
SMB_EU_001025,UK,Hospitality,41,4105.36,-4.8,15,273.69,2,12,1,0,1,0.061,0
SMB_EU_001026,NL,E-commerce,33,16777.17,-1.48,82,204.6,2,9,1,1,3,0.102,0
SMB_EU_001027,UK,Retail,33,9169.61,-6.28,35,261.99,3,17,0,2,0,0.076,0
SMB_EU_001028,UK,Subscription,7,4802.37,-12.77,21,228.68,1,13,2,0,0,0.081,0
SMB_EU_001029,FR,E-commerce,12,32273.29,14.84,255,126.56,1,12,2,0,2,0.06,0
SMB_EU_001030,ES,Retail,31,6122.9,-9.36,23,266.21,3,15,0,0,0,0.102,0
SMB_EU_001031,DE,Hospitality,15,11047.59,-5.75,111,99.53,2,6,0,1,3,0.038,0
SMB_EU_001032,IT,E-commerce,25,16070.7,6.44,90,178.56,1,12,0,0,0,0.053,0
SMB_EU_001033,FR,Hospitality,17,15989.15,-52.38,121,132.14,4,12,2,0,0,0.088,0
SMB_EU_001034,DE,Hospitality,18,3212.12,-13.4,16,200.76,3,10,0,0,0,0.139,0
SMB_EU_001035,DE,E-commerce,27,7823.99,-26.1,54,144.89,2,11,0,0,3,0.064,0
SMB_EU_001036,IT,Services,21,2903.8,8.07,12,241.98,3,4,2,1,2,0.098,0
SMB_EU_001037,FR,E-commerce,61,16248.94,2.67,57,285.07,1,8,2,0,0,0.116,0
SMB_EU_001038,ES,E-commerce,8,37823.52,-53.74,160,236.4,4,8,0,0,1,0.191,0
SMB_EU_001039,DE,E-commerce,38,39013.45,-65.8,247,157.95,4,16,0,0,0,0.129,0
SMB_EU_001040,FR,Hospitality,43,1500.47,-3.03,7,214.35,2,12,0,0,0,0.093,0
SMB_EU_001041,NL,Services,64,5808.15,-18.48,21,276.58,3,11,0,0,1,0.177,0
SMB_EU_001042,ES,E-commerce,27,2182.08,-0.59,16,136.38,3,8,0,0,0,0.269,0
SMB_EU_001043,FR,Hospitality,40,9667.59,13.38,91,106.24,3,8,1,0,0,0.062,0
SMB_EU_001044,IT,Retail,61,15648.0,13.15,144,108.67,2,4,0,0,0,0.006,0
SMB_EU_001045,UK,Subscription,16,8785.28,-5.71,47,186.92,2,10,0,0,0,0.063,0
SMB_EU_001046,IT,E-commerce,13,15775.2,15.96,65,242.7,1,8,0,2,1,0.07,0
SMB_EU_001047,FR,Services,28,5225.87,28.59,23,227.21,2,15,1,1,0,0.077,0
SMB_EU_001048,DE,Retail,22,4996.69,-4.74,28,178.45,2,3,1,0,0,0.083,0
SMB_EU_001049,UK,Retail,41,10365.31,10.37,43,241.05,1,12,0,0,0,0.161,0
SMB_EU_001050,DE,E-commerce,8,13055.45,-70.33,59,221.28,3,10,6,1,2,0.015,1
SMB_EU_001051,UK,Services,58,8737.4,-43.39,40,218.44,2,8,1,0,1,0.03,1
SMB_EU_001052,NL,E-commerce,31,14011.44,1.37,113,124.0,2,4,1,1,0,0.137,0
SMB_EU_001053,UK,Subscription,22,5368.83,-15.1,36,149.13,1,9,1,0,1,0.081,0
SMB_EU_001054,ES,E-commerce,26,5968.71,30.59,38,157.07,2,9,1,0,2,0.066,0
SMB_EU_001055,UK,E-commerce,50,4901.84,8.97,19,257.99,3,12,0,1,0,0.223,0
SMB_EU_001056,FR,Retail,36,17583.26,14.49,70,251.19,2,10,0,2,2,0.099,0
SMB_EU_001057,ES,Services,26,3799.1,-55.15,28,135.68,2,14,0,0,0,0.092,0
SMB_EU_001058,FR,Retail,22,9802.0,-15.05,106,92.47,3,9,1,0,1,0.033,0
SMB_EU_001059,NL,Services,23,14575.99,-7.78,59,247.05,2,6,0,0,0,0.018,0
SMB_EU_001060,IT,Subscription,40,6420.8,-35.24,38,168.97,2,11,0,1,1,0.047,0
SMB_EU_001061,UK,Subscription,21,6176.42,-9.57,48,128.68,1,11,1,0,0,0.028,0
SMB_EU_001062,UK,E-commerce,38,13856.48,10.07,131,105.77,2,5,0,0,0,0.044,0
SMB_EU_001063,ES,Hospitality,13,6106.9,-48.81,74,82.53,3,4,0,0,1,0.111,1
SMB_EU_001064,FR,Services,15,15517.5,0.07,89,174.35,2,7,4,0,1,0.025,0
SMB_EU_001065,NL,Retail,25,20469.46,-27.38,132,155.07,1,9,0,0,1,0.103,0
SMB_EU_001066,ES,Hospitality,22,8708.37,25.72,37,235.36,1,9,2,0,2,0.07,0
SMB_EU_001067,FR,Retail,16,19088.57,-3.19,65,293.67,1,13,1,1,4,0.107,0
SMB_EU_001068,DE,E-commerce,10,13478.81,40.64,107,125.97,1,12,2,0,1,0.083,0
SMB_EU_001069,FR,Retail,14,9572.94,9.79,72,132.96,2,12,1,0,3,0.055,0
SMB_EU_001070,FR,Retail,67,6676.1,-3.15,43,155.26,1,10,1,0,2,0.161,0
SMB_EU_001071,FR,E-commerce,16,6915.94,-35.32,38,182.0,3,13,1,0,0,0.07,0
SMB_EU_001072,FR,E-commerce,27,30888.23,-30.29,132,234.0,4,12,1,1,3,0.05,0
SMB_EU_001073,DE,Hospitality,16,8254.67,15.39,52,158.74,1,14,0,2,1,0.157,0
SMB_EU_001074,DE,Retail,21,8087.22,17.33,79,102.37,4,12,2,0,2,0.111,0
SMB_EU_001075,UK,E-commerce,46,14977.81,-31.34,62,241.58,3,14,0,0,3,0.021,0
SMB_EU_001076,NL,Retail,22,3240.45,-43.98,13,249.27,3,9,1,0,0,0.034,0
SMB_EU_001077,FR,Hospitality,20,3337.67,-1.58,25,133.51,1,13,0,1,0,0.171,0
SMB_EU_001078,IT,Hospitality,16,7340.83,13.13,67,109.56,4,9,1,1,2,0.1,0
SMB_EU_001079,DE,Hospitality,21,4367.94,31.59,22,198.54,4,9,0,0,2,0.046,0
SMB_EU_001080,UK,Services,33,4387.72,5.74,35,125.36,4,11,1,0,0,0.089,0
SMB_EU_001081,ES,E-commerce,5,14087.06,32.13,87,161.92,3,14,0,0,0,0.059,0
SMB_EU_001082,DE,Services,9,3319.97,2.56,13,255.38,1,8,0,1,1,0.067,0
SMB_EU_001083,FR,E-commerce,34,8392.17,6.77,65,129.11,1,6,1,1,1,0.169,0
SMB_EU_001084,UK,E-commerce,26,5700.97,-43.8,22,259.13,4,8,2,1,3,0.123,0
SMB_EU_001085,UK,Hospitality,17,5495.05,18.3,24,228.96,1,9,0,1,0,0.124,0
SMB_EU_001086,NL,Retail,35,11595.38,-6.33,90,128.84,1,7,1,0,1,0.059,0
SMB_EU_001087,IT,Hospitality,19,2237.99,12.27,11,203.45,1,10,2,0,1,0.088,0
SMB_EU_001088,DE,Hospitality,45,5914.05,-18.46,27,219.04,2,7,1,0,2,0.028,0
SMB_EU_001089,UK,E-commerce,17,17756.22,-4.27,143,124.17,2,12,1,1,4,0.103,0
SMB_EU_001090,FR,Retail,13,4418.03,-9.55,39,113.28,4,9,0,0,4,0.036,0
SMB_EU_001091,UK,Retail,106,18778.76,-19.72,95,197.67,4,7,0,1,1,0.02,0
SMB_EU_001092,IT,Subscription,40,7140.59,-41.28,31,230.34,2,11,0,0,0,0.105,0
SMB_EU_001093,IT,Hospitality,14,5646.32,16.98,31,182.14,2,9,0,1,3,0.065,0
SMB_EU_001094,NL,Retail,19,7262.18,-13.18,76,95.55,2,8,0,0,0,0.098,0
SMB_EU_001095,FR,E-commerce,17,5184.04,-25.97,18,288.0,1,6,1,1,0,0.197,0
SMB_EU_001096,DE,Hospitality,7,10990.27,-20.36,47,233.84,3,8,2,0,1,0.056,0
SMB_EU_001097,FR,Services,20,2818.28,14.91,13,216.79,2,4,0,2,2,0.11,0
SMB_EU_001098,DE,Retail,28,6941.58,-14.54,31,223.92,2,6,2,0,1,0.047,1
SMB_EU_001099,ES,Retail,59,11450.55,5.97,68,168.39,1,11,0,1,3,0.051,0
SMB_EU_001100,FR,Services,24,12012.89,-4.42,41,293.0,3,8,0,2,0,0.145,0
SMB_EU_001101,DE,Retail,18,4184.9,12.36,38,110.13,2,16,1,2,0,0.122,0
SMB_EU_001102,UK,Retail,64,6119.93,-29.68,25,244.8,1,12,1,0,0,0.037,0
SMB_EU_001103,UK,Subscription,56,20628.54,41.47,120,171.9,4,15,2,0,1,0.055,0
SMB_EU_001104,UK,Hospitality,28,7924.73,28.47,29,273.27,1,13,0,0,0,0.161,0
SMB_EU_001105,UK,E-commerce,26,22437.93,-4.73,94,238.7,2,11,3,0,0,0.108,0
SMB_EU_001106,DE,Retail,33,4257.84,-6.78,21,202.75,3,7,1,1,1,0.109,1
SMB_EU_001107,FR,Retail,16,6372.02,1.26,22,289.64,3,12,0,0,0,0.05,0
SMB_EU_001108,ES,Retail,26,7233.62,-16.18,26,278.22,3,9,0,1,0,0.092,0
SMB_EU_001109,IT,Services,16,2988.29,-0.83,33,90.55,4,5,0,1,0,0.109,0
SMB_EU_001110,DE,E-commerce,57,5492.09,0.34,45,122.05,1,18,5,1,2,0.115,0
SMB_EU_001111,ES,Services,13,3680.83,-0.04,16,230.05,4,7,0,0,1,0.016,0
SMB_EU_001112,FR,Subscription,30,20283.29,-84.37,72,281.71,1,6,1,0,0,0.03,0
SMB_EU_001113,FR,E-commerce,31,15542.13,7.45,89,174.63,1,8,0,0,1,0.082,0
SMB_EU_001114,NL,Retail,60,18247.28,-14.56,206,88.58,1,12,1,0,0,0.074,0
SMB_EU_001115,IT,E-commerce,18,16700.9,21.54,75,222.68,4,10,0,0,0,0.074,0
SMB_EU_001116,IT,Subscription,15,5688.23,-21.84,46,123.66,2,14,1,0,0,0.18,0
SMB_EU_001117,DE,Services,38,10761.87,-44.09,53,203.05,1,5,0,0,2,0.021,1
SMB_EU_001118,UK,Retail,35,9086.93,-33.24,55,165.22,1,11,0,0,1,0.146,0
SMB_EU_001119,FR,Hospitality,80,10685.23,-32.32,53,201.61,1,12,1,1,1,0.067,1
SMB_EU_001120,DE,Hospitality,29,3160.6,-12.59,11,287.33,2,9,5,1,2,0.134,1
SMB_EU_001121,UK,Subscription,56,16784.88,-10.47,90,186.5,1,13,1,0,2,0.044,0
SMB_EU_001122,UK,Retail,52,15192.09,21.99,173,87.82,2,8,0,0,2,0.05,0
SMB_EU_001123,UK,E-commerce,15,17848.34,-0.61,86,207.54,3,7,1,0,0,0.094,0
SMB_EU_001124,ES,Services,8,3081.09,19.39,20,154.05,2,6,0,0,1,0.037,0
SMB_EU_001125,IT,E-commerce,21,14591.58,-5.7,58,251.58,3,11,1,0,1,0.061,0
SMB_EU_001126,IT,E-commerce,44,21646.09,9.09,118,183.44,1,9,0,0,3,0.13,0
SMB_EU_001127,DE,Retail,60,9209.02,-10.88,38,242.34,1,8,1,0,0,0.06,0
SMB_EU_001128,FR,E-commerce,1,21513.91,-59.7,77,279.4,3,10,1,1,3,0.23,1
SMB_EU_001129,FR,E-commerce,13,27533.34,-27.31,172,160.08,3,5,1,0,1,0.183,0
SMB_EU_001130,FR,Subscription,33,6099.19,5.04,20,304.96,2,12,0,0,0,0.04,0
SMB_EU_001131,ES,E-commerce,39,7500.76,3.93,66,113.65,3,6,0,0,0,0.366,0
SMB_EU_001132,NL,E-commerce,12,14665.93,11.66,66,222.21,2,14,1,0,0,0.157,0
SMB_EU_001133,DE,Hospitality,16,4922.98,3.22,56,87.91,1,13,1,0,0,0.043,1
SMB_EU_001134,FR,Retail,6,12819.27,-5.47,101,126.92,2,4,1,0,1,0.02,0
SMB_EU_001135,IT,E-commerce,69,7872.31,2.64,36,218.68,1,20,0,0,2,0.012,0
SMB_EU_001136,DE,Services,30,9222.69,14.88,102,90.42,2,14,2,0,1,0.041,0
SMB_EU_001137,UK,Services,16,11263.93,-4.86,110,102.4,1,10,0,0,1,0.095,0
SMB_EU_001138,NL,Hospitality,54,6001.1,-13.63,42,142.88,1,15,1,1,0,0.118,0
SMB_EU_001139,NL,Hospitality,30,6222.68,10.77,30,207.42,4,6,1,0,1,0.029,0
SMB_EU_001140,IT,Retail,60,5047.6,-1.34,60,84.13,1,8,0,1,0,0.051,0
SMB_EU_001141,ES,Subscription,65,6498.87,12.48,35,185.68,1,5,1,0,2,0.188,0
SMB_EU_001142,FR,Retail,12,6261.62,5.29,29,215.92,4,17,2,0,0,0.11,0
SMB_EU_001143,IT,Services,56,11884.11,-11.9,71,167.38,2,9,0,1,1,0.088,0
SMB_EU_001144,IT,E-commerce,54,14366.91,16.12,151,95.15,2,9,1,0,1,0.042,0
SMB_EU_001145,FR,Subscription,35,4071.13,-13.07,19,214.27,3,5,1,0,3,0.068,0
SMB_EU_001146,UK,Services,37,5827.86,9.38,27,215.85,2,7,0,1,1,0.082,0
SMB_EU_001147,ES,Services,28,8208.84,-23.3,43,190.9,1,10,1,1,2,0.038,0
SMB_EU_001148,IT,Retail,10,7878.95,-5.77,34,231.73,2,8,2,0,1,0.128,0
SMB_EU_001149,UK,E-commerce,9,36218.8,17.34,288,125.76,3,7,0,0,2,0.098,0
SMB_EU_001150,UK,Hospitality,70,9566.47,5.96,42,227.77,4,15,0,0,0,0.33,0
SMB_EU_001151,ES,Services,30,2664.35,12.78,23,115.84,1,10,0,0,0,0.028,0
SMB_EU_001152,ES,Retail,22,5746.45,-54.31,35,164.18,1,7,1,0,2,0.046,1
SMB_EU_001153,IT,Subscription,39,10308.41,3.21,109,94.57,1,10,0,2,1,0.127,0
SMB_EU_001154,IT,Services,15,1839.92,-21.12,7,262.85,2,8,3,0,1,0.204,1
SMB_EU_001155,IT,E-commerce,19,18354.31,25.67,93,197.36,1,11,0,1,2,0.028,0
SMB_EU_001156,ES,Services,27,1737.57,-80.59,6,289.6,4,19,0,0,0,0.046,0
SMB_EU_001157,DE,E-commerce,17,27718.78,-5.32,96,288.74,4,12,1,1,2,0.03,0
SMB_EU_001158,UK,E-commerce,36,25852.68,-13.98,86,300.61,3,12,0,0,2,0.093,0
SMB_EU_001159,UK,E-commerce,24,20306.05,10.12,199,102.04,4,6,0,0,1,0.007,0
SMB_EU_001160,DE,Hospitality,36,3999.75,28.86,19,210.51,1,9,1,3,1,0.103,0
SMB_EU_001161,ES,Services,38,5537.59,9.82,33,167.81,3,5,0,1,1,0.052,0
SMB_EU_001162,DE,E-commerce,53,11023.44,-9.86,56,196.85,3,4,1,1,0,0.119,0
SMB_EU_001163,FR,Hospitality,21,3232.55,-20.67,22,146.93,1,8,0,0,1,0.064,0
SMB_EU_001164,ES,Hospitality,12,4896.47,-19.52,54,90.68,1,14,0,0,1,0.043,0
SMB_EU_001165,DE,Services,60,7601.89,-13.4,32,237.56,2,13,3,1,0,0.042,0
SMB_EU_001166,ES,Retail,6,8213.1,1.82,28,293.32,3,11,1,0,1,0.128,0
SMB_EU_001167,ES,Services,110,11939.64,-15.4,61,195.73,4,13,2,0,1,0.093,0
SMB_EU_001168,NL,E-commerce,16,23748.48,-11.27,156,152.23,2,9,0,0,1,0.245,0
SMB_EU_001169,DE,E-commerce,24,22270.54,-37.21,78,285.52,3,8,2,0,0,0.069,0
SMB_EU_001170,FR,Retail,10,3046.78,-77.78,19,160.36,1,12,1,0,2,0.055,1
SMB_EU_001171,IT,E-commerce,28,12641.12,-17.0,45,280.91,3,5,2,2,2,0.114,1
SMB_EU_001172,UK,Services,17,2640.09,-5.98,10,264.01,2,17,3,1,1,0.046,0
SMB_EU_001173,IT,E-commerce,10,13440.18,-4.57,68,197.65,1,10,2,2,1,0.019,1
SMB_EU_001174,FR,Services,8,3298.51,15.15,14,235.61,4,9,0,0,3,0.087,0
SMB_EU_001175,IT,Retail,14,6378.15,-13.51,27,236.23,2,13,1,0,2,0.039,1
SMB_EU_001176,NL,E-commerce,41,28353.43,-10.8,128,221.51,3,6,0,0,0,0.175,1
SMB_EU_001177,ES,Subscription,36,11969.65,-44.41,104,115.09,2,7,1,1,1,0.02,0
SMB_EU_001178,DE,Services,12,9149.57,-12.96,39,234.6,4,12,0,0,3,0.018,0
SMB_EU_001179,ES,Retail,20,3061.89,21.43,38,80.58,1,8,1,0,1,0.098,0
SMB_EU_001180,IT,E-commerce,47,15530.95,7.04,66,235.32,2,15,0,1,2,0.154,0
SMB_EU_001181,UK,Retail,21,14288.64,1.96,71,201.25,1,9,0,0,2,0.215,0
SMB_EU_001182,FR,E-commerce,61,37033.68,8.63,270,137.16,1,14,1,2,1,0.039,0
SMB_EU_001183,IT,Services,94,1975.03,-4.01,8,246.88,1,14,0,0,0,0.049,0
SMB_EU_001184,UK,Services,14,4049.31,-44.42,24,168.72,2,8,1,1,2,0.016,0
SMB_EU_001185,DE,Retail,16,14879.4,-26.61,80,185.99,3,9,2,1,0,0.041,0
SMB_EU_001186,UK,Subscription,66,8019.35,13.4,93,86.23,2,12,1,0,3,0.191,0
SMB_EU_001187,IT,Hospitality,20,3474.7,3.17,21,165.46,2,12,0,0,2,0.135,0
SMB_EU_001188,DE,E-commerce,50,5918.31,11.66,51,116.05,4,19,0,0,0,0.073,0
SMB_EU_001189,FR,E-commerce,30,8489.49,-42.24,60,141.49,3,8,1,1,0,0.057,1
SMB_EU_001190,ES,Hospitality,22,2178.02,-0.71,16,136.13,1,13,1,1,2,0.075,0
SMB_EU_001191,DE,Hospitality,40,6214.19,-12.84,69,90.06,1,14,0,0,3,0.118,0
SMB_EU_001192,IT,E-commerce,67,25683.18,22.52,142,180.87,1,14,1,1,2,0.026,0
SMB_EU_001193,FR,E-commerce,55,7038.99,9.21,36,195.53,1,11,2,0,1,0.135,0
SMB_EU_001194,IT,Retail,25,9337.88,3.51,45,207.51,1,8,2,0,1,0.059,0
SMB_EU_001195,DE,Services,30,8302.86,-62.61,46,180.5,3,10,0,0,1,0.001,1
SMB_EU_001196,UK,E-commerce,50,14975.64,5.96,55,272.28,1,13,2,0,1,0.12,0
SMB_EU_001197,UK,Retail,32,3043.55,-13.92,34,89.52,2,8,1,0,0,0.068,0
SMB_EU_001198,UK,Services,73,6303.88,-59.25,29,217.38,2,14,1,0,3,0.145,1
SMB_EU_001199,ES,Subscription,3,8709.69,-8.68,32,272.18,2,12,2,1,0,0.095,0
SMB_EU_001200,DE,Subscription,15,8193.34,34.0,92,89.06,4,6,0,2,0,0.031,0
SMB_EU_001201,ES,E-commerce,37,10804.34,22.05,57,189.55,4,14,3,0,2,0.3,0
SMB_EU_001202,DE,Retail,18,8427.62,15.95,40,210.69,2,10,0,2,2,0.026,0
SMB_EU_001203,DE,E-commerce,68,20367.51,-57.56,167,121.96,2,12,0,1,3,0.056,1
SMB_EU_001204,FR,Retail,16,33576.63,12.96,248,135.39,3,11,1,0,0,0.053,0
SMB_EU_001205,NL,Subscription,28,9627.5,-46.21,38,253.36,3,13,0,1,5,0.12,1
SMB_EU_001206,ES,Retail,14,19808.8,18.35,97,204.21,2,5,0,0,0,0.061,0
SMB_EU_001207,IT,E-commerce,24,18591.48,4.84,124,149.93,3,11,0,0,1,0.065,0
SMB_EU_001208,NL,E-commerce,5,14130.47,-0.1,57,247.9,2,9,1,0,0,0.059,0
SMB_EU_001209,FR,E-commerce,8,16398.32,3.51,67,244.75,4,8,0,0,2,0.045,0
SMB_EU_001210,UK,Services,91,2402.23,-27.08,15,160.15,1,8,0,0,1,0.109,1
SMB_EU_001211,NL,E-commerce,26,18021.52,-11.51,96,187.72,2,9,1,0,0,0.072,0
SMB_EU_001212,NL,Retail,20,2421.05,-30.82,11,220.1,2,7,1,0,1,0.028,1
SMB_EU_001213,DE,E-commerce,10,8939.24,17.09,57,156.83,3,9,1,0,2,0.047,0
SMB_EU_001214,ES,E-commerce,12,16021.89,-8.26,73,219.48,1,9,1,0,0,0.06,0
SMB_EU_001215,IT,Retail,84,16376.23,-0.61,121,135.34,2,9,1,0,0,0.062,0
SMB_EU_001216,FR,Hospitality,28,14155.94,-24.01,98,144.45,3,7,0,0,0,0.067,0
SMB_EU_001217,DE,Hospitality,54,5206.1,21.89,35,148.75,2,11,2,0,0,0.01,0
SMB_EU_001218,IT,Services,1,5489.67,16.71,19,288.93,2,6,2,0,1,0.125,0
SMB_EU_001219,IT,Subscription,17,16245.92,9.78,62,262.03,2,10,2,0,0,0.075,0
SMB_EU_001220,FR,Subscription,76,4053.29,6.1,20,202.66,3,13,1,0,1,0.137,0
SMB_EU_001221,UK,Subscription,18,11473.88,23.29,56,204.89,2,10,0,0,1,0.181,0
SMB_EU_001222,DE,Retail,11,4868.11,-37.02,53,91.85,4,10,0,0,2,0.034,1
SMB_EU_001223,NL,Retail,35,7216.33,-13.7,32,225.51,3,20,1,0,1,0.105,0
SMB_EU_001224,UK,E-commerce,7,11388.87,-39.46,75,151.85,1,12,0,0,0,0.025,0
SMB_EU_001225,FR,Services,5,6492.53,14.91,30,216.42,2,12,1,0,2,0.181,0
SMB_EU_001226,IT,Subscription,68,12520.99,-17.9,47,266.4,1,13,0,0,1,0.099,0
SMB_EU_001227,FR,Services,14,8534.23,-7.97,95,89.83,2,12,0,1,3,0.015,0
SMB_EU_001228,FR,Retail,40,9858.76,25.34,46,214.32,2,11,3,0,3,0.041,0
SMB_EU_001229,UK,Subscription,86,9976.35,6.18,49,203.6,3,20,0,0,2,0.04,0
SMB_EU_001230,FR,E-commerce,27,45625.4,11.81,364,125.34,1,8,0,1,2,0.195,0
SMB_EU_001231,UK,Retail,39,3205.37,-17.39,14,228.95,2,9,2,1,0,0.093,1
SMB_EU_001232,FR,E-commerce,5,41488.49,-47.43,205,202.38,1,6,0,1,1,0.011,0
SMB_EU_001233,DE,Retail,13,6723.09,-21.29,27,249.0,4,12,1,0,2,0.27,0
SMB_EU_001234,DE,E-commerce,76,21127.7,-29.7,202,104.59,2,13,1,0,1,0.007,0
SMB_EU_001235,IT,E-commerce,20,12337.64,10.9,69,178.81,3,12,1,1,0,0.09,0
SMB_EU_001236,FR,E-commerce,8,9840.68,-18.67,33,298.2,2,8,0,1,0,0.095,0
SMB_EU_001237,UK,Hospitality,38,8024.55,-3.81,35,229.27,1,11,0,0,1,0.072,0
SMB_EU_001238,NL,Services,62,9343.82,-8.2,41,227.9,4,13,0,1,1,0.024,0
SMB_EU_001239,UK,Hospitality,18,7969.04,25.66,53,150.36,2,14,0,0,1,0.088,0
SMB_EU_001240,DE,E-commerce,38,10834.99,-2.92,108,100.32,2,13,0,0,1,0.022,0
SMB_EU_001241,UK,Services,48,43651.95,-0.99,151,289.09,2,7,1,0,0,0.071,0
SMB_EU_001242,ES,Subscription,23,18474.08,25.41,179,103.21,4,7,1,1,2,0.102,0
SMB_EU_001243,ES,Retail,20,14005.46,-26.04,47,297.99,1,11,1,0,0,0.001,0
SMB_EU_001244,UK,E-commerce,84,12137.16,-9.81,113,107.41,2,8,0,0,1,0.006,0
SMB_EU_001245,ES,E-commerce,9,10308.31,12.23,88,117.14,3,9,2,1,0,0.145,0
SMB_EU_001246,IT,Retail,29,6763.48,-10.68,46,147.03,1,14,0,0,0,0.016,0
SMB_EU_001247,DE,Hospitality,24,11479.97,-2.17,60,191.33,2,8,0,2,1,0.085,0
SMB_EU_001248,DE,Services,24,2759.57,-19.79,11,250.87,2,14,1,0,0,0.069,0
SMB_EU_001249,UK,Retail,47,4214.45,2.78,14,301.03,1,15,1,1,1,0.192,0
SMB_EU_001250,IT,Services,40,6911.36,1.02,43,160.73,2,11,1,0,0,0.055,0
SMB_EU_001251,ES,Services,32,6055.43,-38.12,72,84.1,3,16,0,0,0,0.142,0
SMB_EU_001252,NL,Subscription,6,5669.13,-26.22,26,218.04,2,11,0,0,0,0.156,0
SMB_EU_001253,DE,E-commerce,12,7793.8,8.27,33,236.18,1,8,0,0,0,0.128,0
SMB_EU_001254,DE,Subscription,21,21326.76,5.91,127,167.93,1,19,1,0,0,0.17,0
SMB_EU_001255,IT,E-commerce,28,18583.11,-1.1,154,120.67,4,6,1,0,1,0.015,0
SMB_EU_001256,NL,Hospitality,75,2647.56,9.14,18,147.09,1,11,0,0,1,0.127,0
SMB_EU_001257,DE,Retail,27,3681.3,-16.68,16,230.08,1,6,1,0,3,0.033,0
SMB_EU_001258,NL,Retail,45,6440.04,-35.23,34,189.41,4,9,0,0,3,0.032,0
SMB_EU_001259,DE,Services,25,7761.25,17.43,32,242.54,4,9,1,0,0,0.104,0
SMB_EU_001260,IT,E-commerce,43,21435.65,-12.89,167,128.36,3,11,0,0,0,0.151,0
SMB_EU_001261,FR,E-commerce,26,29578.78,-1.9,112,264.1,1,10,1,0,1,0.117,0
SMB_EU_001262,ES,Retail,10,3271.44,-11.46,29,112.81,1,5,1,0,2,0.075,0
SMB_EU_001263,FR,Hospitality,39,6862.47,-10.97,45,152.5,1,13,1,0,3,0.075,0
SMB_EU_001264,NL,Retail,36,18821.27,-36.67,90,209.13,2,10,3,0,1,0.119,0
SMB_EU_001265,DE,Services,7,11124.16,-12.66,46,241.83,2,19,1,0,3,0.144,0
SMB_EU_001266,DE,Retail,25,9922.33,-38.94,72,137.81,1,6,2,0,2,0.204,1
SMB_EU_001267,FR,Retail,25,32728.71,-23.74,113,289.63,1,13,1,0,2,0.034,0
SMB_EU_001268,NL,E-commerce,16,21620.05,-11.5,92,235.0,3,3,3,1,2,0.008,0
SMB_EU_001269,IT,E-commerce,10,28041.85,-27.63,219,128.04,3,4,1,0,1,0.09,0
SMB_EU_001270,FR,E-commerce,31,15405.41,-18.06,64,240.71,2,12,3,0,0,0.11,0
SMB_EU_001271,IT,E-commerce,70,9388.31,-9.9,40,234.71,1,12,1,2,0,0.058,0
SMB_EU_001272,UK,Subscription,41,5323.33,-33.17,22,241.97,4,11,0,1,0,0.147,0
SMB_EU_001273,ES,Hospitality,6,6690.77,9.09,24,278.78,2,11,2,0,3,0.095,0
SMB_EU_001274,DE,Retail,67,7046.57,-10.32,30,234.89,2,12,0,2,0,0.066,0
SMB_EU_001275,NL,E-commerce,60,5190.86,-41.6,33,157.3,4,12,2,1,1,0.218,0
SMB_EU_001276,DE,Services,17,2701.92,-76.13,11,245.63,1,9,1,2,0,0.077,1
SMB_EU_001277,FR,E-commerce,7,12391.47,-6.27,53,233.8,2,7,2,0,2,0.096,1
SMB_EU_001278,UK,Retail,17,12376.62,-23.7,60,206.28,3,4,1,2,2,0.033,1
SMB_EU_001279,DE,Services,19,4952.01,29.14,31,159.74,1,7,0,0,1,0.129,0
SMB_EU_001280,NL,Hospitality,7,5746.1,-35.77,20,287.3,2,7,0,0,1,0.098,0
SMB_EU_001281,IT,Hospitality,30,3318.83,-6.76,17,195.23,4,8,1,0,1,0.025,0
SMB_EU_001282,ES,Retail,14,8111.97,1.6,37,219.24,1,9,0,0,0,0.03,0
SMB_EU_001283,IT,Retail,9,17652.94,-11.63,103,171.39,2,9,1,0,0,0.134,1
SMB_EU_001284,DE,Hospitality,21,6587.04,-55.08,26,253.35,3,8,0,0,2,0.091,1
SMB_EU_001285,FR,Retail,69,3238.32,-11.99,21,154.21,2,7,1,0,1,0.082,0
SMB_EU_001286,NL,E-commerce,47,7079.03,22.95,27,262.19,2,11,1,0,3,0.098,0
SMB_EU_001287,DE,E-commerce,35,21355.8,-16.78,206,103.67,1,10,2,0,2,0.079,0
SMB_EU_001288,FR,E-commerce,17,13111.12,-35.27,56,234.13,1,11,0,0,2,0.093,0
SMB_EU_001289,DE,Subscription,7,8606.14,-19.48,47,183.11,4,6,1,0,0,0.114,0
SMB_EU_001290,DE,Services,10,3461.83,5.8,15,230.79,3,5,1,0,1,0.056,0
SMB_EU_001291,FR,Services,45,6763.13,-1.77,34,198.92,1,10,1,0,4,0.112,0
SMB_EU_001292,DE,Retail,13,6678.48,11.28,61,109.48,2,6,0,0,0,0.072,0
SMB_EU_001293,IT,Retail,29,7152.58,7.53,39,183.4,2,5,1,1,2,0.1,0
SMB_EU_001294,IT,E-commerce,35,9000.82,-9.54,31,290.35,1,9,1,0,2,0.069,0
SMB_EU_001295,ES,Retail,6,13907.89,-7.34,57,244.0,3,7,1,1,0,0.125,0
SMB_EU_001296,DE,Subscription,26,7881.71,-5.78,54,145.96,1,9,1,0,0,0.121,0
SMB_EU_001297,DE,Retail,33,11520.98,28.27,40,288.02,4,7,2,0,1,0.129,0
SMB_EU_001298,DE,E-commerce,81,7329.41,10.36,29,252.74,1,12,1,0,3,0.148,0
SMB_EU_001299,IT,E-commerce,28,42452.26,2.83,265,160.2,4,6,2,0,2,0.092,0
SMB_EU_001300,ES,Hospitality,44,12912.35,12.61,61,211.68,2,6,0,0,2,0.024,0
SMB_EU_001301,DE,Retail,17,2543.56,-0.95,15,169.57,3,9,0,1,0,0.066,0
SMB_EU_001302,UK,E-commerce,51,9270.97,-15.29,92,100.77,3,7,3,2,3,0.081,0
SMB_EU_001303,DE,E-commerce,8,19977.98,3.02,78,256.13,1,12,3,1,2,0.056,0
SMB_EU_001304,IT,Services,36,2265.06,-0.91,19,119.21,2,13,0,0,1,0.079,0
SMB_EU_001305,ES,Retail,29,7392.64,-1.4,41,180.31,2,9,1,3,1,0.028,0
SMB_EU_001306,UK,Subscription,57,11625.53,-3.14,50,232.51,2,8,1,0,5,0.129,0
SMB_EU_001307,ES,Services,35,4475.43,-30.79,16,279.71,2,9,0,0,1,0.037,0
SMB_EU_001308,ES,E-commerce,22,20725.26,18.91,221,93.78,1,6,0,0,0,0.114,0
SMB_EU_001309,FR,Services,51,3298.41,-29.97,20,164.92,1,10,1,1,2,0.161,0
SMB_EU_001310,ES,Retail,35,2081.17,-21.21,10,208.12,2,10,1,0,0,0.036,0
SMB_EU_001311,DE,Subscription,11,16224.03,7.23,65,249.6,1,13,0,0,0,0.051,0
SMB_EU_001312,UK,E-commerce,23,26938.03,-12.84,95,283.56,4,11,1,1,2,0.028,0
SMB_EU_001313,IT,E-commerce,10,67372.18,8.43,841,80.11,2,12,2,0,1,0.006,0
SMB_EU_001314,ES,E-commerce,33,3989.79,13.22,18,221.65,2,6,1,1,0,0.053,0
SMB_EU_001315,NL,Retail,36,12552.76,15.29,154,81.51,1,12,1,1,1,0.085,0
SMB_EU_001316,IT,Subscription,73,2762.17,-2.41,11,251.11,2,10,0,3,0,0.059,0
SMB_EU_001317,NL,Retail,23,22950.45,-6.21,203,113.06,1,12,0,0,0,0.144,0
SMB_EU_001318,ES,Hospitality,20,8040.41,-53.07,29,277.26,3,6,1,1,1,0.067,0
SMB_EU_001319,DE,E-commerce,6,8473.07,-10.84,74,114.5,1,11,0,0,2,0.187,0
SMB_EU_001320,DE,Subscription,23,14373.1,-0.26,58,247.81,3,13,0,0,1,0.191,0
SMB_EU_001321,FR,Retail,21,5740.89,-3.14,40,143.52,2,12,3,1,0,0.146,1
SMB_EU_001322,DE,E-commerce,28,17962.74,-12.38,89,201.83,3,15,0,1,1,0.099,0
SMB_EU_001323,UK,E-commerce,20,16973.05,-17.16,79,214.85,1,7,0,0,0,0.048,0
SMB_EU_001324,DE,Services,20,14238.35,-27.65,113,126.0,1,9,1,1,1,0.125,1
SMB_EU_001325,UK,Retail,28,23769.35,-32.86,163,145.82,1,10,0,0,1,0.096,0
SMB_EU_001326,FR,Retail,24,5590.58,-50.58,54,103.53,2,18,1,1,1,0.263,0
SMB_EU_001327,DE,Retail,20,15094.11,-45.51,186,81.15,1,10,0,0,0,0.131,0
SMB_EU_001328,ES,Services,20,6186.33,26.58,47,131.62,1,14,2,0,3,0.038,0
SMB_EU_001329,IT,Retail,87,3427.5,14.44,18,190.42,1,16,1,0,1,0.097,0
SMB_EU_001330,NL,Hospitality,19,3951.21,-10.8,17,232.42,3,8,2,1,1,0.078,0
SMB_EU_001331,IT,Retail,22,32496.4,-59.25,128,253.88,2,13,1,1,0,0.099,0
SMB_EU_001332,ES,Services,5,6197.53,23.11,65,95.35,4,14,0,0,0,0.039,0
SMB_EU_001333,FR,Subscription,51,16396.9,-71.28,117,140.14,2,9,1,0,1,0.066,1
SMB_EU_001334,UK,E-commerce,2,13208.01,11.74,53,249.21,1,8,1,0,1,0.058,0
SMB_EU_001335,UK,E-commerce,12,10849.13,-21.72,58,187.05,3,8,1,1,0,0.039,0
SMB_EU_001336,IT,Retail,38,8131.95,25.26,68,119.59,2,12,1,0,2,0.104,0
SMB_EU_001337,DE,Retail,5,6819.45,-54.28,41,166.33,2,9,0,0,0,0.143,0
SMB_EU_001338,IT,E-commerce,15,6123.28,33.44,44,139.17,4,11,0,0,1,0.081,0
SMB_EU_001339,DE,Hospitality,25,3286.31,-22.91,36,91.29,2,7,1,0,1,0.064,0
SMB_EU_001340,DE,E-commerce,24,22937.68,-1.6,92,249.32,2,5,1,0,0,0.098,0
SMB_EU_001341,FR,Subscription,15,7162.15,-10.79,50,143.24,3,12,0,0,1,0.108,0
SMB_EU_001342,NL,E-commerce,44,15233.14,2.92,53,287.42,3,12,0,0,1,0.061,0
SMB_EU_001343,UK,Hospitality,46,6908.23,-2.7,25,276.33,2,12,1,0,0,0.079,0
SMB_EU_001344,ES,E-commerce,39,18099.43,-6.02,76,238.15,1,9,1,1,1,0.07,0
SMB_EU_001345,ES,E-commerce,18,29844.41,-24.87,197,151.49,4,10,0,0,1,0.121,0
SMB_EU_001346,NL,E-commerce,29,7758.84,-7.72,55,141.07,2,5,0,0,1,0.196,0
SMB_EU_001347,FR,E-commerce,16,21119.61,-16.66,114,185.26,1,11,1,0,1,0.146,0
SMB_EU_001348,FR,E-commerce,106,23595.76,8.27,149,158.36,4,9,1,0,2,0.003,0
SMB_EU_001349,UK,Services,32,9033.58,-23.92,32,282.3,4,8,1,0,1,0.05,0
SMB_EU_001350,DE,Subscription,18,3855.4,11.11,36,107.09,1,13,2,1,0,0.212,0
SMB_EU_001351,UK,E-commerce,94,17477.98,5.14,73,239.42,1,12,2,1,1,0.329,0
SMB_EU_001352,IT,Retail,20,22400.59,-12.79,104,215.39,3,10,0,0,1,0.058,0
SMB_EU_001353,NL,E-commerce,31,14133.92,3.08,55,256.98,1,6,1,1,0,0.174,0
SMB_EU_001354,ES,E-commerce,44,20048.35,11.89,101,198.5,1,9,0,0,0,0.047,0
SMB_EU_001355,NL,Retail,17,12777.41,-8.79,58,220.3,4,10,0,0,1,0.076,0
SMB_EU_001356,UK,Services,16,2702.44,-39.42,9,300.27,2,3,0,1,0,0.064,0
SMB_EU_001357,UK,Subscription,50,27045.47,-2.18,270,100.17,3,7,0,1,2,0.091,0
SMB_EU_001358,NL,Subscription,44,12145.09,-20.44,118,102.92,3,10,1,0,0,0.083,0
SMB_EU_001359,FR,Retail,44,10925.98,12.77,66,165.55,3,13,1,0,1,0.055,0
SMB_EU_001360,IT,Services,36,1844.52,9.14,10,184.45,4,7,0,0,1,0.107,0
SMB_EU_001361,UK,Services,87,8053.97,-25.75,65,123.91,2,4,0,0,0,0.093,0
SMB_EU_001362,DE,E-commerce,27,20325.91,2.59,207,98.19,3,11,1,0,1,0.067,0
SMB_EU_001363,IT,E-commerce,13,39748.22,-51.58,468,84.93,3,9,2,0,0,0.036,0
SMB_EU_001364,IT,Services,9,4148.22,-2.45,17,244.01,4,12,0,0,1,0.07,0
SMB_EU_001365,ES,E-commerce,19,8293.36,-47.33,44,188.49,3,12,0,0,0,0.048,0
SMB_EU_001366,DE,E-commerce,1,9961.29,-16.32,38,262.14,4,10,1,0,1,0.047,0
SMB_EU_001367,ES,E-commerce,63,11079.13,-1.02,70,158.27,1,13,2,0,1,0.031,0
SMB_EU_001368,UK,Hospitality,34,3066.24,16.72,13,235.86,1,14,2,0,0,0.12,0
SMB_EU_001369,DE,Retail,13,17349.05,-8.86,93,186.55,1,6,2,1,2,0.104,1
SMB_EU_001370,FR,Subscription,52,19962.26,-6.0,93,214.65,1,6,1,0,0,0.103,0
SMB_EU_001371,UK,Hospitality,9,5334.98,26.72,33,161.67,1,10,0,0,1,0.03,0
SMB_EU_001372,DE,Hospitality,11,4740.31,-4.45,48,98.76,1,16,3,0,3,0.041,0
SMB_EU_001373,UK,Retail,28,2691.64,-1.93,9,299.07,4,8,0,0,1,0.103,0
SMB_EU_001374,NL,Hospitality,68,9109.67,-30.72,35,260.28,1,10,0,0,1,0.075,0
SMB_EU_001375,FR,Retail,34,21574.36,-20.18,145,148.79,2,9,2,1,1,0.08,0
SMB_EU_001376,UK,Retail,1,5458.23,8.58,19,287.28,3,9,1,1,2,0.159,0
SMB_EU_001377,NL,E-commerce,12,13984.92,-9.79,96,145.68,1,10,1,1,1,0.06,0
SMB_EU_001378,NL,E-commerce,13,19465.14,-0.45,110,176.96,1,6,0,0,1,0.008,0
SMB_EU_001379,FR,Hospitality,30,16884.74,6.67,69,244.71,1,7,0,0,4,0.135,0
SMB_EU_001380,IT,Retail,7,9018.76,29.14,61,147.85,1,6,0,0,1,0.064,0
SMB_EU_001381,DE,E-commerce,8,16866.14,-78.28,111,151.95,4,7,4,0,0,0.047,1
SMB_EU_001382,FR,Retail,21,8908.74,12.97,52,171.32,3,11,1,0,1,0.096,0
SMB_EU_001383,UK,Subscription,40,3827.47,13.03,21,182.26,4,9,0,0,0,0.125,0
SMB_EU_001384,FR,Hospitality,42,2518.55,-42.98,23,109.5,3,11,3,0,1,0.006,1
SMB_EU_001385,IT,Hospitality,28,3694.93,8.99,44,83.98,1,10,0,0,1,0.118,0
SMB_EU_001386,FR,E-commerce,47,27544.0,24.65,98,281.06,3,9,1,1,1,0.059,0
SMB_EU_001387,ES,Retail,111,6541.9,-42.21,41,159.56,3,10,0,0,0,0.027,0
SMB_EU_001388,DE,Subscription,74,6549.98,-33.25,64,102.34,4,12,1,1,2,0.033,0
SMB_EU_001389,UK,E-commerce,17,10802.15,6.07,44,245.5,1,11,3,0,1,0.045,0
SMB_EU_001390,NL,E-commerce,7,13810.87,8.01,95,145.38,2,10,2,0,0,0.066,0
SMB_EU_001391,FR,Hospitality,19,16660.23,-20.1,139,119.86,1,10,0,0,0,0.17,0
SMB_EU_001392,DE,Retail,12,7306.2,2.49,25,292.25,1,10,1,0,1,0.084,0
SMB_EU_001393,DE,Services,36,3119.46,7.7,11,283.59,3,7,2,0,0,0.13,0
SMB_EU_001394,NL,E-commerce,9,15228.94,-13.67,147,103.6,1,13,0,0,1,0.05,0
SMB_EU_001395,FR,E-commerce,24,42995.71,2.46,155,277.39,2,6,0,0,1,0.099,0
SMB_EU_001396,ES,Retail,12,5916.51,-30.79,21,281.74,2,11,1,1,2,0.097,1
SMB_EU_001397,NL,Retail,20,3938.65,-18.45,18,218.81,1,16,0,1,1,0.058,0
SMB_EU_001398,FR,Services,25,3701.89,-35.96,19,194.84,1,7,1,0,2,0.065,1
SMB_EU_001399,IT,Hospitality,40,6481.93,4.04,51,127.1,4,8,0,1,0,0.018,0
SMB_EU_001400,ES,Retail,25,12090.09,6.54,113,106.99,3,8,1,0,1,0.113,0
SMB_EU_001401,DE,Retail,16,14637.28,-19.03,69,212.13,3,16,1,1,1,0.044,0
SMB_EU_001402,DE,Hospitality,44,3203.77,-14.07,12,266.98,3,12,1,0,1,0.033,0
SMB_EU_001403,DE,Hospitality,26,3391.43,10.87,15,226.1,1,3,0,0,0,0.156,0
SMB_EU_001404,ES,E-commerce,17,12355.4,-37.98,103,119.96,1,13,1,0,2,0.149,1
SMB_EU_001405,IT,E-commerce,40,22618.0,13.31,157,144.06,1,12,2,0,1,0.098,0
SMB_EU_001406,NL,Retail,30,3756.31,20.52,19,197.7,2,12,2,0,0,0.138,0
SMB_EU_001407,UK,Hospitality,38,4167.7,8.07,19,219.35,2,13,1,0,0,0.12,0
SMB_EU_001408,ES,Subscription,55,6306.48,-6.22,66,95.55,1,12,2,0,1,0.157,1
SMB_EU_001409,IT,Retail,10,14076.28,1.72,65,216.56,1,9,0,0,3,0.177,0
SMB_EU_001410,UK,Hospitality,107,8237.66,24.9,34,242.28,3,15,1,1,2,0.074,0
SMB_EU_001411,DE,E-commerce,35,25797.59,41.47,215,119.99,2,13,0,0,2,0.013,0
SMB_EU_001412,DE,E-commerce,9,33490.34,6.95,250,133.96,4,17,1,0,0,0.099,0
SMB_EU_001413,FR,E-commerce,60,12486.65,8.03,91,137.22,1,7,1,0,0,0.048,0
SMB_EU_001414,DE,Services,15,2452.22,10.89,9,272.47,2,10,0,0,2,0.05,0
SMB_EU_001415,NL,E-commerce,75,7385.16,0.36,44,167.84,3,9,0,0,0,0.151,0
SMB_EU_001416,UK,E-commerce,11,4978.78,17.46,25,199.15,4,9,0,0,1,0.172,0
SMB_EU_001417,DE,E-commerce,24,11390.62,-13.81,48,237.3,1,10,0,0,2,0.055,0
SMB_EU_001418,DE,Retail,45,6352.88,5.32,39,162.89,1,15,1,1,2,0.209,0
SMB_EU_001419,NL,Retail,41,12832.4,-4.77,124,103.49,1,12,1,0,2,0.034,0
SMB_EU_001420,UK,Services,33,5051.0,-22.81,23,219.61,3,18,1,1,1,0.107,0
SMB_EU_001421,FR,Retail,51,5961.04,10.99,26,229.27,2,14,1,1,1,0.085,0
SMB_EU_001422,NL,Hospitality,18,5596.61,3.19,41,136.5,2,12,0,1,2,0.014,0
SMB_EU_001423,DE,E-commerce,53,8041.91,-11.07,92,87.41,1,15,2,1,1,0.166,1
SMB_EU_001424,DE,E-commerce,15,27751.62,-16.95,123,225.62,2,12,0,0,0,0.079,0
SMB_EU_001425,UK,E-commerce,70,9360.52,9.92,40,234.01,1,12,1,0,2,0.073,0
SMB_EU_001426,UK,E-commerce,17,7569.23,-69.93,88,86.01,3,10,1,0,1,0.162,1
SMB_EU_001427,DE,Retail,8,13068.06,4.49,56,233.36,3,7,0,1,0,0.121,0
SMB_EU_001428,UK,E-commerce,41,21169.23,12.65,74,286.07,2,12,0,0,1,0.04,0
SMB_EU_001429,IT,Hospitality,29,2133.04,8.25,18,118.5,2,8,1,0,0,0.064,0
SMB_EU_001430,UK,Hospitality,33,10021.78,-5.86,51,196.51,1,14,2,0,2,0.136,0
SMB_EU_001431,NL,E-commerce,20,9612.79,-18.74,41,234.46,2,11,0,0,3,0.124,0
SMB_EU_001432,NL,E-commerce,37,11984.18,8.81,92,130.26,1,12,1,0,2,0.016,0
SMB_EU_001433,NL,Retail,66,8950.0,18.01,36,248.61,3,8,0,1,3,0.056,0
SMB_EU_001434,IT,Retail,32,11374.98,-8.59,42,270.83,2,6,0,1,3,0.23,0
SMB_EU_001435,DE,Retail,7,10451.33,7.6,40,261.28,1,8,0,0,1,0.019,0
SMB_EU_001436,DE,Services,26,4852.76,23.72,35,138.65,2,13,0,0,2,0.132,0
SMB_EU_001437,FR,Retail,35,6200.66,5.08,24,258.36,1,16,3,0,0,0.125,0
SMB_EU_001438,ES,Retail,73,10244.84,-5.95,60,170.75,1,13,1,0,1,0.045,0
SMB_EU_001439,DE,E-commerce,43,13971.47,15.61,101,138.33,4,13,1,1,3,0.059,0
SMB_EU_001440,IT,Retail,14,23633.24,-35.07,202,117.0,2,13,0,1,1,0.026,1
SMB_EU_001441,UK,Hospitality,25,8530.13,-19.47,30,284.34,2,9,0,0,3,0.178,0
SMB_EU_001442,DE,Retail,44,4596.95,12.18,26,176.81,2,8,0,1,2,0.048,0
SMB_EU_001443,IT,Retail,37,6006.74,-6.09,22,273.03,2,8,0,1,0,0.151,0
SMB_EU_001444,NL,Hospitality,39,6176.02,-4.75,54,114.37,2,6,1,1,3,0.107,1
SMB_EU_001445,UK,E-commerce,8,32710.92,-9.4,132,247.81,1,7,1,0,1,0.027,0
SMB_EU_001446,DE,Services,41,11659.26,-7.09,112,104.1,2,7,1,0,1,0.062,0
SMB_EU_001447,IT,Hospitality,31,4730.73,-0.63,56,84.48,3,8,1,0,3,0.021,0
SMB_EU_001448,ES,E-commerce,42,8566.59,-29.53,29,295.4,4,16,0,0,0,0.13,0
SMB_EU_001449,UK,Hospitality,29,3173.58,-23.48,33,96.17,1,12,1,0,2,0.066,0
SMB_EU_001450,IT,Retail,23,9308.23,16.35,51,182.51,1,10,1,2,1,0.075,0
SMB_EU_001451,NL,E-commerce,54,59759.06,6.99,219,272.87,4,7,1,0,0,0.037,0
SMB_EU_001452,IT,E-commerce,36,20728.44,-21.48,80,259.11,2,10,1,0,1,0.123,0
SMB_EU_001453,UK,E-commerce,10,5764.41,-2.81,31,185.95,4,10,1,0,0,0.053,0
SMB_EU_001454,IT,Hospitality,28,3881.25,32.35,18,215.62,2,8,0,1,0,0.19,0
SMB_EU_001455,DE,Services,20,3438.69,-6.53,16,214.92,2,10,4,0,2,0.013,0
SMB_EU_001456,UK,Subscription,18,5496.01,22.71,53,103.7,1,14,1,1,1,0.111,0
SMB_EU_001457,IT,Hospitality,37,4754.17,0.83,33,144.07,1,13,0,0,0,0.264,0
SMB_EU_001458,IT,E-commerce,30,18721.77,-40.17,128,146.26,2,9,0,0,0,0.086,0
SMB_EU_001459,DE,Retail,36,12044.77,9.61,74,162.77,1,5,0,1,2,0.172,0
SMB_EU_001460,IT,E-commerce,49,28878.82,18.99,206,140.19,2,3,0,0,0,0.124,0
SMB_EU_001461,FR,E-commerce,25,20544.06,-47.38,152,135.16,3,11,1,0,0,0.074,1
SMB_EU_001462,IT,E-commerce,47,4643.93,18.5,29,160.14,1,8,1,1,1,0.191,0
SMB_EU_001463,DE,Subscription,16,4772.36,-25.02,29,164.56,1,9,0,0,1,0.047,0
SMB_EU_001464,IT,E-commerce,56,13642.55,-20.78,73,186.88,4,10,2,0,1,0.088,0
SMB_EU_001465,UK,E-commerce,17,16385.85,3.07,139,117.88,1,12,1,0,1,0.106,0
SMB_EU_001466,DE,E-commerce,11,25151.09,7.16,99,254.05,2,9,0,1,2,0.093,0
SMB_EU_001467,UK,Services,34,5131.25,20.35,19,270.07,3,8,2,0,2,0.159,0
SMB_EU_001468,FR,Hospitality,25,6185.35,9.58,46,134.46,1,6,0,1,2,0.099,0
SMB_EU_001469,UK,Hospitality,28,6920.15,-17.9,65,106.46,3,10,0,2,0,0.258,0
SMB_EU_001470,ES,E-commerce,10,12871.78,3.2,54,238.37,2,13,2,0,2,0.149,0
SMB_EU_001471,IT,Services,10,5267.57,9.01,19,277.24,1,12,1,0,2,0.036,0
SMB_EU_001472,ES,Retail,20,15720.11,-49.35,179,87.82,3,5,1,0,3,0.033,0
SMB_EU_001473,UK,Services,42,4754.5,-0.65,57,83.41,2,7,1,0,0,0.109,0
SMB_EU_001474,FR,E-commerce,21,14730.54,-5.03,122,120.74,2,10,1,0,0,0.056,0
SMB_EU_001475,FR,E-commerce,10,14700.76,-9.82,64,229.7,2,14,0,0,0,0.151,0
SMB_EU_001476,IT,E-commerce,56,32678.41,7.48,112,291.77,1,12,2,0,2,0.054,0
SMB_EU_001477,ES,Hospitality,10,3086.16,-17.25,13,237.4,1,12,0,0,0,0.104,0
SMB_EU_001478,ES,Retail,28,23218.51,6.25,113,205.47,1,10,1,0,0,0.038,0
SMB_EU_001479,ES,Services,42,2468.5,8.39,11,224.41,1,5,1,2,1,0.065,1
SMB_EU_001480,NL,E-commerce,19,10130.17,16.26,77,131.56,1,10,1,0,1,0.076,0
SMB_EU_001481,ES,E-commerce,42,23450.53,-16.85,101,232.18,1,11,2,0,1,0.141,0
SMB_EU_001482,DE,Retail,69,14844.53,-22.58,98,151.47,1,12,3,0,1,0.012,0
SMB_EU_001483,IT,E-commerce,41,6462.08,4.18,50,129.24,1,12,0,0,0,0.171,0
SMB_EU_001484,DE,E-commerce,25,7786.79,-4.29,59,131.98,3,3,0,1,2,0.166,0
SMB_EU_001485,FR,E-commerce,28,17721.1,43.54,78,227.19,1,9,0,0,3,0.122,0
SMB_EU_001486,FR,Hospitality,3,24493.58,6.88,98,249.93,2,6,1,0,5,0.049,0
SMB_EU_001487,FR,E-commerce,17,31683.87,0.87,152,208.45,2,5,1,0,0,0.037,0
SMB_EU_001488,IT,Subscription,4,7755.22,-2.59,82,94.58,3,12,0,1,3,0.261,0
SMB_EU_001489,FR,Hospitality,13,1405.34,-18.27,16,87.83,2,6,3,0,2,0.024,0
SMB_EU_001490,NL,Services,26,5251.03,8.46,41,128.07,4,10,2,0,1,0.057,0
SMB_EU_001491,FR,Retail,32,9942.51,-30.76,70,142.04,2,13,2,1,1,0.051,1
SMB_EU_001492,FR,E-commerce,37,11922.57,-1.17,71,167.92,1,13,2,0,0,0.076,0
SMB_EU_001493,FR,E-commerce,83,9003.52,1.42,93,96.81,2,12,1,0,1,0.136,0
SMB_EU_001494,DE,Hospitality,7,6601.25,3.32,28,235.76,3,7,0,0,0,0.199,0
SMB_EU_001495,IT,Services,12,2840.79,-26.09,12,236.73,2,10,1,1,1,0.085,1
SMB_EU_001496,IT,Retail,31,24604.04,12.56,157,156.71,2,12,2,1,2,0.061,0
SMB_EU_001497,IT,Retail,45,19875.51,-12.7,97,204.9,3,11,1,0,0,0.077,0
SMB_EU_001498,NL,Services,15,7420.05,-2.07,73,101.64,1,8,1,0,1,0.05,0
SMB_EU_001499,FR,Retail,30,8442.41,19.29,49,172.29,4,9,0,0,1,0.093,0
SMB_EU_001500,UK,Hospitality,33,4037.64,26.69,15,269.18,2,7,1,1,2,0.04,0
SMB_EU_001501,NL,E-commerce,73,14814.08,-25.51,66,224.46,2,6,1,2,0,0.116,0
SMB_EU_001502,NL,Services,8,13370.04,0.45,130,102.85,4,8,1,0,0,0.019,0
SMB_EU_001503,DE,Retail,36,13472.28,-48.4,51,264.16,3,17,0,0,2,0.013,0
SMB_EU_001504,FR,Retail,46,9039.98,-22.61,39,231.79,2,13,1,2,0,0.102,0
SMB_EU_001505,FR,Hospitality,39,10445.22,12.04,58,180.09,3,11,0,0,2,0.043,0
SMB_EU_001506,FR,Subscription,60,12485.79,1.74,54,231.22,2,15,1,0,0,0.13,0
SMB_EU_001507,IT,E-commerce,10,19026.2,2.91,161,118.18,2,14,0,2,0,0.102,0
SMB_EU_001508,NL,E-commerce,3,27014.89,-13.76,134,201.6,4,15,0,2,2,0.078,0
SMB_EU_001509,IT,Hospitality,57,8182.32,6.19,38,215.32,1,16,0,0,3,0.041,0
SMB_EU_001510,ES,Subscription,20,15064.72,12.57,53,284.24,2,10,1,2,1,0.05,0
SMB_EU_001511,ES,Services,25,5508.38,1.91,58,94.97,1,11,0,0,0,0.092,0
SMB_EU_001512,ES,Subscription,27,7727.22,-7.71,48,160.98,3,8,0,0,1,0.067,0
SMB_EU_001513,UK,Retail,29,5757.73,-32.33,20,287.89,1,8,0,0,1,0.136,1
SMB_EU_001514,DE,Retail,49,5360.49,3.31,42,127.63,3,8,0,1,1,0.023,0
SMB_EU_001515,DE,Hospitality,36,2290.24,0.73,9,254.47,1,3,0,1,1,0.188,1
SMB_EU_001516,DE,Services,8,2892.94,13.57,36,80.36,1,10,0,0,1,0.064,0
SMB_EU_001517,IT,E-commerce,24,8529.56,-7.2,100,85.3,4,7,0,0,2,0.203,0
SMB_EU_001518,UK,Retail,33,5900.48,-70.79,39,151.29,1,11,3,0,0,0.068,1
SMB_EU_001519,FR,Services,38,12765.99,5.39,51,250.31,1,16,0,1,1,0.037,0
SMB_EU_001520,UK,Retail,23,7278.35,-7.16,71,102.51,1,13,0,1,1,0.027,0
SMB_EU_001521,DE,E-commerce,17,17341.64,11.76,106,163.6,3,10,0,1,1,0.13,0
SMB_EU_001522,UK,E-commerce,50,17673.07,0.11,162,109.09,3,6,3,0,0,0.053,0
SMB_EU_001523,FR,Hospitality,19,15553.85,9.82,120,129.62,3,12,0,1,3,0.141,0
SMB_EU_001524,DE,Services,41,3539.86,-15.21,19,186.31,1,10,0,0,2,0.09,1
SMB_EU_001525,NL,E-commerce,48,13125.24,2.15,87,150.86,2,5,0,1,2,0.081,0
SMB_EU_001526,FR,Hospitality,31,5629.61,-10.49,44,127.95,3,6,1,0,1,0.055,0
SMB_EU_001527,FR,Hospitality,15,11866.04,-18.31,71,167.13,2,11,2,1,0,0.117,0
SMB_EU_001528,FR,E-commerce,36,33599.58,-12.92,143,234.96,3,9,1,0,1,0.132,0
SMB_EU_001529,ES,Hospitality,21,7976.58,-8.17,75,106.35,3,8,0,0,1,0.152,0
SMB_EU_001530,NL,E-commerce,103,31431.04,-24.7,169,185.98,1,14,0,0,1,0.13,0
SMB_EU_001531,FR,Retail,46,8899.88,-8.56,63,141.27,1,10,0,0,0,0.111,0
SMB_EU_001532,IT,Retail,45,7212.96,-19.07,44,163.93,3,7,1,0,1,0.034,0
SMB_EU_001533,ES,Retail,56,16226.99,1.97,62,261.73,2,13,1,0,1,0.045,0
SMB_EU_001534,FR,E-commerce,4,20098.01,0.44,71,283.07,2,11,0,0,1,0.118,0
SMB_EU_001535,FR,Services,24,3215.94,-7.38,24,134.0,2,7,1,1,1,0.116,0
SMB_EU_001536,DE,Services,54,9096.51,-2.42,42,216.58,2,13,0,0,1,0.043,0
SMB_EU_001537,DE,Services,17,4412.06,14.64,19,232.21,2,12,0,0,3,0.072,0
SMB_EU_001538,IT,E-commerce,7,12299.47,10.06,46,267.38,1,9,2,2,2,0.119,0
SMB_EU_001539,DE,E-commerce,29,25632.29,-40.85,92,278.61,2,5,1,0,1,0.038,0
SMB_EU_001540,NL,E-commerce,13,14221.44,-17.76,78,182.33,1,12,2,2,0,0.023,1
SMB_EU_001541,ES,Retail,14,10102.84,-2.48,34,297.14,3,14,0,0,4,0.164,0
SMB_EU_001542,DE,Retail,23,11900.8,15.77,41,290.26,3,8,0,0,1,0.142,0
SMB_EU_001543,IT,Hospitality,9,3750.89,7.76,20,187.54,2,9,0,0,1,0.097,0
SMB_EU_001544,FR,Subscription,22,11337.72,-17.46,57,198.91,2,12,1,0,2,0.174,0
SMB_EU_001545,UK,Retail,32,17977.58,-22.46,79,227.56,1,6,2,2,1,0.167,0
SMB_EU_001546,NL,Retail,89,4506.68,-39.2,28,160.95,1,13,0,0,1,0.024,0
SMB_EU_001547,ES,Services,18,6549.46,-2.91,29,225.84,1,9,1,1,1,0.124,0
SMB_EU_001548,IT,E-commerce,24,9119.09,-25.21,47,194.02,1,7,0,1,2,0.121,0
SMB_EU_001549,DE,Services,40,9228.32,-18.62,105,87.89,3,7,1,0,0,0.076,0
SMB_EU_001550,IT,Services,20,9175.91,-40.33,34,269.88,4,12,1,1,3,0.091,0
SMB_EU_001551,UK,Subscription,16,7276.36,15.09,25,291.05,1,9,1,0,2,0.024,0
SMB_EU_001552,IT,E-commerce,54,56476.66,10.27,658,85.83,1,8,0,0,4,0.097,0
SMB_EU_001553,ES,Hospitality,70,11654.99,9.76,46,253.37,3,17,0,0,1,0.095,0
SMB_EU_001554,UK,E-commerce,20,22924.53,-0.97,139,164.92,3,13,0,0,1,0.053,0
SMB_EU_001555,FR,Hospitality,16,8865.13,-6.1,42,211.07,2,14,1,0,1,0.06,1
SMB_EU_001556,DE,E-commerce,14,27069.47,4.33,142,190.63,4,4,2,1,0,0.013,0
SMB_EU_001557,IT,Retail,40,4401.99,12.32,22,200.09,2,10,2,0,0,0.058,0
SMB_EU_001558,FR,E-commerce,60,16857.82,-52.2,89,189.41,3,8,0,0,1,0.098,0
SMB_EU_001559,ES,E-commerce,35,18877.38,18.15,71,265.88,3,11,0,0,0,0.072,0
SMB_EU_001560,UK,Services,41,3932.82,-3.23,17,231.34,1,7,1,0,3,0.045,0
SMB_EU_001561,FR,Services,52,6608.22,-14.7,39,169.44,2,11,2,0,4,0.082,0
SMB_EU_001562,FR,Hospitality,72,12563.25,-0.16,54,232.65,1,17,1,0,0,0.152,0
SMB_EU_001563,ES,Retail,36,6211.36,1.59,21,295.78,2,9,0,1,3,0.051,0
SMB_EU_001564,FR,Services,19,4839.36,-1.23,50,96.79,1,8,0,2,2,0.139,0
SMB_EU_001565,ES,E-commerce,43,9167.82,19.21,55,166.69,2,8,0,0,1,0.082,0
SMB_EU_001566,NL,Services,55,1711.28,12.08,6,285.21,2,9,0,2,0,0.084,0
SMB_EU_001567,IT,Subscription,22,14361.97,-21.46,59,243.42,1,9,2,0,1,0.119,1
SMB_EU_001568,DE,Retail,4,7877.43,23.02,28,281.34,1,8,0,0,1,0.043,0
SMB_EU_001569,IT,Services,19,5144.8,-41.12,58,88.7,3,10,0,1,1,0.065,0
SMB_EU_001570,NL,Retail,9,4425.47,32.27,16,276.59,2,9,2,2,2,0.032,0
SMB_EU_001571,IT,E-commerce,2,13420.03,-4.31,53,253.21,3,8,0,0,1,0.043,0
SMB_EU_001572,DE,E-commerce,20,28962.63,-24.63,112,258.59,3,10,0,0,1,0.041,0
SMB_EU_001573,ES,Retail,25,8003.94,-0.9,38,210.63,1,6,0,0,2,0.047,0
SMB_EU_001574,UK,Services,37,5088.32,-29.42,56,90.86,2,12,0,0,2,0.121,0
SMB_EU_001575,DE,Retail,41,9060.81,-34.03,46,196.97,3,10,1,0,2,0.027,0
SMB_EU_001576,DE,Retail,21,3809.94,-2.0,22,173.18,2,12,2,0,0,0.045,0
SMB_EU_001577,DE,Hospitality,39,8729.53,19.63,45,193.99,3,12,0,0,1,0.189,0
SMB_EU_001578,IT,Services,37,2354.48,8.48,10,235.45,2,9,1,1,0,0.045,0
SMB_EU_001579,IT,Subscription,36,5121.54,-14.38,24,213.4,2,13,0,0,0,0.154,0
SMB_EU_001580,IT,Services,15,2664.21,11.11,18,148.01,3,14,0,0,1,0.256,0
SMB_EU_001581,FR,Hospitality,44,5401.22,-34.52,25,216.05,1,11,1,0,2,0.12,0
SMB_EU_001582,FR,E-commerce,30,12140.88,-8.18,124,97.91,2,12,1,1,0,0.031,0
SMB_EU_001583,IT,Retail,25,7994.12,11.88,98,81.57,1,10,2,0,0,0.16,0
SMB_EU_001584,NL,Retail,16,4647.31,-2.36,28,165.98,1,10,0,1,0,0.113,0
SMB_EU_001585,UK,E-commerce,20,27422.05,-27.88,111,247.05,1,4,2,1,0,0.215,0
SMB_EU_001586,DE,Hospitality,48,9896.45,-61.07,38,260.43,2,9,2,0,1,0.135,1
SMB_EU_001587,IT,E-commerce,39,13514.49,-36.42,67,201.71,3,7,1,0,2,0.036,0
SMB_EU_001588,FR,Services,17,3752.48,-7.9,14,268.03,1,8,1,1,1,0.018,0
SMB_EU_001589,NL,E-commerce,29,10595.57,-31.24,98,108.12,3,10,2,1,2,0.104,0
SMB_EU_001590,ES,Retail,37,6641.61,-0.34,23,288.77,1,11,1,0,3,0.14,0
SMB_EU_001591,IT,Retail,18,3453.18,-19.28,12,287.76,1,17,0,0,1,0.053,0
SMB_EU_001592,UK,Services,43,2811.37,14.47,13,216.26,4,5,3,0,3,0.086,0
SMB_EU_001593,DE,Services,5,8377.17,-4.48,90,93.08,1,15,1,1,0,0.163,0
SMB_EU_001594,DE,Services,43,5992.6,-18.32,33,181.59,1,10,0,0,2,0.192,0
SMB_EU_001595,ES,Retail,41,21327.69,-23.86,179,119.15,1,8,0,0,0,0.094,0
SMB_EU_001596,IT,Subscription,32,7521.06,-15.8,34,221.21,1,11,0,0,2,0.192,0
SMB_EU_001597,FR,Retail,23,6440.03,13.19,53,121.51,2,7,0,0,3,0.047,0
SMB_EU_001598,DE,Retail,13,6263.27,-11.54,34,184.21,1,8,0,1,2,0.051,0
SMB_EU_001599,DE,Subscription,27,7431.49,2.04,59,125.96,2,6,0,0,2,0.11,0
SMB_EU_001600,UK,E-commerce,36,10095.38,-66.21,84,120.18,2,11,3,1,1,0.14,1
SMB_EU_001601,DE,Hospitality,44,7059.35,-18.59,52,135.76,2,10,0,0,2,0.071,0
SMB_EU_001602,FR,Retail,15,8140.93,7.83,94,86.61,3,9,0,0,2,0.133,0
SMB_EU_001603,FR,Hospitality,20,4418.55,6.08,19,232.56,1,15,0,0,0,0.078,0
SMB_EU_001604,FR,Subscription,20,19066.14,17.17,129,147.8,2,13,1,0,0,0.14,0
SMB_EU_001605,DE,E-commerce,7,46805.46,-0.52,200,234.03,2,7,1,0,0,0.096,0
SMB_EU_001606,NL,Hospitality,57,12081.87,5.64,54,223.74,1,9,4,0,0,0.102,0
SMB_EU_001607,DE,Retail,61,11182.12,4.03,118,94.76,3,11,0,0,0,0.106,0
SMB_EU_001608,ES,Hospitality,14,9476.56,8.5,64,148.07,2,6,1,1,2,0.014,0
SMB_EU_001609,FR,E-commerce,77,45690.92,-20.38,223,204.89,1,17,0,0,1,0.198,0
SMB_EU_001610,IT,Retail,23,12624.42,-9.21,45,280.54,1,14,1,0,1,0.113,0
SMB_EU_001611,UK,E-commerce,43,10558.58,7.8,63,167.6,1,7,2,0,1,0.079,0
SMB_EU_001612,IT,Retail,42,10122.95,-1.26,53,191.0,3,10,1,1,1,0.01,0
SMB_EU_001613,NL,Subscription,2,13104.7,-22.48,53,247.26,3,9,1,2,0,0.118,0
SMB_EU_001614,FR,E-commerce,28,8258.31,-66.7,32,258.07,2,11,2,0,0,0.164,1
SMB_EU_001615,FR,Retail,13,6742.85,1.83,24,280.95,1,13,3,2,3,0.19,0
SMB_EU_001616,IT,E-commerce,4,29028.71,1.78,153,189.73,2,10,1,1,0,0.089,0
SMB_EU_001617,UK,E-commerce,31,5022.63,-59.15,41,122.5,3,8,0,0,1,0.024,1
SMB_EU_001618,IT,Services,39,2361.23,9.64,10,236.12,2,13,1,1,2,0.224,0
SMB_EU_001619,IT,Subscription,17,8096.08,-46.29,75,107.95,1,14,1,1,2,0.023,0
SMB_EU_001620,ES,E-commerce,30,18546.07,-54.61,108,171.72,1,10,0,0,2,0.15,0
SMB_EU_001621,NL,Services,59,2214.13,26.48,10,221.41,1,12,1,1,1,0.101,0
SMB_EU_001622,DE,Hospitality,23,5560.49,10.21,24,231.69,1,15,3,0,1,0.062,0
SMB_EU_001623,IT,Retail,9,15985.83,10.11,66,242.21,3,10,1,0,0,0.185,0
SMB_EU_001624,UK,Hospitality,46,6252.31,-13.46,51,122.59,1,16,0,0,0,0.062,0
SMB_EU_001625,DE,E-commerce,20,26350.93,26.54,89,296.08,4,7,1,0,0,0.055,0
SMB_EU_001626,IT,Hospitality,16,4205.91,20.65,35,120.17,2,8,1,0,0,0.103,0
SMB_EU_001627,DE,Services,22,3075.56,-12.65,30,102.52,2,15,1,0,0,0.058,0
SMB_EU_001628,NL,E-commerce,21,24962.5,-7.12,110,226.93,2,13,0,0,2,0.013,0
SMB_EU_001629,DE,Subscription,6,11232.19,18.82,40,280.8,1,11,2,0,0,0.183,0
SMB_EU_001630,NL,Services,33,2454.89,26.94,12,204.57,1,10,1,1,1,0.121,0
SMB_EU_001631,ES,E-commerce,33,9277.07,-18.97,44,210.84,4,13,1,1,1,0.226,1
SMB_EU_001632,FR,Hospitality,22,15340.68,-15.06,77,199.23,2,11,0,0,0,0.149,0
SMB_EU_001633,IT,E-commerce,31,8613.38,-41.08,96,89.72,1,7,1,0,1,0.038,0
SMB_EU_001634,ES,Subscription,41,15765.47,-32.57,69,228.49,1,12,0,0,2,0.199,1
SMB_EU_001635,UK,Hospitality,32,4503.47,0.29,28,160.84,1,9,0,1,0,0.111,0
SMB_EU_001636,FR,Retail,16,7984.77,17.79,28,285.17,1,11,2,0,1,0.134,0
SMB_EU_001637,FR,E-commerce,13,17900.09,-21.58,148,120.95,1,7,1,1,1,0.079,0
SMB_EU_001638,DE,Hospitality,84,1700.92,1.91,12,141.74,1,13,1,0,1,0.065,0
SMB_EU_001639,UK,Retail,33,3326.14,-8.73,17,195.66,3,7,0,0,3,0.078,0
SMB_EU_001640,UK,Retail,24,8425.32,24.6,46,183.16,3,10,1,0,0,0.082,0
SMB_EU_001641,NL,E-commerce,38,9713.0,-8.55,58,167.47,1,6,1,0,1,0.02,0
SMB_EU_001642,UK,E-commerce,17,27275.78,22.78,183,149.05,2,11,0,0,0,0.156,0
SMB_EU_001643,NL,E-commerce,47,5722.34,-8.96,51,112.2,1,8,1,1,4,0.005,0
SMB_EU_001644,IT,E-commerce,21,21056.37,11.57,81,259.96,1,12,1,0,2,0.205,0
SMB_EU_001645,DE,Retail,5,3503.31,3.78,20,175.17,2,12,1,1,0,0.143,0
SMB_EU_001646,ES,Hospitality,25,4857.37,-2.07,24,202.39,3,13,0,0,0,0.135,0
SMB_EU_001647,DE,E-commerce,12,7920.26,-11.86,40,198.01,1,7,0,1,0,0.112,0
SMB_EU_001648,ES,Retail,23,25050.64,-27.19,121,207.03,2,14,0,0,0,0.009,0
SMB_EU_001649,ES,E-commerce,21,6715.07,-6.61,29,231.55,4,16,2,0,0,0.07,0
SMB_EU_001650,ES,Hospitality,35,5576.29,-10.35,26,214.47,3,16,0,0,1,0.076,0
SMB_EU_001651,DE,Retail,68,2838.68,22.09,20,141.93,1,8,0,1,2,0.02,0
SMB_EU_001652,FR,Retail,44,20888.18,8.21,104,200.85,1,6,0,0,0,0.111,0
SMB_EU_001653,FR,Retail,33,10177.82,9.65,76,133.92,4,13,0,0,1,0.018,0
SMB_EU_001654,FR,Services,29,5428.28,-5.87,26,208.78,1,8,0,1,1,0.056,0
SMB_EU_001655,DE,Services,33,12109.93,-2.79,69,175.51,2,14,1,0,2,0.01,0
SMB_EU_001656,UK,Services,62,5462.42,-3.73,62,88.1,2,7,1,1,1,0.083,0
SMB_EU_001657,IT,Services,38,5704.07,5.06,24,237.67,2,11,0,0,1,0.074,0
SMB_EU_001658,FR,Hospitality,5,6493.45,9.63,46,141.16,1,13,0,1,2,0.095,0
SMB_EU_001659,FR,E-commerce,12,21035.91,-0.45,74,284.27,3,11,0,1,1,0.132,0
SMB_EU_001660,NL,Hospitality,52,4465.11,-52.55,32,139.53,1,5,3,0,2,0.022,1
SMB_EU_001661,IT,Retail,32,7034.8,11.41,24,293.12,2,9,2,1,1,0.024,0
SMB_EU_001662,NL,Hospitality,62,9756.76,0.5,54,180.68,2,7,1,0,0,0.124,0
SMB_EU_001663,UK,Services,42,5905.37,-21.61,69,85.59,1,9,0,0,0,0.103,1
SMB_EU_001664,NL,E-commerce,29,14006.25,-32.03,145,96.59,3,8,1,0,0,0.121,0
SMB_EU_001665,UK,E-commerce,28,6473.63,4.47,66,98.09,4,9,1,0,1,0.026,0
SMB_EU_001666,UK,E-commerce,17,36850.91,-12.44,399,92.36,3,8,1,0,1,0.108,0
SMB_EU_001667,DE,Hospitality,23,4034.52,6.47,29,139.12,1,11,0,0,0,0.029,0
SMB_EU_001668,UK,Hospitality,10,10849.31,-64.55,72,150.68,2,8,0,0,0,0.107,1
SMB_EU_001669,DE,Services,14,5556.06,2.0,53,104.83,3,12,1,1,1,0.226,0
SMB_EU_001670,ES,E-commerce,12,6903.16,-5.68,39,177.0,2,3,1,0,1,0.073,0
SMB_EU_001671,FR,Services,26,10599.46,26.28,66,160.6,3,10,0,1,2,0.03,0
SMB_EU_001672,UK,Hospitality,19,6990.02,14.25,32,218.44,4,7,1,1,1,0.087,0
SMB_EU_001673,UK,Services,6,11141.15,20.21,91,122.43,1,10,1,0,0,0.095,0
SMB_EU_001674,ES,E-commerce,38,13444.97,0.36,48,280.1,3,8,1,0,0,0.031,0
SMB_EU_001675,ES,E-commerce,20,22884.98,12.34,118,193.94,1,10,1,0,0,0.01,0
SMB_EU_001676,FR,Hospitality,46,2083.9,1.37,10,208.39,3,13,1,1,3,0.072,0
SMB_EU_001677,DE,Services,37,3703.61,22.04,42,88.18,3,10,1,0,0,0.02,0
SMB_EU_001678,FR,Subscription,91,4193.05,-1.09,21,199.67,2,15,3,0,1,0.186,0
SMB_EU_001679,DE,Retail,26,6388.96,-20.96,40,159.72,3,7,1,0,0,0.093,0
SMB_EU_001680,IT,Retail,17,10617.77,-54.39,37,286.97,3,3,0,1,3,0.148,1
SMB_EU_001681,FR,Subscription,14,6261.86,-9.33,23,272.25,2,10,0,1,1,0.083,0
SMB_EU_001682,UK,E-commerce,41,25187.69,7.18,114,220.94,4,7,1,0,1,0.05,0
SMB_EU_001683,IT,Hospitality,43,3588.71,8.16,14,256.34,1,9,0,0,2,0.337,0
SMB_EU_001684,ES,E-commerce,27,25513.1,22.34,115,221.85,4,9,3,0,2,0.076,0
SMB_EU_001685,DE,Retail,32,17554.25,-24.78,210,83.59,1,12,1,0,3,0.086,0
SMB_EU_001686,UK,Services,53,9184.83,-5.38,39,235.51,2,10,0,0,3,0.086,0
SMB_EU_001687,UK,Services,42,4067.08,-3.54,34,119.62,1,17,1,1,1,0.234,0
SMB_EU_001688,NL,E-commerce,33,4190.32,11.13,18,232.8,1,10,0,1,0,0.081,0
SMB_EU_001689,IT,E-commerce,10,21271.12,-10.39,258,82.45,2,9,0,0,0,0.046,0
SMB_EU_001690,ES,Services,14,4638.06,-50.78,31,149.61,1,13,4,0,2,0.138,1
SMB_EU_001691,DE,Retail,20,4447.78,-18.16,23,193.38,4,13,0,0,0,0.04,0
SMB_EU_001692,NL,Services,21,3581.1,17.24,23,155.7,1,12,0,0,1,0.121,0
SMB_EU_001693,FR,E-commerce,16,35470.64,-11.14,152,233.36,1,15,0,0,1,0.059,0
SMB_EU_001694,DE,Hospitality,14,3032.4,-8.28,16,189.53,3,12,0,0,2,0.123,0
SMB_EU_001695,FR,Subscription,22,11919.91,9.52,41,290.73,3,5,3,0,2,0.065,0
SMB_EU_001696,DE,Hospitality,29,6838.27,-10.48,43,159.03,3,10,1,0,1,0.15,0
SMB_EU_001697,DE,E-commerce,37,12104.99,-25.57,51,237.35,1,11,2,0,2,0.083,0
SMB_EU_001698,DE,Hospitality,6,8832.86,-23.73,33,267.66,3,5,0,1,3,0.101,0
SMB_EU_001699,UK,E-commerce,19,39940.76,-0.85,294,135.85,2,13,1,0,2,0.155,0
SMB_EU_001700,IT,E-commerce,7,12559.37,7.46,51,246.26,4,11,1,0,1,0.048,0
SMB_EU_001701,UK,Subscription,26,7778.13,-3.03,47,165.49,3,11,0,0,0,0.037,0
SMB_EU_001702,NL,Services,26,7262.16,6.46,67,108.39,3,7,0,0,0,0.181,0
SMB_EU_001703,FR,Hospitality,24,10409.36,-24.19,129,80.69,3,14,0,0,0,0.014,0
SMB_EU_001704,NL,E-commerce,22,13893.57,-23.18,57,243.75,2,6,0,0,0,0.069,0
SMB_EU_001705,NL,Retail,19,6660.65,-19.78,55,121.1,3,4,1,0,0,0.055,1
SMB_EU_001706,DE,Retail,25,2114.57,18.49,23,91.94,2,6,1,0,1,0.063,0
SMB_EU_001707,IT,Hospitality,38,3762.01,11.53,20,188.1,1,8,0,0,3,0.071,0
SMB_EU_001708,DE,Services,20,2524.02,-9.9,16,157.75,1,5,0,1,1,0.177,0
SMB_EU_001709,IT,E-commerce,11,22619.79,-3.57,97,233.19,1,12,0,1,0,0.154,0
SMB_EU_001710,IT,Services,32,4319.31,-0.03,42,102.84,3,10,0,0,3,0.075,0
SMB_EU_001711,DE,Retail,44,6750.58,-31.42,62,108.88,2,11,0,1,0,0.052,0
SMB_EU_001712,DE,E-commerce,10,14918.71,-29.96,88,169.53,2,11,0,0,3,0.045,0
SMB_EU_001713,ES,Retail,9,4746.16,7.89,24,197.76,3,9,0,1,2,0.052,0
SMB_EU_001714,NL,E-commerce,10,38091.78,-2.51,146,260.9,2,12,0,0,2,0.051,0
SMB_EU_001715,DE,Retail,24,17432.88,11.89,83,210.03,1,10,1,0,0,0.082,0
SMB_EU_001716,UK,Subscription,71,23762.02,4.53,85,279.55,1,10,3,0,0,0.07,0
SMB_EU_001717,DE,Retail,64,12055.15,0.66,94,128.25,1,14,1,0,1,0.018,0
SMB_EU_001718,IT,Subscription,32,8842.22,-11.15,42,210.53,1,10,1,0,0,0.109,1
SMB_EU_001719,UK,E-commerce,10,39523.2,-1.7,176,224.56,1,12,1,2,0,0.095,0
SMB_EU_001720,FR,Subscription,63,5981.34,-62.77,25,239.25,2,7,2,0,1,0.008,1
SMB_EU_001721,DE,Hospitality,65,3557.41,-0.6,12,296.45,1,14,3,1,0,0.049,1
SMB_EU_001722,DE,Subscription,14,6273.39,1.33,34,184.51,1,6,2,0,0,0.108,0
SMB_EU_001723,FR,Retail,27,10948.08,-36.07,68,161.0,4,9,0,0,1,0.054,0
SMB_EU_001724,DE,Services,43,3165.07,-3.46,12,263.76,4,8,0,0,1,0.156,0
SMB_EU_001725,IT,Subscription,58,8198.91,-17.64,69,118.82,2,14,1,2,0,0.019,0
SMB_EU_001726,DE,Retail,24,3059.74,7.48,35,87.42,1,5,0,1,1,0.079,0
SMB_EU_001727,NL,Retail,46,10677.09,-26.22,60,177.95,3,13,0,0,1,0.043,0
SMB_EU_001728,UK,E-commerce,34,6036.28,-6.4,45,134.14,2,19,0,0,0,0.059,0
SMB_EU_001729,ES,Subscription,33,5144.5,8.24,31,165.95,1,16,1,1,0,0.106,0
SMB_EU_001730,IT,E-commerce,31,31135.56,8.87,105,296.53,2,11,1,0,0,0.166,0
SMB_EU_001731,FR,E-commerce,73,30454.73,-3.45,194,156.98,1,5,0,1,3,0.064,1
SMB_EU_001732,IT,Retail,28,10014.45,23.01,42,238.44,4,12,0,0,2,0.106,0
SMB_EU_001733,NL,Retail,37,9438.9,-10.88,70,134.84,3,14,0,0,1,0.09,0
SMB_EU_001734,NL,Services,73,3635.92,22.07,25,145.44,1,9,1,0,1,0.046,0
SMB_EU_001735,DE,Retail,38,5031.41,-3.38,38,132.41,2,9,0,1,1,0.074,0
SMB_EU_001736,UK,Hospitality,18,4827.91,-12.65,23,209.91,2,17,0,0,4,0.063,0
SMB_EU_001737,NL,Subscription,26,3629.27,-5.27,28,129.62,3,13,2,0,2,0.053,0
SMB_EU_001738,DE,Retail,15,9308.34,-16.49,39,238.68,2,14,0,0,1,0.094,0
SMB_EU_001739,FR,Hospitality,25,6178.39,11.77,27,228.83,1,9,0,1,3,0.138,0
SMB_EU_001740,FR,Retail,24,4569.43,-24.04,26,175.75,1,8,1,0,2,0.101,0
SMB_EU_001741,ES,Hospitality,20,15378.47,-22.01,180,85.44,1,8,2,0,0,0.164,0
SMB_EU_001742,ES,Retail,31,11514.3,-14.04,135,85.29,4,8,1,1,3,0.049,0
SMB_EU_001743,ES,Services,7,7572.65,12.55,38,199.28,4,11,1,1,0,0.07,0
SMB_EU_001744,DE,E-commerce,83,11197.0,0.36,42,266.6,1,10,0,0,2,0.087,0
SMB_EU_001745,FR,E-commerce,24,14988.03,4.06,71,211.1,1,16,1,0,1,0.077,0
SMB_EU_001746,NL,Hospitality,27,8742.39,-8.85,50,174.85,2,9,0,0,0,0.062,0
SMB_EU_001747,DE,Retail,63,8768.02,5.29,32,274.0,3,8,2,0,0,0.051,0
SMB_EU_001748,FR,Services,38,13073.38,2.02,106,123.33,1,9,1,1,0,0.072,0
SMB_EU_001749,ES,E-commerce,20,13273.61,-21.87,83,159.92,2,9,0,0,3,0.045,1
SMB_EU_001750,DE,Hospitality,22,4432.76,-14.44,22,201.49,1,12,1,1,1,0.045,0
SMB_EU_001751,NL,Retail,52,11704.73,-8.11,81,144.5,1,12,0,0,1,0.168,0
SMB_EU_001752,DE,Hospitality,56,2809.4,-11.32,9,312.16,3,12,0,0,2,0.06,0
SMB_EU_001753,DE,Retail,18,13929.65,18.79,78,178.59,2,15,1,0,1,0.106,0
SMB_EU_001754,FR,E-commerce,62,6873.15,0.11,75,91.64,2,10,1,0,2,0.115,0
SMB_EU_001755,UK,Retail,8,11735.19,-11.68,99,118.54,3,4,1,1,2,0.062,0
SMB_EU_001756,ES,Services,67,3388.79,-7.36,17,199.34,3,18,1,1,0,0.151,0
SMB_EU_001757,UK,E-commerce,34,19965.4,-7.57,99,201.67,1,11,0,0,2,0.053,0
SMB_EU_001758,NL,Services,61,8617.92,-4.32,29,297.17,2,12,0,1,3,0.103,1
SMB_EU_001759,DE,Services,41,5482.11,-16.13,26,210.85,3,10,2,0,2,0.043,0
SMB_EU_001760,IT,Retail,19,3894.9,-12.21,17,229.11,2,6,2,0,2,0.044,0
SMB_EU_001761,NL,Hospitality,25,3503.26,11.5,28,125.12,3,9,1,0,1,0.108,0
SMB_EU_001762,UK,Retail,20,5166.76,2.78,50,103.34,1,9,1,0,1,0.053,0
SMB_EU_001763,DE,E-commerce,16,4811.68,-61.93,23,209.2,1,9,1,0,2,0.278,1
SMB_EU_001764,NL,Services,37,9834.78,0.04,36,273.19,1,10,0,1,2,0.121,0
SMB_EU_001765,DE,Hospitality,6,6409.77,-0.68,31,206.77,2,9,2,0,0,0.095,0
SMB_EU_001766,FR,Hospitality,24,3035.72,-44.56,17,178.57,2,12,1,0,1,0.142,1
SMB_EU_001767,ES,E-commerce,29,35925.78,7.76,173,207.66,4,10,1,1,0,0.034,0
SMB_EU_001768,NL,E-commerce,6,9847.85,6.65,54,182.37,2,14,2,0,3,0.114,0
SMB_EU_001769,FR,Retail,34,9297.87,-23.58,84,110.69,2,8,1,0,3,0.121,0
SMB_EU_001770,FR,Services,41,3047.36,-1.97,13,234.41,3,10,0,0,2,0.031,0
SMB_EU_001771,NL,E-commerce,37,4468.68,-82.13,23,194.29,2,14,0,1,0,0.135,0
SMB_EU_001772,ES,Services,36,2205.1,9.53,13,169.62,3,8,2,1,1,0.013,0
SMB_EU_001773,UK,Retail,29,6112.57,11.51,30,203.75,3,8,0,1,0,0.098,0
SMB_EU_001774,UK,E-commerce,12,25713.81,-9.16,193,133.23,2,10,1,1,0,0.085,0
SMB_EU_001775,ES,E-commerce,2,18466.72,-51.64,106,174.21,1,7,0,1,3,0.166,0
SMB_EU_001776,FR,Retail,24,8702.1,-31.67,40,217.55,4,13,0,0,1,0.06,0
SMB_EU_001777,IT,E-commerce,19,4490.81,14.59,35,128.31,2,6,1,1,1,0.028,0
SMB_EU_001778,NL,Services,29,10713.34,10.65,44,243.48,3,12,0,1,1,0.066,0
SMB_EU_001779,FR,Services,15,5718.15,17.25,29,197.18,3,10,1,0,0,0.069,0
SMB_EU_001780,UK,E-commerce,54,13962.84,22.3,52,268.52,2,5,1,1,2,0.053,0
SMB_EU_001781,DE,E-commerce,8,29592.0,-18.36,111,266.59,2,11,2,1,0,0.302,0
SMB_EU_001782,UK,Retail,17,16910.58,13.32,90,187.9,4,4,0,0,3,0.037,0
SMB_EU_001783,NL,Services,23,9996.07,22.19,81,123.41,3,13,0,2,2,0.056,0
SMB_EU_001784,IT,Retail,37,6897.71,-22.42,28,246.35,3,14,1,0,1,0.036,0
SMB_EU_001785,IT,Subscription,37,4929.01,-27.4,29,169.97,2,8,1,1,1,0.089,1
SMB_EU_001786,UK,E-commerce,49,27150.73,-5.45,129,210.47,4,10,0,0,1,0.12,0
SMB_EU_001787,IT,E-commerce,44,6612.87,12.83,64,103.33,3,8,1,0,1,0.033,0
SMB_EU_001788,IT,Subscription,24,28950.24,-35.91,132,219.32,3,6,1,1,1,0.246,0
SMB_EU_001789,DE,Retail,46,8135.53,27.24,50,162.71,1,12,0,0,0,0.034,0
SMB_EU_001790,NL,Hospitality,24,3174.75,-1.69,21,151.18,2,9,2,1,1,0.148,0
SMB_EU_001791,DE,E-commerce,7,7163.0,13.74,24,298.46,1,12,2,0,1,0.043,0
SMB_EU_001792,ES,Retail,8,3716.86,-52.74,21,176.99,3,10,0,0,0,0.074,0
SMB_EU_001793,NL,E-commerce,22,16317.99,-19.07,71,229.83,2,11,1,1,2,0.046,0
SMB_EU_001794,IT,Hospitality,12,5977.03,-34.82,27,221.37,1,10,0,0,0,0.017,0
SMB_EU_001795,DE,Services,25,2381.87,-47.07,23,103.56,2,8,0,0,1,0.004,0
SMB_EU_001796,DE,Retail,45,6459.6,12.72,26,248.45,2,11,3,0,0,0.075,0
SMB_EU_001797,ES,Subscription,21,3960.87,4.33,26,152.34,3,12,0,0,1,0.103,0
SMB_EU_001798,DE,Retail,5,11393.27,-24.55,45,253.18,2,17,0,0,1,0.152,0
SMB_EU_001799,DE,Retail,39,7742.2,0.92,36,215.06,2,5,1,0,1,0.067,0
SMB_EU_001800,DE,E-commerce,19,11953.32,-12.28,80,149.42,3,12,1,1,0,0.028,0
SMB_EU_001801,UK,Retail,23,3693.5,-58.11,23,160.59,3,3,1,0,2,0.044,1
SMB_EU_001802,ES,Retail,98,6681.54,-22.81,28,238.63,4,7,1,1,1,0.045,0
SMB_EU_001803,FR,Subscription,49,7017.37,9.28,35,200.5,2,9,1,0,0,0.04,0
SMB_EU_001804,FR,E-commerce,56,18150.28,-38.99,80,226.88,3,8,0,1,3,0.114,1
SMB_EU_001805,FR,Retail,21,8843.23,31.8,77,114.85,1,12,0,0,3,0.036,0
SMB_EU_001806,ES,Retail,85,12867.15,-50.53,51,252.3,3,10,0,0,2,0.024,0
SMB_EU_001807,IT,Services,14,3738.53,11.51,25,149.54,3,9,0,0,2,0.112,0
SMB_EU_001808,DE,Services,7,1637.53,12.5,8,204.69,3,10,2,0,2,0.106,0
SMB_EU_001809,DE,E-commerce,94,27186.1,-8.71,258,105.37,1,11,0,2,1,0.044,0
SMB_EU_001810,DE,Retail,5,4562.28,-13.76,30,152.08,4,17,3,0,1,0.076,0
SMB_EU_001811,IT,Retail,19,4117.69,-71.32,18,228.76,4,9,1,1,0,0.213,1
SMB_EU_001812,ES,Retail,39,7795.69,-7.91,56,139.21,2,11,0,0,2,0.048,0
SMB_EU_001813,FR,Retail,21,9590.8,3.04,35,274.02,2,10,0,0,2,0.041,0
SMB_EU_001814,DE,E-commerce,16,10908.57,20.4,48,227.26,4,12,0,0,1,0.047,0
SMB_EU_001815,DE,Retail,28,5790.54,16.58,21,275.74,2,12,2,0,2,0.092,0
SMB_EU_001816,UK,E-commerce,26,11863.12,-24.23,71,167.09,2,8,1,0,1,0.059,1
SMB_EU_001817,FR,E-commerce,30,35092.04,-11.83,401,87.51,2,13,1,1,1,0.111,0
SMB_EU_001818,ES,Subscription,60,8985.55,19.49,43,208.97,2,11,0,0,1,0.124,0
SMB_EU_001819,IT,Subscription,41,5035.17,-68.35,33,152.58,2,11,1,0,2,0.066,0
SMB_EU_001820,FR,Hospitality,23,3377.34,-0.85,19,177.75,2,6,0,2,1,0.036,0
SMB_EU_001821,DE,E-commerce,33,12903.77,-25.58,56,230.42,2,9,0,3,2,0.039,0
SMB_EU_001822,DE,E-commerce,1,17301.01,17.3,74,233.8,4,9,0,1,1,0.128,0
SMB_EU_001823,IT,E-commerce,25,20054.19,-52.27,233,86.07,3,9,1,0,2,0.104,1
SMB_EU_001824,ES,Services,35,5386.7,-24.64,22,244.85,3,7,1,0,0,0.062,0
SMB_EU_001825,IT,E-commerce,15,9051.46,15.76,48,188.57,2,11,2,0,2,0.083,0
SMB_EU_001826,NL,Services,20,3877.04,28.8,19,204.05,3,12,1,0,2,0.015,0
SMB_EU_001827,DE,Subscription,49,13979.18,-4.36,96,145.62,2,14,0,0,0,0.02,0
SMB_EU_001828,UK,E-commerce,12,7541.3,-0.7,44,171.39,3,13,1,0,1,0.032,0
SMB_EU_001829,ES,Hospitality,50,4537.19,13.62,19,238.8,2,7,0,0,2,0.042,0
SMB_EU_001830,FR,Retail,73,11449.19,4.34,46,248.9,1,13,1,1,1,0.01,0
SMB_EU_001831,UK,Retail,20,13525.95,-5.6,82,164.95,2,9,0,0,1,0.07,0
SMB_EU_001832,IT,E-commerce,12,13360.48,-7.28,58,230.35,3,6,0,0,0,0.111,0
SMB_EU_001833,IT,Retail,16,6250.85,-23.5,46,135.89,4,8,0,0,3,0.023,0
SMB_EU_001834,ES,Services,70,2261.81,3.49,9,251.31,1,10,1,1,1,0.186,0
SMB_EU_001835,ES,Retail,11,10966.28,-1.38,51,215.03,2,10,0,0,1,0.05,0
SMB_EU_001836,IT,E-commerce,12,33092.88,-6.57,132,250.7,2,7,0,0,2,0.125,0
SMB_EU_001837,DE,Hospitality,5,27962.15,-15.03,151,185.18,2,7,2,0,1,0.121,0
SMB_EU_001838,FR,Hospitality,19,7565.72,-13.51,58,130.44,4,11,0,0,1,0.066,0
SMB_EU_001839,UK,E-commerce,31,14549.0,9.28,83,175.29,2,9,0,0,1,0.095,0
SMB_EU_001840,FR,Services,64,2879.31,13.22,18,159.96,3,13,0,1,5,0.222,0
SMB_EU_001841,FR,Hospitality,21,1943.41,-4.91,13,149.49,3,8,1,0,2,0.058,0
SMB_EU_001842,NL,E-commerce,38,16680.26,-6.49,132,126.37,1,10,1,1,2,0.074,0
SMB_EU_001843,NL,Retail,16,32774.31,-12.8,133,246.42,3,7,0,0,2,0.1,0
SMB_EU_001844,IT,E-commerce,10,32154.02,14.05,325,98.94,2,6,2,0,0,0.146,0
SMB_EU_001845,UK,Services,59,9770.59,-54.95,35,279.16,3,8,0,0,4,0.171,1
SMB_EU_001846,FR,Hospitality,30,6952.64,5.52,59,117.84,1,11,0,0,1,0.043,0
SMB_EU_001847,DE,Services,40,6203.74,5.38,21,295.42,1,10,1,0,1,0.013,0
SMB_EU_001848,DE,E-commerce,29,3503.64,-4.62,12,291.97,3,9,1,0,1,0.092,0
SMB_EU_001849,UK,Retail,7,12641.03,-17.48,75,168.55,2,6,0,0,1,0.093,0
SMB_EU_001850,IT,Retail,49,5651.03,-45.31,19,297.42,4,11,0,0,2,0.218,0
SMB_EU_001851,FR,E-commerce,15,9845.49,16.92,36,273.49,2,6,2,1,0,0.155,0
SMB_EU_001852,ES,Hospitality,37,4942.17,-10.89,50,98.84,1,8,0,0,1,0.05,0
SMB_EU_001853,UK,Services,10,4035.92,-6.16,14,288.28,3,10,1,2,3,0.081,0
SMB_EU_001854,UK,E-commerce,11,9751.97,-17.02,109,89.47,2,15,0,0,1,0.039,0
SMB_EU_001855,UK,E-commerce,16,15125.37,-18.24,126,120.04,1,11,2,2,1,0.17,0
SMB_EU_001856,FR,E-commerce,13,10730.43,-11.54,51,210.4,1,13,0,1,1,0.047,0
SMB_EU_001857,ES,E-commerce,10,15930.63,2.09,163,97.73,1,10,1,0,0,0.13,0
SMB_EU_001858,NL,Retail,93,3277.68,-48.47,28,117.06,1,10,0,1,0,0.033,1
SMB_EU_001859,UK,Retail,27,7035.77,-43.59,24,293.16,2,12,1,0,2,0.03,0
SMB_EU_001860,ES,Retail,6,4144.01,16.24,14,296.0,3,10,0,0,2,0.075,0
SMB_EU_001861,ES,Retail,10,5444.32,-2.28,21,259.25,1,12,0,2,2,0.006,0
SMB_EU_001862,IT,Retail,14,8718.79,20.32,45,193.75,3,16,0,0,0,0.203,0
SMB_EU_001863,DE,Retail,18,3055.8,33.18,11,277.8,4,11,2,1,0,0.056,0
SMB_EU_001864,IT,Hospitality,42,3663.12,-29.5,35,104.66,2,8,1,0,2,0.152,0
SMB_EU_001865,UK,E-commerce,31,21103.29,1.42,73,289.09,3,9,0,1,2,0.033,0
SMB_EU_001866,UK,Subscription,26,3854.8,10.49,24,160.62,1,14,2,0,0,0.048,0
SMB_EU_001867,DE,Retail,7,23246.67,0.23,86,270.31,1,8,1,0,3,0.053,0
SMB_EU_001868,DE,E-commerce,38,30898.11,-27.54,136,227.19,2,11,0,0,1,0.116,0
SMB_EU_001869,DE,E-commerce,7,11148.82,-51.93,38,293.39,3,7,1,0,0,0.058,0
SMB_EU_001870,ES,Retail,23,4988.4,-14.27,18,277.13,3,10,0,0,2,0.086,0
SMB_EU_001871,ES,Services,32,5644.05,-10.15,20,282.2,4,16,3,0,1,0.063,0
SMB_EU_001872,DE,Retail,33,3356.72,-1.62,15,223.78,2,10,0,0,1,0.094,0
SMB_EU_001873,NL,Subscription,29,2707.27,16.83,10,270.73,2,7,0,0,1,0.04,0
SMB_EU_001874,UK,Services,30,3795.58,6.61,15,253.04,3,7,1,0,2,0.056,0
SMB_EU_001875,ES,E-commerce,28,13840.8,12.19,120,115.34,1,9,0,2,1,0.022,0
SMB_EU_001876,IT,E-commerce,9,15874.38,-28.38,71,223.58,3,7,1,1,1,0.053,0
SMB_EU_001877,IT,Hospitality,8,4149.2,10.92,37,112.14,2,10,0,0,3,0.136,0
SMB_EU_001878,NL,E-commerce,45,32214.55,14.09,119,270.71,1,10,2,0,0,0.067,0
SMB_EU_001879,FR,Hospitality,46,2446.54,-33.6,26,94.1,1,10,3,1,2,0.146,1
SMB_EU_001880,IT,Retail,11,4040.97,11.48,14,288.64,4,5,0,1,1,0.021,0
SMB_EU_001881,IT,Retail,30,10712.63,-21.36,64,167.38,2,18,3,0,0,0.011,0
SMB_EU_001882,UK,E-commerce,34,7471.25,-29.55,64,116.74,1,9,1,1,3,0.127,0
SMB_EU_001883,IT,E-commerce,26,7299.88,19.89,26,280.76,1,13,0,0,0,0.099,0
SMB_EU_001884,ES,Services,50,5384.1,-15.11,60,89.74,2,12,0,2,0,0.017,0
SMB_EU_001885,DE,Retail,19,4251.74,-10.74,23,184.86,1,5,1,2,0,0.365,1
SMB_EU_001886,NL,Services,20,4616.27,-31.94,19,242.96,1,12,1,1,0,0.103,0
SMB_EU_001887,DE,Retail,50,5256.83,-26.42,35,150.2,3,11,0,0,0,0.056,0
SMB_EU_001888,FR,E-commerce,9,8944.62,-30.83,46,194.45,3,13,2,1,1,0.037,0
SMB_EU_001889,ES,E-commerce,44,4248.93,-3.03,18,236.05,4,9,1,0,0,0.276,0
SMB_EU_001890,UK,E-commerce,66,16310.16,5.21,56,291.25,1,7,0,0,3,0.044,0
SMB_EU_001891,DE,Retail,37,3785.31,-3.4,37,102.31,4,11,1,0,2,0.03,0
SMB_EU_001892,FR,E-commerce,25,13559.74,1.71,118,114.91,1,12,1,0,1,0.029,0
SMB_EU_001893,ES,Services,9,3677.29,-7.55,19,193.54,1,13,0,0,1,0.065,0
SMB_EU_001894,DE,E-commerce,29,13251.96,5.28,77,172.1,1,8,2,0,1,0.233,0
SMB_EU_001895,IT,E-commerce,15,13711.64,4.71,80,171.4,4,7,0,0,1,0.08,0
SMB_EU_001896,ES,Services,21,5615.97,28.47,39,144.0,4,10,1,1,4,0.119,0
SMB_EU_001897,IT,Services,33,3230.97,-5.72,16,201.94,3,13,1,2,2,0.06,0
SMB_EU_001898,DE,E-commerce,13,31616.15,-2.76,115,274.92,1,7,2,0,2,0.047,0
SMB_EU_001899,FR,E-commerce,10,4951.1,3.58,43,115.14,3,15,1,0,1,0.137,0
SMB_EU_001900,ES,Services,17,4364.41,14.47,34,128.37,2,14,1,2,1,0.081,0
SMB_EU_001901,IT,Hospitality,61,9909.54,-16.37,44,225.22,1,8,0,1,3,0.02,0
SMB_EU_001902,DE,Retail,34,10649.42,1.55,115,92.6,1,7,1,0,0,0.043,0
SMB_EU_001903,ES,E-commerce,15,8357.41,-37.62,37,225.88,3,4,0,0,2,0.095,0
SMB_EU_001904,DE,Services,16,3078.65,-4.07,21,146.6,3,12,0,0,1,0.161,0
SMB_EU_001905,ES,Retail,54,4372.64,-41.7,28,156.17,3,13,1,0,3,0.168,0
SMB_EU_001906,DE,Subscription,8,12893.99,-69.03,76,169.66,2,8,0,0,1,0.097,1
SMB_EU_001907,UK,Retail,60,5131.96,-36.65,33,155.51,2,4,2,0,4,0.152,1
SMB_EU_001908,FR,Services,13,5827.06,-34.7,22,264.87,3,9,0,1,1,0.011,0
SMB_EU_001909,FR,E-commerce,59,17577.7,-12.89,61,288.16,3,11,1,0,3,0.028,0
SMB_EU_001910,DE,E-commerce,45,62121.14,-22.29,310,200.39,1,12,1,2,2,0.088,0
SMB_EU_001911,FR,Services,12,6033.87,-15.68,29,208.06,3,14,1,0,3,0.071,0
SMB_EU_001912,UK,E-commerce,41,9219.9,4.39,97,95.05,1,10,0,1,2,0.075,0
SMB_EU_001913,UK,E-commerce,6,6246.12,4.63,26,240.24,2,6,2,0,0,0.163,1
SMB_EU_001914,FR,Retail,51,6779.68,-67.86,33,205.44,1,8,0,1,2,0.06,0
SMB_EU_001915,NL,Retail,11,7448.33,2.34,82,90.83,2,11,0,0,2,0.122,0
SMB_EU_001916,ES,Retail,51,2123.41,-14.02,17,124.91,1,7,2,0,1,0.024,0
SMB_EU_001917,UK,Hospitality,9,3909.65,7.83,31,126.12,4,13,0,1,3,0.05,0
SMB_EU_001918,IT,Retail,12,9562.54,-19.72,81,118.06,2,12,0,0,1,0.046,0
SMB_EU_001919,FR,Retail,70,5812.6,-5.09,26,223.56,4,14,0,0,0,0.142,0
SMB_EU_001920,FR,E-commerce,36,26822.05,-3.79,94,285.34,1,10,0,1,4,0.03,0
SMB_EU_001921,IT,Hospitality,13,2355.48,16.69,10,235.55,3,10,1,0,3,0.083,0
SMB_EU_001922,DE,Services,32,7504.99,2.1,41,183.05,4,15,0,0,1,0.123,0
SMB_EU_001923,IT,Retail,31,13842.94,-8.49,82,168.82,1,14,3,1,0,0.071,0
SMB_EU_001924,FR,Retail,22,14201.38,-16.79,86,165.13,1,7,1,0,0,0.077,0
SMB_EU_001925,ES,Subscription,31,3517.36,8.22,17,206.9,2,12,0,0,2,0.057,0
SMB_EU_001926,DE,E-commerce,55,18115.75,-4.98,114,158.91,2,5,0,0,0,0.048,0
SMB_EU_001927,IT,Services,44,3347.41,15.31,26,128.75,1,9,0,0,1,0.105,0
SMB_EU_001928,NL,Services,38,2150.61,-5.34,10,215.06,4,14,1,1,1,0.113,0
SMB_EU_001929,IT,Services,13,3900.55,-81.77,24,162.52,3,7,1,0,1,0.119,1
SMB_EU_001930,DE,Retail,8,4648.08,-39.84,56,83.0,2,13,2,0,1,0.026,0
SMB_EU_001931,IT,Services,25,8687.53,6.8,102,85.17,1,13,1,2,1,0.113,0
SMB_EU_001932,IT,Services,45,6802.4,-24.1,48,141.72,1,8,1,0,2,0.018,0
SMB_EU_001933,IT,Hospitality,4,3005.05,-13.28,16,187.82,1,8,0,0,2,0.128,0
SMB_EU_001934,IT,E-commerce,18,9713.51,-18.46,62,156.67,2,12,0,0,1,0.258,0
SMB_EU_001935,IT,E-commerce,36,11936.87,11.8,140,85.26,2,10,0,1,1,0.117,0
SMB_EU_001936,ES,Retail,60,7659.9,25.09,59,129.83,1,7,0,0,0,0.065,0
SMB_EU_001937,FR,E-commerce,25,27436.58,-3.15,271,101.24,4,13,0,1,2,0.101,0
SMB_EU_001938,ES,Hospitality,17,9081.4,7.97,31,292.95,2,12,1,0,1,0.274,0
SMB_EU_001939,NL,E-commerce,26,15469.73,7.58,104,148.75,1,9,1,1,0,0.051,0
SMB_EU_001940,DE,E-commerce,38,12828.39,-0.03,154,83.3,3,6,1,0,5,0.062,1
SMB_EU_001941,DE,E-commerce,6,5176.03,-9.79,23,225.04,1,9,3,0,2,0.033,1
SMB_EU_001942,FR,Hospitality,12,13026.14,-3.3,99,131.58,3,5,1,0,1,0.074,0
SMB_EU_001943,ES,Subscription,13,6882.39,-5.11,34,202.42,3,5,0,0,1,0.045,0
SMB_EU_001944,ES,Retail,20,20335.04,1.13,180,112.97,4,11,1,1,2,0.104,0
SMB_EU_001945,ES,E-commerce,53,16873.02,37.56,57,296.02,1,6,0,0,2,0.05,0
SMB_EU_001946,NL,Retail,11,26966.95,0.46,92,293.12,1,9,1,1,0,0.038,0
SMB_EU_001947,NL,Hospitality,15,8632.66,-12.82,38,227.18,1,14,1,0,0,0.139,0
SMB_EU_001948,DE,Services,8,2117.48,-17.32,9,235.28,1,15,0,3,4,0.119,0
SMB_EU_001949,FR,Subscription,20,6225.01,-6.78,36,172.92,3,7,1,0,2,0.06,0
SMB_EU_001950,NL,E-commerce,22,13552.48,-68.19,46,294.62,3,9,0,1,4,0.156,1
SMB_EU_001951,DE,Subscription,23,5327.89,9.95,31,171.87,4,13,0,0,1,0.155,0
SMB_EU_001952,FR,Retail,101,6380.24,-49.8,48,132.92,1,7,1,0,1,0.051,1
SMB_EU_001953,IT,Hospitality,45,2642.16,-19.0,25,105.69,3,16,1,1,1,0.103,0
SMB_EU_001954,ES,Retail,25,8027.51,-17.44,64,125.43,1,8,0,0,0,0.159,0
SMB_EU_001955,UK,Services,37,5765.46,-9.46,28,205.91,4,10,1,0,3,0.007,0
SMB_EU_001956,UK,E-commerce,17,8211.9,6.38,61,134.62,1,5,3,1,1,0.02,0
SMB_EU_001957,IT,Hospitality,89,19219.24,7.49,86,223.48,3,8,0,0,3,0.3,0
SMB_EU_001958,NL,Services,46,5194.22,8.19,32,162.32,1,9,1,2,1,0.043,0
SMB_EU_001959,IT,Retail,42,4900.79,-4.02,18,272.27,1,2,1,0,0,0.022,0
SMB_EU_001960,ES,Retail,61,3009.33,10.29,15,200.62,3,12,0,1,1,0.183,0
SMB_EU_001961,DE,Services,75,5183.1,-13.84,24,215.96,4,12,0,0,1,0.043,0
SMB_EU_001962,FR,E-commerce,12,12829.63,-36.81,63,203.64,3,15,2,1,1,0.085,0
SMB_EU_001963,ES,Retail,56,12797.71,10.6,47,272.29,1,8,0,0,2,0.3,0
SMB_EU_001964,FR,E-commerce,35,13763.61,-53.28,146,94.27,2,9,1,0,0,0.06,1
SMB_EU_001965,IT,Hospitality,32,2931.54,-9.15,31,94.57,1,8,1,1,1,0.038,0
SMB_EU_001966,IT,Retail,69,21799.18,-22.07,93,234.4,3,7,1,0,2,0.205,1
SMB_EU_001967,DE,E-commerce,12,19480.72,-30.55,78,249.75,1,11,1,0,2,0.15,1
SMB_EU_001968,FR,Retail,26,6868.71,0.78,39,176.12,4,17,0,0,1,0.018,0
SMB_EU_001969,FR,E-commerce,23,16557.4,24.73,105,157.69,2,9,2,0,1,0.025,0
SMB_EU_001970,DE,Services,35,6644.99,-2.08,47,141.38,2,9,1,1,1,0.012,0
SMB_EU_001971,DE,Subscription,36,3818.7,-5.42,29,131.68,3,17,1,0,2,0.071,0
SMB_EU_001972,ES,Hospitality,55,6595.42,-0.37,24,274.81,3,11,0,0,1,0.17,0
SMB_EU_001973,FR,Retail,27,6106.58,32.69,42,145.39,1,3,1,0,1,0.126,0
SMB_EU_001974,NL,Subscription,73,12202.06,11.28,55,221.86,1,5,1,0,2,0.084,0
SMB_EU_001975,FR,E-commerce,38,9620.93,-14.0,38,253.18,1,10,1,1,1,0.135,1
SMB_EU_001976,UK,Retail,11,5565.69,-53.39,66,84.33,2,7,2,1,2,0.097,1
SMB_EU_001977,FR,Subscription,17,24408.89,4.99,279,87.49,1,12,1,0,0,0.06,0
SMB_EU_001978,NL,Services,42,10464.46,-15.85,68,153.89,3,11,2,1,1,0.032,0
SMB_EU_001979,UK,Services,36,692.19,11.39,3,230.73,1,12,3,0,0,0.13,0
SMB_EU_001980,UK,Services,35,10009.1,-12.27,73,137.11,3,6,0,1,1,0.128,0
SMB_EU_001981,DE,Retail,80,7654.17,-22.66,95,80.57,3,12,0,1,0,0.028,0
SMB_EU_001982,ES,Retail,51,5230.63,-19.78,36,145.3,4,13,1,4,2,0.061,0
SMB_EU_001983,NL,Hospitality,20,3278.73,-1.23,33,99.36,1,8,0,0,0,0.055,0
SMB_EU_001984,NL,Retail,24,4526.6,-0.02,35,129.33,3,10,1,1,1,0.076,0
SMB_EU_001985,DE,E-commerce,19,9975.07,-11.47,65,153.46,4,10,0,1,2,0.224,0
SMB_EU_001986,DE,Services,14,2542.53,-9.38,24,105.94,1,11,0,0,2,0.153,0
SMB_EU_001987,ES,Services,84,2218.16,16.93,9,246.46,4,13,1,0,0,0.017,0
SMB_EU_001988,NL,E-commerce,36,8035.12,-36.62,59,136.19,1,13,0,1,1,0.012,0
SMB_EU_001989,NL,Services,10,6070.7,-14.35,27,224.84,1,6,1,0,5,0.103,0
SMB_EU_001990,ES,Services,69,5152.55,-29.26,24,214.69,2,14,0,0,0,0.043,0
SMB_EU_001991,ES,Hospitality,15,8375.19,-13.72,30,279.17,1,9,0,0,1,0.107,0
SMB_EU_001992,DE,Retail,32,7687.68,2.36,77,99.84,4,6,0,2,2,0.096,0
SMB_EU_001993,IT,E-commerce,28,6848.59,-9.48,54,126.83,1,8,0,0,0,0.028,0
SMB_EU_001994,DE,E-commerce,7,20180.46,-40.42,75,269.07,2,11,3,0,0,0.05,1
SMB_EU_001995,ES,Retail,4,4378.16,-8.84,17,257.54,2,11,2,1,3,0.094,1
SMB_EU_001996,IT,E-commerce,45,22109.75,-1.09,181,122.15,3,13,0,2,1,0.021,0
SMB_EU_001997,UK,Retail,59,3974.46,11.77,38,104.59,1,14,0,1,1,0.046,0
SMB_EU_001998,DE,E-commerce,33,9930.04,-0.01,37,268.38,3,11,0,1,3,0.103,0
SMB_EU_001999,DE,Subscription,118,7245.57,0.93,61,118.78,1,7,1,0,2,0.081,0
SMB_EU_002000,FR,Retail,16,11990.14,-3.37,44,272.5,3,17,0,0,0,0.097,0
SMB_EU_002001,FR,Services,6,5556.88,-7.49,19,292.47,4,11,1,0,1,0.066,0
SMB_EU_002002,FR,Hospitality,36,6072.44,-27.91,47,129.2,1,6,0,0,1,0.053,0
SMB_EU_002003,UK,Retail,12,24799.98,11.14,94,263.83,1,8,1,0,1,0.068,0
SMB_EU_002004,FR,Subscription,26,2989.29,30.68,17,175.84,2,7,0,0,0,0.049,0
SMB_EU_002005,FR,Hospitality,52,3217.91,9.16,13,247.53,1,14,0,0,3,0.078,0
SMB_EU_002006,ES,E-commerce,18,7840.77,-7.48,46,170.45,1,12,0,1,1,0.177,0
SMB_EU_002007,NL,Services,26,1728.14,-44.74,18,96.01,1,13,1,1,0,0.077,1
SMB_EU_002008,ES,E-commerce,57,9740.95,-18.34,41,237.58,2,14,1,0,2,0.071,0
SMB_EU_002009,DE,Hospitality,23,9065.0,-12.22,80,113.31,1,13,2,2,1,0.003,0
SMB_EU_002010,NL,Retail,36,5609.45,12.15,20,280.47,2,8,0,0,0,0.047,0
SMB_EU_002011,DE,Services,40,4094.47,-11.4,24,170.6,2,4,1,0,1,0.139,1
SMB_EU_002012,DE,E-commerce,23,5336.22,5.24,54,98.82,3,6,0,0,2,0.162,0
SMB_EU_002013,UK,Hospitality,24,3720.45,-15.9,29,128.29,4,11,0,0,2,0.093,0
SMB_EU_002014,DE,Retail,26,6064.32,-32.38,22,275.65,2,6,1,0,1,0.107,0
SMB_EU_002015,NL,Hospitality,16,8821.57,-18.51,59,149.52,2,14,1,3,2,0.08,0
SMB_EU_002016,FR,Services,35,1830.31,4.09,7,261.47,1,8,0,0,1,0.026,0
SMB_EU_002017,FR,E-commerce,17,11416.33,-2.97,97,117.69,2,11,0,0,1,0.134,0
SMB_EU_002018,UK,Hospitality,18,11517.3,-40.03,63,182.81,4,7,2,1,0,0.051,0
SMB_EU_002019,DE,E-commerce,12,11484.52,-5.94,42,273.44,3,9,1,1,1,0.041,1
SMB_EU_002020,IT,Services,60,1405.09,-42.1,16,87.82,1,9,1,0,0,0.084,0
SMB_EU_002021,UK,E-commerce,9,32315.78,2.32,220,146.89,4,8,0,0,0,0.083,0
SMB_EU_002022,IT,Services,81,7770.82,-15.03,28,277.53,3,10,2,1,1,0.164,0
SMB_EU_002023,UK,Services,25,8423.93,-15.12,40,210.6,1,7,0,0,1,0.072,1
SMB_EU_002024,DE,E-commerce,20,5268.68,-5.38,22,239.49,3,10,0,2,0,0.104,0
SMB_EU_002025,FR,Retail,12,19824.43,-30.26,75,264.33,1,11,0,0,2,0.108,0
SMB_EU_002026,FR,E-commerce,13,9431.78,-15.08,48,196.5,2,10,0,4,0,0.049,0
SMB_EU_002027,ES,Services,16,3683.17,13.86,14,263.08,1,14,1,0,1,0.104,0
SMB_EU_002028,UK,Retail,120,5247.62,-5.02,24,218.65,1,11,2,1,1,0.064,0
SMB_EU_002029,FR,E-commerce,16,26475.31,-3.4,115,230.22,3,10,4,0,1,0.103,0
SMB_EU_002030,IT,Services,37,4488.68,-78.69,40,112.22,3,11,0,1,1,0.175,1
SMB_EU_002031,DE,E-commerce,22,20027.27,31.07,70,286.1,1,13,0,0,1,0.045,0
SMB_EU_002032,IT,Hospitality,86,6279.56,36.41,25,251.18,1,15,3,0,0,0.096,0
SMB_EU_002033,NL,Retail,31,7556.56,-11.71,56,134.94,2,10,0,0,1,0.02,0
SMB_EU_002034,UK,Retail,10,4532.94,18.39,22,206.04,3,9,1,2,0,0.168,0
SMB_EU_002035,IT,Services,19,14831.04,-1.38,91,162.98,1,7,1,0,0,0.045,0
SMB_EU_002036,FR,Retail,106,3324.79,24.06,15,221.65,3,7,1,0,2,0.066,0
SMB_EU_002037,DE,E-commerce,46,19209.45,5.04,64,300.15,4,13,1,1,0,0.031,0
SMB_EU_002038,DE,Services,26,6267.84,-25.49,70,89.54,2,11,0,0,3,0.107,0
SMB_EU_002039,FR,E-commerce,13,29984.0,-37.49,104,288.31,1,14,1,1,2,0.222,1
SMB_EU_002040,FR,Subscription,14,20698.86,-13.18,216,95.83,1,8,0,0,3,0.112,1
SMB_EU_002041,UK,Subscription,11,8287.86,0.31,46,180.17,1,8,2,0,3,0.111,0
SMB_EU_002042,IT,E-commerce,7,20620.52,2.98,111,185.77,1,9,1,2,0,0.077,0
SMB_EU_002043,NL,Retail,44,23066.14,-18.22,166,138.95,3,11,0,0,0,0.204,0
SMB_EU_002044,DE,Services,39,4808.24,-10.93,23,209.05,1,11,0,0,0,0.121,0
SMB_EU_002045,UK,E-commerce,29,7910.49,8.3,30,263.68,1,14,0,0,0,0.07,0
SMB_EU_002046,ES,Retail,65,6351.94,-20.75,44,144.36,2,7,1,0,1,0.084,0
SMB_EU_002047,DE,Services,43,2285.65,2.01,24,95.24,4,12,2,0,0,0.033,0
SMB_EU_002048,ES,Retail,8,9999.47,18.57,46,217.38,1,6,1,0,0,0.175,0
SMB_EU_002049,IT,Services,27,9469.84,5.78,39,242.82,3,14,1,0,1,0.227,0
SMB_EU_002050,DE,Retail,48,7439.6,-40.29,26,286.14,2,10,0,2,1,0.082,0
SMB_EU_002051,NL,Retail,27,3024.86,-30.3,26,116.34,3,9,2,0,3,0.027,1
SMB_EU_002052,NL,Retail,29,14767.55,-12.33,53,278.63,3,12,1,0,0,0.139,0
SMB_EU_002053,DE,Subscription,7,3100.13,30.81,17,182.36,1,15,0,1,0,0.089,0
SMB_EU_002054,UK,Hospitality,17,2373.08,-8.99,18,131.84,2,10,0,0,2,0.119,0
SMB_EU_002055,UK,Services,37,4492.61,18.97,15,299.51,3,10,1,0,1,0.081,0
SMB_EU_002056,IT,E-commerce,24,17446.19,-9.16,132,132.17,4,9,1,0,1,0.043,0
SMB_EU_002057,NL,E-commerce,8,19324.98,-4.17,80,241.56,1,11,0,0,2,0.058,0
SMB_EU_002058,FR,Retail,47,7688.75,7.73,30,256.29,1,10,1,0,1,0.072,0
SMB_EU_002059,IT,E-commerce,23,43123.86,1.51,247,174.59,1,7,0,0,0,0.178,0
SMB_EU_002060,IT,Hospitality,28,6239.25,5.72,27,231.08,3,10,2,0,2,0.013,0
SMB_EU_002061,DE,Hospitality,8,11162.5,-12.28,54,206.71,3,12,1,0,0,0.044,0
SMB_EU_002062,NL,E-commerce,6,24052.12,-40.35,197,122.09,2,8,1,0,1,0.111,1
SMB_EU_002063,ES,Subscription,30,4143.33,-13.29,17,243.73,1,11,2,0,1,0.066,1
SMB_EU_002064,NL,Retail,60,7225.4,-55.52,25,289.02,1,8,1,0,1,0.058,1
SMB_EU_002065,DE,Subscription,46,32175.87,-3.44,172,187.07,2,7,0,1,0,0.079,0
SMB_EU_002066,ES,Retail,42,5911.09,15.56,20,295.55,4,13,1,1,2,0.025,0
SMB_EU_002067,DE,E-commerce,31,10006.93,-22.48,57,175.56,3,6,3,2,1,0.125,1
SMB_EU_002068,FR,E-commerce,10,16616.49,7.27,90,184.63,3,17,1,0,1,0.081,0
SMB_EU_002069,DE,E-commerce,3,11324.16,2.12,50,226.48,2,11,1,0,0,0.178,0
SMB_EU_002070,FR,Hospitality,115,3726.75,-16.73,31,120.22,4,10,0,0,3,0.065,0
SMB_EU_002071,ES,E-commerce,23,11224.29,-28.92,40,280.61,3,6,1,0,1,0.025,1
SMB_EU_002072,NL,E-commerce,17,35419.27,-43.92,138,256.66,1,14,0,0,1,0.066,0
SMB_EU_002073,DE,Services,28,4606.49,11.4,17,270.97,3,7,0,1,2,0.064,0
SMB_EU_002074,UK,Hospitality,12,2704.49,-16.03,13,208.04,2,9,0,0,4,0.093,0
SMB_EU_002075,UK,Services,19,2018.57,-30.61,7,288.37,3,10,0,0,0,0.072,0
SMB_EU_002076,UK,Retail,80,30069.89,2.64,131,229.54,4,6,0,0,1,0.068,0
SMB_EU_002077,FR,Hospitality,34,5247.54,5.31,27,194.35,1,6,0,0,1,0.051,0
SMB_EU_002078,NL,Hospitality,40,7787.4,-2.69,27,288.42,3,6,1,2,3,0.105,0
SMB_EU_002079,UK,E-commerce,25,9442.53,0.42,53,178.16,2,6,0,0,1,0.041,0
SMB_EU_002080,ES,E-commerce,55,18185.81,-18.14,96,189.44,4,12,0,0,0,0.062,0
SMB_EU_002081,DE,E-commerce,54,36004.65,-6.88,307,117.28,1,11,0,0,1,0.106,0
SMB_EU_002082,DE,Retail,23,5409.1,-4.18,19,284.69,3,9,0,0,2,0.087,0
SMB_EU_002083,NL,Retail,27,10533.85,1.19,82,128.46,1,9,3,0,0,0.062,0
SMB_EU_002084,UK,Retail,61,3441.8,-18.3,28,122.92,1,10,1,0,3,0.107,0
SMB_EU_002085,NL,Hospitality,28,20195.89,-2.28,197,102.52,1,8,2,0,0,0.039,0
SMB_EU_002086,NL,Hospitality,21,7048.97,-0.96,39,180.74,2,9,3,1,0,0.151,1
SMB_EU_002087,DE,Subscription,22,7025.51,24.56,50,140.51,4,10,0,0,1,0.014,0
SMB_EU_002088,IT,Services,19,4181.68,-4.47,17,245.98,1,8,1,1,0,0.047,0
SMB_EU_002089,ES,Retail,28,5890.96,-38.31,40,147.27,1,9,0,0,1,0.051,0
SMB_EU_002090,FR,Services,19,3796.56,13.78,16,237.28,1,8,0,0,1,0.062,0
SMB_EU_002091,ES,Services,28,1151.36,-37.54,9,127.93,2,9,1,0,2,0.002,0
SMB_EU_002092,UK,E-commerce,15,14143.72,20.64,108,130.96,1,11,1,1,1,0.063,0
SMB_EU_002093,DE,Hospitality,35,5516.99,26.46,21,262.71,4,8,2,0,3,0.129,0
SMB_EU_002094,NL,Subscription,38,12066.36,-0.43,75,160.88,2,12,1,1,2,0.021,0
SMB_EU_002095,FR,E-commerce,43,10959.03,-8.09,105,104.37,3,17,2,1,4,0.019,1
SMB_EU_002096,ES,Subscription,39,5666.68,24.41,19,298.25,3,9,1,0,1,0.034,0
SMB_EU_002097,IT,Retail,52,7962.77,11.93,67,118.85,3,8,0,0,1,0.158,0
SMB_EU_002098,IT,Retail,29,3040.5,1.23,27,112.61,4,14,0,0,2,0.059,0
SMB_EU_002099,ES,E-commerce,27,16347.98,-6.69,103,158.72,4,7,0,0,0,0.109,0
SMB_EU_002100,FR,Hospitality,17,1963.38,19.81,19,103.34,1,3,0,1,0,0.062,0
SMB_EU_002101,UK,Services,45,9795.56,-5.04,86,113.9,4,8,0,0,1,0.102,0
SMB_EU_002102,NL,Subscription,18,13568.98,3.73,51,266.06,2,7,1,0,4,0.103,0
SMB_EU_002103,DE,E-commerce,6,8604.96,-40.7,73,117.88,1,13,0,1,1,0.103,0
SMB_EU_002104,IT,Retail,16,11895.07,-20.97,114,104.34,2,6,0,1,2,0.084,0
SMB_EU_002105,ES,Services,48,5345.99,-20.86,20,267.3,1,14,0,0,0,0.163,0
SMB_EU_002106,FR,Hospitality,41,3275.12,-14.07,18,181.95,2,7,1,2,1,0.08,1
SMB_EU_002107,UK,Retail,32,2376.71,-20.37,21,113.18,3,8,0,0,1,0.048,0
SMB_EU_002108,UK,E-commerce,101,18136.23,7.39,87,208.46,1,14,0,0,2,0.216,0
SMB_EU_002109,FR,Services,35,3104.55,-17.77,35,88.7,1,14,2,0,1,0.065,1
SMB_EU_002110,UK,Services,14,9644.81,2.89,55,175.36,4,10,0,1,1,0.006,0
SMB_EU_002111,DE,E-commerce,13,15126.84,27.48,72,210.09,2,12,1,0,1,0.029,0
SMB_EU_002112,DE,E-commerce,39,9858.17,21.42,34,289.95,1,11,1,0,1,0.164,1
SMB_EU_002113,DE,Subscription,67,26467.77,-52.03,174,152.11,4,10,1,0,1,0.107,0
SMB_EU_002114,UK,Hospitality,27,8479.3,-19.18,34,249.39,4,10,0,0,2,0.222,0
SMB_EU_002115,IT,E-commerce,35,1673.64,-11.65,15,111.58,1,10,3,0,1,0.085,0
SMB_EU_002116,DE,E-commerce,37,11203.38,-46.13,64,175.05,2,9,0,0,1,0.103,0
SMB_EU_002117,NL,Services,103,2179.26,-24.81,17,128.19,4,9,0,1,1,0.05,0
SMB_EU_002118,IT,Retail,50,4950.87,-0.16,26,190.42,1,16,1,0,1,0.106,0
SMB_EU_002119,DE,Retail,59,7334.59,-10.23,43,170.57,2,11,3,1,1,0.114,0
SMB_EU_002120,UK,E-commerce,14,18550.18,14.31,63,294.45,1,9,1,0,0,0.088,0
SMB_EU_002121,ES,E-commerce,18,17546.77,-7.12,62,283.01,3,11,2,0,1,0.244,0
SMB_EU_002122,NL,Hospitality,17,11455.65,-4.08,55,208.28,1,13,2,1,0,0.038,0
SMB_EU_002123,UK,Retail,23,11721.22,5.34,99,118.4,2,12,1,2,1,0.105,0
SMB_EU_002124,FR,Hospitality,29,8470.65,-1.63,42,201.68,1,7,0,0,1,0.034,0
SMB_EU_002125,UK,E-commerce,34,16927.6,12.16,67,252.65,1,9,0,1,2,0.022,0
SMB_EU_002126,IT,Retail,26,17314.09,6.46,196,88.34,1,13,2,1,1,0.078,0
SMB_EU_002127,IT,Retail,17,6617.22,-5.64,38,174.14,1,9,4,0,1,0.062,0
SMB_EU_002128,DE,Subscription,12,7561.3,-27.85,85,88.96,3,8,0,0,1,0.066,0
SMB_EU_002129,UK,Services,36,1593.76,22.49,12,132.81,4,13,1,0,0,0.158,0
SMB_EU_002130,NL,Retail,43,15076.54,-34.11,150,100.51,3,7,2,1,3,0.063,1
SMB_EU_002131,DE,Services,24,4774.47,-25.89,16,298.4,2,10,0,1,2,0.092,0
SMB_EU_002132,DE,Hospitality,7,34880.32,-28.75,298,117.05,1,13,2,0,1,0.1,0
SMB_EU_002133,IT,Subscription,50,7056.19,-0.17,62,113.81,1,8,0,0,3,0.04,0
SMB_EU_002134,NL,E-commerce,23,15818.77,1.5,54,292.94,1,6,0,0,2,0.07,0
SMB_EU_002135,ES,Hospitality,9,8328.33,2.23,43,193.68,3,13,2,0,2,0.146,0
SMB_EU_002136,UK,Retail,27,4130.1,45.21,17,242.95,1,14,0,0,0,0.04,0
SMB_EU_002137,DE,E-commerce,52,18600.32,-9.47,122,152.46,4,3,1,0,2,0.02,0
SMB_EU_002138,ES,Subscription,20,9189.13,12.31,47,195.51,3,13,1,1,1,0.038,0
SMB_EU_002139,DE,E-commerce,2,12501.36,7.85,153,81.71,4,7,1,2,1,0.181,0
SMB_EU_002140,UK,E-commerce,22,30314.09,-10.18,178,170.3,2,12,2,0,1,0.021,0
SMB_EU_002141,ES,Retail,16,4651.51,12.09,23,202.24,2,9,0,1,0,0.146,0
SMB_EU_002142,IT,Services,31,5896.62,-2.46,31,190.21,1,12,0,0,2,0.084,0
SMB_EU_002143,ES,Hospitality,27,14361.6,13.13,85,168.96,2,12,1,0,0,0.068,0
SMB_EU_002144,FR,E-commerce,19,9816.62,29.41,39,251.71,4,13,0,0,1,0.096,0
SMB_EU_002145,NL,Subscription,18,7531.49,2.26,40,188.29,1,15,0,0,1,0.226,0
SMB_EU_002146,ES,Retail,62,32675.46,-4.22,149,219.3,1,9,2,0,2,0.21,0
SMB_EU_002147,NL,E-commerce,38,19939.14,15.77,165,120.84,1,8,2,1,2,0.159,0
SMB_EU_002148,FR,Subscription,38,6642.62,20.95,25,265.7,4,12,0,0,1,0.07,0
SMB_EU_002149,NL,E-commerce,48,24279.32,-13.25,152,159.73,1,15,2,1,1,0.07,0
SMB_EU_002150,ES,E-commerce,23,10667.42,-30.51,57,187.15,3,9,2,1,0,0.081,1
SMB_EU_002151,FR,E-commerce,73,5865.58,-44.51,37,158.53,1,7,0,0,0,0.033,0
SMB_EU_002152,DE,Services,34,11391.37,-1.98,41,277.84,3,12,1,1,4,0.09,0
SMB_EU_002153,ES,Retail,29,4127.23,-14.31,15,275.15,2,8,1,1,1,0.173,0
SMB_EU_002154,ES,Subscription,34,39183.36,8.11,303,129.32,1,10,1,2,3,0.075,1
SMB_EU_002155,DE,Services,22,3727.88,-12.57,15,248.53,3,4,1,0,1,0.088,0
SMB_EU_002156,FR,Retail,16,28771.93,-5.02,280,102.76,3,13,0,1,1,0.077,0
SMB_EU_002157,DE,Services,56,2199.51,0.92,25,87.98,2,7,2,1,1,0.065,0
SMB_EU_002158,FR,E-commerce,11,27753.07,-8.65,105,264.31,3,14,0,0,0,0.152,0
SMB_EU_002159,NL,E-commerce,12,20244.56,-16.43,186,108.84,1,10,1,1,1,0.193,0
SMB_EU_002160,ES,Services,25,8265.46,-7.46,72,114.8,4,8,0,0,3,0.181,0
SMB_EU_002161,IT,Subscription,14,16087.43,1.11,75,214.5,1,8,1,0,2,0.062,0
SMB_EU_002162,IT,Retail,7,5934.57,-22.13,23,258.02,1,6,2,0,1,0.099,0
SMB_EU_002163,FR,E-commerce,11,6839.7,-6.36,56,122.14,1,12,0,0,1,0.236,0
SMB_EU_002164,UK,E-commerce,14,14548.67,1.32,138,105.43,1,13,0,0,1,0.011,0
SMB_EU_002165,NL,E-commerce,35,17147.77,17.92,177,96.88,2,12,1,0,3,0.057,0
SMB_EU_002166,UK,E-commerce,24,11301.59,-4.69,132,85.62,2,9,1,0,1,0.093,0
SMB_EU_002167,IT,Retail,50,9449.61,-18.69,89,106.18,2,8,0,1,1,0.113,0
SMB_EU_002168,DE,Hospitality,11,7312.13,-3.14,25,292.49,1,8,0,0,1,0.08,0
SMB_EU_002169,IT,E-commerce,12,8688.8,-8.5,86,101.03,1,9,0,0,2,0.087,0
SMB_EU_002170,FR,Retail,31,10139.35,8.28,48,211.24,3,4,3,0,1,0.021,0
SMB_EU_002171,IT,Services,16,4259.33,-5.07,15,283.96,3,15,0,0,1,0.198,0
SMB_EU_002172,DE,Services,21,3285.27,-40.66,15,219.02,1,13,1,0,2,0.171,1
SMB_EU_002173,DE,E-commerce,11,24058.19,55.37,276,87.17,2,8,0,0,1,0.182,0
SMB_EU_002174,UK,E-commerce,11,9410.78,2.14,45,209.13,1,13,0,0,2,0.069,0
SMB_EU_002175,FR,Hospitality,15,4561.99,1.34,16,285.12,3,7,0,1,2,0.189,0
SMB_EU_002176,ES,E-commerce,52,15662.68,-77.56,104,150.6,4,10,0,1,2,0.113,0
SMB_EU_002177,FR,Retail,9,18247.51,-21.97,122,149.57,1,12,0,0,0,0.141,0
SMB_EU_002178,IT,Services,55,5613.13,-1.38,42,133.65,3,12,2,0,3,0.082,0
SMB_EU_002179,IT,Retail,48,10983.72,-47.87,57,192.7,2,18,0,1,1,0.083,0
SMB_EU_002180,NL,Retail,19,6691.62,-13.5,51,131.21,1,6,0,1,1,0.047,0
SMB_EU_002181,FR,Retail,27,7631.98,3.56,32,238.5,2,8,3,1,1,0.075,0
SMB_EU_002182,DE,Retail,33,7768.8,-17.79,35,221.97,2,9,0,0,0,0.084,0
SMB_EU_002183,DE,Retail,42,9539.35,-37.57,57,167.36,3,11,2,1,0,0.144,1
SMB_EU_002184,FR,Subscription,12,7535.64,-1.5,32,235.49,3,9,1,1,0,0.067,0
SMB_EU_002185,IT,E-commerce,45,33516.91,-29.02,330,101.57,4,16,2,0,0,0.176,0
SMB_EU_002186,UK,Retail,29,6395.16,-40.94,26,245.97,2,12,1,0,1,0.06,0
SMB_EU_002187,UK,Retail,13,2872.25,12.42,14,205.16,2,14,0,1,3,0.198,0
SMB_EU_002188,ES,Subscription,29,46660.71,-23.63,213,219.06,2,8,0,0,1,0.103,0
SMB_EU_002189,ES,E-commerce,13,12324.99,9.25,131,94.08,1,15,0,0,0,0.13,0
SMB_EU_002190,IT,E-commerce,27,32981.67,-21.15,153,215.57,2,15,1,1,2,0.004,0
SMB_EU_002191,FR,Services,19,11615.17,2.01,62,187.34,3,15,0,0,0,0.152,0
SMB_EU_002192,UK,E-commerce,30,26447.95,-29.61,142,186.25,1,18,0,2,1,0.226,0
SMB_EU_002193,IT,E-commerce,31,13319.56,-51.88,88,151.36,4,5,1,0,2,0.089,1
SMB_EU_002194,IT,Retail,60,9501.53,-19.48,116,81.91,3,8,1,0,0,0.07,0
SMB_EU_002195,DE,E-commerce,40,6982.06,28.77,40,174.55,3,9,0,1,2,0.116,0
SMB_EU_002196,NL,E-commerce,36,49508.23,3.56,294,168.4,4,7,1,0,0,0.145,0
SMB_EU_002197,NL,Hospitality,6,3599.07,8.12,21,171.38,2,7,0,1,0,0.065,1
SMB_EU_002198,UK,E-commerce,50,12880.44,-25.75,60,214.67,1,7,2,0,1,0.073,0
SMB_EU_002199,IT,Hospitality,20,6367.15,-18.82,44,144.71,3,12,0,0,2,0.073,0
SMB_EU_002200,FR,Retail,11,7500.56,6.56,54,138.9,4,9,2,0,2,0.058,0
SMB_EU_002201,UK,Retail,91,5394.16,-7.86,28,192.65,1,10,2,3,0,0.101,0
SMB_EU_002202,DE,E-commerce,16,34627.69,-25.31,165,209.86,1,7,0,0,1,0.067,0
SMB_EU_002203,NL,Subscription,64,15917.07,-20.85,78,204.07,1,6,1,0,3,0.184,1
SMB_EU_002204,DE,E-commerce,33,18197.4,-17.9,66,275.72,1,9,1,1,0,0.206,0
SMB_EU_002205,ES,Hospitality,39,4721.03,4.84,19,248.48,4,12,1,0,2,0.194,0
SMB_EU_002206,UK,E-commerce,27,28406.44,-3.69,311,91.34,1,15,2,0,2,0.1,0
SMB_EU_002207,FR,Retail,13,6054.25,18.95,30,201.81,3,9,1,0,2,0.079,0
SMB_EU_002208,UK,Retail,44,20525.68,-44.34,119,172.48,3,14,1,0,1,0.174,0
SMB_EU_002209,FR,E-commerce,32,16035.14,8.75,101,158.76,3,11,0,0,1,0.066,0
SMB_EU_002210,UK,Retail,32,16731.79,-58.29,58,288.48,1,9,1,0,2,0.081,0
SMB_EU_002211,ES,Retail,29,7471.9,6.9,41,182.24,3,14,0,0,0,0.061,0
SMB_EU_002212,ES,Services,22,5219.27,-40.44,22,237.24,4,4,0,1,2,0.027,1
SMB_EU_002213,DE,Retail,44,16688.07,-14.47,57,292.77,1,9,1,0,0,0.099,0
SMB_EU_002214,UK,Hospitality,38,22378.81,-12.34,198,113.02,1,10,3,0,2,0.105,0
SMB_EU_002215,ES,E-commerce,47,38254.85,-11.76,416,91.96,4,3,0,0,1,0.016,0
SMB_EU_002216,FR,E-commerce,23,25389.38,-0.04,170,149.35,2,9,0,0,2,0.011,0
SMB_EU_002217,ES,Hospitality,22,8544.86,-23.34,95,89.95,2,14,0,0,0,0.069,0
SMB_EU_002218,FR,E-commerce,18,11066.04,-18.71,105,105.39,4,10,2,0,1,0.023,0
SMB_EU_002219,UK,E-commerce,29,17906.93,2.03,60,298.45,3,7,3,0,2,0.162,1
SMB_EU_002220,DE,Services,7,2891.02,-1.92,10,289.1,2,8,0,0,0,0.095,0
SMB_EU_002221,ES,Services,119,6264.55,2.85,27,232.02,2,10,1,0,1,0.282,0
SMB_EU_002222,IT,Retail,17,10417.34,-0.68,42,248.03,1,5,1,0,3,0.134,0
SMB_EU_002223,DE,Retail,59,2466.83,37.78,22,112.13,1,9,1,0,0,0.025,0
SMB_EU_002224,FR,Services,20,5117.58,1.9,24,213.23,2,9,2,1,2,0.04,0
SMB_EU_002225,DE,E-commerce,40,19239.69,-36.21,169,113.84,1,9,2,0,3,0.034,1
SMB_EU_002226,NL,Hospitality,77,5706.09,1.52,35,163.03,4,9,0,0,1,0.09,0
SMB_EU_002227,FR,E-commerce,39,18594.75,-40.47,119,156.26,1,11,0,0,3,0.123,1
SMB_EU_002228,IT,Retail,74,3576.58,-43.44,17,210.39,2,8,0,0,1,0.089,0
SMB_EU_002229,FR,Hospitality,57,3766.86,10.27,39,96.59,3,5,1,0,1,0.093,0
SMB_EU_002230,FR,E-commerce,13,27910.78,5.94,272,102.61,3,9,0,0,1,0.212,0
SMB_EU_002231,ES,Retail,44,8002.74,-53.23,37,216.29,2,12,2,0,1,0.033,0
SMB_EU_002232,DE,E-commerce,35,18393.14,1.66,84,218.97,2,9,0,0,2,0.067,0
SMB_EU_002233,UK,Services,16,3602.13,23.98,23,156.61,4,13,1,0,3,0.044,0
SMB_EU_002234,UK,Hospitality,54,6070.59,-32.69,54,112.42,1,19,1,0,1,0.109,0
SMB_EU_002235,IT,Retail,10,2010.2,-14.79,7,287.17,3,12,0,0,1,0.023,0
SMB_EU_002236,IT,E-commerce,51,24919.67,-4.79,272,91.62,4,7,0,0,1,0.152,0
SMB_EU_002237,UK,Services,44,14793.64,-31.71,62,238.61,1,8,1,0,2,0.143,0
SMB_EU_002238,DE,Services,30,2639.07,2.06,24,109.96,4,7,2,0,1,0.08,0
SMB_EU_002239,DE,Hospitality,17,3412.89,19.68,15,227.53,3,10,0,0,1,0.131,0
SMB_EU_002240,FR,Retail,44,10422.53,-20.12,46,226.58,2,11,0,0,0,0.063,0
SMB_EU_002241,ES,Services,5,12106.78,2.25,47,257.59,2,12,0,1,1,0.089,0
SMB_EU_002242,DE,Hospitality,15,5992.45,14.78,36,166.46,4,11,0,1,0,0.113,0
SMB_EU_002243,IT,Retail,27,3826.12,-39.11,45,85.02,1,10,2,0,1,0.071,0
SMB_EU_002244,UK,E-commerce,30,13235.2,-37.51,51,259.51,2,5,4,0,2,0.074,1
SMB_EU_002245,UK,E-commerce,15,8085.65,-28.02,46,175.78,3,12,0,0,2,0.143,0
SMB_EU_002246,NL,Hospitality,15,4016.66,7.57,15,267.78,3,7,0,0,5,0.033,0
SMB_EU_002247,DE,Retail,39,6665.98,-22.58,27,246.89,1,7,1,2,1,0.033,0
SMB_EU_002248,ES,Hospitality,13,3435.51,-14.97,18,190.86,1,8,0,0,2,0.044,1
SMB_EU_002249,IT,Subscription,21,5643.37,12.32,19,297.02,3,15,0,1,2,0.029,0
SMB_EU_002250,DE,Services,10,5228.68,2.37,29,180.3,2,13,2,0,3,0.113,0
SMB_EU_002251,DE,Subscription,28,10239.43,10.9,44,232.71,1,12,0,2,1,0.057,0
SMB_EU_002252,UK,Subscription,23,3829.89,-13.94,17,225.29,1,10,1,0,0,0.07,0
SMB_EU_002253,IT,Retail,4,10147.94,22.1,52,195.15,2,14,0,0,0,0.114,0
SMB_EU_002254,ES,Hospitality,9,4771.21,10.33,23,207.44,2,9,2,1,2,0.123,1
SMB_EU_002255,UK,E-commerce,61,23108.65,13.34,90,256.76,3,9,0,0,1,0.059,0
SMB_EU_002256,IT,Services,16,7986.37,-16.2,39,204.78,1,9,0,0,0,0.069,0
SMB_EU_002257,NL,E-commerce,35,10819.23,17.57,60,180.32,3,11,1,0,3,0.063,0
SMB_EU_002258,NL,Subscription,12,13009.93,-42.21,58,224.31,4,8,0,0,0,0.078,0
SMB_EU_002259,FR,Hospitality,67,3631.28,-9.17,41,88.57,2,7,0,0,2,0.108,0
SMB_EU_002260,NL,Services,6,11063.98,9.38,106,104.38,1,4,1,0,1,0.063,0
SMB_EU_002261,ES,Retail,58,4952.83,8.75,46,107.67,4,12,1,0,1,0.026,0
SMB_EU_002262,IT,Retail,29,9885.72,-42.33,57,173.43,1,11,2,0,1,0.041,0
SMB_EU_002263,UK,Services,43,4467.69,30.84,16,279.23,2,8,0,0,1,0.064,0
SMB_EU_002264,NL,Retail,62,4346.21,-18.69,20,217.31,2,10,1,0,1,0.014,0
SMB_EU_002265,IT,Services,33,8584.75,9.08,29,296.03,3,6,2,0,0,0.144,0
SMB_EU_002266,IT,Retail,79,5534.29,-51.73,62,89.26,2,6,0,2,1,0.063,0
SMB_EU_002267,IT,Hospitality,61,2163.48,-39.95,9,240.39,2,11,1,1,5,0.094,0
SMB_EU_002268,ES,E-commerce,42,2661.37,-23.25,18,147.85,4,6,1,0,1,0.112,0
SMB_EU_002269,FR,Hospitality,55,3549.24,1.69,42,84.51,4,4,1,0,1,0.115,0
SMB_EU_002270,NL,Hospitality,27,13698.75,-56.68,52,263.44,2,10,0,0,2,0.044,0
SMB_EU_002271,DE,E-commerce,13,31902.78,-8.64,276,115.59,2,10,0,1,2,0.074,0
SMB_EU_002272,FR,Retail,108,5198.04,-4.64,41,126.78,3,6,0,1,0,0.127,0
SMB_EU_002273,NL,Retail,29,6390.22,-35.72,41,155.86,3,9,1,0,0,0.027,0
SMB_EU_002274,IT,Hospitality,34,4539.48,-16.46,18,252.19,1,7,1,0,2,0.156,0
SMB_EU_002275,UK,E-commerce,9,6739.53,13.83,31,217.4,2,14,0,0,3,0.069,0
SMB_EU_002276,IT,Services,64,2829.61,25.97,20,141.48,1,7,2,1,2,0.043,0
SMB_EU_002277,ES,E-commerce,33,27024.39,-14.15,231,116.99,2,11,1,0,0,0.029,0
SMB_EU_002278,NL,E-commerce,39,20295.17,-31.01,195,104.08,3,15,2,0,1,0.069,0
SMB_EU_002279,IT,E-commerce,43,17670.62,16.48,156,113.27,1,12,1,0,0,0.029,0
SMB_EU_002280,DE,Retail,16,3590.72,-7.8,13,276.21,1,8,1,0,2,0.071,0
SMB_EU_002281,FR,E-commerce,63,15934.27,10.14,56,284.54,2,7,1,1,1,0.122,0
SMB_EU_002282,FR,Subscription,36,2258.99,-0.51,8,282.37,3,8,0,0,0,0.131,0
SMB_EU_002283,NL,Services,5,8290.58,17.86,31,267.44,3,10,0,0,1,0.163,0
SMB_EU_002284,DE,E-commerce,55,17517.41,-19.24,64,273.71,1,16,1,0,1,0.039,0
SMB_EU_002285,DE,Hospitality,26,2676.79,-16.57,10,267.68,1,14,0,0,1,0.139,0
SMB_EU_002286,FR,Services,17,13187.81,4.19,45,293.06,3,5,1,0,1,0.047,0
SMB_EU_002287,UK,E-commerce,7,5105.67,1.44,19,268.72,2,13,0,2,0,0.039,0
SMB_EU_002288,FR,Retail,21,10997.03,-57.45,61,180.28,2,10,0,0,1,0.231,1
SMB_EU_002289,NL,Retail,19,11162.33,8.64,74,150.84,2,15,2,0,0,0.18,0
SMB_EU_002290,DE,E-commerce,59,7129.55,-13.96,34,209.69,2,9,1,2,1,0.125,0
SMB_EU_002291,IT,Subscription,18,8797.91,-20.54,41,214.58,2,13,0,0,1,0.05,0
SMB_EU_002292,FR,Hospitality,8,2247.15,-7.5,11,204.29,4,5,0,0,2,0.193,0
SMB_EU_002293,DE,Retail,40,1450.08,-5.82,6,241.68,3,11,0,0,1,0.026,1
SMB_EU_002294,NL,Retail,61,4215.28,-4.26,18,234.18,1,13,1,0,2,0.136,0
SMB_EU_002295,DE,Services,22,3453.76,19.04,35,98.68,2,11,0,0,2,0.16,0
SMB_EU_002296,DE,Services,88,7359.5,11.56,52,141.53,2,5,0,1,2,0.063,0
SMB_EU_002297,DE,Hospitality,55,6247.64,-16.5,23,271.64,1,8,2,0,3,0.095,1
SMB_EU_002298,DE,Hospitality,65,6346.39,3.33,30,211.55,2,7,0,1,2,0.033,0
SMB_EU_002299,DE,Retail,39,4352.67,-6.51,29,150.09,2,5,0,1,5,0.077,1
SMB_EU_002300,FR,Services,36,3637.99,-12.81,14,259.86,3,16,2,1,1,0.206,0
SMB_EU_002301,ES,Services,17,2861.89,-17.96,21,136.28,1,9,1,1,3,0.055,0
SMB_EU_002302,IT,E-commerce,76,7192.69,-10.42,42,171.25,1,16,0,0,3,0.055,0
SMB_EU_002303,NL,Services,68,3501.59,-0.64,25,140.06,1,12,1,0,1,0.069,0
SMB_EU_002304,FR,Retail,77,8365.77,-17.32,31,269.86,3,10,2,0,0,0.295,0
SMB_EU_002305,UK,Retail,28,5673.8,2.54,24,236.41,4,12,0,0,0,0.031,0
SMB_EU_002306,FR,Retail,22,6588.59,-2.92,36,183.02,2,12,1,1,2,0.322,0
SMB_EU_002307,DE,Retail,46,12138.6,-5.96,43,282.29,2,9,1,1,1,0.063,0
SMB_EU_002308,IT,E-commerce,20,11107.24,17.42,39,284.8,1,22,1,0,1,0.101,0
SMB_EU_002309,DE,E-commerce,28,6737.37,-36.91,28,240.62,2,13,1,0,0,0.061,0
SMB_EU_002310,FR,E-commerce,5,21033.62,-5.76,76,276.76,2,4,4,0,5,0.023,0
SMB_EU_002311,NL,E-commerce,34,17594.04,-35.29,74,237.76,1,12,1,0,1,0.022,0
SMB_EU_002312,UK,E-commerce,42,18269.74,3.58,84,217.5,3,11,0,1,1,0.045,0
SMB_EU_002313,NL,Retail,66,11645.79,11.43,67,173.82,1,7,1,0,2,0.06,0
SMB_EU_002314,ES,Hospitality,48,7891.17,-20.27,56,140.91,3,11,1,0,1,0.115,0
SMB_EU_002315,UK,E-commerce,53,15260.8,-18.35,164,93.05,2,11,2,0,5,0.048,0
SMB_EU_002316,DE,E-commerce,85,62986.59,-25.47,246,256.04,4,12,1,0,1,0.108,1
SMB_EU_002317,FR,Services,15,2312.79,0.95,22,105.13,1,10,1,0,0,0.083,0
SMB_EU_002318,FR,Services,13,3516.93,-5.11,21,167.47,1,10,0,0,0,0.225,0
SMB_EU_002319,NL,Services,32,8933.77,-4.18,68,131.38,4,11,2,3,1,0.07,0
SMB_EU_002320,FR,E-commerce,12,16339.77,-5.52,91,179.56,1,15,0,0,1,0.022,0
SMB_EU_002321,UK,Retail,35,12606.28,-14.6,84,150.07,2,5,1,1,2,0.061,1
SMB_EU_002322,ES,Hospitality,12,6643.33,16.98,25,265.73,2,9,1,0,2,0.107,0
SMB_EU_002323,IT,Retail,14,18244.72,4.09,62,294.27,2,15,0,0,3,0.027,0
SMB_EU_002324,FR,E-commerce,7,8195.16,-17.77,29,282.59,2,12,1,1,1,0.182,0
SMB_EU_002325,ES,Retail,33,17902.09,-10.51,83,215.69,3,13,0,0,0,0.113,0
SMB_EU_002326,UK,Services,9,10094.96,-13.08,34,296.91,1,6,1,0,1,0.045,0
SMB_EU_002327,ES,Retail,40,3870.05,21.09,23,168.26,3,7,1,0,1,0.02,0
SMB_EU_002328,DE,Subscription,45,13139.51,-23.69,67,196.11,2,10,0,0,1,0.047,0
SMB_EU_002329,IT,Services,16,4872.53,-1.9,36,135.35,2,8,1,0,1,0.144,0
SMB_EU_002330,DE,E-commerce,49,10423.9,25.61,38,274.31,2,7,0,0,1,0.101,0
SMB_EU_002331,FR,Services,45,1610.05,21.78,13,123.85,4,11,1,0,0,0.178,0
SMB_EU_002332,DE,Hospitality,57,3271.57,-3.46,15,218.1,3,14,0,0,1,0.012,0
SMB_EU_002333,IT,Services,15,7646.94,-45.94,30,254.9,1,12,0,0,2,0.101,0
SMB_EU_002334,IT,E-commerce,15,24443.27,-5.44,116,210.72,3,13,1,0,1,0.027,0
SMB_EU_002335,DE,Services,43,4406.2,-60.42,45,97.92,2,8,0,1,1,0.131,1
SMB_EU_002336,FR,E-commerce,32,24489.42,26.01,114,214.82,4,7,1,0,3,0.035,0
SMB_EU_002337,NL,Subscription,34,15869.21,-15.1,64,247.96,1,14,0,0,0,0.25,0
SMB_EU_002338,FR,E-commerce,67,16458.37,13.02,136,121.02,2,14,0,1,3,0.147,0
SMB_EU_002339,DE,E-commerce,51,9724.52,10.36,40,243.11,2,9,0,0,1,0.087,0
SMB_EU_002340,FR,Services,45,6514.76,-4.57,24,271.45,3,14,3,0,2,0.061,0
SMB_EU_002341,ES,Services,42,6696.79,27.15,23,291.16,1,14,0,0,1,0.156,0
SMB_EU_002342,DE,Hospitality,54,8990.12,-23.39,53,169.62,1,12,1,1,1,0.211,0
SMB_EU_002343,DE,Retail,25,13446.02,-32.96,157,85.64,3,12,0,0,1,0.073,0
SMB_EU_002344,FR,E-commerce,11,6624.34,-7.34,38,174.32,1,11,0,0,0,0.125,0
SMB_EU_002345,UK,Subscription,18,6627.76,14.41,29,228.54,1,7,0,0,1,0.051,0
SMB_EU_002346,IT,Services,16,1600.42,5.3,6,266.74,3,8,1,1,0,0.068,0
SMB_EU_002347,IT,Services,2,7827.44,-82.88,27,289.91,4,17,1,0,2,0.091,1
SMB_EU_002348,FR,Retail,42,7043.14,18.59,25,281.73,3,10,0,0,3,0.136,0
SMB_EU_002349,IT,E-commerce,22,19424.57,7.28,86,225.87,2,7,2,0,3,0.089,0
SMB_EU_002350,DE,Hospitality,25,2475.28,-15.53,11,225.03,1,8,0,1,2,0.066,0
SMB_EU_002351,IT,Services,19,11588.65,-5.25,144,80.48,3,6,0,0,0,0.069,0
SMB_EU_002352,UK,Retail,28,3907.27,-19.5,24,162.8,1,9,2,0,0,0.033,1
SMB_EU_002353,IT,Services,73,7957.99,-2.56,28,284.21,2,12,0,1,1,0.04,0
SMB_EU_002354,UK,E-commerce,7,16100.02,-53.89,69,233.33,1,12,0,2,1,0.086,1
SMB_EU_002355,ES,Retail,82,7140.45,-56.99,39,183.09,3,10,2,0,0,0.044,0
SMB_EU_002356,DE,E-commerce,33,12755.39,-31.33,124,102.87,2,10,3,1,1,0.163,0
SMB_EU_002357,UK,E-commerce,20,10228.85,-47.32,76,134.59,4,6,0,0,3,0.32,0
SMB_EU_002358,DE,E-commerce,22,32627.91,5.06,161,202.66,1,5,1,1,2,0.071,0
SMB_EU_002359,NL,Retail,14,8060.77,-28.87,29,277.96,3,7,1,0,1,0.155,0
SMB_EU_002360,DE,Retail,5,3735.6,0.47,37,100.96,2,9,0,0,0,0.078,0
SMB_EU_002361,DE,Services,12,3971.17,-26.99,35,113.46,2,13,0,0,1,0.219,0
SMB_EU_002362,NL,Retail,28,8640.37,0.76,39,221.55,2,10,0,0,1,0.075,0
SMB_EU_002363,FR,Retail,24,13709.99,-0.09,95,144.32,3,8,0,0,0,0.021,0
SMB_EU_002364,NL,E-commerce,38,10436.18,-33.88,89,117.26,2,5,0,1,2,0.037,0
SMB_EU_002365,IT,E-commerce,19,10863.24,12.93,91,119.38,1,6,0,1,1,0.115,0
SMB_EU_002366,DE,Services,17,5070.79,15.71,27,187.81,4,7,0,1,2,0.035,0
SMB_EU_002367,DE,E-commerce,100,25332.93,-24.15,122,207.65,1,14,1,0,1,0.109,0
SMB_EU_002368,IT,Services,14,2199.4,-0.87,8,274.93,4,10,0,0,2,0.023,0
SMB_EU_002369,FR,Hospitality,15,8125.22,30.16,41,198.18,3,9,2,0,0,0.054,0
SMB_EU_002370,ES,Retail,53,6055.72,1.79,26,232.91,3,10,0,0,0,0.041,0
SMB_EU_002371,IT,Retail,45,6584.92,-12.47,55,119.73,1,8,1,1,2,0.063,0
SMB_EU_002372,UK,E-commerce,21,49848.86,-1.2,210,237.38,2,5,1,0,2,0.232,0
SMB_EU_002373,IT,E-commerce,48,13332.02,-56.37,60,222.2,2,10,1,0,5,0.251,1
SMB_EU_002374,NL,Services,30,7863.68,-17.65,62,126.83,2,12,0,0,1,0.119,0
SMB_EU_002375,IT,Hospitality,19,9235.99,13.04,41,225.27,1,9,0,0,2,0.136,0
SMB_EU_002376,FR,E-commerce,43,7389.32,8.77,58,127.4,2,15,0,2,2,0.109,0
SMB_EU_002377,FR,Retail,28,2643.77,-20.02,13,203.37,1,9,2,0,3,0.098,0
SMB_EU_002378,ES,Retail,5,13092.39,-1.4,58,225.73,1,7,0,1,1,0.297,0
SMB_EU_002379,NL,Hospitality,43,3131.87,-8.5,13,240.91,1,12,1,0,1,0.044,0
SMB_EU_002380,ES,E-commerce,25,5526.42,-24.02,20,276.32,3,12,0,1,1,0.092,0
SMB_EU_002381,ES,E-commerce,70,27764.2,-21.22,96,289.21,3,13,3,0,0,0.045,0
SMB_EU_002382,UK,Retail,49,4339.61,-43.92,17,255.27,4,9,0,0,0,0.113,0
SMB_EU_002383,UK,Hospitality,32,3774.43,-46.53,14,269.6,2,13,1,0,1,0.022,0
SMB_EU_002384,NL,Services,21,16347.28,-6.87,194,84.26,3,13,0,0,0,0.176,0
SMB_EU_002385,FR,E-commerce,28,5541.19,-14.39,35,158.32,2,12,2,0,0,0.096,0
SMB_EU_002386,IT,E-commerce,14,7058.82,-46.99,80,88.24,2,14,0,0,4,0.002,1
SMB_EU_002387,FR,Subscription,32,6830.55,11.21,53,128.88,2,8,1,0,3,0.043,0
SMB_EU_002388,IT,E-commerce,73,12986.31,-43.69,79,164.38,3,13,0,1,1,0.106,1
SMB_EU_002389,ES,Hospitality,88,3509.64,15.03,13,269.97,1,5,0,0,1,0.055,0
SMB_EU_002390,IT,Retail,60,3991.82,-3.42,21,190.09,1,8,1,0,0,0.036,0
SMB_EU_002391,FR,Hospitality,31,14846.38,24.04,67,221.59,1,13,0,0,1,0.128,0
SMB_EU_002392,DE,Retail,8,9367.38,5.22,59,158.77,1,7,0,0,3,0.121,0
SMB_EU_002393,NL,Subscription,27,12785.68,-44.75,60,213.09,2,10,1,1,1,0.1,0
SMB_EU_002394,DE,Services,51,4604.82,1.39,18,255.82,2,8,0,0,0,0.042,0
SMB_EU_002395,UK,Services,47,5948.33,-18.72,41,145.08,3,4,0,0,0,0.268,0
SMB_EU_002396,FR,Services,25,8751.1,-4.59,31,282.29,1,8,2,1,3,0.123,0
SMB_EU_002397,DE,Hospitality,23,3300.19,6.45,26,126.93,3,8,2,2,0,0.033,0
SMB_EU_002398,DE,E-commerce,36,17583.34,-38.56,62,283.6,1,6,0,0,5,0.088,1
SMB_EU_002399,IT,Services,29,7591.76,-6.15,88,86.27,1,12,0,0,1,0.017,0
SMB_EU_002400,IT,Subscription,26,22739.49,41.01,114,199.47,3,11,1,0,1,0.07,0
SMB_EU_002401,FR,E-commerce,26,48268.77,-28.97,163,296.13,3,12,3,0,1,0.105,1
SMB_EU_002402,DE,Subscription,65,9385.26,-25.18,44,213.3,2,8,1,0,2,0.023,0
SMB_EU_002403,FR,Hospitality,12,11881.03,18.2,59,201.37,1,6,2,0,2,0.052,0
SMB_EU_002404,FR,E-commerce,22,3022.09,9.11,13,232.47,4,12,1,0,2,0.021,0
SMB_EU_002405,IT,E-commerce,23,38069.75,3.48,265,143.66,4,9,0,0,1,0.059,0
SMB_EU_002406,IT,Retail,31,5175.37,-6.97,56,92.42,2,11,0,0,3,0.065,0
SMB_EU_002407,FR,Retail,28,6922.54,-22.68,51,135.74,4,13,2,0,1,0.103,0
SMB_EU_002408,DE,Retail,27,10423.93,24.29,88,118.45,1,6,0,1,1,0.071,0
SMB_EU_002409,UK,E-commerce,13,13680.68,3.02,48,285.01,2,16,1,1,1,0.083,0
SMB_EU_002410,NL,E-commerce,28,16876.5,-22.05,63,267.88,4,12,0,0,0,0.277,1
SMB_EU_002411,IT,E-commerce,42,38887.23,-51.8,259,150.14,2,10,1,0,1,0.071,1
SMB_EU_002412,DE,Subscription,32,7147.0,5.77,27,264.7,2,6,1,0,1,0.033,0
SMB_EU_002413,NL,E-commerce,12,7813.84,-14.79,62,126.03,1,13,2,0,0,0.058,0
SMB_EU_002414,DE,E-commerce,30,44528.46,-1.5,359,124.03,1,9,2,2,0,0.125,1
SMB_EU_002415,NL,Retail,29,10973.68,-12.14,44,249.4,1,13,0,0,0,0.023,0
SMB_EU_002416,UK,Retail,22,25350.16,-69.35,167,151.8,2,13,0,0,2,0.045,1
SMB_EU_002417,FR,Services,32,8394.83,-11.48,89,94.32,1,10,0,1,1,0.106,0
SMB_EU_002418,DE,Hospitality,18,2711.77,-10.12,11,246.52,1,9,1,0,1,0.202,0
SMB_EU_002419,DE,Services,44,7364.48,11.64,25,294.58,2,11,3,0,0,0.026,0
SMB_EU_002420,FR,Retail,85,4432.98,-24.57,22,201.5,3,7,0,0,1,0.047,0
SMB_EU_002421,DE,Hospitality,46,6026.81,-18.12,44,136.97,3,6,0,0,4,0.211,0
SMB_EU_002422,DE,E-commerce,15,14333.82,-16.08,88,162.88,3,11,2,0,1,0.075,0
SMB_EU_002423,ES,Retail,42,3030.85,5.69,14,216.49,2,10,1,0,0,0.109,0
SMB_EU_002424,NL,Retail,49,4912.36,15.79,21,233.92,2,9,2,0,3,0.054,0
SMB_EU_002425,FR,Retail,36,30040.72,-43.86,109,275.6,3,6,2,1,0,0.073,0
SMB_EU_002426,UK,E-commerce,39,17306.4,-15.04,62,279.14,1,11,0,0,0,0.042,0
SMB_EU_002427,DE,Retail,27,7200.02,14.84,27,266.67,2,12,1,1,0,0.129,0
SMB_EU_002428,UK,Subscription,11,26707.88,-26.64,120,222.57,2,8,1,1,2,0.08,0
SMB_EU_002429,FR,E-commerce,25,11826.1,-3.04,66,179.18,2,14,2,0,0,0.116,0
SMB_EU_002430,UK,Retail,14,7573.0,-14.54,33,229.48,1,13,1,0,0,0.125,0
SMB_EU_002431,IT,Retail,24,14496.73,-31.18,64,226.51,1,15,0,0,0,0.085,0
SMB_EU_002432,ES,Hospitality,19,4717.68,-8.44,37,127.5,2,9,0,0,1,0.078,0
SMB_EU_002433,UK,Retail,13,5111.69,-13.1,27,189.32,1,4,1,0,0,0.047,1
SMB_EU_002434,FR,Services,64,1293.28,9.71,10,129.33,4,9,1,0,1,0.048,0
SMB_EU_002435,UK,Subscription,28,5131.13,-74.31,18,285.06,4,13,1,0,0,0.102,1
SMB_EU_002436,FR,Retail,19,4535.0,-1.02,30,151.17,2,8,0,0,0,0.057,0
SMB_EU_002437,FR,E-commerce,7,16497.19,11.86,64,257.77,4,10,1,0,0,0.088,0
SMB_EU_002438,FR,Retail,47,5546.5,-16.84,34,163.13,3,14,1,2,0,0.023,0
SMB_EU_002439,IT,Hospitality,33,21901.84,-62.31,88,248.88,1,10,0,0,1,0.056,0
SMB_EU_002440,DE,E-commerce,93,7952.39,13.66,62,128.26,2,16,2,1,1,0.028,0
SMB_EU_002441,IT,E-commerce,16,34758.99,-51.83,140,248.28,1,11,0,1,0,0.071,0
SMB_EU_002442,IT,Retail,60,9127.51,4.99,76,120.1,3,13,0,1,2,0.148,0
SMB_EU_002443,ES,Hospitality,25,9735.94,-26.32,52,187.23,1,12,1,1,3,0.005,1
SMB_EU_002444,ES,E-commerce,14,23468.57,-14.16,224,104.77,3,13,0,0,1,0.054,0
SMB_EU_002445,NL,Retail,21,2113.83,-7.57,11,192.17,2,12,0,1,2,0.014,0
SMB_EU_002446,FR,Hospitality,30,5958.55,7.7,23,259.07,1,11,2,0,2,0.059,0
SMB_EU_002447,FR,Hospitality,19,5126.5,-10.51,21,244.12,4,12,1,0,2,0.063,0
SMB_EU_002448,DE,Services,11,2533.62,-28.81,28,90.49,4,10,1,1,2,0.086,0
SMB_EU_002449,DE,Retail,14,10540.42,-10.31,56,188.22,3,16,1,0,2,0.076,0
SMB_EU_002450,FR,Services,40,14004.27,-7.96,52,269.31,3,11,0,0,2,0.042,0
SMB_EU_002451,FR,Hospitality,12,1206.78,-31.23,5,241.36,3,9,1,1,2,0.064,1
SMB_EU_002452,UK,Retail,17,5805.23,-17.25,62,93.63,2,5,0,0,0,0.227,0
SMB_EU_002453,IT,Hospitality,13,2841.41,11.39,19,149.55,1,6,0,0,1,0.05,0
SMB_EU_002454,FR,E-commerce,33,15660.11,-55.6,77,203.38,1,8,4,0,0,0.145,1
SMB_EU_002455,IT,Subscription,120,7402.75,-8.63,63,117.5,1,14,0,0,0,0.052,0
SMB_EU_002456,DE,Retail,39,5562.43,-18.26,24,231.77,2,7,1,0,0,0.077,0
SMB_EU_002457,NL,Hospitality,16,9074.46,-17.19,41,221.33,2,6,2,0,0,0.105,0
SMB_EU_002458,IT,E-commerce,33,40035.2,-11.08,321,124.72,1,9,0,0,0,0.035,1
SMB_EU_002459,NL,Subscription,17,44434.48,-2.25,221,201.06,1,10,0,0,1,0.048,0
SMB_EU_002460,FR,E-commerce,31,9624.12,9.05,37,260.11,3,6,1,0,1,0.015,0
SMB_EU_002461,UK,Subscription,69,3018.32,-4.5,19,158.86,1,13,0,4,1,0.101,0
SMB_EU_002462,UK,Subscription,27,12587.98,-3.5,94,133.91,1,11,0,1,1,0.155,0
SMB_EU_002463,IT,E-commerce,35,39422.67,-1.26,168,234.66,2,11,1,0,2,0.016,0
SMB_EU_002464,IT,Services,28,8147.02,7.15,85,95.85,1,16,0,0,1,0.091,0
SMB_EU_002465,IT,Subscription,50,23594.95,9.67,90,262.17,4,14,0,0,2,0.101,0
SMB_EU_002466,DE,E-commerce,43,13101.91,-20.8,46,284.82,3,4,1,1,0,0.053,0
SMB_EU_002467,FR,E-commerce,22,10405.2,-4.23,36,289.03,2,10,0,0,2,0.045,0
SMB_EU_002468,DE,E-commerce,43,16075.75,18.41,92,174.74,1,11,1,1,2,0.012,0
SMB_EU_002469,NL,E-commerce,31,12301.46,-19.74,57,215.82,2,9,1,0,1,0.041,0
SMB_EU_002470,IT,Retail,20,11909.04,-45.43,44,270.66,3,8,1,0,1,0.103,0
SMB_EU_002471,FR,Retail,21,14314.92,-2.56,111,128.96,4,3,0,1,0,0.146,0
SMB_EU_002472,UK,E-commerce,31,28131.79,-8.5,327,86.03,2,10,0,1,1,0.074,0
SMB_EU_002473,UK,E-commerce,35,20376.98,-30.73,124,164.33,3,15,1,0,2,0.103,0
SMB_EU_002474,ES,Retail,25,9271.41,-21.98,34,272.69,1,13,2,0,1,0.207,1
SMB_EU_002475,NL,Services,35,8053.4,22.67,42,191.75,2,10,1,0,2,0.109,0
SMB_EU_002476,UK,Services,16,1539.78,0.08,8,192.47,1,9,0,0,1,0.047,0
SMB_EU_002477,DE,Retail,12,9077.37,-38.72,39,232.75,1,10,0,1,2,0.075,1
SMB_EU_002478,ES,Hospitality,8,6191.93,-8.66,30,206.4,2,5,0,0,1,0.18,0
SMB_EU_002479,DE,Hospitality,39,6818.28,-8.49,74,92.14,1,13,2,0,0,0.145,0
SMB_EU_002480,ES,Subscription,7,8539.06,-41.87,42,203.31,3,9,2,0,1,0.046,0
SMB_EU_002481,FR,Retail,35,10366.24,6.42,47,220.56,4,5,1,0,1,0.055,0
SMB_EU_002482,UK,Retail,19,5667.11,8.97,26,217.97,2,10,0,0,2,0.025,0
SMB_EU_002483,UK,Subscription,22,17724.34,5.65,74,239.52,1,9,0,1,1,0.028,0
SMB_EU_002484,DE,Subscription,22,11958.17,-20.05,62,192.87,1,13,2,0,2,0.038,0
SMB_EU_002485,NL,Services,108,5473.12,-39.71,20,273.66,2,5,0,0,0,0.054,0
SMB_EU_002486,UK,Services,18,3290.13,12.75,18,182.79,2,14,1,0,2,0.105,0
SMB_EU_002487,NL,Retail,14,13047.96,-29.38,67,194.75,2,14,1,0,2,0.068,0
SMB_EU_002488,UK,E-commerce,82,16980.17,4.39,67,253.44,2,6,0,0,1,0.122,0
SMB_EU_002489,IT,Retail,9,5084.27,-52.8,19,267.59,3,8,0,1,0,0.134,1
SMB_EU_002490,FR,Retail,11,7732.6,-45.03,35,220.93,1,11,2,0,1,0.173,1
SMB_EU_002491,FR,Services,48,7292.8,-49.67,68,107.25,3,12,0,0,3,0.095,0
SMB_EU_002492,DE,Retail,36,11138.26,-9.96,73,152.58,4,11,0,0,2,0.149,0
SMB_EU_002493,ES,E-commerce,20,20090.67,-10.64,238,84.41,1,9,1,0,0,0.171,0
SMB_EU_002494,FR,Subscription,12,9513.8,-37.64,66,144.15,2,5,2,1,0,0.124,1
SMB_EU_002495,NL,Retail,4,14804.53,8.7,72,205.62,2,14,0,2,0,0.094,0
SMB_EU_002496,NL,Subscription,71,18914.0,-34.53,74,255.59,3,8,1,0,1,0.121,0
SMB_EU_002497,IT,Subscription,43,14007.85,2.36,67,209.07,2,13,2,0,1,0.343,0
SMB_EU_002498,UK,Hospitality,66,4217.69,-46.21,48,87.87,3,9,1,0,2,0.084,1
SMB_EU_002499,UK,Retail,54,4240.17,2.86,31,136.78,2,8,0,0,0,0.132,0
SMB_EU_002500,FR,E-commerce,37,10823.14,-34.82,52,208.14,2,6,1,0,1,0.053,0
SMB_EU_002501,ES,E-commerce,17,48436.04,-24.93,205,236.27,3,12,2,0,1,0.109,0
SMB_EU_002502,ES,E-commerce,12,17762.11,-29.74,66,269.12,4,8,0,0,1,0.137,0
SMB_EU_002503,IT,E-commerce,57,53726.98,2.33,183,293.59,3,16,1,0,1,0.078,0
SMB_EU_002504,UK,Subscription,19,8373.78,1.32,30,279.13,4,11,2,0,0,0.044,0
SMB_EU_002505,DE,Retail,13,6849.35,-59.99,37,185.12,1,11,0,0,2,0.097,0
SMB_EU_002506,DE,Services,16,4782.69,-18.31,20,239.13,1,9,0,0,1,0.081,0
SMB_EU_002507,UK,Retail,60,7569.58,-16.03,57,132.8,2,9,2,0,0,0.053,1
SMB_EU_002508,NL,Hospitality,14,3771.86,-20.67,40,94.3,1,8,2,1,0,0.191,0
SMB_EU_002509,UK,Subscription,21,4517.31,8.31,49,92.19,3,11,2,0,2,0.011,0
SMB_EU_002510,UK,E-commerce,25,20264.13,-1.73,152,133.32,1,9,0,1,0,0.011,0
SMB_EU_002511,DE,Retail,32,15065.12,-0.78,171,88.1,2,9,4,0,2,0.017,0
SMB_EU_002512,UK,Hospitality,13,26016.95,-25.58,97,268.22,3,8,0,0,0,0.062,0
SMB_EU_002513,NL,Services,25,3854.38,-0.5,21,183.54,2,9,2,1,0,0.059,0
SMB_EU_002514,NL,Hospitality,49,4855.76,9.5,19,255.57,1,11,0,1,2,0.22,0
SMB_EU_002515,IT,E-commerce,93,9443.37,-27.63,33,286.16,4,13,0,0,0,0.124,0
SMB_EU_002516,UK,E-commerce,11,29473.36,-8.03,99,297.71,3,10,0,0,1,0.197,0
SMB_EU_002517,DE,Subscription,13,14676.05,-23.56,51,287.77,2,12,3,2,2,0.031,1
SMB_EU_002518,NL,Subscription,14,5317.82,-6.3,22,241.72,3,10,0,0,2,0.101,0
SMB_EU_002519,IT,E-commerce,41,8729.7,-39.98,49,178.16,2,13,0,1,0,0.118,0
SMB_EU_002520,ES,Services,12,8854.69,5.71,42,210.83,2,9,0,0,2,0.038,0
SMB_EU_002521,IT,E-commerce,24,18877.45,2.54,73,258.6,1,8,0,0,2,0.149,0
SMB_EU_002522,DE,E-commerce,22,23643.39,19.37,85,278.16,3,11,2,1,1,0.083,0
SMB_EU_002523,FR,Retail,98,4710.44,-0.81,16,294.4,2,19,0,0,1,0.059,0
SMB_EU_002524,FR,E-commerce,18,4861.83,5.08,20,243.09,3,11,0,0,2,0.172,0
SMB_EU_002525,ES,E-commerce,17,8873.52,-8.37,45,197.19,1,10,2,0,2,0.063,0
SMB_EU_002526,FR,Retail,41,12086.65,-16.55,41,294.8,3,16,1,0,0,0.1,0
SMB_EU_002527,DE,E-commerce,33,53233.35,12.52,183,290.89,1,8,0,2,0,0.034,0
SMB_EU_002528,UK,Services,16,3864.22,18.65,21,184.01,2,11,0,1,1,0.051,0
SMB_EU_002529,DE,Hospitality,62,23506.41,-39.87,106,221.76,3,9,0,1,2,0.016,1
SMB_EU_002530,UK,Hospitality,9,9871.5,1.97,38,259.78,3,11,1,1,1,0.073,0
SMB_EU_002531,IT,Subscription,26,3901.67,-48.27,22,177.35,3,8,1,1,1,0.056,0
SMB_EU_002532,ES,Retail,21,9096.25,17.12,35,259.89,2,8,1,1,3,0.031,0
SMB_EU_002533,FR,Hospitality,24,10075.88,8.69,96,104.96,2,9,0,0,3,0.07,1
SMB_EU_002534,DE,Services,16,1166.66,30.37,6,194.44,1,13,0,0,3,0.03,0
SMB_EU_002535,ES,E-commerce,25,22081.07,-17.32,119,185.56,1,11,1,0,2,0.113,0
SMB_EU_002536,ES,E-commerce,31,30316.22,12.94,131,231.42,3,7,0,1,1,0.119,0
SMB_EU_002537,ES,Retail,3,10163.09,8.24,96,105.87,4,13,1,0,1,0.015,0
SMB_EU_002538,DE,Services,19,4818.22,-5.13,47,102.52,2,8,0,0,1,0.221,0
SMB_EU_002539,ES,E-commerce,14,13521.68,-22.49,49,275.95,3,10,0,2,3,0.06,0
SMB_EU_002540,ES,Services,79,4352.04,6.04,30,145.07,3,15,0,0,4,0.122,0
SMB_EU_002541,IT,Hospitality,36,2962.91,-14.05,20,148.15,4,4,2,1,1,0.085,0
SMB_EU_002542,ES,Hospitality,14,3971.9,-1.78,16,248.24,3,9,1,1,0,0.009,0
SMB_EU_002543,UK,Services,18,3894.17,-14.23,23,169.31,2,4,0,1,5,0.062,1
SMB_EU_002544,IT,Hospitality,22,6422.81,-28.91,24,267.62,1,7,1,0,0,0.022,0
SMB_EU_002545,DE,E-commerce,18,10739.85,-17.64,64,167.81,2,11,0,0,2,0.139,0
SMB_EU_002546,NL,E-commerce,38,8904.64,14.84,36,247.35,1,13,1,0,0,0.023,0
SMB_EU_002547,DE,Services,70,7887.67,3.32,40,197.19,3,6,0,0,0,0.089,0
SMB_EU_002548,FR,E-commerce,1,18735.47,-49.03,66,283.87,2,13,2,1,1,0.092,0
SMB_EU_002549,FR,E-commerce,21,10853.77,5.72,71,152.87,2,7,1,0,0,0.133,0
SMB_EU_002550,DE,Retail,92,10839.63,10.85,68,159.41,4,11,2,0,1,0.018,0
SMB_EU_002551,FR,Subscription,22,6857.41,-29.58,23,298.15,3,13,1,0,0,0.075,0
SMB_EU_002552,DE,Retail,32,8308.51,1.75,34,244.37,3,15,0,1,0,0.111,0
SMB_EU_002553,ES,Hospitality,4,10770.23,-49.94,43,250.47,1,12,2,0,2,0.054,1
SMB_EU_002554,UK,E-commerce,62,10441.68,-36.8,72,145.02,1,11,0,0,0,0.025,0
SMB_EU_002555,DE,E-commerce,11,7423.15,5.79,38,195.35,1,8,0,0,2,0.269,0
SMB_EU_002556,UK,Hospitality,36,5499.62,7.27,37,148.64,3,7,1,0,3,0.116,0
SMB_EU_002557,NL,Retail,13,3530.23,-7.23,26,135.78,2,13,0,0,0,0.065,0
SMB_EU_002558,FR,Hospitality,2,5079.89,-21.18,26,195.38,1,13,4,1,1,0.068,0
SMB_EU_002559,DE,Services,33,4225.15,14.16,14,301.8,3,9,1,1,1,0.042,0
SMB_EU_002560,NL,Services,44,1140.23,-0.97,9,126.69,1,14,1,1,2,0.064,0
SMB_EU_002561,ES,Retail,25,10999.2,2.62,82,134.14,2,5,0,0,1,0.078,0
SMB_EU_002562,ES,Services,10,4480.9,-23.04,34,131.79,3,9,1,0,2,0.04,0
SMB_EU_002563,DE,Hospitality,104,12193.43,-1.03,48,254.03,2,10,0,1,1,0.01,0
SMB_EU_002564,DE,Services,43,5690.27,-30.18,30,189.68,4,7,0,0,2,0.078,1
SMB_EU_002565,FR,E-commerce,30,23322.42,-7.74,142,164.24,2,16,2,0,1,0.223,0
SMB_EU_002566,FR,E-commerce,55,30632.87,0.95,115,266.37,1,11,1,0,0,0.084,0
SMB_EU_002567,FR,Subscription,18,8316.11,11.51,57,145.9,1,12,1,2,2,0.061,0
SMB_EU_002568,FR,Services,84,4997.53,-14.99,30,166.58,2,6,2,0,2,0.091,0
SMB_EU_002569,ES,E-commerce,43,5835.29,5.61,61,95.66,3,7,0,0,3,0.065,0
SMB_EU_002570,UK,E-commerce,52,31556.29,22.03,297,106.25,4,7,1,0,0,0.03,0
SMB_EU_002571,FR,E-commerce,21,13744.4,-9.61,125,109.96,4,14,0,0,0,0.107,0
SMB_EU_002572,UK,E-commerce,11,8203.92,-23.21,52,157.77,2,7,3,0,2,0.01,1
SMB_EU_002573,FR,E-commerce,30,23380.06,4.35,120,194.83,2,8,0,0,4,0.188,0
SMB_EU_002574,NL,E-commerce,18,4055.94,-43.98,51,79.53,2,9,1,0,0,0.235,0
SMB_EU_002575,FR,Services,90,3864.66,-61.48,32,120.77,2,11,1,0,0,0.081,0
SMB_EU_002576,IT,Retail,8,13796.68,13.85,116,118.94,1,10,0,0,3,0.012,0
SMB_EU_002577,UK,Hospitality,65,4614.14,28.15,34,135.71,1,14,2,0,1,0.113,0
SMB_EU_002578,IT,Retail,6,5200.15,-15.01,45,115.56,2,12,3,0,2,0.02,0
SMB_EU_002579,FR,E-commerce,13,11685.6,-63.58,95,123.01,1,9,0,2,1,0.064,1
SMB_EU_002580,IT,Retail,6,2395.24,-6.6,8,299.41,4,15,0,1,1,0.026,0
SMB_EU_002581,DE,E-commerce,18,23042.43,-8.22,109,211.4,3,14,1,0,1,0.143,1
SMB_EU_002582,UK,Services,23,4644.6,29.0,19,244.45,2,9,1,1,0,0.062,0
SMB_EU_002583,NL,Services,16,4246.28,-37.42,16,265.39,1,9,1,0,0,0.248,1
SMB_EU_002584,NL,Retail,36,6808.97,-5.82,30,226.97,2,8,0,1,1,0.132,0
SMB_EU_002585,IT,E-commerce,23,15127.25,24.24,64,236.36,2,6,1,3,2,0.099,0
SMB_EU_002586,IT,E-commerce,4,22200.45,8.65,101,219.81,2,9,2,2,3,0.031,0
SMB_EU_002587,DE,Services,12,4846.22,14.79,22,220.28,3,6,0,1,0,0.075,0
SMB_EU_002588,IT,Services,20,2208.81,-13.59,8,276.1,3,10,1,1,1,0.085,0
SMB_EU_002589,FR,E-commerce,54,21186.41,-7.95,175,121.07,3,11,2,0,1,0.049,0
SMB_EU_002590,ES,Hospitality,29,8092.21,-15.6,58,139.52,2,14,1,0,0,0.028,0
SMB_EU_002591,ES,Services,19,5656.21,-17.17,56,101.0,1,13,2,0,2,0.129,0
SMB_EU_002592,ES,Retail,7,15250.1,18.38,58,262.93,2,11,0,1,0,0.116,0
SMB_EU_002593,IT,E-commerce,30,15275.92,-32.52,85,179.72,4,6,2,0,0,0.08,0
SMB_EU_002594,NL,Subscription,62,17532.39,-5.46,63,278.29,3,7,0,0,1,0.038,0
SMB_EU_002595,DE,Services,21,11632.05,-4.81,68,171.06,1,8,1,1,1,0.022,0
SMB_EU_002596,ES,E-commerce,13,21272.98,-23.21,120,177.27,3,11,0,1,2,0.123,0
SMB_EU_002597,FR,E-commerce,39,9576.29,-10.11,54,177.34,1,10,2,0,1,0.042,0
SMB_EU_002598,NL,E-commerce,55,13867.93,11.6,65,213.35,2,14,1,0,0,0.032,0
SMB_EU_002599,FR,E-commerce,23,31543.38,-13.13,127,248.37,3,14,0,1,0,0.03,0
SMB_EU_002600,DE,Hospitality,42,2442.89,1.39,16,152.68,2,11,0,1,3,0.042,0
SMB_EU_002601,IT,E-commerce,19,11856.52,-19.62,54,219.57,2,7,2,0,3,0.171,1
SMB_EU_002602,DE,Services,44,4070.07,-2.16,33,123.34,1,8,1,0,0,0.066,0
SMB_EU_002603,ES,Services,64,2975.2,-34.46,15,198.35,1,9,0,0,0,0.027,0
SMB_EU_002604,FR,Retail,48,13506.47,-18.33,67,201.59,3,11,3,1,0,0.106,0
SMB_EU_002605,DE,E-commerce,38,18805.31,11.86,68,276.55,3,3,0,1,1,0.083,0
SMB_EU_002606,NL,E-commerce,78,9790.53,-7.62,35,279.73,3,10,0,0,1,0.028,0
SMB_EU_002607,DE,Hospitality,22,8628.47,-14.54,46,187.58,1,11,0,0,1,0.047,0
SMB_EU_002608,FR,Retail,38,7274.62,-46.84,85,85.58,3,10,2,0,3,0.044,1
SMB_EU_002609,ES,Hospitality,22,3517.12,0.66,13,270.55,1,9,1,1,0,0.055,0
SMB_EU_002610,DE,Services,38,3259.87,-27.22,41,79.51,1,9,0,1,1,0.199,0
SMB_EU_002611,ES,E-commerce,43,19485.7,-20.96,105,185.58,2,8,0,0,2,0.115,0
SMB_EU_002612,DE,Subscription,50,15809.81,19.29,187,84.54,2,10,0,0,3,0.024,0
SMB_EU_002613,FR,Subscription,27,6720.51,-15.98,43,156.29,1,10,2,4,2,0.105,1
SMB_EU_002614,ES,Retail,5,11090.69,-37.28,50,221.81,1,8,0,1,3,0.096,1
SMB_EU_002615,FR,Retail,23,20666.09,-20.18,128,161.45,2,8,0,1,3,0.08,0
SMB_EU_002616,DE,Subscription,42,4228.73,9.88,15,281.92,1,13,0,1,3,0.043,0
SMB_EU_002617,FR,Subscription,33,11140.94,-4.67,50,222.82,1,14,2,1,1,0.044,0
SMB_EU_002618,FR,Retail,37,13168.6,-2.56,59,223.2,2,13,0,1,0,0.057,0
SMB_EU_002619,UK,Retail,44,7556.07,1.86,47,160.77,1,11,1,0,1,0.177,0
SMB_EU_002620,FR,Retail,11,16817.36,-18.81,190,88.51,2,14,0,0,1,0.13,0
SMB_EU_002621,ES,Subscription,46,33667.29,8.92,139,242.21,4,10,0,0,0,0.144,0
SMB_EU_002622,UK,Retail,81,9830.16,8.3,41,239.76,1,9,2,0,1,0.028,0
SMB_EU_002623,NL,E-commerce,20,13038.37,0.26,66,197.55,4,9,0,0,0,0.258,0
SMB_EU_002624,UK,Services,51,8985.64,-59.1,52,172.8,1,6,0,1,2,0.013,0
SMB_EU_002625,FR,Retail,29,13259.08,-66.99,67,197.9,1,5,0,1,2,0.04,1
SMB_EU_002626,UK,Hospitality,36,1323.74,-39.69,5,264.75,3,12,1,0,0,0.049,0
SMB_EU_002627,DE,E-commerce,48,14975.4,-3.0,63,237.7,3,13,0,2,1,0.1,0
SMB_EU_002628,IT,Services,33,3945.9,-6.95,18,219.22,2,13,1,0,1,0.138,0
SMB_EU_002629,NL,E-commerce,20,19031.08,-39.75,68,279.87,1,10,0,0,1,0.107,1
SMB_EU_002630,FR,Hospitality,34,5341.81,-4.0,25,213.67,3,9,1,2,0,0.068,0
SMB_EU_002631,IT,Hospitality,13,5701.07,-13.38,69,82.62,4,8,0,1,1,0.136,1
SMB_EU_002632,ES,Retail,8,4766.03,10.89,22,216.64,4,12,1,0,0,0.063,0
SMB_EU_002633,DE,Retail,67,12430.57,5.63,58,214.32,2,11,1,0,2,0.035,0
SMB_EU_002634,DE,E-commerce,37,40490.83,-4.69,425,95.27,3,13,2,1,1,0.02,0
SMB_EU_002635,ES,E-commerce,43,9020.02,-5.4,52,173.46,3,9,0,0,1,0.031,0
SMB_EU_002636,IT,Services,32,2162.37,-13.72,10,216.24,3,8,1,0,0,0.043,0
SMB_EU_002637,UK,Services,6,5060.37,10.88,22,230.02,4,12,0,1,4,0.035,0
SMB_EU_002638,ES,E-commerce,64,14744.3,-5.4,53,278.19,3,15,2,0,0,0.115,0
SMB_EU_002639,UK,Hospitality,20,12113.48,-11.55,46,263.34,3,10,0,0,0,0.026,0
SMB_EU_002640,ES,Hospitality,23,2869.8,-64.85,27,106.29,2,10,1,0,0,0.173,1
SMB_EU_002641,FR,Services,59,3620.69,5.88,17,212.98,2,10,0,1,2,0.055,0
SMB_EU_002642,DE,E-commerce,13,4134.76,-60.08,20,206.74,4,10,0,0,1,0.018,0
SMB_EU_002643,ES,E-commerce,21,34227.88,-30.19,233,146.9,1,14,1,1,1,0.17,0
SMB_EU_002644,IT,E-commerce,20,17433.21,-18.05,145,120.23,1,9,0,0,1,0.152,0
SMB_EU_002645,DE,E-commerce,13,11358.77,-3.5,92,123.46,1,5,2,0,0,0.042,0
SMB_EU_002646,FR,E-commerce,29,6784.82,-3.08,57,119.03,4,15,0,0,3,0.026,0
SMB_EU_002647,UK,E-commerce,14,7168.99,-3.65,28,256.04,3,19,1,1,1,0.164,0
SMB_EU_002648,NL,Retail,66,10257.42,-39.78,91,112.72,1,11,0,0,1,0.067,0
SMB_EU_002649,NL,Services,7,2572.77,-22.14,19,135.41,1,11,1,1,1,0.057,1
SMB_EU_002650,NL,Retail,10,8515.13,-13.12,67,127.09,3,9,1,0,2,0.103,0
SMB_EU_002651,DE,Retail,21,27254.22,17.76,115,236.99,2,12,0,0,1,0.143,0
SMB_EU_002652,FR,E-commerce,27,12176.38,15.54,106,114.87,1,7,0,0,1,0.2,0
SMB_EU_002653,FR,Retail,16,4493.24,-19.69,53,84.78,4,9,1,0,1,0.046,0
SMB_EU_002654,DE,Hospitality,45,7545.59,-49.16,46,164.03,2,9,3,0,0,0.07,1
SMB_EU_002655,ES,E-commerce,23,7189.17,-35.8,49,146.72,3,10,3,0,4,0.183,0
SMB_EU_002656,FR,E-commerce,39,42099.71,-16.81,251,167.73,3,9,1,0,2,0.015,0
SMB_EU_002657,ES,E-commerce,63,34821.05,0.49,142,245.22,1,12,1,0,0,0.049,0
SMB_EU_002658,UK,Retail,76,7249.54,-16.8,88,82.38,2,12,0,0,3,0.08,0
SMB_EU_002659,DE,Retail,22,4669.56,-16.54,53,88.1,2,5,0,2,0,0.118,0
SMB_EU_002660,IT,Services,29,3872.79,5.52,28,138.31,4,9,1,0,0,0.069,0
SMB_EU_002661,NL,E-commerce,33,12561.68,14.2,46,273.08,1,10,0,1,1,0.154,0
SMB_EU_002662,UK,E-commerce,22,18881.65,-2.91,161,117.28,3,4,1,1,1,0.02,0
SMB_EU_002663,DE,Retail,12,14927.74,24.74,50,298.55,2,14,0,0,0,0.054,0
SMB_EU_002664,IT,E-commerce,53,8053.79,3.18,31,259.8,3,11,0,0,1,0.03,0
SMB_EU_002665,IT,Hospitality,12,11004.51,-11.65,61,180.4,3,11,1,0,0,0.077,0
SMB_EU_002666,FR,Hospitality,56,8691.72,-16.3,36,241.44,1,8,0,0,0,0.077,0
SMB_EU_002667,DE,Services,37,3686.82,15.27,19,194.04,1,12,1,1,0,0.04,0
SMB_EU_002668,IT,Retail,32,4167.91,1.93,20,208.4,1,10,2,0,0,0.09,0
SMB_EU_002669,ES,E-commerce,15,16083.43,10.14,77,208.88,2,10,4,0,1,0.019,0
SMB_EU_002670,FR,Services,4,2647.68,-39.87,12,220.64,4,12,0,0,3,0.154,0
SMB_EU_002671,IT,Subscription,52,16633.74,3.67,178,93.45,1,16,0,0,0,0.059,0
SMB_EU_002672,FR,Retail,15,4075.98,-7.68,19,214.53,2,9,1,0,0,0.007,0
SMB_EU_002673,ES,E-commerce,38,20835.83,-20.91,88,236.77,4,10,0,0,2,0.204,0
SMB_EU_002674,DE,Retail,40,7622.25,-0.94,51,149.46,4,13,0,2,3,0.121,0
SMB_EU_002675,UK,Retail,27,5714.84,16.38,19,300.78,3,9,1,0,0,0.039,0
SMB_EU_002676,FR,E-commerce,32,14102.49,33.99,126,111.92,3,7,1,1,1,0.079,0
SMB_EU_002677,FR,Retail,36,15293.55,3.63,55,278.06,1,8,1,0,2,0.108,0
SMB_EU_002678,DE,Services,31,2445.09,-10.64,11,222.28,1,13,0,0,2,0.111,0
SMB_EU_002679,DE,E-commerce,14,11713.67,-11.54,52,225.26,1,7,0,1,0,0.143,1
SMB_EU_002680,NL,Retail,7,5095.69,14.45,19,268.19,2,7,0,1,0,0.062,0
SMB_EU_002681,FR,Retail,16,7816.77,-14.95,30,260.56,2,11,0,0,1,0.15,1
SMB_EU_002682,ES,Services,20,3315.57,9.34,21,157.88,2,10,1,2,2,0.059,0
SMB_EU_002683,DE,Retail,65,2769.3,-19.22,12,230.77,1,12,1,0,1,0.078,0
SMB_EU_002684,FR,Hospitality,10,3185.72,-51.93,35,91.02,1,13,1,1,1,0.15,1
SMB_EU_002685,FR,E-commerce,71,40073.02,-23.52,220,182.15,1,9,1,1,0,0.05,0
SMB_EU_002686,DE,Hospitality,86,6957.33,-5.35,24,289.89,4,7,0,0,1,0.048,0
SMB_EU_002687,DE,E-commerce,17,17038.36,-21.87,121,140.81,4,12,0,0,2,0.059,0
SMB_EU_002688,FR,Retail,84,6752.24,-42.78,74,91.25,1,8,1,0,0,0.178,0
SMB_EU_002689,NL,Retail,24,7756.0,13.76,37,209.62,1,10,1,0,2,0.068,0
SMB_EU_002690,FR,Retail,21,6181.46,-13.47,39,158.5,4,14,0,0,1,0.127,0
SMB_EU_002691,NL,E-commerce,65,20577.69,3.21,126,163.31,1,8,0,1,3,0.06,0
SMB_EU_002692,IT,Hospitality,31,6374.11,-53.49,31,205.62,4,13,1,1,3,0.082,0
SMB_EU_002693,DE,E-commerce,28,7428.24,23.82,34,218.48,2,6,2,1,1,0.132,0
SMB_EU_002694,NL,Retail,16,9315.47,-51.5,53,175.76,2,8,0,0,0,0.144,1
SMB_EU_002695,UK,E-commerce,17,3430.84,-17.04,18,190.6,3,8,2,0,3,0.139,0
SMB_EU_002696,NL,Hospitality,29,7691.19,10.45,26,295.81,1,6,1,0,1,0.089,0
SMB_EU_002697,IT,Subscription,65,3863.64,-34.66,13,297.2,1,12,0,0,2,0.095,0
SMB_EU_002698,FR,Hospitality,10,5663.98,-8.14,24,236.0,3,12,0,1,0,0.055,0
SMB_EU_002699,ES,E-commerce,25,7324.86,1.5,63,116.27,4,6,1,0,0,0.171,0
SMB_EU_002700,ES,Hospitality,8,6010.17,6.63,38,158.16,3,11,1,1,2,0.09,0
SMB_EU_002701,NL,Subscription,15,12732.93,3.06,46,276.8,3,11,0,0,2,0.111,0
SMB_EU_002702,UK,Services,42,12318.89,6.88,71,173.51,4,7,2,0,2,0.02,0
SMB_EU_002703,DE,E-commerce,13,5949.07,-7.59,21,283.29,1,9,1,0,2,0.096,1
SMB_EU_002704,DE,Retail,55,14364.0,7.89,77,186.55,2,10,1,0,0,0.061,0
SMB_EU_002705,ES,E-commerce,13,16228.06,0.26,60,270.47,1,8,3,0,0,0.111,0
SMB_EU_002706,ES,E-commerce,17,11446.11,-7.08,130,88.05,1,11,0,0,3,0.107,0
SMB_EU_002707,DE,Services,5,7888.07,-3.69,45,175.29,3,13,0,0,2,0.046,0
SMB_EU_002708,FR,E-commerce,55,13020.11,-1.47,56,232.5,1,11,1,0,1,0.162,0
SMB_EU_002709,DE,Retail,49,12304.44,-21.68,46,267.49,1,5,0,1,2,0.088,1
SMB_EU_002710,FR,Services,9,2756.82,-39.74,13,212.06,2,11,1,0,2,0.051,1
SMB_EU_002711,ES,Services,21,3420.0,0.97,29,117.93,1,10,0,0,1,0.072,0
SMB_EU_002712,NL,E-commerce,20,26422.35,-20.26,96,275.23,1,8,1,1,2,0.048,1
SMB_EU_002713,FR,Hospitality,19,14628.91,-67.69,71,206.04,1,10,1,0,1,0.148,1
SMB_EU_002714,FR,E-commerce,86,14688.0,35.77,142,103.44,4,13,0,0,2,0.039,0
SMB_EU_002715,DE,Services,19,939.0,-16.94,5,187.8,3,12,0,0,1,0.169,0
SMB_EU_002716,FR,Services,14,4437.13,-5.76,19,233.53,3,7,2,0,1,0.058,0
SMB_EU_002717,IT,E-commerce,6,15294.69,-12.51,85,179.94,3,4,1,0,1,0.089,0
SMB_EU_002718,UK,Hospitality,14,5217.9,-59.76,19,274.63,4,11,1,0,1,0.393,1
SMB_EU_002719,UK,Services,65,6118.04,-12.22,35,174.8,1,12,1,1,1,0.073,0
SMB_EU_002720,DE,E-commerce,31,11267.29,-23.82,54,208.65,4,12,2,1,2,0.096,0
SMB_EU_002721,UK,E-commerce,31,24813.12,-10.78,196,126.6,2,11,2,0,2,0.167,0
SMB_EU_002722,ES,Services,15,2482.86,15.83,13,190.99,1,14,1,1,0,0.116,0
SMB_EU_002723,ES,Retail,58,16802.89,1.22,130,129.25,3,9,0,0,1,0.04,0
SMB_EU_002724,NL,E-commerce,39,38019.44,-15.04,293,129.76,1,10,0,4,2,0.109,1
SMB_EU_002725,FR,Services,19,2891.0,-20.9,20,144.55,1,14,0,0,1,0.012,0
SMB_EU_002726,FR,Services,12,2890.06,-14.37,32,90.31,1,8,1,0,1,0.029,1
SMB_EU_002727,DE,E-commerce,25,19191.5,-23.46,166,115.61,2,10,0,0,1,0.025,0
SMB_EU_002728,FR,Retail,13,3923.99,-0.05,23,170.61,3,11,0,0,1,0.215,0
SMB_EU_002729,FR,E-commerce,23,11161.7,28.61,103,108.37,1,15,0,0,1,0.055,0
SMB_EU_002730,NL,E-commerce,29,29065.92,-27.41,266,109.27,3,2,0,0,2,0.028,0
SMB_EU_002731,ES,Retail,15,12453.55,-19.96,43,289.62,1,8,1,0,1,0.07,0
SMB_EU_002732,NL,Services,3,16404.5,11.29,94,174.52,2,8,3,0,1,0.054,0
SMB_EU_002733,DE,E-commerce,36,16618.57,-9.63,98,169.58,1,10,1,0,1,0.27,1
SMB_EU_002734,UK,E-commerce,16,10397.31,-12.64,75,138.63,3,13,2,1,2,0.165,0
SMB_EU_002735,UK,E-commerce,29,15468.35,-12.56,80,193.35,4,4,0,0,0,0.072,0
SMB_EU_002736,ES,Subscription,24,8222.48,2.13,39,210.83,1,9,1,0,1,0.175,0
SMB_EU_002737,UK,E-commerce,77,13819.99,26.17,80,172.75,4,10,0,0,1,0.109,0
SMB_EU_002738,IT,Retail,27,7886.55,-71.93,47,167.8,3,8,1,0,1,0.042,1
SMB_EU_002739,UK,Retail,49,4573.97,15.36,20,228.7,1,7,0,0,3,0.067,0
SMB_EU_002740,DE,Hospitality,20,7107.07,10.2,25,284.28,2,14,1,0,1,0.036,1
SMB_EU_002741,FR,Hospitality,13,2576.83,-22.34,9,286.31,3,7,1,0,1,0.08,0
SMB_EU_002742,FR,E-commerce,37,9756.7,8.38,92,106.05,2,7,2,0,1,0.109,0
SMB_EU_002743,DE,E-commerce,15,13967.36,1.09,62,225.28,2,13,2,0,3,0.101,1
SMB_EU_002744,DE,Retail,43,2062.07,1.37,25,82.48,2,6,1,0,1,0.092,0
SMB_EU_002745,IT,E-commerce,9,23794.28,5.05,109,218.3,2,14,1,0,0,0.159,0
SMB_EU_002746,ES,E-commerce,33,4376.1,-60.72,24,182.34,1,12,0,0,3,0.037,1
SMB_EU_002747,IT,Retail,26,11955.53,1.05,64,186.81,2,9,1,0,2,0.185,0
SMB_EU_002748,DE,Retail,68,3683.1,3.62,18,204.62,3,6,1,2,0,0.04,0
SMB_EU_002749,ES,Retail,36,6274.48,11.19,26,241.33,3,7,1,1,2,0.022,0
SMB_EU_002750,IT,Retail,24,10923.54,-22.91,45,242.75,2,14,2,0,3,0.091,1
SMB_EU_002751,FR,Hospitality,46,22435.47,19.36,250,89.74,1,8,0,1,0,0.083,0
SMB_EU_002752,IT,Retail,3,8578.96,-17.33,35,245.11,1,7,1,0,2,0.037,1
SMB_EU_002753,FR,E-commerce,39,4565.26,-29.31,17,268.54,4,7,1,0,0,0.274,1
SMB_EU_002754,FR,Retail,41,14177.53,1.19,149,95.15,2,12,2,2,1,0.098,0
SMB_EU_002755,UK,Subscription,45,7830.87,-19.22,52,150.59,2,11,3,1,0,0.103,0
SMB_EU_002756,FR,Services,42,5214.18,-45.66,21,248.29,1,6,0,2,2,0.03,1
SMB_EU_002757,NL,Retail,38,11180.37,-14.18,59,189.5,1,8,1,1,3,0.029,0
SMB_EU_002758,UK,E-commerce,20,3946.48,16.03,17,232.15,1,10,1,0,1,0.06,0
SMB_EU_002759,ES,Retail,30,8031.44,-10.66,42,191.22,3,11,1,1,2,0.023,0
SMB_EU_002760,DE,E-commerce,16,11730.99,-22.42,40,293.27,2,10,0,0,1,0.117,0
SMB_EU_002761,DE,Retail,14,16652.2,23.01,58,287.11,2,11,0,0,0,0.13,0
SMB_EU_002762,DE,Hospitality,21,9281.54,-45.41,65,142.79,4,9,1,0,2,0.154,0
SMB_EU_002763,IT,E-commerce,23,5651.09,-26.98,34,166.21,1,13,0,0,2,0.232,0
SMB_EU_002764,NL,Services,35,10665.49,-47.32,61,174.84,1,8,0,1,0,0.102,1
SMB_EU_002765,DE,Retail,61,10476.73,-28.38,102,102.71,1,11,0,0,0,0.095,0
SMB_EU_002766,UK,Services,49,1976.04,25.13,12,164.67,2,12,1,0,2,0.048,0
SMB_EU_002767,NL,Services,33,5170.09,-30.75,21,246.19,4,14,0,1,1,0.099,0
SMB_EU_002768,FR,Retail,56,14884.75,7.37,56,265.8,4,13,1,1,0,0.083,0
SMB_EU_002769,NL,E-commerce,27,7240.02,9.85,26,278.46,2,13,2,0,1,0.189,0
SMB_EU_002770,IT,Retail,38,18283.3,-5.03,220,83.11,3,4,0,0,2,0.196,0
SMB_EU_002771,DE,E-commerce,21,6052.51,3.39,24,252.19,4,9,2,0,1,0.065,0
SMB_EU_002772,FR,E-commerce,26,9330.74,23.91,49,190.42,2,6,0,0,2,0.018,0
SMB_EU_002773,ES,Hospitality,22,3407.7,-0.49,27,126.21,1,10,1,0,0,0.094,0
SMB_EU_002774,NL,E-commerce,7,34267.95,14.13,181,189.33,3,8,1,0,0,0.03,0
SMB_EU_002775,IT,Subscription,7,6703.4,-29.87,25,268.14,3,9,0,0,2,0.045,0
SMB_EU_002776,NL,Retail,9,3981.87,16.86,23,173.12,2,10,3,1,0,0.077,0
SMB_EU_002777,DE,Subscription,33,11755.85,-22.83,39,301.43,1,8,1,0,0,0.17,0
SMB_EU_002778,DE,Retail,62,11895.38,15.14,55,216.28,2,8,1,0,2,0.092,0
SMB_EU_002779,NL,Services,56,7463.02,-24.52,40,186.58,2,9,2,0,0,0.093,0
SMB_EU_002780,DE,E-commerce,39,12746.37,-1.44,88,144.85,1,16,2,0,3,0.149,0
SMB_EU_002781,DE,Retail,18,9320.0,-1.49,113,82.48,2,5,1,0,2,0.052,0
SMB_EU_002782,UK,Services,13,3384.81,-46.27,16,211.55,1,9,0,0,2,0.166,0
SMB_EU_002783,UK,E-commerce,29,40973.73,-12.31,198,206.94,2,6,0,0,0,0.079,0
SMB_EU_002784,ES,Hospitality,18,11920.77,-3.09,62,192.27,1,12,1,1,1,0.045,0
SMB_EU_002785,UK,Hospitality,8,11490.65,33.12,58,198.11,4,7,1,3,0,0.077,0
SMB_EU_002786,FR,E-commerce,12,24155.69,19.53,91,265.45,1,8,1,2,1,0.066,0
SMB_EU_002787,UK,E-commerce,20,20489.04,-13.07,137,149.56,2,8,0,2,1,0.03,0
SMB_EU_002788,DE,Services,60,2369.84,-22.66,12,197.49,1,14,0,0,1,0.102,0
SMB_EU_002789,UK,Retail,6,11698.05,1.44,51,229.37,1,17,1,0,3,0.111,0
SMB_EU_002790,UK,Hospitality,10,6425.78,-29.13,51,126.0,3,8,0,0,0,0.118,0
SMB_EU_002791,ES,Services,22,10670.22,-35.46,38,280.8,1,6,1,0,1,0.089,0
SMB_EU_002792,UK,Retail,15,12986.28,6.69,54,240.49,2,11,2,0,1,0.169,0
SMB_EU_002793,IT,Retail,36,11130.29,12.69,121,91.99,1,11,1,0,2,0.086,0
SMB_EU_002794,FR,Services,22,1820.12,-12.51,7,260.02,2,7,3,0,1,0.032,0
SMB_EU_002795,NL,E-commerce,8,14220.01,29.33,50,284.4,3,8,0,0,1,0.022,0
SMB_EU_002796,IT,E-commerce,18,10732.91,-21.7,42,255.55,4,8,1,1,2,0.18,0
SMB_EU_002797,DE,Retail,30,9307.88,8.22,54,172.37,2,9,0,0,1,0.155,0
SMB_EU_002798,IT,E-commerce,41,11689.85,-18.48,39,299.74,3,11,0,0,1,0.167,0
SMB_EU_002799,UK,Retail,10,6779.3,6.02,63,107.61,3,11,0,1,2,0.084,0
SMB_EU_002800,DE,E-commerce,31,19756.26,4.23,100,197.56,1,11,1,1,2,0.102,0
SMB_EU_002801,ES,Services,21,3858.02,7.7,33,116.91,4,13,0,0,3,0.049,0
SMB_EU_002802,UK,E-commerce,56,16135.23,23.86,91,177.31,2,8,0,0,0,0.187,0
SMB_EU_002803,UK,E-commerce,18,6027.93,-2.64,21,287.04,1,11,0,0,1,0.141,0
SMB_EU_002804,UK,Subscription,8,5461.83,30.72,21,260.09,4,4,1,0,1,0.114,0
SMB_EU_002805,NL,Hospitality,15,8894.08,-53.68,35,254.12,1,9,2,0,3,0.121,0
SMB_EU_002806,UK,Services,4,2390.07,-4.36,15,159.34,2,11,2,0,0,0.047,0
SMB_EU_002807,ES,E-commerce,5,31673.65,-19.58,111,285.35,2,9,0,0,2,0.027,0
SMB_EU_002808,DE,Services,6,8971.72,12.45,56,160.21,2,11,0,1,0,0.075,0
SMB_EU_002809,NL,Retail,36,6810.76,-6.82,77,88.45,3,9,0,0,1,0.066,0
SMB_EU_002810,ES,Retail,33,48360.43,1.26,220,219.82,1,6,1,1,1,0.005,0
SMB_EU_002811,FR,Retail,37,16866.07,9.53,106,159.11,2,3,0,0,1,0.072,0
SMB_EU_002812,IT,E-commerce,17,8486.55,-2.26,75,113.15,1,5,0,0,1,0.22,0
SMB_EU_002813,IT,Services,12,7823.58,2.01,27,289.76,1,12,0,0,0,0.075,0
SMB_EU_002814,DE,E-commerce,95,15604.64,-12.26,71,219.78,3,7,0,0,0,0.169,0
SMB_EU_002815,IT,Hospitality,29,3764.94,-73.51,13,289.61,3,13,1,0,3,0.1,1
SMB_EU_002816,ES,Services,11,2631.34,1.6,13,202.41,2,12,3,0,1,0.076,0
SMB_EU_002817,NL,Hospitality,66,10899.27,2.1,116,93.96,1,21,1,0,2,0.027,0
SMB_EU_002818,DE,E-commerce,60,10478.05,7.91,121,86.6,2,8,0,0,1,0.025,0
SMB_EU_002819,DE,Hospitality,40,5644.23,-60.06,20,282.21,1,11,1,1,3,0.133,1
SMB_EU_002820,FR,E-commerce,23,8631.64,-56.78,98,88.08,3,7,1,1,1,0.107,1
SMB_EU_002821,UK,Retail,14,5106.67,-14.48,24,212.78,1,11,0,4,1,0.044,1
SMB_EU_002822,FR,Subscription,19,8340.03,15.83,57,146.32,2,8,0,0,3,0.042,0
SMB_EU_002823,IT,Retail,54,10098.14,-10.0,44,229.5,2,9,2,1,1,0.181,0
SMB_EU_002824,FR,Retail,15,1692.87,-6.63,12,141.07,4,6,1,2,1,0.037,0
SMB_EU_002825,FR,Services,9,5051.02,-4.69,57,88.61,1,7,1,1,4,0.074,0
SMB_EU_002826,UK,E-commerce,39,9586.71,-41.21,40,239.67,1,7,3,1,4,0.051,1
SMB_EU_002827,ES,Hospitality,25,13917.92,-10.4,94,148.06,4,9,1,0,1,0.061,0
SMB_EU_002828,DE,E-commerce,15,87680.7,-13.07,436,201.1,2,11,0,0,2,0.071,0
SMB_EU_002829,NL,E-commerce,16,12091.26,21.01,48,251.9,3,9,0,0,1,0.019,0
SMB_EU_002830,DE,E-commerce,4,5337.26,10.2,23,232.05,3,13,1,1,0,0.158,0
SMB_EU_002831,NL,E-commerce,17,16089.65,-16.03,103,156.21,1,7,2,0,1,0.096,0
SMB_EU_002832,IT,E-commerce,51,13260.54,21.74,54,245.57,1,11,0,1,2,0.013,0
SMB_EU_002833,DE,Services,12,16317.67,-35.25,58,281.34,1,12,1,0,2,0.103,0
SMB_EU_002834,FR,E-commerce,105,40772.34,5.15,190,214.59,3,14,0,0,1,0.019,0
SMB_EU_002835,FR,Subscription,26,15126.52,-8.79,64,236.35,3,11,1,0,2,0.081,0
SMB_EU_002836,UK,Retail,7,5626.15,16.75,21,267.91,3,8,1,0,0,0.074,0
SMB_EU_002837,UK,E-commerce,30,22526.9,-11.12,85,265.02,2,12,1,1,1,0.051,0
SMB_EU_002838,DE,Hospitality,12,7034.05,-15.81,45,156.31,1,6,0,0,2,0.187,0
SMB_EU_002839,ES,Subscription,40,10402.21,-21.51,35,297.21,2,16,1,0,3,0.045,0
SMB_EU_002840,FR,Retail,57,3140.88,-4.54,36,87.25,4,11,2,0,3,0.143,0
SMB_EU_002841,FR,Hospitality,45,11345.68,-9.53,38,298.57,3,14,1,0,3,0.1,0
SMB_EU_002842,ES,Services,45,5334.11,3.84,40,133.35,1,13,2,0,1,0.056,0
SMB_EU_002843,UK,Retail,19,7530.31,-18.04,43,175.12,1,13,1,1,1,0.005,0
SMB_EU_002844,UK,Services,12,3488.05,32.29,13,268.31,3,14,0,1,0,0.2,0
SMB_EU_002845,IT,Retail,37,4969.26,9.74,37,134.3,2,11,0,0,2,0.078,0
SMB_EU_002846,FR,Services,13,6048.4,11.66,47,128.69,2,9,1,0,2,0.13,0
SMB_EU_002847,ES,Subscription,19,3151.02,-26.08,14,225.07,2,16,0,0,4,0.041,1
SMB_EU_002848,FR,Hospitality,14,9635.54,-24.6,41,235.01,1,11,1,0,2,0.104,0
SMB_EU_002849,IT,E-commerce,15,7969.22,-13.67,98,81.32,1,8,1,0,2,0.035,0
SMB_EU_002850,FR,Retail,39,2326.19,12.35,13,178.94,1,11,1,1,2,0.085,0
SMB_EU_002851,IT,Subscription,14,26852.58,-12.16,143,187.78,1,19,2,0,2,0.072,0
SMB_EU_002852,FR,E-commerce,39,8963.83,-4.13,64,140.06,1,11,0,1,1,0.172,0
SMB_EU_002853,DE,Retail,57,5186.95,-1.17,26,199.5,1,9,1,0,2,0.045,0
SMB_EU_002854,UK,Hospitality,17,11851.83,-19.16,104,113.96,1,16,0,0,0,0.048,0
SMB_EU_002855,DE,E-commerce,11,45636.54,-5.41,302,151.11,1,14,0,1,2,0.133,1
SMB_EU_002856,NL,Retail,49,3188.79,13.72,13,245.29,1,8,0,1,2,0.039,0
SMB_EU_002857,FR,Retail,32,4507.49,10.94,17,265.15,2,15,1,0,0,0.02,0
SMB_EU_002858,DE,Retail,14,4710.69,16.7,22,214.12,4,13,0,0,1,0.079,0
SMB_EU_002859,DE,Hospitality,20,10513.29,15.15,109,96.45,1,11,2,0,1,0.203,0
SMB_EU_002860,DE,Hospitality,34,16042.46,6.09,70,229.18,1,16,0,0,2,0.017,0
SMB_EU_002861,UK,E-commerce,7,7845.17,4.9,28,280.18,2,10,5,2,1,0.03,0
SMB_EU_002862,FR,Services,72,11684.76,-23.19,61,191.55,3,14,3,0,2,0.198,0
SMB_EU_002863,UK,Services,47,3267.47,-9.41,17,192.2,1,8,1,0,1,0.184,0
SMB_EU_002864,IT,Hospitality,26,7340.69,-65.96,25,293.63,1,9,0,1,2,0.103,1
SMB_EU_002865,NL,Retail,70,3730.6,-10.34,17,219.45,4,6,0,0,1,0.043,0
SMB_EU_002866,IT,Hospitality,63,5576.72,-4.89,22,253.49,1,8,0,1,3,0.055,1
SMB_EU_002867,NL,E-commerce,22,14032.59,-9.84,63,222.74,4,9,2,0,1,0.025,0
SMB_EU_002868,ES,Hospitality,21,4966.25,6.21,39,127.34,3,8,1,1,0,0.053,0
SMB_EU_002869,FR,Hospitality,22,7559.02,3.03,53,142.62,3,12,1,0,0,0.137,0
SMB_EU_002870,FR,E-commerce,38,8197.52,-22.96,36,227.71,2,10,1,0,3,0.064,0
SMB_EU_002871,UK,Subscription,36,5296.21,5.27,29,182.63,1,9,0,0,2,0.145,0
SMB_EU_002872,UK,Retail,5,10403.73,17.93,62,167.8,3,13,0,0,0,0.039,0
SMB_EU_002873,UK,Hospitality,34,13423.15,-0.13,158,84.96,1,8,1,0,0,0.085,1
SMB_EU_002874,FR,Retail,34,7891.24,15.13,29,272.11,2,12,2,0,0,0.099,0
SMB_EU_002875,ES,Subscription,22,12175.52,-21.38,44,276.72,1,10,1,1,0,0.056,0
SMB_EU_002876,NL,Retail,27,12607.47,16.94,69,182.72,1,12,1,1,1,0.13,0
SMB_EU_002877,NL,Retail,6,13167.41,24.22,56,235.13,2,11,0,0,1,0.136,0
SMB_EU_002878,DE,E-commerce,9,8464.96,8.65,71,119.22,2,8,1,1,4,0.017,1
SMB_EU_002879,IT,E-commerce,13,9410.67,1.56,49,192.05,1,11,1,0,3,0.071,0
SMB_EU_002880,DE,Retail,38,5287.77,1.46,30,176.26,2,10,1,1,2,0.178,0
SMB_EU_002881,FR,Hospitality,58,19085.71,-7.05,85,224.54,3,7,0,0,2,0.088,0
SMB_EU_002882,UK,E-commerce,36,20347.66,-7.56,111,183.31,2,6,1,0,0,0.069,0
SMB_EU_002883,DE,Retail,28,10563.78,13.53,56,188.64,2,9,2,0,0,0.06,0
SMB_EU_002884,DE,E-commerce,42,18686.32,-72.75,129,144.86,3,11,0,1,2,0.04,1
SMB_EU_002885,DE,Services,2,2263.61,24.22,25,90.54,3,7,0,0,1,0.047,0
SMB_EU_002886,UK,Hospitality,55,19195.46,-2.28,68,282.29,2,11,1,1,0,0.146,0
SMB_EU_002887,NL,Services,23,6665.54,42.93,81,82.29,4,7,0,1,1,0.046,0
SMB_EU_002888,FR,Hospitality,51,9259.55,-10.4,65,142.45,2,10,0,0,0,0.066,0
SMB_EU_002889,ES,E-commerce,40,5200.41,3.75,29,179.32,1,13,0,0,0,0.049,0
SMB_EU_002890,ES,Retail,14,12771.65,-5.28,85,150.25,3,10,0,1,2,0.101,0
SMB_EU_002891,FR,E-commerce,31,12113.53,-36.11,60,201.89,1,10,1,0,1,0.02,0
SMB_EU_002892,IT,Services,15,2260.91,15.96,12,188.41,4,9,1,0,3,0.063,0
SMB_EU_002893,ES,Subscription,35,5078.25,-16.58,37,137.25,2,9,2,0,0,0.15,0
SMB_EU_002894,IT,E-commerce,78,7022.46,-10.14,71,98.91,3,15,1,0,1,0.032,0
SMB_EU_002895,DE,Retail,35,3707.55,8.79,34,109.05,2,9,2,0,2,0.11,0
SMB_EU_002896,UK,Retail,13,8295.97,11.17,44,188.54,1,16,1,0,0,0.023,0
SMB_EU_002897,NL,E-commerce,47,11893.51,-20.88,45,264.3,3,10,1,1,1,0.068,0
SMB_EU_002898,FR,Hospitality,13,7331.65,8.73,72,101.83,3,7,0,0,0,0.044,0
SMB_EU_002899,NL,Retail,57,21868.06,1.93,95,230.19,4,11,1,0,2,0.046,0
SMB_EU_002900,DE,Subscription,11,8327.16,-13.77,33,252.34,2,5,0,1,1,0.241,0
SMB_EU_002901,DE,E-commerce,52,3900.55,-11.83,28,139.31,2,7,0,0,1,0.099,0
SMB_EU_002902,ES,Subscription,17,7783.84,-30.5,34,228.94,4,14,0,0,3,0.185,0
SMB_EU_002903,DE,Services,38,10231.53,-14.19,44,232.53,1,12,1,1,2,0.128,0
SMB_EU_002904,FR,Services,47,4748.72,15.23,20,237.44,1,11,1,1,0,0.184,0
SMB_EU_002905,NL,Hospitality,30,15019.63,-19.34,54,278.14,1,9,1,1,0,0.093,0
SMB_EU_002906,DE,Hospitality,19,7873.67,-10.52,47,167.52,4,6,0,0,0,0.055,0
SMB_EU_002907,UK,Hospitality,31,1991.32,-8.61,15,132.75,1,13,0,0,2,0.1,0
SMB_EU_002908,FR,Hospitality,23,6407.75,13.72,32,200.24,3,24,1,0,1,0.012,0
SMB_EU_002909,FR,Hospitality,27,7170.39,-7.44,76,94.35,2,14,0,0,5,0.083,0
SMB_EU_002910,FR,Subscription,7,17209.1,-5.45,112,153.65,1,13,0,1,0,0.146,0
SMB_EU_002911,FR,Services,41,14897.89,-4.33,54,275.89,4,12,1,0,2,0.058,0
SMB_EU_002912,DE,Services,30,8619.9,-9.86,44,195.91,2,13,0,0,0,0.104,0
SMB_EU_002913,ES,Services,5,6512.52,20.99,37,176.01,2,14,2,0,0,0.051,0
SMB_EU_002914,UK,Retail,20,12002.97,13.48,87,137.97,1,8,1,1,1,0.057,0
SMB_EU_002915,FR,Retail,3,7232.88,1.65,54,133.94,1,7,1,1,1,0.063,0
SMB_EU_002916,IT,E-commerce,27,6235.9,15.37,47,132.68,3,13,1,0,1,0.012,0
SMB_EU_002917,ES,E-commerce,37,15378.15,-24.41,59,260.65,1,17,2,0,3,0.067,1
SMB_EU_002918,UK,Services,15,6225.24,-18.43,21,296.44,2,10,1,0,2,0.036,0
SMB_EU_002919,NL,E-commerce,15,7285.28,-16.5,37,196.9,1,14,0,0,1,0.059,0
SMB_EU_002920,FR,Hospitality,19,13299.58,11.03,136,97.79,3,15,2,1,0,0.04,0
SMB_EU_002921,FR,E-commerce,14,27420.66,-41.15,112,244.83,3,12,0,0,1,0.064,0
SMB_EU_002922,ES,Retail,12,3512.7,-28.24,13,270.21,3,15,1,0,0,0.075,0
SMB_EU_002923,ES,Hospitality,4,13616.18,-15.94,48,283.67,1,17,0,1,1,0.26,0
SMB_EU_002924,DE,Services,14,4155.57,6.25,19,218.71,2,12,0,0,0,0.02,0
SMB_EU_002925,FR,Retail,7,5014.56,36.4,26,192.87,1,13,2,0,2,0.062,0
SMB_EU_002926,UK,Hospitality,55,11465.31,-26.96,53,216.33,1,15,3,0,1,0.104,0
SMB_EU_002927,ES,Hospitality,62,5818.99,23.66,70,83.13,1,13,1,0,0,0.147,0
SMB_EU_002928,UK,Retail,36,25001.92,5.1,112,223.23,4,6,0,1,0,0.224,0
SMB_EU_002929,ES,Retail,53,4795.65,4.99,20,239.78,4,15,3,0,1,0.113,0
SMB_EU_002930,FR,Subscription,13,3184.29,-15.5,13,244.95,2,5,0,1,0,0.039,0
SMB_EU_002931,IT,E-commerce,37,12676.97,14.28,62,204.47,2,5,0,0,2,0.078,0
SMB_EU_002932,IT,Retail,36,12845.26,-1.1,55,233.55,2,10,1,0,2,0.139,0
SMB_EU_002933,DE,Retail,32,4586.68,10.39,21,218.41,1,18,1,2,1,0.047,0
SMB_EU_002934,IT,Hospitality,19,2701.21,-27.26,26,103.89,3,10,0,0,1,0.088,0
SMB_EU_002935,ES,Hospitality,26,6883.42,4.19,25,275.34,3,11,2,0,0,0.319,0
SMB_EU_002936,DE,Hospitality,31,2493.15,-1.32,11,226.65,2,9,4,1,1,0.086,0
SMB_EU_002937,ES,Retail,30,9616.28,3.37,40,240.41,3,9,1,0,1,0.071,0
SMB_EU_002938,IT,Services,12,4075.79,15.0,26,156.76,4,12,1,0,1,0.119,0
SMB_EU_002939,UK,E-commerce,59,20180.77,-73.89,72,280.29,2,12,1,0,1,0.104,1
SMB_EU_002940,DE,E-commerce,27,6538.8,-22.39,34,192.32,2,14,1,0,0,0.093,0
SMB_EU_002941,FR,E-commerce,43,32686.04,6.39,142,230.18,4,11,0,0,0,0.129,0
SMB_EU_002942,IT,E-commerce,17,13439.92,21.61,46,292.17,3,16,0,0,2,0.11,0
SMB_EU_002943,FR,Services,35,7905.44,25.39,28,282.34,3,7,3,0,2,0.049,0
SMB_EU_002944,ES,Subscription,28,16008.98,-18.37,72,222.35,1,10,2,1,0,0.087,0
SMB_EU_002945,ES,E-commerce,13,7490.11,-54.13,64,117.03,1,9,1,1,2,0.13,1
SMB_EU_002946,DE,Services,26,8489.18,-22.19,29,292.73,2,11,1,0,1,0.084,0
SMB_EU_002947,NL,Services,20,2126.33,-8.26,7,303.76,1,7,1,0,2,0.056,0
SMB_EU_002948,NL,Subscription,22,3955.64,-15.18,38,104.1,4,9,0,0,0,0.071,0
SMB_EU_002949,FR,Retail,48,25993.36,-0.19,145,179.26,2,13,0,1,1,0.079,0
SMB_EU_002950,UK,Hospitality,24,11691.61,-5.61,58,201.58,4,3,2,0,1,0.034,0
SMB_EU_002951,ES,E-commerce,46,52052.29,8.18,519,100.29,1,12,0,0,1,0.068,0
SMB_EU_002952,IT,Services,38,4004.06,-41.86,33,121.34,1,6,0,0,0,0.181,1
SMB_EU_002953,ES,Retail,28,8507.08,-26.28,43,197.84,1,5,2,1,2,0.086,1
SMB_EU_002954,NL,Hospitality,50,8233.18,-49.24,28,294.04,1,19,1,0,1,0.047,0
SMB_EU_002955,UK,E-commerce,47,14890.64,-6.03,173,86.07,2,6,1,1,0,0.088,0
SMB_EU_002956,IT,E-commerce,28,9586.62,8.8,34,281.96,1,16,1,1,2,0.057,0
SMB_EU_002957,ES,Hospitality,29,3504.71,14.09,13,269.59,2,5,3,0,1,0.075,0
SMB_EU_002958,UK,Services,50,5684.57,23.94,21,270.69,3,9,0,0,3,0.112,0
SMB_EU_002959,FR,Hospitality,39,3163.39,-3.15,19,166.49,1,10,3,0,0,0.091,0
SMB_EU_002960,ES,Services,59,2592.23,16.29,14,185.16,1,11,2,0,1,0.227,0
SMB_EU_002961,DE,E-commerce,23,18995.33,1.52,113,168.1,2,8,0,1,1,0.074,0
SMB_EU_002962,FR,E-commerce,10,14167.56,-9.17,49,289.13,3,10,1,0,0,0.139,0
SMB_EU_002963,FR,E-commerce,15,26321.18,-11.65,135,194.97,4,12,1,0,2,0.094,0
SMB_EU_002964,UK,Retail,5,6199.66,-16.45,63,98.41,3,8,0,1,0,0.085,0
SMB_EU_002965,UK,Hospitality,14,4233.4,-11.13,30,141.11,4,10,1,1,6,0.137,0
SMB_EU_002966,ES,Hospitality,39,7736.05,-9.22,43,179.91,1,11,1,0,0,0.013,0
SMB_EU_002967,ES,Hospitality,24,3686.01,10.6,13,283.54,1,8,0,0,0,0.171,0
SMB_EU_002968,IT,Services,13,3368.82,-18.62,16,210.55,3,11,2,1,0,0.009,0
SMB_EU_002969,UK,Hospitality,17,4139.96,-26.2,18,230.0,3,6,1,0,1,0.133,0
SMB_EU_002970,NL,Retail,32,7054.18,-16.68,71,99.35,3,10,2,1,0,0.025,0
SMB_EU_002971,FR,Retail,18,23171.05,-11.65,85,272.6,2,16,0,0,0,0.128,0
SMB_EU_002972,DE,Hospitality,22,2626.59,-4.55,13,202.05,1,9,1,0,0,0.104,0
SMB_EU_002973,ES,E-commerce,7,32634.0,17.59,115,283.77,1,12,0,1,1,0.089,0
SMB_EU_002974,ES,Retail,54,12454.89,-8.22,70,177.93,1,15,0,0,3,0.079,0
SMB_EU_002975,FR,E-commerce,59,38406.91,25.21,167,229.98,1,14,1,1,0,0.046,0
SMB_EU_002976,DE,Hospitality,13,39400.21,-25.2,215,183.26,3,10,0,0,2,0.066,0
SMB_EU_002977,ES,E-commerce,20,35407.44,-5.23,318,111.34,1,7,0,1,1,0.081,1
SMB_EU_002978,DE,Services,4,8713.19,11.78,62,140.54,2,14,0,0,0,0.123,0
SMB_EU_002979,ES,Hospitality,51,2729.89,12.71,29,94.13,4,12,1,1,2,0.069,0
SMB_EU_002980,UK,E-commerce,9,7361.89,-5.04,42,175.28,2,11,0,1,3,0.119,0
SMB_EU_002981,NL,Services,25,6206.22,-18.94,28,221.65,1,10,0,0,3,0.052,0
SMB_EU_002982,FR,Hospitality,11,2166.07,12.18,16,135.38,3,5,1,1,2,0.18,0
SMB_EU_002983,ES,Hospitality,25,8680.01,-10.23,46,188.7,3,5,2,0,0,0.031,0
SMB_EU_002984,ES,Hospitality,45,1666.63,4.72,9,185.18,1,18,1,1,0,0.044,0
SMB_EU_002985,IT,Retail,38,15971.11,10.55,81,197.17,3,9,3,0,1,0.066,0
SMB_EU_002986,UK,Hospitality,39,4946.79,-9.16,41,120.65,1,9,2,0,2,0.032,0
SMB_EU_002987,DE,E-commerce,8,16183.76,25.41,82,197.36,3,5,2,0,3,0.103,0
SMB_EU_002988,NL,Subscription,25,5744.26,-12.53,36,159.56,1,11,0,0,0,0.187,0
SMB_EU_002989,ES,Services,84,1600.51,2.16,11,145.5,2,11,0,0,0,0.069,0
SMB_EU_002990,UK,Hospitality,30,12585.89,-47.41,60,209.76,2,10,0,0,0,0.137,1
SMB_EU_002991,DE,E-commerce,26,33430.58,1.55,297,112.56,3,10,0,0,0,0.027,0
SMB_EU_002992,ES,Retail,21,6478.89,-16.01,23,281.69,3,11,2,0,0,0.069,0
SMB_EU_002993,IT,E-commerce,28,22313.86,-4.41,78,286.08,3,8,0,1,3,0.099,0
SMB_EU_002994,FR,E-commerce,25,11864.08,-23.8,53,223.85,1,9,1,0,0,0.115,0
SMB_EU_002995,DE,E-commerce,75,17834.67,12.0,122,146.19,3,7,1,2,1,0.026,0
SMB_EU_002996,UK,E-commerce,43,23654.04,5.34,109,217.01,1,12,2,1,0,0.055,0
SMB_EU_002997,DE,Retail,23,11161.75,16.31,53,210.6,2,7,0,1,0,0.161,0
SMB_EU_002998,FR,Subscription,42,20121.85,-5.22,121,166.3,2,10,0,0,2,0.354,0
SMB_EU_002999,FR,Retail,14,10921.9,17.01,76,143.71,1,8,0,0,1,0.028,0
SMB_EU_003000,UK,Subscription,25,9152.94,0.59,78,117.35,1,13,0,0,2,0.09,0
SMB_EU_003001,IT,Subscription,18,5699.47,-30.07,45,126.65,3,15,1,0,0,0.267,1
SMB_EU_003002,ES,E-commerce,40,11256.51,31.71,50,225.13,1,8,1,1,0,0.031,0
SMB_EU_003003,FR,Services,24,8129.25,-7.27,30,270.98,1,7,2,1,0,0.128,0
SMB_EU_003004,IT,E-commerce,28,6091.87,18.41,37,164.65,2,9,1,0,1,0.088,0
SMB_EU_003005,IT,Hospitality,22,11649.27,7.2,109,106.87,1,14,0,0,1,0.025,0
SMB_EU_003006,ES,E-commerce,33,12671.61,-8.58,153,82.82,1,15,0,0,3,0.081,0
SMB_EU_003007,UK,E-commerce,41,9178.71,-19.74,54,169.98,2,13,2,2,0,0.116,1
SMB_EU_003008,DE,Hospitality,60,3103.48,-15.5,24,129.31,1,14,0,0,1,0.087,0
SMB_EU_003009,IT,E-commerce,21,22481.01,16.96,149,150.88,4,13,0,0,1,0.213,0
SMB_EU_003010,DE,Hospitality,12,5947.52,-5.49,45,132.17,4,9,2,0,1,0.138,0
SMB_EU_003011,IT,E-commerce,34,38912.26,1.37,172,226.23,2,11,1,2,1,0.054,0
SMB_EU_003012,FR,E-commerce,9,7030.13,2.16,32,219.69,1,15,0,0,1,0.109,0
SMB_EU_003013,FR,Retail,20,5655.02,11.65,20,282.75,2,8,0,0,2,0.16,0
SMB_EU_003014,FR,Retail,7,7569.36,1.1,32,236.54,1,4,1,2,1,0.185,0
SMB_EU_003015,IT,E-commerce,120,9553.77,16.5,82,116.51,2,9,2,0,3,0.161,0
SMB_EU_003016,FR,Retail,55,8029.42,4.37,33,243.32,1,9,1,0,2,0.029,0
SMB_EU_003017,ES,Retail,51,9690.46,2.03,81,119.64,3,4,0,3,2,0.211,0
SMB_EU_003018,FR,Services,61,6686.75,-10.49,33,202.63,1,13,0,0,2,0.02,0
SMB_EU_003019,DE,Retail,48,19749.77,-14.18,204,96.81,2,10,0,0,3,0.045,0
SMB_EU_003020,ES,Hospitality,30,2744.71,-47.39,30,91.49,1,12,0,0,1,0.109,1
SMB_EU_003021,FR,E-commerce,31,18369.77,18.51,101,181.88,2,14,1,0,3,0.075,0
SMB_EU_003022,NL,Services,58,3391.5,-2.2,33,102.77,1,14,0,0,2,0.167,0
SMB_EU_003023,IT,E-commerce,60,19415.24,-6.01,132,147.09,4,12,0,1,1,0.144,0
SMB_EU_003024,FR,E-commerce,13,19430.61,-29.28,126,154.21,2,8,0,0,2,0.135,0
SMB_EU_003025,DE,E-commerce,23,8297.04,-9.6,33,251.43,1,6,0,0,2,0.069,0
SMB_EU_003026,FR,E-commerce,27,8735.18,-11.58,57,153.25,1,10,0,1,3,0.034,0
SMB_EU_003027,UK,Hospitality,49,8155.93,-11.92,43,189.67,1,11,1,0,0,0.03,0
SMB_EU_003028,IT,Retail,14,8113.13,4.99,32,253.54,2,9,0,0,0,0.012,0
SMB_EU_003029,IT,Subscription,13,7888.86,-57.21,63,125.22,1,7,1,0,2,0.046,1
SMB_EU_003030,IT,E-commerce,9,22261.13,-70.43,87,255.88,2,7,0,0,1,0.059,1
SMB_EU_003031,DE,E-commerce,18,23268.05,-19.47,88,264.41,1,11,0,0,1,0.047,0
SMB_EU_003032,FR,Services,20,3638.82,-19.5,12,303.24,3,9,2,0,0,0.102,0
SMB_EU_003033,ES,E-commerce,69,8996.34,27.16,51,176.4,2,9,2,0,1,0.048,0
SMB_EU_003034,DE,Services,45,2345.0,22.39,15,156.33,3,17,1,0,0,0.053,0
SMB_EU_003035,FR,E-commerce,49,15304.13,-12.78,65,235.45,4,6,1,0,1,0.114,0
SMB_EU_003036,FR,Services,11,2128.76,-29.65,23,92.55,4,13,0,0,3,0.039,0
SMB_EU_003037,NL,Retail,22,8491.78,1.92,96,88.46,1,5,0,1,3,0.03,0
SMB_EU_003038,UK,Services,42,10376.46,0.7,68,152.6,3,7,0,0,1,0.114,0
SMB_EU_003039,DE,Services,29,4044.52,4.75,17,237.91,2,14,2,0,0,0.043,0
SMB_EU_003040,NL,Retail,37,5799.19,11.12,55,105.44,2,12,0,1,2,0.142,0
SMB_EU_003041,DE,Retail,9,26526.61,6.78,121,219.23,3,10,1,0,1,0.066,0
SMB_EU_003042,UK,E-commerce,28,37109.44,-16.75,266,139.51,1,14,1,0,1,0.157,0
SMB_EU_003043,DE,Subscription,43,5688.61,4.41,25,227.54,2,7,1,2,0,0.021,0
SMB_EU_003044,FR,E-commerce,12,16304.78,12.81,90,181.16,2,5,0,0,1,0.143,0
SMB_EU_003045,ES,E-commerce,5,18269.94,-10.86,173,105.61,1,8,0,2,2,0.079,0
SMB_EU_003046,ES,Retail,11,9039.81,4.5,67,134.92,3,9,0,0,0,0.117,0
SMB_EU_003047,NL,E-commerce,57,44560.79,-8.29,347,128.42,1,8,1,0,1,0.069,0
SMB_EU_003048,FR,Hospitality,10,6322.39,29.94,54,117.08,3,10,1,0,0,0.045,0
SMB_EU_003049,FR,Subscription,26,10376.73,-19.9,57,182.05,4,15,1,0,1,0.009,1
SMB_EU_003050,FR,E-commerce,5,22674.65,17.34,78,290.7,3,12,1,0,0,0.013,0
SMB_EU_003051,DE,Services,13,10210.23,-76.26,45,226.89,4,8,2,0,0,0.029,1
SMB_EU_003052,NL,E-commerce,30,26316.33,26.9,100,263.16,1,8,1,2,3,0.216,0
SMB_EU_003053,FR,Retail,26,11048.48,-17.12,37,298.61,2,8,0,1,1,0.096,0
SMB_EU_003054,FR,E-commerce,52,5887.49,-28.25,30,196.25,2,12,1,0,0,0.135,1
SMB_EU_003055,IT,Hospitality,34,4476.66,-24.44,34,131.67,3,16,0,1,0,0.169,0
SMB_EU_003056,UK,Subscription,12,14715.15,-20.25,52,282.98,1,7,1,2,3,0.064,0
SMB_EU_003057,IT,Services,22,5810.56,13.47,25,232.42,3,9,1,0,1,0.154,0
SMB_EU_003058,DE,Retail,19,13132.88,15.42,45,291.84,1,8,1,0,1,0.017,0
SMB_EU_003059,DE,Retail,3,24822.27,3.59,111,223.62,1,10,2,0,1,0.037,0
SMB_EU_003060,UK,Retail,70,3948.22,-8.9,16,246.76,2,10,0,1,0,0.048,0
SMB_EU_003061,FR,Subscription,27,17813.75,15.67,65,274.06,2,9,0,0,4,0.067,0
SMB_EU_003062,DE,Services,30,4100.95,-10.26,17,241.23,4,7,2,1,1,0.084,0
SMB_EU_003063,IT,Services,41,8763.96,-20.98,43,203.81,3,11,1,0,2,0.095,0
SMB_EU_003064,IT,E-commerce,41,14633.56,-0.21,80,182.92,2,8,1,0,3,0.074,0
SMB_EU_003065,IT,E-commerce,44,53745.12,-30.98,206,260.9,1,9,0,0,2,0.181,0
SMB_EU_003066,FR,E-commerce,20,16217.69,5.83,65,249.5,1,9,0,1,1,0.031,0
SMB_EU_003067,DE,E-commerce,18,10213.82,8.22,64,159.59,2,14,0,0,0,0.017,0
SMB_EU_003068,UK,E-commerce,53,19297.49,-52.34,102,189.19,1,13,2,0,0,0.11,0
SMB_EU_003069,FR,Retail,71,9716.32,10.56,44,220.83,3,8,0,0,1,0.048,0
SMB_EU_003070,IT,Retail,5,15836.22,-21.61,184,86.07,1,10,0,2,1,0.16,1
SMB_EU_003071,ES,Services,52,6542.17,-16.87,49,133.51,1,7,1,1,0,0.156,0
SMB_EU_003072,IT,Services,22,22075.68,-28.1,163,135.43,3,12,3,0,2,0.081,0
SMB_EU_003073,FR,E-commerce,25,14030.14,11.7,51,275.1,3,11,1,0,2,0.052,0
SMB_EU_003074,FR,E-commerce,2,14129.69,7.8,92,153.58,1,13,1,0,1,0.037,0
SMB_EU_003075,IT,E-commerce,26,10440.77,-45.43,52,200.78,1,8,0,1,1,0.086,0
SMB_EU_003076,UK,Services,17,5263.72,25.17,20,263.19,4,6,2,0,4,0.123,0
SMB_EU_003077,UK,Services,3,5743.53,4.92,42,136.75,3,11,2,1,1,0.182,0
SMB_EU_003078,DE,Services,56,5918.98,-9.1,55,107.62,3,10,1,1,1,0.072,0
SMB_EU_003079,DE,Services,30,5205.68,-60.66,18,289.2,1,15,0,0,3,0.028,1
SMB_EU_003080,UK,Retail,33,5548.62,16.92,24,231.19,2,12,4,0,1,0.068,0
SMB_EU_003081,ES,E-commerce,56,8837.92,5.36,74,119.43,1,16,2,0,2,0.028,0
SMB_EU_003082,UK,E-commerce,42,11976.49,25.05,46,260.36,1,9,1,0,0,0.138,0
SMB_EU_003083,DE,E-commerce,8,29754.27,-54.74,118,252.15,1,9,0,0,2,0.006,0
SMB_EU_003084,IT,Services,48,11285.49,13.66,43,262.45,1,9,0,0,3,0.054,0
SMB_EU_003085,ES,E-commerce,7,14323.07,-3.92,102,140.42,4,8,1,0,1,0.068,0
SMB_EU_003086,IT,Retail,39,4547.11,-5.3,25,181.88,2,10,0,0,0,0.061,0
SMB_EU_003087,FR,E-commerce,80,14286.94,-11.47,61,234.21,3,8,2,2,0,0.111,0
SMB_EU_003088,DE,Subscription,40,31570.52,13.49,190,166.16,4,12,3,0,1,0.066,0
SMB_EU_003089,IT,Retail,20,14567.93,-41.45,153,95.22,1,7,4,1,1,0.135,1
SMB_EU_003090,FR,Hospitality,79,8349.53,-17.14,76,109.86,1,7,0,0,1,0.054,0
SMB_EU_003091,NL,E-commerce,30,26726.65,2.47,126,212.12,1,14,2,0,0,0.108,0
SMB_EU_003092,UK,Retail,12,20161.63,10.59,124,162.59,4,6,0,0,0,0.226,0
SMB_EU_003093,FR,E-commerce,16,7510.71,2.67,93,80.76,3,7,1,1,0,0.107,0
SMB_EU_003094,ES,Services,15,3951.97,16.62,16,247.0,2,10,2,0,2,0.041,0
SMB_EU_003095,DE,E-commerce,90,10922.42,-4.35,64,170.66,3,8,1,0,2,0.15,0
SMB_EU_003096,IT,Services,39,7111.45,-33.82,48,148.16,1,9,1,1,0,0.226,0
SMB_EU_003097,UK,E-commerce,40,16512.48,2.8,70,235.89,1,12,2,0,0,0.048,0
SMB_EU_003098,DE,Retail,36,12594.1,2.71,70,179.92,2,15,2,0,1,0.101,0
SMB_EU_003099,DE,Subscription,32,6639.87,-45.57,29,228.96,3,7,1,1,1,0.166,0
SMB_EU_003100,NL,E-commerce,18,34165.67,16.6,412,82.93,1,8,1,1,4,0.062,0
SMB_EU_003101,DE,Hospitality,10,5755.52,-29.29,70,82.22,1,9,0,1,0,0.235,0
SMB_EU_003102,ES,Services,34,7584.94,-3.58,37,205.0,2,2,0,0,2,0.14,0
SMB_EU_003103,UK,E-commerce,77,30731.68,-13.84,104,295.5,1,9,2,0,2,0.056,1
SMB_EU_003104,NL,Services,32,9762.15,-18.12,70,139.46,3,10,2,0,0,0.232,0
SMB_EU_003105,FR,Retail,60,9933.76,-1.08,43,231.02,2,10,0,0,1,0.031,0
SMB_EU_003106,NL,E-commerce,5,24524.15,-21.05,208,117.9,2,12,1,0,1,0.05,0
SMB_EU_003107,ES,Retail,33,22747.11,4.51,153,148.67,4,8,1,1,0,0.104,0
SMB_EU_003108,DE,Services,17,6804.6,-10.31,70,97.21,3,4,0,0,0,0.017,0
SMB_EU_003109,IT,Retail,12,5163.7,-2.18,19,271.77,1,7,0,1,1,0.086,0
SMB_EU_003110,IT,Services,67,7094.13,-13.59,48,147.79,2,13,2,0,1,0.049,0
SMB_EU_003111,IT,Subscription,19,8800.92,10.25,67,131.36,1,11,1,1,3,0.054,0
SMB_EU_003112,FR,E-commerce,39,3666.54,-8.29,15,244.44,3,9,2,0,0,0.011,0
SMB_EU_003113,ES,E-commerce,24,19791.43,-9.26,160,123.7,3,13,1,1,1,0.058,0
SMB_EU_003114,DE,E-commerce,8,16087.47,-25.75,121,132.95,2,11,2,1,0,0.075,0
SMB_EU_003115,DE,E-commerce,43,30021.11,-6.44,292,102.81,3,11,1,1,1,0.028,0
SMB_EU_003116,UK,E-commerce,20,9563.88,-26.04,33,289.81,2,16,1,0,2,0.072,0
SMB_EU_003117,ES,Hospitality,47,2431.08,31.01,18,135.06,3,10,1,2,3,0.033,0
SMB_EU_003118,DE,Subscription,13,9958.57,-65.39,33,301.77,1,14,2,1,0,0.062,1
SMB_EU_003119,FR,Subscription,18,11305.97,16.63,95,119.01,1,10,0,0,0,0.057,0
SMB_EU_003120,DE,Services,38,5289.57,27.27,63,83.96,3,12,0,0,1,0.188,0
SMB_EU_003121,FR,Services,14,5062.51,3.24,18,281.25,1,9,2,0,0,0.194,0
SMB_EU_003122,FR,E-commerce,42,7899.62,-1.5,38,207.88,3,8,1,1,2,0.025,0
SMB_EU_003123,DE,Hospitality,4,5520.17,-19.84,35,157.72,3,16,2,0,2,0.116,0
SMB_EU_003124,NL,Services,10,4056.8,-40.75,21,193.18,3,6,1,0,0,0.065,1
SMB_EU_003125,ES,E-commerce,28,28550.53,24.06,208,137.26,3,15,0,0,1,0.059,0
SMB_EU_003126,IT,Subscription,40,11300.19,-48.63,51,221.57,2,5,0,2,1,0.005,0
SMB_EU_003127,IT,E-commerce,29,12695.55,-21.32,59,215.18,4,17,1,1,1,0.058,0
SMB_EU_003128,DE,Hospitality,37,16879.34,19.68,173,97.57,2,10,0,1,1,0.048,0
SMB_EU_003129,UK,Services,19,4254.99,10.44,15,283.67,2,9,2,1,2,0.067,0
SMB_EU_003130,ES,Subscription,4,12577.34,-2.22,69,182.28,2,9,1,0,1,0.056,0
SMB_EU_003131,ES,Retail,21,7237.59,3.24,59,122.67,4,7,0,1,0,0.076,0
SMB_EU_003132,ES,Services,21,13304.86,-51.49,90,147.83,1,14,0,0,1,0.098,0
SMB_EU_003133,UK,E-commerce,56,15802.47,-8.42,58,272.46,3,4,0,0,1,0.05,0
SMB_EU_003134,IT,E-commerce,42,16085.19,-30.28,98,164.13,1,10,0,1,1,0.107,0
SMB_EU_003135,DE,Services,11,4597.51,-38.52,23,199.89,1,10,1,0,1,0.091,1
SMB_EU_003136,IT,Hospitality,3,6750.84,-18.71,23,293.51,4,16,0,0,1,0.132,0
SMB_EU_003137,ES,Hospitality,24,12323.18,1.14,55,224.06,1,9,2,0,1,0.072,0
SMB_EU_003138,ES,E-commerce,17,24917.15,-5.85,109,228.6,3,11,3,0,1,0.074,0
SMB_EU_003139,NL,E-commerce,73,15254.83,-73.4,113,135.0,2,13,1,0,2,0.115,1
SMB_EU_003140,DE,Hospitality,58,16652.4,-5.77,73,228.12,3,9,1,0,2,0.049,0
SMB_EU_003141,FR,E-commerce,8,25326.25,-34.82,152,166.62,3,7,0,0,3,0.207,1
SMB_EU_003142,UK,Retail,41,6150.5,-11.36,22,279.57,1,9,0,0,2,0.147,0
SMB_EU_003143,IT,Subscription,37,3931.48,-16.49,36,109.21,2,3,0,0,2,0.023,0
SMB_EU_003144,NL,E-commerce,36,11693.6,-4.2,82,142.6,1,18,1,2,0,0.055,0
SMB_EU_003145,FR,Services,119,6407.36,-34.2,68,94.23,2,10,2,1,0,0.036,0
SMB_EU_003146,FR,E-commerce,25,21463.86,2.86,131,163.85,3,12,0,1,0,0.06,0
SMB_EU_003147,UK,E-commerce,44,33903.99,13.64,301,112.64,1,6,0,1,4,0.079,0
SMB_EU_003148,IT,E-commerce,49,7778.18,-1.76,29,268.21,3,15,0,0,2,0.059,0
SMB_EU_003149,ES,E-commerce,34,11525.44,7.48,41,281.11,1,19,2,0,0,0.05,0
SMB_EU_003150,NL,E-commerce,73,7399.89,-7.69,33,224.24,1,10,0,0,2,0.161,0
SMB_EU_003151,IT,E-commerce,30,6717.87,-59.82,65,103.35,1,6,2,1,4,0.033,1
SMB_EU_003152,FR,E-commerce,47,10291.92,0.03,66,155.94,1,15,1,0,0,0.207,0
SMB_EU_003153,ES,Retail,15,9968.29,10.21,34,293.18,2,7,2,2,4,0.148,1
SMB_EU_003154,NL,E-commerce,10,23828.61,-19.87,217,109.81,1,11,1,0,1,0.153,0
SMB_EU_003155,NL,Retail,38,4528.67,-6.98,22,205.85,4,10,2,0,1,0.105,0
SMB_EU_003156,IT,Retail,26,4922.79,-3.71,31,158.8,4,6,3,1,1,0.011,0
SMB_EU_003157,UK,Subscription,27,3093.59,42.77,10,309.36,2,12,0,0,0,0.199,0
SMB_EU_003158,DE,Hospitality,21,6823.49,3.35,48,142.16,2,12,1,0,0,0.067,0
SMB_EU_003159,ES,Hospitality,46,3866.99,-28.58,43,89.93,4,12,1,2,1,0.143,0
SMB_EU_003160,FR,E-commerce,30,40685.39,-32.29,174,233.82,3,8,1,0,1,0.011,0
SMB_EU_003161,NL,Subscription,97,11508.78,10.96,76,151.43,1,9,0,0,2,0.06,0
SMB_EU_003162,DE,Hospitality,29,5413.48,37.28,24,225.56,3,10,2,0,3,0.071,0
SMB_EU_003163,FR,Services,35,3403.38,-4.21,33,103.13,1,7,1,1,2,0.197,1
SMB_EU_003164,NL,E-commerce,50,6118.08,-5.11,31,197.36,2,13,1,0,2,0.219,0
SMB_EU_003165,DE,Subscription,38,3961.02,-17.55,24,165.04,2,12,2,1,1,0.083,0
SMB_EU_003166,NL,Services,10,3442.35,-11.97,17,202.49,3,13,1,1,1,0.227,0
SMB_EU_003167,UK,Services,23,3287.4,-38.16,12,273.95,1,10,0,0,3,0.026,1
SMB_EU_003168,DE,Retail,15,4392.68,15.56,15,292.85,1,9,1,0,0,0.093,0
SMB_EU_003169,ES,E-commerce,36,18808.47,-41.9,77,244.27,3,9,0,0,2,0.066,0
SMB_EU_003170,FR,E-commerce,32,20421.93,15.75,82,249.05,3,15,0,0,0,0.071,0
SMB_EU_003171,IT,E-commerce,48,11391.54,-11.41,58,196.41,2,6,2,0,2,0.127,1
SMB_EU_003172,FR,Services,52,15967.08,1.83,157,101.7,3,12,1,0,1,0.03,0
SMB_EU_003173,DE,Retail,15,2805.0,12.82,12,233.75,3,2,0,0,1,0.051,0
SMB_EU_003174,DE,Retail,52,8284.12,16.06,74,111.95,2,15,3,0,1,0.099,0
SMB_EU_003175,DE,E-commerce,57,13156.32,3.49,98,134.25,1,7,1,1,0,0.012,0
SMB_EU_003176,DE,Retail,12,5748.97,-52.91,24,239.54,2,10,0,0,0,0.028,1
SMB_EU_003177,IT,Retail,35,5263.75,9.3,23,228.86,4,10,1,0,1,0.04,0
SMB_EU_003178,UK,Services,64,4979.16,6.96,33,150.88,3,10,1,0,0,0.043,0
SMB_EU_003179,ES,Hospitality,23,5240.64,-19.37,21,249.55,2,12,1,0,2,0.071,0
SMB_EU_003180,IT,Retail,27,6323.77,-19.08,22,287.44,1,18,0,1,1,0.151,0
SMB_EU_003181,DE,E-commerce,35,6881.37,-31.64,34,202.39,4,11,1,0,2,0.164,0
SMB_EU_003182,FR,E-commerce,30,5681.32,-39.13,25,227.25,2,8,1,0,1,0.11,0
SMB_EU_003183,FR,Retail,31,6728.36,-5.94,48,140.17,2,8,0,0,0,0.02,0
SMB_EU_003184,FR,Hospitality,41,4713.84,12.3,16,294.61,1,7,1,2,0,0.053,0
SMB_EU_003185,NL,Services,42,4442.49,6.06,32,138.83,3,11,0,1,0,0.128,0
SMB_EU_003186,NL,Services,26,4684.53,-15.04,17,275.56,1,12,1,0,2,0.056,0
SMB_EU_003187,FR,Services,78,3654.42,-1.8,13,281.11,2,8,2,0,0,0.024,0
SMB_EU_003188,FR,Retail,15,7042.74,-36.11,30,234.76,2,8,1,2,1,0.003,1
SMB_EU_003189,ES,Subscription,47,5393.03,-67.28,21,256.81,3,10,1,1,2,0.152,1
SMB_EU_003190,ES,Services,3,12475.98,13.73,69,180.81,2,11,0,1,1,0.061,0
SMB_EU_003191,FR,Subscription,28,5569.92,37.66,20,278.5,2,7,0,0,1,0.01,0
SMB_EU_003192,UK,Retail,2,6403.55,16.74,26,246.29,1,11,0,0,0,0.156,0
SMB_EU_003193,UK,Subscription,30,5829.62,-0.4,38,153.41,3,10,1,0,1,0.034,0
SMB_EU_003194,FR,Services,37,3206.21,-25.99,37,86.65,1,5,2,0,0,0.055,0
SMB_EU_003195,FR,Services,21,5074.47,25.69,26,195.17,2,11,1,0,1,0.11,0
SMB_EU_003196,NL,Retail,28,7524.02,-20.89,28,268.72,2,8,4,0,1,0.007,1
SMB_EU_003197,UK,Services,44,3795.29,18.37,14,271.09,3,8,3,0,0,0.075,0
SMB_EU_003198,UK,Subscription,1,7592.33,11.55,29,261.8,3,12,1,1,1,0.083,0
SMB_EU_003199,DE,Hospitality,18,3895.69,17.82,31,125.67,3,9,0,2,1,0.155,0
SMB_EU_003200,FR,Hospitality,65,7635.4,12.2,44,173.53,1,12,1,0,1,0.231,0
SMB_EU_003201,IT,Subscription,10,30887.15,-30.14,144,214.49,2,13,0,1,0,0.099,0
SMB_EU_003202,NL,E-commerce,16,8874.18,-12.4,39,227.54,1,6,0,0,0,0.159,1
SMB_EU_003203,DE,Hospitality,4,7599.92,-32.96,49,155.1,2,14,0,1,4,0.068,1
SMB_EU_003204,UK,E-commerce,19,15410.05,-6.51,66,233.49,2,12,5,0,2,0.078,1
SMB_EU_003205,IT,Subscription,25,13442.25,7.59,64,210.04,1,9,0,0,0,0.027,0
SMB_EU_003206,ES,Retail,117,12152.29,14.59,59,205.97,2,8,0,0,1,0.099,0
SMB_EU_003207,UK,E-commerce,36,16967.47,1.42,75,226.23,4,7,1,1,1,0.068,0
SMB_EU_003208,ES,Hospitality,19,5858.34,5.9,28,209.23,3,15,0,1,0,0.13,0
SMB_EU_003209,NL,Services,7,3852.68,1.33,33,116.75,3,13,0,0,1,0.051,0
SMB_EU_003210,IT,Hospitality,16,3791.58,-62.69,14,270.83,3,10,0,0,0,0.257,1
SMB_EU_003211,DE,Subscription,14,8491.94,-12.33,64,132.69,2,11,0,0,2,0.078,0
SMB_EU_003212,IT,Subscription,3,4163.98,-21.04,17,244.94,3,7,2,0,0,0.107,0
SMB_EU_003213,DE,Retail,10,5602.02,-11.0,47,119.19,1,11,0,1,2,0.019,0
SMB_EU_003214,IT,E-commerce,20,29141.47,-3.35,129,225.9,1,8,0,0,2,0.064,0
SMB_EU_003215,FR,Retail,22,8487.11,-100.0,31,273.78,1,8,1,1,1,0.019,1
SMB_EU_003216,DE,E-commerce,44,25627.06,5.95,312,82.14,1,11,2,0,2,0.045,0
SMB_EU_003217,DE,E-commerce,67,36228.15,-46.84,123,294.54,2,16,1,1,3,0.076,1
SMB_EU_003218,DE,Subscription,22,8093.06,-28.0,94,86.1,1,11,2,0,0,0.042,0
SMB_EU_003219,ES,Services,48,5662.32,-12.49,69,82.06,4,13,1,0,0,0.064,0
SMB_EU_003220,ES,Retail,19,6674.77,-60.13,25,266.99,3,7,2,1,2,0.052,1
SMB_EU_003221,NL,Retail,13,4912.97,-11.13,21,233.95,4,11,1,0,1,0.037,0
SMB_EU_003222,DE,Hospitality,42,3387.11,-12.15,33,102.64,3,7,2,0,2,0.076,0
SMB_EU_003223,DE,E-commerce,19,24876.92,-61.05,87,285.94,4,17,0,0,1,0.026,0
SMB_EU_003224,DE,E-commerce,14,17000.22,-6.41,75,226.67,2,10,0,0,3,0.107,0
SMB_EU_003225,DE,Services,12,15140.9,16.84,145,104.42,2,15,0,0,1,0.034,0
SMB_EU_003226,UK,Subscription,6,16126.37,7.43,60,268.77,1,14,0,1,0,0.184,0
SMB_EU_003227,FR,E-commerce,27,9672.84,-26.11,52,186.02,2,11,2,2,1,0.144,1
SMB_EU_003228,FR,Services,17,8278.35,-51.2,59,140.31,3,10,2,0,4,0.135,0
SMB_EU_003229,DE,E-commerce,49,12490.96,4.83,48,260.23,2,7,0,0,0,0.031,0
SMB_EU_003230,FR,Services,78,10376.6,-14.01,43,241.32,1,15,0,0,0,0.113,0
SMB_EU_003231,NL,E-commerce,12,11203.76,-25.86,52,215.46,2,13,0,0,2,0.036,0
SMB_EU_003232,IT,Retail,8,4254.54,1.69,15,283.64,1,10,2,2,2,0.045,1
SMB_EU_003233,FR,Subscription,68,5583.25,-11.3,21,265.87,3,8,1,0,0,0.087,0
SMB_EU_003234,DE,E-commerce,30,9595.09,-45.47,74,129.66,2,10,0,0,0,0.136,0
SMB_EU_003235,FR,Services,29,3020.09,-45.42,11,274.55,4,7,0,0,1,0.116,0
SMB_EU_003236,FR,E-commerce,34,10638.56,-9.72,66,161.19,4,10,1,0,1,0.252,0
SMB_EU_003237,DE,Retail,55,13375.93,5.7,76,176.0,1,12,3,0,0,0.084,0
SMB_EU_003238,UK,Retail,55,23501.59,-69.92,80,293.77,4,13,0,1,3,0.078,0
SMB_EU_003239,IT,E-commerce,41,6752.66,1.05,27,250.1,4,6,1,1,0,0.155,0
SMB_EU_003240,IT,Hospitality,10,12805.4,-9.54,85,150.65,2,12,4,0,1,0.015,1
SMB_EU_003241,FR,E-commerce,5,11261.93,-4.73,51,220.82,3,17,1,0,0,0.279,0
SMB_EU_003242,NL,Hospitality,10,7392.67,-69.91,37,199.8,1,10,2,2,0,0.207,1
SMB_EU_003243,IT,Hospitality,6,2223.92,15.38,21,105.9,4,16,0,0,2,0.154,0
SMB_EU_003244,IT,Services,44,6847.33,-7.37,25,273.89,2,10,1,0,1,0.064,0
SMB_EU_003245,ES,E-commerce,16,4503.54,-2.15,17,264.91,4,15,0,0,1,0.121,0
SMB_EU_003246,DE,Subscription,41,10865.42,-1.43,43,252.68,2,10,1,0,0,0.043,0
SMB_EU_003247,NL,E-commerce,26,17503.55,24.18,86,203.53,3,10,1,0,0,0.18,0
SMB_EU_003248,FR,E-commerce,16,16821.45,13.35,131,128.41,2,9,2,2,3,0.044,0
SMB_EU_003249,UK,Retail,12,5147.42,11.86,19,270.92,2,5,1,0,0,0.085,0
SMB_EU_003250,IT,E-commerce,15,20858.6,-52.16,132,158.02,4,12,2,0,4,0.041,1
SMB_EU_003251,NL,Retail,8,10115.72,-9.85,120,84.3,3,14,0,0,0,0.118,0
SMB_EU_003252,DE,Hospitality,80,5289.84,17.83,18,293.88,3,10,1,0,1,0.019,0
SMB_EU_003253,IT,Retail,24,11971.77,-17.56,44,272.09,2,12,0,1,0,0.011,0
SMB_EU_003254,DE,E-commerce,27,14163.78,1.26,65,217.9,4,10,2,0,0,0.264,0
SMB_EU_003255,FR,Services,26,6866.84,-15.98,83,82.73,3,9,0,2,1,0.037,0
SMB_EU_003256,DE,E-commerce,44,13908.81,-14.47,107,129.99,1,13,0,0,1,0.052,0
SMB_EU_003257,IT,Retail,14,9110.82,25.21,51,178.64,3,11,1,0,1,0.097,0
SMB_EU_003258,DE,Retail,57,11294.04,10.79,52,217.19,1,7,1,0,1,0.115,0
SMB_EU_003259,FR,Services,21,3938.07,14.75,17,231.65,3,7,0,0,1,0.121,0
SMB_EU_003260,UK,Retail,20,3815.76,-25.47,15,254.38,1,10,4,0,2,0.067,1
SMB_EU_003261,DE,E-commerce,63,17702.35,-2.09,88,201.16,2,5,0,0,1,0.243,0
SMB_EU_003262,NL,E-commerce,13,30620.97,-10.37,136,225.15,3,12,1,0,1,0.067,0
SMB_EU_003263,FR,Hospitality,35,7179.65,-29.94,28,256.42,2,11,0,0,0,0.196,0
SMB_EU_003264,DE,Hospitality,26,7261.92,-28.36,30,242.06,3,15,1,0,0,0.09,0
SMB_EU_003265,ES,Services,16,4875.06,26.64,17,286.77,4,9,1,0,0,0.023,0
SMB_EU_003266,DE,Retail,39,12464.85,-20.05,46,270.98,2,9,0,0,1,0.034,0
SMB_EU_003267,NL,E-commerce,9,13416.55,-8.3,114,117.69,2,10,1,1,2,0.06,0
SMB_EU_003268,IT,E-commerce,15,11423.94,-13.69,40,285.6,1,12,2,0,0,0.085,0
SMB_EU_003269,IT,Retail,28,15527.62,15.85,124,125.22,2,13,3,1,4,0.235,0
SMB_EU_003270,IT,E-commerce,72,10910.52,27.81,37,294.88,1,16,2,0,2,0.137,0
SMB_EU_003271,FR,E-commerce,68,25578.0,4.63,109,234.66,2,12,0,0,4,0.163,0
SMB_EU_003272,DE,E-commerce,35,29125.42,-25.49,134,217.35,1,12,0,0,0,0.068,1
SMB_EU_003273,ES,Hospitality,21,8430.45,1.37,56,150.54,3,11,1,2,2,0.111,0
SMB_EU_003274,NL,E-commerce,4,7088.75,6.56,65,109.06,1,11,1,1,1,0.022,0
SMB_EU_003275,ES,Services,48,5082.13,11.6,47,108.13,1,9,0,0,2,0.126,0
SMB_EU_003276,ES,E-commerce,53,13287.85,-51.68,49,271.18,2,6,1,0,3,0.032,0
SMB_EU_003277,UK,E-commerce,35,11138.98,7.48,64,174.05,1,13,0,0,1,0.115,0
SMB_EU_003278,NL,E-commerce,22,16341.39,-35.06,80,204.27,1,9,0,0,0,0.13,0
SMB_EU_003279,FR,Retail,46,12691.92,-26.67,45,282.04,3,11,0,1,4,0.047,0
SMB_EU_003280,ES,Retail,25,6075.78,0.03,45,135.02,2,11,1,0,1,0.027,0
SMB_EU_003281,NL,E-commerce,23,13534.21,4.58,55,246.08,1,5,0,0,1,0.137,0
SMB_EU_003282,DE,Subscription,6,7788.04,6.24,42,185.43,1,10,0,4,1,0.116,0
SMB_EU_003283,UK,Services,44,10051.89,-2.56,79,127.24,2,12,0,0,3,0.153,0
SMB_EU_003284,UK,Retail,29,6856.39,-30.17,26,263.71,3,10,1,0,0,0.016,0
SMB_EU_003285,NL,Services,68,2384.04,-10.8,10,238.4,2,5,1,0,1,0.06,0
SMB_EU_003286,DE,Services,16,1945.22,-26.62,19,102.38,1,9,0,2,4,0.136,1
SMB_EU_003287,FR,Hospitality,13,7458.82,-43.44,37,201.59,2,6,3,0,1,0.031,0
SMB_EU_003288,ES,Services,53,3167.77,-17.02,12,263.98,4,10,1,0,1,0.027,0
SMB_EU_003289,UK,E-commerce,60,22405.02,-52.0,237,94.54,2,11,0,0,1,0.085,0
SMB_EU_003290,DE,Retail,26,3599.19,-11.24,21,171.39,1,7,1,0,0,0.055,0
SMB_EU_003291,DE,E-commerce,47,10855.84,23.81,42,258.47,2,11,0,0,5,0.035,0
SMB_EU_003292,UK,E-commerce,21,6751.12,-1.19,25,270.04,3,9,0,0,2,0.03,0
SMB_EU_003293,FR,E-commerce,21,19468.87,-4.66,78,249.6,1,8,1,1,2,0.021,0
SMB_EU_003294,IT,Hospitality,35,8855.76,11.22,60,147.6,2,16,1,0,2,0.012,0
SMB_EU_003295,UK,Subscription,21,11027.58,-23.93,58,190.13,3,7,0,0,0,0.065,1
SMB_EU_003296,DE,Subscription,32,4691.08,6.09,19,246.9,1,14,1,1,2,0.046,0
SMB_EU_003297,IT,Services,28,3196.25,-5.66,28,114.15,4,8,0,0,3,0.078,0
SMB_EU_003298,DE,Services,10,5754.75,-46.64,27,213.14,2,15,0,0,3,0.09,1
SMB_EU_003299,FR,Subscription,31,3269.31,-23.59,14,233.52,2,11,0,0,4,0.043,0
SMB_EU_003300,ES,Retail,11,6922.39,0.7,26,266.25,4,12,1,0,0,0.207,0
SMB_EU_003301,NL,E-commerce,44,37270.18,29.91,356,104.69,1,7,1,0,2,0.119,0
SMB_EU_003302,UK,E-commerce,53,13464.77,-47.66,88,153.01,3,6,0,1,2,0.13,0
SMB_EU_003303,IT,Services,23,2046.87,1.62,10,204.69,3,15,3,1,1,0.139,0
SMB_EU_003304,FR,E-commerce,73,10418.72,0.31,44,236.79,2,13,3,2,4,0.017,1
SMB_EU_003305,FR,Services,60,3424.73,-5.93,14,244.62,1,11,2,1,1,0.086,0
SMB_EU_003306,FR,Retail,32,28893.79,4.72,213,135.65,2,11,0,0,2,0.056,0
SMB_EU_003307,FR,E-commerce,21,40750.07,11.63,491,82.99,1,10,1,1,2,0.041,0
SMB_EU_003308,DE,Services,50,7752.37,-4.98,33,234.92,2,11,0,0,0,0.036,0
SMB_EU_003309,FR,Retail,73,6511.67,-37.36,23,283.12,3,12,0,1,1,0.042,0
SMB_EU_003310,NL,E-commerce,34,30828.14,6.98,121,254.78,2,9,0,1,3,0.07,0
SMB_EU_003311,ES,E-commerce,81,7598.68,2.27,35,217.11,2,13,1,0,1,0.09,0
SMB_EU_003312,IT,E-commerce,18,28616.84,-65.51,97,295.02,1,11,1,1,0,0.024,0
SMB_EU_003313,ES,Services,42,8725.26,-22.07,50,174.51,1,10,0,3,2,0.059,0
SMB_EU_003314,DE,E-commerce,26,13697.9,10.16,70,195.68,3,12,1,0,1,0.06,0
SMB_EU_003315,DE,Hospitality,12,11884.93,-6.85,144,82.53,1,12,2,0,2,0.057,0
SMB_EU_003316,IT,Retail,19,6117.23,7.94,21,291.3,1,12,0,0,1,0.075,0
SMB_EU_003317,NL,Services,53,2340.55,25.87,11,212.78,4,14,1,0,1,0.117,0
SMB_EU_003318,DE,E-commerce,24,26972.81,-34.96,163,165.48,2,6,1,2,2,0.099,0
SMB_EU_003319,ES,Hospitality,17,5700.84,-43.19,63,90.49,3,12,1,0,2,0.026,0
SMB_EU_003320,ES,Services,62,7174.31,-7.77,45,159.43,1,7,0,1,1,0.039,0
SMB_EU_003321,IT,Retail,52,23854.51,-22.72,295,80.86,1,10,0,1,2,0.029,0
SMB_EU_003322,DE,Services,20,3241.66,-0.44,21,154.36,2,8,1,2,1,0.014,0
SMB_EU_003323,ES,Hospitality,84,5505.41,-0.96,19,289.76,2,9,1,0,0,0.07,0
SMB_EU_003324,IT,E-commerce,25,38468.16,-3.81,338,113.81,4,8,1,0,0,0.054,0
SMB_EU_003325,ES,Retail,34,11949.39,3.38,60,199.16,2,12,2,0,1,0.053,0
SMB_EU_003326,ES,Subscription,28,5914.19,-19.45,49,120.7,1,4,1,0,0,0.055,0
SMB_EU_003327,ES,Services,14,2819.13,12.18,11,256.28,2,13,0,1,0,0.211,0
SMB_EU_003328,NL,Retail,24,5827.53,-57.53,29,200.95,1,4,0,0,0,0.195,0
SMB_EU_003329,DE,E-commerce,26,9631.14,-3.75,77,125.08,1,8,2,1,2,0.052,0
SMB_EU_003330,IT,Services,5,5765.24,4.96,21,274.54,2,7,2,1,0,0.191,0
SMB_EU_003331,IT,Hospitality,33,6289.11,-13.91,25,251.56,1,11,1,0,2,0.138,1
SMB_EU_003332,ES,Services,48,5911.98,-29.5,20,295.6,1,8,0,0,4,0.024,0
SMB_EU_003333,DE,E-commerce,11,9057.22,-5.75,113,80.15,4,14,0,0,0,0.085,0
SMB_EU_003334,DE,Services,42,4791.95,-21.47,27,177.48,2,9,0,1,1,0.081,0
SMB_EU_003335,UK,E-commerce,55,4369.42,10.68,15,291.29,1,10,1,1,3,0.162,0
SMB_EU_003336,ES,Retail,1,8727.21,-17.3,34,256.68,1,12,0,0,0,0.106,0
SMB_EU_003337,UK,Hospitality,24,12146.29,22.28,46,264.05,3,8,2,1,0,0.026,0
SMB_EU_003338,ES,Subscription,83,3828.13,-0.09,18,212.67,4,8,1,1,1,0.161,0
SMB_EU_003339,IT,E-commerce,32,20047.55,0.89,85,235.85,3,4,0,0,1,0.023,0
SMB_EU_003340,IT,E-commerce,5,10396.21,-29.71,40,259.91,2,10,1,0,0,0.022,0
SMB_EU_003341,UK,Hospitality,9,9711.01,2.17,97,100.11,3,14,3,0,2,0.12,0
SMB_EU_003342,IT,E-commerce,33,16497.99,-1.2,71,232.37,4,12,0,0,2,0.079,0
SMB_EU_003343,IT,Services,41,6374.21,-19.49,25,254.97,1,14,1,1,2,0.029,0
SMB_EU_003344,DE,Services,28,5198.3,1.31,58,89.63,3,8,0,0,2,0.083,0
SMB_EU_003345,NL,Retail,32,17750.98,-5.97,122,145.5,3,9,0,1,1,0.013,0
SMB_EU_003346,ES,Subscription,28,11085.86,-3.25,73,151.86,2,12,0,0,1,0.122,0
SMB_EU_003347,FR,Services,16,3274.56,0.39,12,272.88,1,5,0,0,1,0.041,0
SMB_EU_003348,DE,Services,28,5305.09,-7.07,21,252.62,2,11,0,1,3,0.12,0
SMB_EU_003349,FR,Hospitality,7,4808.72,3.7,21,228.99,1,12,1,0,1,0.25,0
SMB_EU_003350,FR,Services,21,5511.73,-1.3,21,262.46,1,9,0,0,1,0.013,0
SMB_EU_003351,DE,Retail,39,6218.82,7.09,35,177.68,4,15,0,0,1,0.016,0
SMB_EU_003352,NL,E-commerce,13,9993.79,-7.93,37,270.1,2,13,0,0,2,0.17,0
SMB_EU_003353,UK,Services,22,5635.02,-15.97,43,131.05,2,12,0,0,1,0.036,0
SMB_EU_003354,NL,Retail,30,8272.32,-10.63,35,236.35,1,8,1,0,0,0.05,0
SMB_EU_003355,DE,Retail,80,15147.19,21.64,114,132.87,2,9,4,1,2,0.102,0
SMB_EU_003356,DE,Services,52,3898.0,14.34,44,88.59,3,11,2,1,1,0.128,0
SMB_EU_003357,IT,Services,7,1523.37,18.2,11,138.49,1,9,2,2,0,0.058,0
SMB_EU_003358,FR,Retail,92,6430.93,19.24,34,189.14,2,18,2,1,0,0.032,0
SMB_EU_003359,ES,Services,64,1884.34,-6.99,7,269.19,1,11,1,0,2,0.032,0
SMB_EU_003360,IT,Hospitality,31,7699.56,-30.57,40,192.49,2,9,1,0,1,0.109,1
SMB_EU_003361,ES,E-commerce,46,5494.3,1.14,46,119.44,3,11,1,0,2,0.081,0
SMB_EU_003362,FR,Services,15,2763.27,9.89,9,307.03,1,11,0,0,1,0.037,0
SMB_EU_003363,IT,E-commerce,26,12069.11,-34.11,87,138.73,1,9,1,0,2,0.012,1
SMB_EU_003364,FR,Retail,14,20202.61,1.39,68,297.1,2,10,2,1,0,0.173,0
SMB_EU_003365,UK,E-commerce,41,7879.91,1.08,28,281.43,2,10,2,0,3,0.05,0
SMB_EU_003366,IT,E-commerce,110,15112.06,7.98,76,198.84,1,10,1,0,1,0.063,0
SMB_EU_003367,FR,E-commerce,20,21243.19,-10.64,212,100.2,2,4,1,1,1,0.118,0
SMB_EU_003368,FR,Services,24,12180.96,1.41,52,234.25,1,7,0,0,0,0.036,0
SMB_EU_003369,DE,Services,27,7973.43,-53.02,30,265.78,1,9,1,0,1,0.028,1
SMB_EU_003370,IT,Hospitality,21,11566.39,3.39,65,177.94,1,7,0,1,0,0.161,0
SMB_EU_003371,DE,Services,39,8398.24,-0.74,63,133.31,1,18,1,1,1,0.046,0
SMB_EU_003372,IT,Retail,55,3872.76,-81.07,15,258.18,2,9,0,2,0,0.11,1
SMB_EU_003373,FR,Retail,17,9926.98,-14.55,50,198.54,2,14,1,0,1,0.088,0
SMB_EU_003374,IT,Services,26,8319.77,10.11,67,124.18,1,9,1,0,0,0.048,0
SMB_EU_003375,ES,Retail,43,4506.59,4.05,16,281.66,1,10,1,0,0,0.066,0
SMB_EU_003376,ES,Retail,13,5649.6,-40.09,20,282.48,3,10,0,0,1,0.131,1
SMB_EU_003377,ES,Hospitality,10,3705.6,10.01,23,161.11,2,13,3,0,1,0.194,0
SMB_EU_003378,DE,E-commerce,17,23846.18,-41.63,253,94.25,1,14,2,0,1,0.042,0
SMB_EU_003379,DE,Services,44,4796.42,-61.54,22,218.02,1,13,2,1,1,0.089,0
SMB_EU_003380,IT,E-commerce,12,12373.32,-30.95,83,149.08,3,10,0,1,1,0.021,0
SMB_EU_003381,FR,Retail,18,3707.8,-33.98,39,95.07,1,19,2,0,1,0.003,0
SMB_EU_003382,NL,E-commerce,27,14405.55,-6.71,52,277.03,2,8,1,1,3,0.049,0
SMB_EU_003383,DE,Hospitality,30,4268.26,-15.2,14,304.88,2,10,0,1,1,0.019,0
SMB_EU_003384,FR,E-commerce,24,17358.01,9.77,110,157.8,3,13,0,0,0,0.204,0
SMB_EU_003385,DE,E-commerce,27,7555.46,3.22,31,243.72,3,4,0,0,3,0.105,0
SMB_EU_003386,UK,Services,7,5563.25,25.76,59,94.29,3,4,1,0,2,0.079,0
SMB_EU_003387,FR,Subscription,16,6916.11,19.9,43,160.84,2,6,2,2,0,0.084,0
SMB_EU_003388,IT,E-commerce,46,7088.49,15.03,68,104.24,2,7,0,0,2,0.032,0
SMB_EU_003389,DE,E-commerce,15,6764.44,38.5,73,92.66,2,5,2,0,2,0.047,0
SMB_EU_003390,IT,E-commerce,30,7402.65,-2.2,35,211.5,1,9,0,2,2,0.092,0
SMB_EU_003391,FR,Subscription,28,7951.7,-6.97,31,256.51,4,10,0,0,0,0.232,0
SMB_EU_003392,UK,Subscription,43,9677.68,12.91,54,179.22,4,9,1,0,1,0.107,0
SMB_EU_003393,UK,Retail,47,9405.89,-3.79,48,195.96,1,10,2,0,0,0.408,0
SMB_EU_003394,FR,Services,56,6013.28,-42.64,43,139.84,3,16,3,3,0,0.066,0
SMB_EU_003395,UK,E-commerce,68,9515.64,-14.79,39,243.99,2,12,0,0,2,0.052,0
SMB_EU_003396,UK,Retail,13,15096.81,9.1,95,158.91,2,11,0,0,0,0.019,0
SMB_EU_003397,ES,Retail,4,6135.59,-22.07,65,94.39,2,5,0,0,1,0.036,0
SMB_EU_003398,UK,E-commerce,20,19651.23,-1.45,169,116.28,1,9,4,2,1,0.24,1
SMB_EU_003399,FR,E-commerce,12,13593.03,-0.23,126,107.88,4,10,1,0,0,0.221,0
SMB_EU_003400,IT,Retail,14,10022.32,-48.67,57,175.83,3,9,0,3,1,0.037,1
SMB_EU_003401,DE,Hospitality,38,5275.97,-26.36,56,94.21,2,19,1,1,1,0.258,0
SMB_EU_003402,DE,E-commerce,54,18996.05,-26.47,74,256.7,3,11,0,0,1,0.057,0
SMB_EU_003403,UK,Hospitality,31,5973.46,-42.95,21,284.45,3,8,1,0,1,0.089,0
SMB_EU_003404,FR,E-commerce,16,24443.26,8.09,182,134.3,1,10,1,1,0,0.206,0
SMB_EU_003405,ES,Retail,32,4895.08,4.33,26,188.27,1,13,0,2,2,0.085,0
SMB_EU_003406,ES,E-commerce,44,5186.79,-44.25,27,192.1,3,7,4,1,1,0.201,1
SMB_EU_003407,UK,Retail,7,4461.24,-13.27,15,297.42,3,9,2,1,0,0.109,0
SMB_EU_003408,UK,E-commerce,21,28485.67,5.12,302,94.32,4,6,0,0,2,0.027,0
SMB_EU_003409,FR,Retail,22,7291.48,-26.99,32,227.86,1,8,1,1,0,0.008,1
SMB_EU_003410,DE,E-commerce,24,15851.87,-35.95,102,155.41,2,10,1,0,3,0.032,1
SMB_EU_003411,FR,Retail,13,4251.45,-41.22,22,193.25,3,6,3,0,0,0.168,1
SMB_EU_003412,DE,Hospitality,33,6240.7,-8.19,49,127.36,2,10,0,1,1,0.073,0
SMB_EU_003413,DE,Services,35,2706.75,15.2,23,117.68,3,10,1,0,1,0.26,0
SMB_EU_003414,FR,Retail,12,4730.23,2.37,35,135.15,1,10,1,0,0,0.025,0
SMB_EU_003415,ES,E-commerce,63,11781.85,24.76,123,95.79,1,10,0,0,0,0.089,0
SMB_EU_003416,IT,Retail,10,10448.93,-8.22,74,141.2,1,14,1,0,2,0.194,1
SMB_EU_003417,FR,Hospitality,16,8355.07,7.3,36,232.09,2,10,1,0,1,0.119,0
SMB_EU_003418,IT,E-commerce,9,21231.31,-56.01,95,223.49,1,9,1,0,1,0.085,0
SMB_EU_003419,FR,E-commerce,8,5784.6,20.73,29,199.47,4,8,2,1,2,0.128,0
SMB_EU_003420,DE,E-commerce,29,14940.14,-3.06,187,79.89,1,11,2,0,1,0.032,0
SMB_EU_003421,ES,Subscription,15,7997.71,12.82,74,108.08,2,14,0,0,2,0.161,0
SMB_EU_003422,IT,E-commerce,48,5981.92,-16.16,23,260.08,4,15,1,1,3,0.091,0
SMB_EU_003423,ES,Hospitality,13,6057.82,-6.23,43,140.88,2,7,0,1,0,0.099,0
SMB_EU_003424,DE,E-commerce,16,12907.31,-1.26,46,280.59,1,12,0,0,2,0.176,0
SMB_EU_003425,ES,Subscription,43,12233.03,18.95,45,271.85,1,10,0,0,1,0.021,0
SMB_EU_003426,IT,Services,11,5249.78,-32.96,46,114.13,2,15,0,1,1,0.113,1
SMB_EU_003427,IT,E-commerce,18,10788.25,-4.99,39,276.62,1,11,1,0,3,0.104,0
SMB_EU_003428,IT,Services,62,8713.69,-5.5,40,217.84,4,7,0,1,2,0.041,0
SMB_EU_003429,UK,E-commerce,2,3956.3,-31.15,18,219.79,2,12,1,0,1,0.066,1
SMB_EU_003430,IT,Services,7,4810.87,-6.96,18,267.27,3,9,0,0,1,0.155,0
SMB_EU_003431,IT,Services,69,1735.83,-23.11,10,173.58,2,12,1,1,3,0.008,1
SMB_EU_003432,UK,Retail,35,4628.0,-34.96,19,243.58,4,10,2,0,1,0.016,0
SMB_EU_003433,ES,Services,33,6850.53,-3.93,30,228.35,2,11,1,0,2,0.014,0
SMB_EU_003434,NL,E-commerce,8,6983.37,-46.82,28,249.41,3,16,1,1,0,0.008,0
SMB_EU_003435,ES,E-commerce,28,6384.16,-3.67,28,228.01,3,7,2,1,0,0.043,0
SMB_EU_003436,FR,E-commerce,13,62628.3,3.79,642,97.55,3,14,0,0,3,0.054,0
SMB_EU_003437,FR,Services,48,2211.93,-13.19,15,147.46,1,9,0,0,1,0.052,0
SMB_EU_003438,IT,Retail,50,21536.61,26.86,75,287.15,1,9,0,0,4,0.187,0
SMB_EU_003439,UK,Retail,17,7214.7,-0.5,56,128.83,1,3,0,0,1,0.222,0
SMB_EU_003440,UK,Services,37,3649.32,19.3,20,182.47,1,11,0,0,0,0.131,0
SMB_EU_003441,FR,Retail,34,11240.39,-82.55,71,158.32,4,9,1,1,1,0.135,1
SMB_EU_003442,NL,Retail,24,17839.19,-12.52,180,99.11,1,13,1,2,0,0.114,0
SMB_EU_003443,DE,Retail,13,4022.09,10.29,34,118.3,1,9,0,0,1,0.043,0
SMB_EU_003444,UK,E-commerce,19,11044.14,-3.4,77,143.43,1,10,0,0,0,0.058,0
SMB_EU_003445,UK,E-commerce,47,24932.5,-56.82,137,181.99,4,9,1,2,1,0.085,1
SMB_EU_003446,IT,Retail,63,9508.99,-27.58,35,271.69,3,13,1,0,2,0.021,0
SMB_EU_003447,ES,Subscription,20,17433.18,11.0,90,193.7,2,12,1,0,0,0.152,0
SMB_EU_003448,ES,Services,67,6810.77,9.77,30,227.03,3,10,0,1,1,0.082,0
SMB_EU_003449,IT,E-commerce,35,44388.69,3.65,256,173.39,3,19,2,0,1,0.141,0
SMB_EU_003450,DE,E-commerce,24,16696.57,-7.44,62,269.3,3,8,0,0,0,0.036,0
SMB_EU_003451,NL,E-commerce,22,17135.24,-72.2,76,225.46,1,2,0,1,4,0.181,1
SMB_EU_003452,IT,Hospitality,14,7277.54,-0.79,73,99.69,3,11,0,0,2,0.028,0
SMB_EU_003453,IT,Retail,39,7344.47,-60.55,40,183.61,2,5,1,0,2,0.028,1
SMB_EU_003454,FR,Retail,74,13307.05,-11.27,51,260.92,3,14,2,0,0,0.035,0
SMB_EU_003455,UK,Services,24,5764.18,18.92,24,240.17,2,6,1,1,1,0.135,0
SMB_EU_003456,DE,E-commerce,12,24069.81,-27.76,86,279.88,4,15,1,0,1,0.185,0
SMB_EU_003457,NL,E-commerce,43,26436.62,10.16,203,130.23,2,7,1,0,3,0.091,0
SMB_EU_003458,IT,Services,19,6465.7,-19.91,22,293.9,2,10,0,1,2,0.006,0
SMB_EU_003459,IT,Hospitality,13,8107.5,12.24,57,142.24,3,10,2,0,0,0.037,0
SMB_EU_003460,IT,E-commerce,7,8181.31,5.97,90,90.9,2,11,1,0,1,0.14,0
SMB_EU_003461,FR,Hospitality,38,4312.63,-6.95,23,187.51,1,17,1,1,1,0.094,0
SMB_EU_003462,DE,Retail,56,13269.55,-44.36,127,104.48,2,10,0,0,1,0.061,0
SMB_EU_003463,IT,Services,9,11747.22,-33.72,51,230.34,2,15,0,0,1,0.127,0
SMB_EU_003464,IT,E-commerce,21,4682.31,0.56,17,275.43,1,9,1,0,2,0.136,0
SMB_EU_003465,DE,Services,22,3556.3,-6.03,13,273.56,3,14,1,0,0,0.109,0
SMB_EU_003466,ES,Subscription,14,9128.46,-10.47,43,212.29,3,11,1,0,2,0.024,0
SMB_EU_003467,NL,Subscription,66,5310.36,-0.3,27,196.68,2,14,0,0,1,0.224,0
SMB_EU_003468,IT,Subscription,7,5494.31,0.94,18,305.24,2,21,0,0,1,0.255,0
SMB_EU_003469,ES,E-commerce,36,19945.47,-45.54,96,207.77,1,7,1,0,2,0.031,1
SMB_EU_003470,DE,E-commerce,40,38740.12,24.2,136,284.85,4,7,1,0,2,0.091,0
SMB_EU_003471,DE,E-commerce,14,4432.47,10.96,16,277.03,3,13,0,1,1,0.048,0
SMB_EU_003472,ES,Hospitality,11,5416.63,-43.88,38,142.54,2,19,1,0,0,0.071,0
SMB_EU_003473,IT,Services,16,6602.22,-1.55,80,82.53,3,14,1,1,4,0.229,0
SMB_EU_003474,IT,Retail,5,12776.02,7.67,72,177.44,1,10,0,0,2,0.01,0
SMB_EU_003475,ES,Subscription,76,10899.33,-13.44,40,272.48,1,9,0,0,1,0.023,0
SMB_EU_003476,ES,Services,17,14386.34,9.99,55,261.57,1,14,0,0,1,0.1,0
SMB_EU_003477,UK,Subscription,19,9157.46,-3.07,43,212.96,1,14,0,0,0,0.034,1
SMB_EU_003478,NL,Services,84,10986.13,-15.33,96,114.44,2,14,0,0,2,0.146,0
SMB_EU_003479,NL,E-commerce,6,10178.01,-0.34,98,103.86,2,6,0,1,0,0.244,0
SMB_EU_003480,FR,Retail,24,8283.22,-4.38,29,285.63,2,8,1,0,1,0.07,0
SMB_EU_003481,DE,Retail,44,3864.42,34.85,22,175.66,2,12,1,0,1,0.06,0
SMB_EU_003482,IT,E-commerce,76,25753.46,6.53,116,222.01,1,12,2,2,0,0.014,1
SMB_EU_003483,FR,Hospitality,6,5581.7,-5.24,20,279.09,3,9,1,1,1,0.116,0
SMB_EU_003484,UK,Services,83,6197.4,-7.89,23,269.45,1,6,0,0,1,0.107,0
SMB_EU_003485,IT,Services,21,4142.99,0.57,20,207.15,2,9,1,0,1,0.112,0
SMB_EU_003486,IT,Hospitality,21,8530.23,-6.66,46,185.44,2,16,2,0,0,0.258,0
SMB_EU_003487,FR,Retail,9,10154.35,-26.1,42,241.77,1,11,1,0,3,0.074,0
SMB_EU_003488,DE,Retail,28,4404.61,-13.06,28,157.31,2,16,2,1,2,0.06,0
SMB_EU_003489,DE,Retail,83,4560.27,9.94,21,217.16,3,10,2,1,3,0.047,0
SMB_EU_003490,NL,E-commerce,27,14752.15,-57.74,173,85.27,2,15,1,0,2,0.083,0
SMB_EU_003491,DE,E-commerce,13,22282.34,5.64,85,262.15,2,7,0,0,3,0.031,0
SMB_EU_003492,IT,Retail,15,24463.42,-30.45,82,298.33,1,9,1,0,1,0.178,0
SMB_EU_003493,UK,E-commerce,16,17990.52,-36.27,62,290.17,2,8,2,0,1,0.064,1
SMB_EU_003494,UK,Retail,69,14642.97,16.45,92,159.16,3,12,0,1,3,0.054,0
SMB_EU_003495,IT,Hospitality,79,2279.71,-26.64,12,189.98,2,11,1,0,0,0.057,0
SMB_EU_003496,DE,E-commerce,7,50190.4,5.57,380,132.08,1,5,1,1,0,0.051,0
SMB_EU_003497,UK,E-commerce,10,21573.42,20.15,147,146.76,3,16,1,0,2,0.063,0
SMB_EU_003498,UK,E-commerce,11,14560.14,25.2,81,179.75,1,13,1,0,2,0.012,0
SMB_EU_003499,DE,Subscription,17,8153.17,-38.94,33,247.07,3,8,1,2,3,0.276,1
SMB_EU_003500,ES,Retail,89,4116.99,11.7,49,84.02,4,13,0,0,0,0.031,0
SMB_EU_003501,FR,E-commerce,82,9163.96,-15.85,55,166.62,2,14,0,0,3,0.072,0
SMB_EU_003502,ES,Services,26,15732.04,-34.98,78,201.69,4,10,1,0,2,0.054,0
SMB_EU_003503,UK,Hospitality,18,3314.67,19.28,26,127.49,1,12,1,0,1,0.162,0
SMB_EU_003504,DE,Subscription,3,4914.86,-0.54,51,96.37,1,8,1,0,2,0.026,0
SMB_EU_003505,UK,E-commerce,30,9842.58,5.91,50,196.85,1,13,0,0,0,0.044,0
SMB_EU_003506,IT,E-commerce,28,7309.26,-9.32,33,221.49,3,12,0,2,1,0.062,0
SMB_EU_003507,UK,Retail,9,8073.81,-2.47,37,218.21,2,6,1,2,0,0.205,0
SMB_EU_003508,NL,Hospitality,35,11531.77,6.51,73,157.97,1,10,0,0,0,0.096,0
SMB_EU_003509,UK,E-commerce,49,10399.47,-10.45,79,131.64,1,16,2,0,2,0.016,0
SMB_EU_003510,DE,Retail,9,3509.41,-3.35,27,129.98,3,6,2,1,3,0.061,0
SMB_EU_003511,FR,E-commerce,17,17870.78,11.41,201,88.91,1,12,1,0,2,0.03,0
SMB_EU_003512,DE,E-commerce,47,14506.34,-12.9,120,120.89,1,10,0,0,2,0.067,0
SMB_EU_003513,UK,Retail,15,14600.8,-83.58,56,260.73,1,12,3,1,0,0.068,1
SMB_EU_003514,ES,Hospitality,17,4567.9,29.65,57,80.14,1,10,0,0,2,0.046,0
SMB_EU_003515,UK,Hospitality,18,5132.87,-3.9,57,90.05,1,5,1,1,3,0.026,0
SMB_EU_003516,UK,Retail,36,7313.51,14.47,68,107.55,2,10,1,0,0,0.057,0
SMB_EU_003517,DE,E-commerce,54,15822.81,17.42,92,171.99,2,11,1,0,2,0.184,0
SMB_EU_003518,FR,Services,73,3950.73,23.47,26,151.95,2,10,0,0,1,0.043,0
SMB_EU_003519,DE,E-commerce,51,10753.85,-10.92,90,119.49,3,10,0,0,2,0.037,0
SMB_EU_003520,DE,E-commerce,26,4942.26,-3.38,47,105.15,4,7,0,0,3,0.02,0
SMB_EU_003521,FR,E-commerce,40,10684.75,-0.8,37,288.78,1,5,0,1,1,0.101,0
SMB_EU_003522,NL,Hospitality,8,9215.56,-5.36,33,279.26,1,14,3,0,0,0.127,0
SMB_EU_003523,FR,Subscription,97,14989.83,19.78,60,249.83,1,10,0,0,2,0.083,0
SMB_EU_003524,DE,Hospitality,13,4522.62,-1.15,33,137.05,2,6,0,1,2,0.201,0
SMB_EU_003525,DE,Retail,38,17446.4,-24.28,115,151.71,1,10,0,0,3,0.066,0
SMB_EU_003526,DE,E-commerce,29,14743.88,-9.5,65,226.83,3,5,1,0,1,0.104,0
SMB_EU_003527,UK,Services,8,2240.57,-23.68,16,140.04,2,7,0,1,1,0.083,0
SMB_EU_003528,ES,Retail,14,2968.36,-3.43,15,197.89,3,9,1,0,2,0.031,0
SMB_EU_003529,UK,Subscription,56,18693.56,10.09,84,222.54,2,10,1,0,3,0.144,0
SMB_EU_003530,NL,Subscription,23,7195.26,-9.82,37,194.47,2,14,2,0,0,0.138,0
SMB_EU_003531,FR,Retail,12,3861.3,-6.05,23,167.88,3,14,4,1,2,0.122,0
SMB_EU_003532,ES,Subscription,21,2320.21,-4.12,15,154.68,1,9,0,0,0,0.053,0
SMB_EU_003533,FR,E-commerce,12,11829.79,2.11,47,251.7,2,9,1,0,1,0.081,0
SMB_EU_003534,FR,Services,17,6374.39,7.74,26,245.17,1,9,1,1,2,0.053,0
SMB_EU_003535,FR,E-commerce,6,9869.36,12.11,42,234.98,2,9,0,2,0,0.205,0
SMB_EU_003536,DE,E-commerce,26,7973.34,33.83,49,162.72,3,13,1,1,0,0.107,0
SMB_EU_003537,FR,Hospitality,29,4315.16,1.85,17,253.83,1,16,0,0,1,0.083,0
SMB_EU_003538,FR,Services,17,10541.85,11.04,36,292.83,2,11,0,1,3,0.14,0
SMB_EU_003539,IT,Retail,56,3468.26,-23.81,15,231.22,3,11,0,1,1,0.085,0
SMB_EU_003540,DE,Hospitality,18,4082.62,-5.69,24,170.11,2,9,1,0,2,0.112,0
SMB_EU_003541,DE,Retail,23,16541.89,-39.83,65,254.49,1,12,0,1,0,0.157,0
SMB_EU_003542,ES,E-commerce,16,20177.25,-15.26,94,214.65,4,8,2,0,2,0.066,0
SMB_EU_003543,DE,E-commerce,19,16701.97,-8.04,61,273.8,1,17,1,0,1,0.107,0
SMB_EU_003544,FR,E-commerce,42,10165.33,-48.67,43,236.4,1,3,2,0,0,0.081,0
SMB_EU_003545,UK,E-commerce,9,15277.07,-60.96,61,250.44,4,6,1,0,2,0.016,1
SMB_EU_003546,DE,Retail,35,5793.54,39.03,26,222.83,1,9,1,1,2,0.112,0
SMB_EU_003547,DE,Retail,15,4776.99,-46.07,48,99.52,3,8,1,1,0,0.057,0
SMB_EU_003548,NL,Retail,9,4184.58,30.02,22,190.21,1,7,0,0,2,0.142,0
SMB_EU_003549,FR,E-commerce,20,24010.89,22.39,260,92.35,3,9,0,0,0,0.036,0
SMB_EU_003550,IT,Subscription,69,8679.65,-9.59,49,177.14,3,9,0,1,2,0.023,0
SMB_EU_003551,ES,Retail,38,9661.51,0.56,41,235.65,2,11,2,1,1,0.158,1
SMB_EU_003552,DE,Subscription,19,9857.46,-36.69,57,172.94,2,13,1,0,3,0.133,0
SMB_EU_003553,IT,Services,12,6514.23,-2.43,81,80.42,1,13,0,0,1,0.173,0
SMB_EU_003554,NL,Hospitality,80,5149.65,-48.65,32,160.93,1,8,1,2,2,0.061,0
SMB_EU_003555,DE,Hospitality,31,4494.1,-6.62,47,95.62,3,5,0,1,0,0.108,0
SMB_EU_003556,IT,Services,26,3065.68,5.39,12,255.47,3,17,1,0,2,0.125,0
SMB_EU_003557,FR,Retail,37,3424.86,5.0,14,244.63,3,10,0,0,0,0.08,0
SMB_EU_003558,NL,E-commerce,40,7650.95,3.8,30,255.03,4,13,2,0,1,0.139,0
SMB_EU_003559,DE,Hospitality,18,4818.72,-0.9,56,86.05,4,11,1,1,0,0.015,0
SMB_EU_003560,NL,Hospitality,46,2293.17,12.91,26,88.2,3,14,1,0,0,0.025,0
SMB_EU_003561,FR,Services,7,2181.62,-3.86,8,272.7,4,14,0,0,1,0.048,0
SMB_EU_003562,ES,Retail,39,14950.21,20.87,139,107.56,1,9,1,1,1,0.172,0
SMB_EU_003563,DE,Hospitality,18,6863.84,-71.51,30,228.79,3,16,1,0,0,0.122,1
SMB_EU_003564,FR,E-commerce,57,11438.08,9.85,45,254.18,3,7,1,0,0,0.075,0
SMB_EU_003565,NL,E-commerce,17,58615.25,7.33,328,178.71,1,15,1,0,3,0.098,0
SMB_EU_003566,ES,E-commerce,50,5579.51,-10.12,28,199.27,4,6,0,1,1,0.03,0
SMB_EU_003567,IT,Hospitality,32,10773.9,-5.33,83,129.81,1,9,0,0,2,0.08,0
SMB_EU_003568,IT,Services,44,4676.54,6.97,17,275.09,2,9,0,0,1,0.021,0
SMB_EU_003569,ES,E-commerce,27,24024.6,13.74,164,146.49,1,16,0,0,0,0.024,0
SMB_EU_003570,UK,Services,5,5337.78,-81.67,42,127.09,2,10,0,0,2,0.051,1
SMB_EU_003571,FR,E-commerce,54,4877.84,9.42,25,195.11,2,10,2,0,1,0.051,0
SMB_EU_003572,NL,Retail,57,8471.59,-6.86,69,122.78,2,6,1,0,0,0.068,0
SMB_EU_003573,UK,Retail,20,9784.26,-34.74,42,232.96,3,9,1,0,2,0.115,1
SMB_EU_003574,UK,Retail,15,2147.38,-27.59,11,195.22,3,14,0,0,2,0.12,1
SMB_EU_003575,UK,E-commerce,47,48157.61,36.68,428,112.52,3,9,1,0,1,0.069,0
SMB_EU_003576,FR,E-commerce,32,18079.43,-13.29,191,94.66,1,10,1,0,1,0.139,0
SMB_EU_003577,DE,Services,23,7482.98,21.45,68,110.04,2,10,2,0,1,0.115,0
SMB_EU_003578,NL,Services,36,2484.62,-1.04,23,108.03,3,7,0,1,0,0.094,0
SMB_EU_003579,ES,Retail,20,12107.34,-12.28,81,149.47,3,13,1,0,0,0.047,0
SMB_EU_003580,NL,Retail,56,15381.17,3.98,58,265.19,3,8,0,0,3,0.028,0
SMB_EU_003581,NL,E-commerce,21,17464.86,15.44,189,92.41,1,6,0,1,1,0.083,0
SMB_EU_003582,ES,E-commerce,47,14915.89,-23.29,138,108.09,1,8,1,0,3,0.234,1
SMB_EU_003583,FR,Retail,27,4679.96,10.52,32,146.25,4,10,0,0,1,0.094,0
SMB_EU_003584,UK,Retail,33,7026.7,-0.18,35,200.76,3,6,0,1,3,0.095,0
SMB_EU_003585,FR,Subscription,79,6619.41,8.66,27,245.16,1,6,0,0,2,0.116,0
SMB_EU_003586,FR,Services,18,7047.23,0.16,25,281.89,2,17,0,0,1,0.025,0
SMB_EU_003587,NL,Retail,45,4804.32,-8.58,28,171.58,2,6,0,0,0,0.125,0
SMB_EU_003588,ES,E-commerce,67,21048.74,-16.7,204,103.18,2,8,1,1,0,0.099,0
SMB_EU_003589,DE,E-commerce,44,9067.16,10.09,71,127.71,2,15,0,0,0,0.049,0
SMB_EU_003590,DE,Services,58,4271.76,10.01,30,142.39,2,11,1,1,1,0.083,0
SMB_EU_003591,UK,E-commerce,29,21707.91,9.93,86,252.42,4,9,0,0,2,0.035,0
SMB_EU_003592,DE,Retail,42,5244.41,6.41,23,228.02,4,11,0,1,1,0.197,0
SMB_EU_003593,IT,Services,50,7387.28,14.17,59,125.21,4,13,1,0,2,0.038,0
SMB_EU_003594,IT,E-commerce,26,20902.04,-22.27,79,264.58,3,13,2,1,3,0.029,0
SMB_EU_003595,NL,E-commerce,13,12749.34,-28.15,47,271.26,1,7,3,1,1,0.03,0
SMB_EU_003596,IT,E-commerce,12,30117.91,-35.13,110,273.8,2,8,0,1,0,0.019,0
SMB_EU_003597,FR,E-commerce,73,15716.65,25.77,112,140.33,2,13,2,0,1,0.046,0
SMB_EU_003598,IT,E-commerce,65,29061.55,-20.12,266,109.25,3,4,2,1,2,0.378,1
SMB_EU_003599,FR,Retail,15,23465.25,-75.64,228,102.92,4,9,1,0,1,0.153,1
SMB_EU_003600,IT,E-commerce,58,12978.18,-41.87,77,168.55,2,4,0,0,0,0.023,0
SMB_EU_003601,DE,Retail,36,11780.13,-24.81,68,173.24,1,5,1,1,1,0.033,0
SMB_EU_003602,IT,Services,27,3410.63,-5.72,13,262.36,1,11,0,0,1,0.017,0
SMB_EU_003603,DE,Retail,15,4304.9,-14.22,31,138.87,2,9,0,1,1,0.149,0
SMB_EU_003604,FR,Retail,24,7114.72,-3.5,33,215.6,1,12,2,0,1,0.074,0
SMB_EU_003605,DE,Hospitality,13,2649.05,4.2,10,264.9,4,6,2,0,1,0.075,0
SMB_EU_003606,DE,Services,21,2848.73,-5.15,20,142.44,2,12,1,0,1,0.099,0
SMB_EU_003607,ES,Services,12,7129.9,-5.91,51,139.8,4,11,1,0,1,0.034,0
SMB_EU_003608,FR,E-commerce,8,11021.64,3.87,49,224.93,1,14,0,1,2,0.088,0
SMB_EU_003609,UK,Retail,59,12252.75,15.66,51,240.25,1,11,1,1,2,0.044,0
SMB_EU_003610,UK,Services,23,5983.98,24.04,21,284.95,2,11,2,0,1,0.019,0
SMB_EU_003611,IT,Hospitality,34,18218.76,-3.28,68,267.92,3,14,1,0,1,0.139,0
SMB_EU_003612,DE,Retail,17,10957.72,-26.32,42,260.9,2,10,1,1,0,0.089,0
SMB_EU_003613,FR,Subscription,22,17562.32,13.15,76,231.08,3,8,2,0,3,0.099,0
SMB_EU_003614,ES,Retail,12,10181.5,-18.48,96,106.06,2,13,0,0,3,0.17,0
SMB_EU_003615,FR,Subscription,73,10848.87,-18.92,42,258.31,3,7,1,1,2,0.103,1
SMB_EU_003616,DE,Services,3,10057.09,-8.66,35,287.35,1,13,0,0,2,0.058,0
SMB_EU_003617,IT,Hospitality,48,8962.4,21.67,54,165.97,2,10,1,0,0,0.148,0
SMB_EU_003618,UK,Subscription,17,10208.93,-7.52,69,147.96,1,14,0,0,2,0.1,0
SMB_EU_003619,ES,Services,12,5656.64,-28.39,29,195.06,1,12,0,0,0,0.048,0
SMB_EU_003620,DE,Retail,8,11049.43,-3.43,38,290.77,2,8,1,1,0,0.075,0
SMB_EU_003621,IT,E-commerce,29,10026.44,-29.71,110,91.15,1,7,0,0,0,0.06,0
SMB_EU_003622,FR,Retail,44,5213.03,-15.82,22,236.96,3,8,0,1,1,0.086,0
SMB_EU_003623,DE,E-commerce,41,35279.21,-8.81,136,259.41,3,10,0,1,0,0.023,0
SMB_EU_003624,UK,Services,19,15303.57,-50.49,60,255.06,2,10,1,2,0,0.033,1
SMB_EU_003625,FR,E-commerce,22,8591.05,-40.96,42,204.55,4,5,2,0,2,0.016,0
SMB_EU_003626,FR,E-commerce,12,10040.77,10.41,36,278.91,4,10,1,0,0,0.037,0
SMB_EU_003627,DE,Hospitality,13,11908.75,-17.69,109,109.25,4,11,2,0,3,0.022,1
SMB_EU_003628,UK,Services,59,6886.41,-5.58,51,135.03,2,8,1,0,1,0.123,0
SMB_EU_003629,ES,Retail,5,12004.7,1.15,81,148.21,2,12,0,0,1,0.023,0
SMB_EU_003630,IT,E-commerce,5,25687.67,-3.93,314,81.81,1,12,1,1,2,0.129,0
SMB_EU_003631,ES,Retail,15,6924.06,-4.04,43,161.02,1,12,0,0,2,0.033,0
SMB_EU_003632,DE,Hospitality,73,7313.64,-25.84,63,116.09,2,12,4,0,0,0.104,0
SMB_EU_003633,NL,Retail,27,9306.91,-17.29,39,238.64,2,10,2,0,0,0.012,0
SMB_EU_003634,FR,Hospitality,108,3584.66,-65.55,21,170.7,2,11,0,0,0,0.265,0
SMB_EU_003635,DE,E-commerce,20,18121.6,-46.4,77,235.35,2,9,2,0,1,0.039,1
SMB_EU_003636,NL,Retail,42,16811.58,9.61,116,144.93,1,12,0,1,2,0.014,0
SMB_EU_003637,UK,Subscription,54,7365.04,-20.59,68,108.31,3,5,0,1,1,0.146,0
SMB_EU_003638,DE,Retail,96,8766.9,10.3,80,109.59,2,15,3,1,1,0.154,0
SMB_EU_003639,FR,E-commerce,16,16980.67,8.98,136,124.86,2,6,0,2,5,0.052,0
SMB_EU_003640,DE,Retail,27,6743.93,-8.16,64,105.37,2,9,0,1,1,0.072,0
SMB_EU_003641,FR,E-commerce,23,22515.21,15.01,175,128.66,1,12,0,1,1,0.05,0
SMB_EU_003642,UK,E-commerce,45,9974.29,11.15,48,207.8,4,11,0,0,0,0.075,0
SMB_EU_003643,NL,E-commerce,68,33369.34,-44.46,245,136.2,1,9,1,1,1,0.043,0
SMB_EU_003644,NL,Retail,68,11648.35,-6.33,75,155.31,2,6,2,1,1,0.149,0
SMB_EU_003645,ES,E-commerce,16,8550.49,-11.37,93,91.94,4,9,1,2,2,0.145,0
SMB_EU_003646,DE,Hospitality,13,16619.31,3.48,60,276.99,1,10,0,0,0,0.034,0
SMB_EU_003647,NL,Services,41,5530.61,15.67,50,110.61,2,12,1,0,0,0.01,0
SMB_EU_003648,NL,E-commerce,10,9720.93,-35.83,62,156.79,2,14,1,0,0,0.034,0
SMB_EU_003649,IT,Hospitality,45,11640.52,1.48,71,163.95,1,11,2,0,2,0.117,0
SMB_EU_003650,UK,Retail,26,10764.4,-23.66,43,250.33,2,13,0,0,2,0.176,0
SMB_EU_003651,ES,E-commerce,61,5180.36,-0.39,28,185.01,2,14,0,0,5,0.03,0
SMB_EU_003652,FR,Retail,55,5836.0,10.71,36,162.11,1,7,0,0,0,0.163,0
SMB_EU_003653,ES,Retail,29,9458.37,-12.35,41,230.69,2,11,1,0,3,0.05,0
SMB_EU_003654,DE,Retail,10,2189.56,-14.07,10,218.96,1,6,0,1,0,0.02,1
SMB_EU_003655,DE,E-commerce,10,15785.51,-62.04,162,97.44,4,6,1,1,2,0.047,1
SMB_EU_003656,DE,Hospitality,27,6596.55,-1.43,44,149.92,3,6,1,0,1,0.022,0
SMB_EU_003657,FR,Subscription,37,4424.38,-68.06,15,294.96,1,7,1,0,3,0.216,1
SMB_EU_003658,NL,Retail,21,9410.52,14.68,51,184.52,3,13,0,1,1,0.165,0
SMB_EU_003659,IT,Hospitality,12,6026.93,-1.05,35,172.2,2,7,0,0,2,0.137,0
SMB_EU_003660,UK,Services,21,2446.51,1.83,22,111.2,1,10,1,0,1,0.041,0
SMB_EU_003661,NL,Hospitality,61,10417.59,9.3,39,267.12,1,10,0,1,3,0.044,0
SMB_EU_003662,NL,E-commerce,21,24797.99,-1.08,227,109.24,2,8,0,0,0,0.037,0
SMB_EU_003663,DE,E-commerce,17,12606.44,-12.26,122,103.33,1,9,1,0,0,0.169,1
SMB_EU_003664,DE,Retail,10,7101.41,-0.95,40,177.54,1,13,1,0,1,0.08,0
SMB_EU_003665,IT,E-commerce,25,23192.03,-12.84,132,175.7,2,10,2,0,1,0.041,0
SMB_EU_003666,NL,Services,55,4432.84,1.62,15,295.52,4,17,0,2,5,0.131,0
SMB_EU_003667,ES,Retail,57,2511.54,14.95,23,109.2,2,12,0,0,1,0.106,0
SMB_EU_003668,DE,Retail,14,10714.56,-51.06,57,187.97,2,8,1,1,0,0.043,1
SMB_EU_003669,DE,Services,29,3069.4,-44.88,25,122.78,4,7,1,0,1,0.034,0
SMB_EU_003670,NL,Services,15,3957.18,0.74,17,232.78,1,10,1,0,1,0.079,0
SMB_EU_003671,FR,E-commerce,20,35973.14,-11.52,216,166.54,1,11,0,1,1,0.04,0
SMB_EU_003672,DE,Hospitality,25,5536.55,0.48,25,221.46,4,12,2,2,1,0.028,0
SMB_EU_003673,ES,E-commerce,18,15015.62,4.81,97,154.8,2,11,1,0,0,0.04,0
SMB_EU_003674,DE,Retail,1,10861.69,-32.16,53,204.94,1,5,0,0,0,0.083,0
SMB_EU_003675,IT,E-commerce,74,20312.79,10.35,111,183.0,3,14,0,1,1,0.043,0
SMB_EU_003676,FR,Hospitality,16,3456.45,-57.94,21,164.59,3,8,0,1,2,0.019,0
SMB_EU_003677,DE,Subscription,15,8680.21,-0.34,44,197.28,1,16,0,1,3,0.068,0
SMB_EU_003678,FR,Retail,14,8175.43,-9.89,50,163.51,2,7,2,1,2,0.044,0
SMB_EU_003679,ES,E-commerce,7,17659.37,-8.28,69,255.93,1,14,2,1,2,0.031,0
SMB_EU_003680,FR,E-commerce,75,17842.5,25.41,94,189.81,2,11,3,1,2,0.043,0
SMB_EU_003681,ES,E-commerce,26,70846.46,-34.18,254,278.92,3,8,1,1,1,0.116,1
SMB_EU_003682,DE,Retail,37,3950.83,13.57,31,127.45,1,9,0,0,1,0.093,0
SMB_EU_003683,ES,E-commerce,34,27007.25,-21.17,258,104.68,3,9,0,1,1,0.113,1
SMB_EU_003684,FR,Services,18,10170.22,9.3,62,164.04,3,5,0,0,0,0.081,0
SMB_EU_003685,IT,Hospitality,26,8064.16,6.26,67,120.36,1,8,0,0,0,0.246,0
SMB_EU_003686,IT,E-commerce,43,10153.93,3.82,61,166.46,2,9,2,0,1,0.202,0
SMB_EU_003687,UK,E-commerce,8,40725.36,16.61,324,125.7,2,12,1,0,2,0.107,0
SMB_EU_003688,FR,E-commerce,20,4026.35,2.35,15,268.42,2,8,0,0,3,0.06,0
SMB_EU_003689,DE,E-commerce,22,9955.15,34.28,49,203.17,4,7,1,0,1,0.127,0
SMB_EU_003690,DE,Services,17,10099.11,14.41,53,190.55,1,12,0,0,1,0.08,0
SMB_EU_003691,ES,Subscription,17,7207.76,-17.09,28,257.42,1,18,2,0,1,0.079,0
SMB_EU_003692,NL,E-commerce,30,39092.43,-2.65,360,108.59,3,10,2,0,3,0.036,0
SMB_EU_003693,ES,E-commerce,63,6055.5,5.96,23,263.28,2,16,0,0,1,0.062,0
SMB_EU_003694,FR,Services,36,2565.56,0.67,14,183.25,4,7,0,0,1,0.095,0
SMB_EU_003695,FR,E-commerce,14,10903.32,10.3,99,110.13,1,6,0,0,3,0.082,0
SMB_EU_003696,DE,Hospitality,120,7707.54,11.96,30,256.92,2,12,2,0,3,0.121,0
SMB_EU_003697,UK,Retail,64,7002.24,-20.39,39,179.54,2,12,1,0,0,0.038,0
SMB_EU_003698,IT,Services,18,3725.49,19.22,17,219.15,3,16,1,1,0,0.013,0
SMB_EU_003699,UK,E-commerce,64,35173.33,-7.45,127,276.96,2,7,0,0,1,0.079,0
SMB_EU_003700,FR,Services,30,12397.62,-8.94,45,275.5,3,6,1,0,1,0.018,0
SMB_EU_003701,IT,Services,10,3899.35,-8.99,14,278.53,1,12,0,0,0,0.056,0
SMB_EU_003702,IT,Retail,59,2867.9,12.13,17,168.7,2,7,2,0,1,0.075,0
SMB_EU_003703,FR,Services,14,1370.19,-55.8,6,228.36,1,9,1,1,3,0.171,1
SMB_EU_003704,UK,Services,37,5771.96,-41.3,44,131.18,4,4,0,0,2,0.111,0
SMB_EU_003705,UK,E-commerce,29,22234.02,-6.36,85,261.58,1,6,1,1,2,0.082,0
SMB_EU_003706,UK,Retail,39,8308.18,-26.92,54,153.86,2,6,1,1,1,0.037,0
SMB_EU_003707,ES,Retail,79,7666.78,-12.63,42,182.54,1,7,0,2,0,0.073,0
SMB_EU_003708,FR,E-commerce,26,9256.49,-18.59,34,272.25,4,7,1,0,1,0.016,0
SMB_EU_003709,FR,E-commerce,10,22221.01,-4.04,86,258.38,2,7,1,1,0,0.071,1
SMB_EU_003710,UK,Hospitality,15,16422.8,9.96,57,288.12,4,13,0,0,0,0.101,0
SMB_EU_003711,DE,Retail,9,2115.55,8.31,13,162.73,1,10,1,0,1,0.145,1
SMB_EU_003712,ES,Services,7,4772.82,18.85,42,113.64,1,2,1,0,0,0.179,0
SMB_EU_003713,ES,E-commerce,54,8379.94,15.51,30,279.33,2,12,0,0,1,0.121,0
SMB_EU_003714,IT,Retail,28,3271.22,-7.93,17,192.42,2,10,3,0,1,0.111,0
SMB_EU_003715,UK,E-commerce,24,7614.58,0.29,28,271.95,1,11,1,1,1,0.002,0
SMB_EU_003716,FR,E-commerce,18,18837.58,-0.49,78,241.51,3,9,1,1,1,0.049,0
SMB_EU_003717,FR,Retail,46,10200.32,-32.27,37,275.68,1,7,3,1,2,0.098,0
SMB_EU_003718,DE,E-commerce,69,36025.35,-64.09,161,223.76,2,2,0,0,0,0.079,0
SMB_EU_003719,NL,Retail,13,8042.26,-2.51,31,259.43,2,8,1,0,2,0.073,0
SMB_EU_003720,FR,Services,36,1741.08,-2.59,16,108.82,2,9,0,0,2,0.164,1
SMB_EU_003721,FR,Services,52,4334.2,7.68,15,288.95,2,13,0,0,0,0.076,0
SMB_EU_003722,ES,E-commerce,31,6528.8,-17.1,54,120.9,1,13,2,0,1,0.07,0
SMB_EU_003723,UK,Services,44,2423.86,-80.99,28,86.57,4,14,1,0,1,0.024,0
SMB_EU_003724,DE,Services,10,7083.54,7.78,36,196.76,3,9,0,0,0,0.046,0
SMB_EU_003725,FR,Retail,70,8988.54,2.68,38,236.54,2,8,1,0,2,0.078,0
SMB_EU_003726,UK,Subscription,46,12804.08,9.35,54,237.11,2,6,1,1,0,0.055,0
SMB_EU_003727,DE,Services,39,4034.74,16.0,26,155.18,1,12,1,1,2,0.064,0
SMB_EU_003728,DE,Retail,49,12855.34,-2.14,52,247.22,2,7,2,0,3,0.125,0
SMB_EU_003729,DE,Retail,21,6242.62,-30.89,24,260.11,2,10,0,0,1,0.115,1
SMB_EU_003730,IT,Retail,11,15634.05,-13.34,73,214.17,2,8,0,1,1,0.009,0
SMB_EU_003731,DE,Retail,9,9837.73,-14.19,60,163.96,3,5,2,0,3,0.109,0
SMB_EU_003732,UK,Services,8,4416.02,6.43,21,210.29,1,5,1,0,3,0.114,1
SMB_EU_003733,NL,E-commerce,36,17035.61,-5.53,63,270.41,1,10,1,0,1,0.09,0
SMB_EU_003734,NL,Services,19,4946.7,3.92,18,274.82,2,14,3,1,0,0.125,0
SMB_EU_003735,FR,Services,67,13028.01,29.89,150,86.85,3,10,1,1,0,0.09,0
SMB_EU_003736,NL,Hospitality,58,6951.95,-29.63,65,106.95,1,12,1,1,3,0.042,0
SMB_EU_003737,IT,Hospitality,46,5994.2,3.18,74,81.0,2,11,0,0,1,0.142,0
SMB_EU_003738,ES,Retail,39,6933.38,-13.04,37,187.39,1,7,1,0,2,0.044,0
SMB_EU_003739,ES,E-commerce,15,24877.42,-25.5,141,176.44,3,14,1,2,1,0.033,0
SMB_EU_003740,IT,Hospitality,17,9175.23,-1.09,46,199.46,2,10,2,1,1,0.121,0
SMB_EU_003741,UK,Retail,15,6787.87,16.0,29,234.06,3,18,0,0,1,0.102,0
SMB_EU_003742,ES,Retail,11,3999.05,-4.84,25,159.96,2,7,1,1,3,0.037,0
SMB_EU_003743,ES,Services,24,2910.3,6.02,23,126.53,3,9,0,1,1,0.089,0
SMB_EU_003744,DE,Hospitality,51,5372.33,21.4,32,167.89,3,9,0,1,2,0.141,0
SMB_EU_003745,DE,E-commerce,23,33696.93,-24.16,411,81.99,3,13,1,1,1,0.03,0
SMB_EU_003746,DE,Hospitality,14,5163.7,6.43,20,258.19,3,5,2,0,2,0.066,0
SMB_EU_003747,IT,Services,23,3500.7,2.55,21,166.7,2,7,1,0,0,0.084,0
SMB_EU_003748,FR,E-commerce,30,5215.41,-22.78,24,217.31,2,8,0,0,0,0.109,1
SMB_EU_003749,FR,Retail,18,19837.35,-9.45,131,151.43,3,8,1,1,1,0.051,0
SMB_EU_003750,UK,Subscription,24,12662.46,-4.21,59,214.62,2,9,0,1,1,0.055,0
SMB_EU_003751,UK,E-commerce,120,24183.15,-12.78,122,198.22,1,6,1,0,2,0.008,0
SMB_EU_003752,UK,Retail,8,14245.69,3.73,113,126.07,3,7,0,1,0,0.045,0
SMB_EU_003753,FR,E-commerce,4,13588.34,28.67,62,219.17,2,8,1,0,2,0.083,1
SMB_EU_003754,IT,Services,28,5260.32,22.77,51,103.14,1,9,0,0,1,0.018,0
SMB_EU_003755,FR,Retail,35,19542.72,3.66,105,186.12,2,13,1,0,0,0.013,0
SMB_EU_003756,DE,E-commerce,23,16706.51,11.69,70,238.66,4,13,1,0,0,0.047,0
SMB_EU_003757,DE,Retail,12,11381.13,-10.93,57,199.67,3,11,0,0,0,0.065,0
SMB_EU_003758,FR,Subscription,67,15173.57,-5.54,62,244.73,2,6,2,0,2,0.025,0
SMB_EU_003759,NL,Retail,27,11765.84,-23.43,84,140.07,1,10,1,2,2,0.075,1
SMB_EU_003760,ES,Hospitality,29,5555.89,13.69,61,91.08,3,9,0,0,1,0.027,0
SMB_EU_003761,DE,Subscription,45,8818.87,7.43,96,91.86,2,13,1,0,1,0.047,0
SMB_EU_003762,ES,Retail,23,12756.31,-11.34,92,138.66,1,14,1,0,2,0.094,0
SMB_EU_003763,NL,Subscription,21,14336.75,-3.13,84,170.68,4,14,0,1,2,0.068,0
SMB_EU_003764,FR,Subscription,67,18140.81,-17.01,92,197.18,1,7,0,0,0,0.027,1
SMB_EU_003765,NL,Services,6,6959.42,-75.79,28,248.55,2,8,3,0,0,0.082,1
SMB_EU_003766,FR,Retail,33,11443.31,-75.71,43,266.12,1,7,1,0,0,0.114,1
SMB_EU_003767,IT,Hospitality,31,4590.64,11.51,20,229.53,4,10,0,0,1,0.215,0
SMB_EU_003768,NL,Services,19,3528.06,18.08,19,185.69,1,15,1,0,2,0.093,0
SMB_EU_003769,DE,Subscription,23,14376.62,-32.43,104,138.24,2,6,0,2,0,0.159,0
SMB_EU_003770,DE,Retail,63,5668.53,27.57,33,171.77,3,6,2,1,1,0.011,0
SMB_EU_003771,IT,Services,14,4938.28,-0.18,35,141.09,1,15,0,1,0,0.158,0
SMB_EU_003772,UK,E-commerce,43,34310.94,4.35,158,217.16,1,14,1,0,1,0.075,0
SMB_EU_003773,FR,Retail,26,16639.57,-22.09,64,259.99,1,12,2,1,2,0.092,0
SMB_EU_003774,ES,E-commerce,40,17977.55,19.81,93,193.31,2,8,1,0,2,0.098,0
SMB_EU_003775,IT,Services,35,4186.04,3.0,46,91.0,2,7,0,0,2,0.069,0
SMB_EU_003776,UK,E-commerce,3,13929.69,-34.48,49,284.28,3,12,1,0,0,0.076,0
SMB_EU_003777,ES,E-commerce,13,25245.46,18.31,174,145.09,1,7,2,0,2,0.09,0
SMB_EU_003778,IT,Subscription,15,8805.05,20.02,31,284.03,3,9,0,1,3,0.093,0
SMB_EU_003779,IT,E-commerce,12,10730.4,-9.72,41,261.72,4,10,0,1,1,0.033,0
SMB_EU_003780,UK,Hospitality,17,12443.82,-3.12,73,170.46,3,14,0,1,3,0.207,0
SMB_EU_003781,FR,E-commerce,29,16726.77,-9.18,181,92.41,2,12,2,1,2,0.049,0
SMB_EU_003782,FR,E-commerce,48,10608.94,13.43,37,286.73,4,17,3,0,5,0.047,0
SMB_EU_003783,DE,Hospitality,9,7997.46,4.99,36,222.15,4,13,1,1,0,0.006,0
SMB_EU_003784,ES,Subscription,27,16118.31,16.04,119,135.45,2,8,0,0,0,0.036,0
SMB_EU_003785,ES,E-commerce,32,8194.36,16.69,42,195.1,1,12,0,0,0,0.337,0
SMB_EU_003786,DE,Services,55,4433.39,-25.91,20,221.67,4,5,2,1,3,0.095,0
SMB_EU_003787,IT,Retail,72,6899.38,20.26,53,130.18,3,13,1,1,1,0.044,0
SMB_EU_003788,NL,Retail,23,10494.11,14.26,104,100.9,1,10,1,1,4,0.012,1
SMB_EU_003789,DE,E-commerce,12,21916.84,-5.54,158,138.71,4,3,2,1,2,0.03,0
SMB_EU_003790,UK,Retail,34,5746.31,5.25,64,89.79,2,11,1,0,1,0.241,0
SMB_EU_003791,DE,E-commerce,12,6125.13,-27.99,64,95.71,1,9,0,0,0,0.058,0
SMB_EU_003792,DE,E-commerce,32,27858.26,-11.47,243,114.64,1,11,1,0,2,0.1,0
SMB_EU_003793,IT,Retail,14,4085.62,-5.57,36,113.49,1,14,2,0,0,0.15,0
SMB_EU_003794,ES,E-commerce,37,17650.44,7.18,131,134.74,2,7,2,0,0,0.072,0
SMB_EU_003795,DE,E-commerce,15,13857.99,1.01,48,288.71,2,9,1,0,0,0.107,0
SMB_EU_003796,IT,Hospitality,67,6614.25,-6.48,32,206.7,2,10,1,0,3,0.113,0
SMB_EU_003797,NL,Subscription,26,24239.05,2.85,140,173.14,2,7,3,1,3,0.088,0
SMB_EU_003798,DE,Hospitality,6,37141.26,40.6,182,204.07,3,8,0,0,1,0.133,0
SMB_EU_003799,DE,E-commerce,49,5629.31,-10.28,69,81.58,1,12,0,0,1,0.028,0
SMB_EU_003800,IT,Subscription,23,16241.48,-3.75,59,275.28,4,11,1,1,0,0.061,0
SMB_EU_003801,FR,Services,39,4552.56,-10.02,23,197.94,3,7,2,0,4,0.01,0
SMB_EU_003802,UK,Retail,50,15001.56,-51.86,84,178.59,3,10,0,0,4,0.082,0
SMB_EU_003803,ES,Retail,27,14207.92,-13.53,49,289.96,2,14,0,1,1,0.081,0
SMB_EU_003804,UK,Hospitality,8,13979.7,10.74,58,241.03,4,8,0,0,0,0.102,0
SMB_EU_003805,FR,Hospitality,29,7118.79,-0.09,46,154.76,1,8,0,0,2,0.073,0
SMB_EU_003806,UK,Services,62,2932.02,-35.82,10,293.2,1,9,0,0,1,0.018,0
SMB_EU_003807,NL,Services,24,8723.56,-24.74,33,264.35,3,9,1,1,0,0.102,1
SMB_EU_003808,FR,Hospitality,35,6440.19,-2.44,22,292.74,3,13,0,0,1,0.123,0
SMB_EU_003809,DE,Subscription,14,7821.83,-56.55,77,101.58,1,13,2,0,1,0.054,1
SMB_EU_003810,DE,E-commerce,7,11271.93,12.45,39,289.02,2,7,0,2,0,0.091,0
SMB_EU_003811,IT,Retail,23,14632.47,2.54,73,200.44,2,21,0,0,1,0.049,0
SMB_EU_003812,NL,Services,27,13084.91,0.33,57,229.56,2,12,0,0,2,0.075,0
SMB_EU_003813,FR,E-commerce,54,7321.67,-6.99,58,126.24,2,11,0,0,0,0.235,0
SMB_EU_003814,IT,Services,28,7261.67,11.17,65,111.72,4,11,2,0,0,0.058,0
SMB_EU_003815,FR,Subscription,51,7197.92,5.23,74,97.27,4,10,2,0,1,0.011,0
SMB_EU_003816,IT,Hospitality,19,2487.79,-26.5,14,177.7,4,9,1,0,1,0.016,0
SMB_EU_003817,FR,Hospitality,8,6556.02,-18.38,51,128.55,2,9,0,0,1,0.179,0
SMB_EU_003818,ES,E-commerce,36,9099.03,16.02,93,97.84,1,13,1,0,1,0.066,0
SMB_EU_003819,ES,E-commerce,66,5820.57,9.07,20,291.03,2,8,2,0,1,0.239,0
SMB_EU_003820,NL,E-commerce,17,9384.0,3.83,39,240.62,2,13,1,0,1,0.14,0
SMB_EU_003821,FR,Hospitality,40,3238.45,-99.69,17,190.5,1,12,1,0,1,0.181,1
SMB_EU_003822,FR,Services,41,3392.02,-0.57,14,242.29,2,10,1,0,0,0.113,0
SMB_EU_003823,ES,Hospitality,7,2708.05,-3.62,13,208.31,2,10,0,0,0,0.052,0
SMB_EU_003824,FR,Retail,22,6311.4,-9.28,53,119.08,4,11,2,0,1,0.022,0
SMB_EU_003825,DE,E-commerce,42,9777.67,11.31,45,217.28,1,10,1,0,2,0.019,0
SMB_EU_003826,DE,Services,33,6263.92,10.72,27,232.0,3,10,2,0,2,0.014,0
SMB_EU_003827,NL,E-commerce,42,21416.76,6.55,162,132.2,2,8,0,0,3,0.11,0
SMB_EU_003828,NL,E-commerce,38,17533.96,15.57,117,149.86,1,8,0,0,0,0.19,0
SMB_EU_003829,UK,Services,25,4341.29,-15.33,26,166.97,1,5,0,0,0,0.082,0
SMB_EU_003830,FR,Hospitality,27,5125.88,-6.8,24,213.58,1,10,1,0,3,0.046,0
SMB_EU_003831,FR,E-commerce,53,9077.56,1.12,84,108.07,1,12,0,1,0,0.053,0
SMB_EU_003832,ES,Services,29,3069.89,-9.33,13,236.15,1,5,0,0,0,0.203,0
SMB_EU_003833,ES,Retail,15,12202.05,10.91,78,156.44,4,11,1,1,0,0.009,0
SMB_EU_003834,FR,Subscription,23,3131.16,-7.83,13,240.86,1,9,2,0,2,0.159,0
SMB_EU_003835,NL,Retail,35,7621.75,19.48,27,282.29,3,14,0,0,1,0.125,0
SMB_EU_003836,FR,Retail,51,6588.49,-13.97,24,274.52,4,14,1,0,0,0.055,0
SMB_EU_003837,UK,Services,7,7162.92,31.98,30,238.76,2,10,1,1,2,0.044,0
SMB_EU_003838,DE,Retail,22,3402.24,30.44,28,121.51,1,4,1,0,1,0.087,0
SMB_EU_003839,UK,Services,48,5037.58,-1.42,21,239.88,2,9,2,1,0,0.123,1
SMB_EU_003840,IT,Services,14,6142.48,17.19,28,219.37,1,8,1,0,1,0.083,0
SMB_EU_003841,NL,Services,14,1594.56,-6.01,6,265.76,1,9,0,0,1,0.044,0
SMB_EU_003842,DE,Subscription,27,4723.87,-43.04,17,277.87,2,9,0,1,0,0.053,0
SMB_EU_003843,NL,E-commerce,6,14196.23,-2.64,96,147.88,2,6,0,0,2,0.039,0
SMB_EU_003844,FR,Services,77,6806.83,-19.28,31,219.58,3,10,3,1,3,0.091,0
SMB_EU_003845,DE,Retail,35,8925.76,-52.99,64,139.46,2,9,2,1,1,0.122,1
SMB_EU_003846,IT,E-commerce,40,20995.81,-4.03,134,156.69,3,11,1,0,0,0.073,0
SMB_EU_003847,UK,Services,55,2616.44,4.19,13,201.26,1,10,1,0,0,0.1,0
SMB_EU_003848,IT,E-commerce,105,5782.29,-5.31,33,175.22,1,7,0,1,3,0.03,0
SMB_EU_003849,ES,Hospitality,25,6312.07,0.55,30,210.4,2,5,0,0,1,0.07,0
SMB_EU_003850,DE,E-commerce,7,7173.82,-18.27,29,247.37,4,12,1,0,0,0.063,0
SMB_EU_003851,FR,Hospitality,33,3570.0,-6.81,17,210.0,3,8,2,2,0,0.049,0
SMB_EU_003852,DE,Subscription,14,15746.08,-5.06,54,291.59,3,14,1,0,3,0.186,0
SMB_EU_003853,IT,Retail,10,8961.17,15.81,37,242.19,2,10,2,0,0,0.061,0
SMB_EU_003854,UK,Hospitality,18,4266.84,-36.97,14,304.77,2,16,0,0,1,0.17,0
SMB_EU_003855,IT,Services,24,3289.12,0.19,14,234.94,1,13,0,0,0,0.092,0
SMB_EU_003856,DE,E-commerce,56,21771.53,-6.0,114,190.98,2,8,1,0,0,0.058,0
SMB_EU_003857,FR,Retail,79,9084.99,20.41,53,171.41,2,11,1,0,2,0.119,0
SMB_EU_003858,IT,Hospitality,11,2895.12,-7.92,12,241.26,2,10,0,0,1,0.05,0
SMB_EU_003859,FR,E-commerce,19,4661.59,7.75,20,233.08,4,7,0,1,1,0.118,0
SMB_EU_003860,ES,Retail,39,24742.51,-21.81,109,227.0,3,7,1,1,1,0.132,0
SMB_EU_003861,ES,Services,42,2401.16,-22.39,10,240.12,1,6,0,0,0,0.099,0
SMB_EU_003862,IT,E-commerce,12,20587.17,-33.96,76,270.88,4,15,1,1,3,0.073,0
SMB_EU_003863,FR,Subscription,48,22278.91,-6.47,171,130.29,1,13,0,1,3,0.154,0
SMB_EU_003864,FR,Services,15,5462.99,14.19,27,202.33,1,10,0,1,2,0.045,0
SMB_EU_003865,DE,Hospitality,12,4184.96,10.13,20,209.25,4,10,1,0,3,0.046,0
SMB_EU_003866,FR,Retail,38,3400.12,-3.5,24,141.67,2,15,0,0,0,0.031,0
SMB_EU_003867,FR,E-commerce,57,6322.05,-15.71,21,301.05,3,14,1,0,2,0.08,0
SMB_EU_003868,IT,Retail,33,10028.77,-41.81,40,250.72,1,12,1,1,0,0.055,0
SMB_EU_003869,IT,Subscription,29,21494.79,-1.01,143,150.31,4,4,0,0,1,0.007,0
SMB_EU_003870,DE,Retail,25,6310.19,-24.28,40,157.75,3,14,2,0,1,0.086,0
SMB_EU_003871,FR,E-commerce,28,10746.91,-22.99,45,238.82,2,11,3,0,0,0.077,1
SMB_EU_003872,DE,E-commerce,22,22794.95,6.56,276,82.59,3,8,1,0,2,0.163,0
SMB_EU_003873,DE,E-commerce,38,9939.15,-19.14,55,180.71,4,10,0,0,1,0.003,1
SMB_EU_003874,ES,Retail,28,9432.22,27.89,61,154.63,2,13,1,0,0,0.07,0
SMB_EU_003875,DE,Hospitality,101,6152.39,-62.91,23,267.5,2,12,0,0,1,0.069,0
SMB_EU_003876,FR,Retail,33,6257.37,-0.01,25,250.29,3,9,2,0,2,0.094,0
SMB_EU_003877,DE,Retail,22,7925.76,2.39,52,152.42,2,6,0,0,1,0.076,0
SMB_EU_003878,UK,E-commerce,11,43204.36,-10.94,160,270.03,4,8,2,1,0,0.039,0
SMB_EU_003879,IT,Services,13,7186.17,-33.6,26,276.39,1,8,0,0,0,0.045,0
SMB_EU_003880,FR,Hospitality,34,11556.64,-55.37,57,202.75,2,12,0,0,0,0.083,0
SMB_EU_003881,NL,E-commerce,17,8643.72,-11.3,75,115.25,3,7,2,0,3,0.196,0
SMB_EU_003882,ES,Hospitality,30,11580.48,1.75,46,251.75,2,12,0,0,2,0.258,0
SMB_EU_003883,UK,E-commerce,59,22009.24,-1.83,146,150.75,1,7,1,1,0,0.033,0
SMB_EU_003884,FR,Subscription,9,3660.01,3.95,19,192.63,2,10,1,1,1,0.069,0
SMB_EU_003885,UK,Retail,23,11059.79,23.43,123,89.92,4,4,1,0,0,0.194,0
SMB_EU_003886,UK,Hospitality,2,4409.65,-8.19,23,191.72,2,12,0,1,0,0.042,0
SMB_EU_003887,UK,Services,7,1977.74,-7.03,12,164.81,1,15,1,0,1,0.07,0
SMB_EU_003888,IT,Services,31,5404.89,-24.99,23,235.0,3,9,0,0,1,0.089,0
SMB_EU_003889,IT,Retail,8,11054.83,-2.93,124,89.15,2,7,1,0,1,0.135,1
SMB_EU_003890,FR,E-commerce,9,16428.46,6.15,76,216.16,2,13,1,0,3,0.019,0
SMB_EU_003891,ES,Services,73,4683.07,-7.25,19,246.48,2,6,0,0,0,0.078,0
SMB_EU_003892,NL,Retail,16,6560.65,6.25,79,83.05,1,10,1,0,2,0.091,0
SMB_EU_003893,IT,Services,12,21963.69,-2.66,90,244.04,2,12,3,0,0,0.099,0
SMB_EU_003894,NL,Services,59,2459.35,-19.53,23,106.93,2,11,0,0,2,0.042,0
SMB_EU_003895,ES,Services,12,8441.76,-50.3,36,234.49,2,10,1,1,0,0.133,1
SMB_EU_003896,ES,Retail,33,8074.37,-3.09,45,179.43,1,6,0,1,0,0.066,0
SMB_EU_003897,DE,Services,34,2994.44,1.84,15,199.63,1,6,2,0,1,0.026,0
SMB_EU_003898,ES,Hospitality,46,5828.27,-8.5,38,153.38,3,9,0,0,0,0.137,0
SMB_EU_003899,IT,Services,10,2167.73,-9.83,16,135.48,2,6,1,0,1,0.08,0
SMB_EU_003900,UK,Retail,13,5596.53,-47.82,59,94.86,1,9,4,0,2,0.099,1
SMB_EU_003901,NL,Retail,16,7777.86,-3.46,29,268.2,1,9,0,0,0,0.209,0
SMB_EU_003902,FR,E-commerce,14,5914.34,25.86,28,211.23,1,8,1,0,1,0.101,0
SMB_EU_003903,UK,Retail,44,10840.3,11.98,37,292.98,2,8,0,0,0,0.031,0
SMB_EU_003904,FR,Hospitality,34,3365.25,8.18,13,258.87,2,7,0,2,1,0.093,0
SMB_EU_003905,UK,Subscription,37,3766.67,-50.54,14,269.05,1,6,0,2,1,0.038,0
SMB_EU_003906,NL,E-commerce,7,7844.4,-30.39,37,212.01,2,8,1,1,2,0.154,0
SMB_EU_003907,NL,Services,30,18449.0,-12.11,189,97.61,1,11,1,1,1,0.127,0
SMB_EU_003908,FR,Retail,65,2441.48,-64.36,9,271.28,1,9,0,3,3,0.036,1
SMB_EU_003909,IT,Retail,93,10392.82,-51.49,98,106.05,3,8,1,0,0,0.187,0
SMB_EU_003910,FR,Retail,18,5096.02,-0.5,26,196.0,3,11,0,1,3,0.142,0
SMB_EU_003911,DE,E-commerce,47,12157.83,9.84,45,270.17,3,10,1,0,2,0.205,0
SMB_EU_003912,FR,Subscription,14,12930.43,4.1,70,184.72,1,10,0,0,0,0.187,0
SMB_EU_003913,DE,Retail,7,11159.96,-10.16,96,116.25,1,5,0,0,0,0.152,0
SMB_EU_003914,UK,Hospitality,7,3988.21,-4.68,25,159.53,2,6,0,1,0,0.279,0
SMB_EU_003915,UK,E-commerce,59,6641.62,-42.07,22,301.89,3,9,0,0,1,0.177,0
SMB_EU_003916,FR,Subscription,19,13072.48,5.16,44,297.1,2,8,0,0,3,0.12,0
SMB_EU_003917,ES,Retail,17,11143.63,3.69,47,237.1,2,14,0,1,0,0.027,0
SMB_EU_003918,FR,Retail,43,6742.7,19.23,24,280.95,1,7,2,0,3,0.059,0
SMB_EU_003919,IT,Retail,9,10429.19,-28.54,116,89.91,2,8,1,0,1,0.016,1
SMB_EU_003920,ES,E-commerce,36,11479.38,-19.79,82,139.99,3,7,0,2,1,0.043,0
SMB_EU_003921,UK,E-commerce,22,9132.39,-60.99,57,160.22,2,9,1,0,3,0.203,1
SMB_EU_003922,FR,Services,88,5011.9,-0.21,61,82.16,1,5,1,0,2,0.131,0
SMB_EU_003923,ES,Hospitality,19,8192.17,32.27,50,163.84,2,9,0,2,1,0.111,0
SMB_EU_003924,FR,Hospitality,23,7223.28,-4.95,72,100.32,3,12,1,0,4,0.147,0
SMB_EU_003925,UK,E-commerce,7,20359.5,-14.74,105,193.9,1,13,1,1,1,0.024,0
SMB_EU_003926,DE,Retail,96,5068.75,6.57,63,80.46,2,9,0,0,1,0.056,0
SMB_EU_003927,IT,E-commerce,20,38751.86,7.45,278,139.4,4,8,2,2,2,0.169,0
SMB_EU_003928,IT,Subscription,75,7328.68,-1.11,27,271.43,2,14,1,1,0,0.268,0
SMB_EU_003929,IT,Services,5,4655.68,-3.3,37,125.83,1,10,0,0,0,0.044,0
SMB_EU_003930,DE,Services,32,2266.52,14.23,24,94.44,2,8,1,0,0,0.055,0
SMB_EU_003931,UK,Services,90,4450.98,-12.8,33,134.88,1,11,0,0,1,0.07,0
SMB_EU_003932,DE,Retail,16,11009.78,-5.11,42,262.14,1,8,1,1,0,0.062,0
SMB_EU_003933,IT,Retail,30,12641.03,-7.83,60,210.68,1,7,0,2,2,0.22,1
SMB_EU_003934,FR,Retail,61,20421.86,16.41,98,208.39,1,10,0,0,1,0.074,0
SMB_EU_003935,FR,E-commerce,20,20495.21,4.28,256,80.06,3,13,0,1,0,0.181,0
SMB_EU_003936,IT,Retail,7,9445.98,-15.97,51,185.22,3,15,0,0,0,0.056,0
SMB_EU_003937,FR,E-commerce,18,11476.17,-54.87,83,138.27,1,12,2,0,2,0.042,0
SMB_EU_003938,DE,Hospitality,32,4033.83,28.1,26,155.15,4,11,1,0,1,0.036,0
SMB_EU_003939,DE,Services,32,8949.4,16.25,42,213.08,3,12,0,0,0,0.216,0
SMB_EU_003940,FR,Services,42,8847.02,12.62,32,276.47,2,14,1,1,0,0.347,0
SMB_EU_003941,ES,Subscription,13,4716.26,-21.35,39,120.93,1,12,1,0,0,0.012,0
SMB_EU_003942,UK,Retail,85,12345.59,22.63,50,246.91,3,10,0,2,1,0.03,0
SMB_EU_003943,DE,Retail,14,11818.57,-16.55,130,90.91,2,11,0,0,0,0.038,0
SMB_EU_003944,FR,Hospitality,28,3075.52,11.29,20,153.78,1,12,2,0,2,0.033,0
SMB_EU_003945,DE,E-commerce,33,20745.39,-37.22,162,128.06,1,10,1,0,2,0.104,1
SMB_EU_003946,DE,E-commerce,31,7991.05,-3.73,28,285.39,1,10,1,0,1,0.028,0
SMB_EU_003947,IT,E-commerce,10,3492.0,10.89,29,120.41,3,12,2,0,1,0.043,0
SMB_EU_003948,IT,E-commerce,62,13626.12,-2.15,66,206.46,1,8,1,0,1,0.081,0
SMB_EU_003949,DE,E-commerce,17,17509.42,-63.22,151,115.96,2,10,1,0,4,0.14,1
SMB_EU_003950,FR,E-commerce,35,13999.31,-65.92,76,184.2,1,11,1,1,1,0.063,1
SMB_EU_003951,DE,E-commerce,30,83790.05,-29.8,490,171.0,2,14,3,0,1,0.111,0
SMB_EU_003952,ES,Hospitality,30,7531.32,11.45,85,88.6,2,18,0,0,1,0.145,0
SMB_EU_003953,UK,E-commerce,7,16384.49,-15.1,63,260.07,2,13,1,0,2,0.211,0
SMB_EU_003954,DE,E-commerce,16,19410.32,27.88,77,252.08,1,9,2,0,3,0.013,0
SMB_EU_003955,FR,Retail,35,6138.93,-53.45,43,142.77,1,7,1,1,0,0.089,0
SMB_EU_003956,UK,E-commerce,7,26199.43,-2.63,122,214.75,1,5,0,0,2,0.042,0
SMB_EU_003957,UK,Services,22,6209.24,-27.14,39,159.21,2,11,0,0,1,0.005,0
SMB_EU_003958,FR,Services,28,6040.83,10.97,24,251.7,1,8,1,2,1,0.02,0
SMB_EU_003959,DE,Hospitality,40,4125.91,14.83,18,229.22,2,10,2,1,1,0.019,0
SMB_EU_003960,DE,Retail,28,3129.41,19.55,31,100.95,1,7,2,0,2,0.167,0
SMB_EU_003961,IT,Hospitality,23,4441.21,-22.92,17,261.25,4,9,3,0,3,0.114,0
SMB_EU_003962,FR,Hospitality,31,7108.84,-31.48,60,118.48,2,5,2,1,2,0.041,0
SMB_EU_003963,DE,E-commerce,22,11487.17,8.65,97,118.42,1,6,0,2,1,0.109,0
SMB_EU_003964,IT,E-commerce,13,17869.34,2.23,74,241.48,1,15,0,0,1,0.198,0
SMB_EU_003965,DE,E-commerce,18,13047.98,4.4,108,120.81,1,12,0,0,1,0.08,0
SMB_EU_003966,ES,Hospitality,34,7768.73,-5.4,73,106.42,4,11,1,0,1,0.131,0
SMB_EU_003967,FR,Services,23,2782.48,23.26,18,154.58,1,11,1,1,3,0.106,0
SMB_EU_003968,DE,Retail,114,8981.58,-0.06,34,264.16,3,10,2,1,0,0.152,0
SMB_EU_003969,IT,Services,10,3403.71,-58.43,29,117.37,2,13,3,0,0,0.01,0
SMB_EU_003970,FR,Retail,34,3178.7,6.8,21,151.37,3,6,0,0,1,0.123,0
SMB_EU_003971,UK,Retail,37,7245.27,0.84,51,142.06,4,5,0,1,1,0.014,0
SMB_EU_003972,IT,Subscription,27,22624.09,19.26,143,158.21,4,12,0,1,0,0.022,0
SMB_EU_003973,FR,Subscription,21,3751.21,-42.34,16,234.45,1,12,2,1,0,0.094,1
SMB_EU_003974,ES,Retail,26,8594.11,-16.0,51,168.51,3,8,0,0,0,0.069,0
SMB_EU_003975,FR,E-commerce,26,24205.9,-9.19,98,247.0,1,11,0,0,1,0.031,0
SMB_EU_003976,UK,Retail,70,31799.8,-15.14,144,220.83,1,12,1,1,1,0.062,0
SMB_EU_003977,FR,E-commerce,5,11159.49,40.42,70,159.42,2,7,0,1,2,0.059,0
SMB_EU_003978,IT,Services,13,3422.04,9.53,20,171.1,2,6,0,0,1,0.148,0
SMB_EU_003979,DE,Subscription,31,4469.2,-66.26,19,235.22,2,17,2,2,0,0.058,1
SMB_EU_003980,NL,Hospitality,52,11894.42,-10.13,60,198.24,4,13,0,1,3,0.179,0
SMB_EU_003981,ES,E-commerce,13,8913.81,-32.86,33,270.12,3,9,3,1,2,0.046,0
SMB_EU_003982,ES,Hospitality,11,4803.77,-40.79,17,282.57,2,6,0,1,2,0.026,1
SMB_EU_003983,FR,E-commerce,24,4946.54,11.97,21,235.55,2,11,1,0,0,0.044,0
SMB_EU_003984,FR,Subscription,13,15296.25,-6.38,51,299.93,1,7,0,0,2,0.096,0
SMB_EU_003985,ES,Services,24,10018.09,4.59,47,213.15,2,9,1,0,0,0.068,0
SMB_EU_003986,UK,Hospitality,13,9966.45,1.66,112,88.99,2,15,0,0,1,0.13,0
SMB_EU_003987,DE,E-commerce,41,5725.07,-14.04,30,190.84,3,6,2,1,1,0.104,0
SMB_EU_003988,NL,E-commerce,13,21592.39,-13.9,165,130.86,4,12,1,0,2,0.095,0
SMB_EU_003989,FR,Retail,6,2932.45,-26.61,19,154.34,1,12,1,0,1,0.062,0
SMB_EU_003990,UK,Services,41,5177.19,2.95,28,184.9,4,8,0,0,1,0.043,0
SMB_EU_003991,DE,E-commerce,26,16964.06,8.3,117,144.99,3,7,1,0,1,0.026,0
SMB_EU_003992,DE,E-commerce,19,18068.32,11.87,122,148.1,1,10,1,0,2,0.09,0
SMB_EU_003993,ES,E-commerce,19,20673.07,1.4,123,168.07,2,9,1,0,0,0.059,0
SMB_EU_003994,DE,Services,28,4975.96,-68.37,35,142.17,2,12,0,0,2,0.112,0
SMB_EU_003995,NL,Retail,11,2464.49,9.45,21,117.36,2,13,1,0,0,0.148,0
SMB_EU_003996,NL,Services,8,6893.03,-17.5,28,246.18,1,12,0,0,0,0.049,0
SMB_EU_003997,FR,Services,13,5301.57,-4.68,32,165.67,2,4,0,1,0,0.019,0
SMB_EU_003998,FR,Subscription,21,5236.5,-47.31,20,261.82,1,14,0,0,1,0.067,0
SMB_EU_003999,NL,E-commerce,12,5849.83,-50.66,21,278.56,4,9,1,0,2,0.041,0
SMB_EU_004000,DE,Retail,69,20155.05,31.63,82,245.79,3,5,2,3,0,0.067,0
SMB_EU_004001,IT,E-commerce,13,31400.71,1.57,188,167.03,2,7,0,0,0,0.042,0
SMB_EU_004002,ES,E-commerce,27,22911.17,6.77,96,238.66,1,6,0,1,2,0.097,0
SMB_EU_004003,ES,Retail,36,5331.65,-3.96,47,113.44,2,14,0,0,2,0.02,0
SMB_EU_004004,DE,Hospitality,56,1325.2,-7.19,6,220.87,2,11,1,1,2,0.051,0
SMB_EU_004005,DE,E-commerce,76,23732.79,-19.53,140,169.52,4,10,1,2,2,0.186,0
SMB_EU_004006,FR,Services,95,6230.46,16.5,28,222.52,1,10,4,1,2,0.038,0
SMB_EU_004007,FR,Retail,54,6389.42,11.53,26,245.75,3,7,0,1,1,0.03,0
SMB_EU_004008,FR,Hospitality,49,11782.83,-30.84,58,203.15,2,11,0,0,1,0.194,0
SMB_EU_004009,IT,Services,11,8316.46,-13.51,38,218.85,1,10,0,0,0,0.002,0
SMB_EU_004010,DE,Services,37,5557.2,2.7,44,126.3,1,10,0,0,1,0.046,0
SMB_EU_004011,DE,Services,22,5106.29,-7.47,24,212.76,3,4,1,0,1,0.219,0
SMB_EU_004012,FR,Services,22,5155.27,-3.33,28,184.12,1,9,0,1,2,0.106,0
SMB_EU_004013,IT,Subscription,19,13533.78,-46.78,78,173.51,4,16,1,0,0,0.05,0
SMB_EU_004014,DE,E-commerce,11,8967.12,3.26,53,169.19,4,11,1,0,0,0.149,0
SMB_EU_004015,IT,E-commerce,17,19368.35,3.56,131,147.85,2,8,0,1,0,0.06,0
SMB_EU_004016,FR,Retail,13,4604.74,16.42,31,148.54,2,11,0,1,1,0.09,0
SMB_EU_004017,UK,Retail,5,17838.78,-2.26,76,234.72,1,13,1,0,1,0.135,0
SMB_EU_004018,UK,Retail,62,11009.06,-5.0,54,203.87,4,8,1,0,3,0.085,0
SMB_EU_004019,FR,Retail,26,5293.63,-23.35,61,86.78,2,10,0,1,0,0.04,0
SMB_EU_004020,FR,E-commerce,27,15743.19,16.51,174,90.48,2,6,0,1,2,0.195,0
SMB_EU_004021,FR,Retail,25,4793.06,13.39,23,208.39,4,15,1,0,1,0.073,0
SMB_EU_004022,FR,Retail,52,19725.44,-32.73,74,266.56,1,9,0,1,1,0.071,0
SMB_EU_004023,IT,Subscription,29,23830.12,-19.94,266,89.59,2,5,2,0,1,0.066,0
SMB_EU_004024,ES,Retail,63,12148.14,-18.22,63,192.83,2,12,0,0,1,0.107,0
SMB_EU_004025,IT,Services,40,12723.26,-8.21,48,265.07,1,7,3,0,1,0.086,0
SMB_EU_004026,ES,Retail,15,8762.83,14.48,108,81.14,1,7,0,1,1,0.151,0
SMB_EU_004027,FR,Subscription,57,14229.71,4.36,101,140.89,2,16,1,4,2,0.046,0
SMB_EU_004028,DE,Services,33,10425.69,-22.4,37,281.78,2,13,1,0,1,0.066,0
SMB_EU_004029,ES,Hospitality,24,5979.36,6.06,61,98.02,1,8,0,3,2,0.027,0
SMB_EU_004030,FR,Hospitality,48,6261.51,-12.59,29,215.91,4,9,0,1,2,0.223,0
SMB_EU_004031,IT,Retail,27,14008.1,-58.11,73,191.89,1,12,1,0,1,0.011,1
SMB_EU_004032,FR,Subscription,42,13264.93,14.58,117,113.38,2,9,0,0,2,0.061,0
SMB_EU_004033,DE,Services,10,3177.71,11.48,36,88.27,1,5,0,0,1,0.013,0
SMB_EU_004034,UK,Services,27,1346.27,16.4,7,192.32,1,7,0,0,1,0.085,0
SMB_EU_004035,DE,Hospitality,15,5400.24,-0.35,22,245.47,2,6,2,0,0,0.034,0
SMB_EU_004036,UK,E-commerce,93,4262.7,13.25,36,118.41,2,2,2,2,0,0.1,0
SMB_EU_004037,UK,Services,60,2758.89,-8.79,12,229.91,3,14,2,0,1,0.027,0
SMB_EU_004038,ES,E-commerce,30,8877.13,-3.86,44,201.75,2,11,0,0,1,0.041,0
SMB_EU_004039,IT,Hospitality,57,4265.56,-4.89,27,157.98,1,12,0,0,3,0.004,0
SMB_EU_004040,IT,Retail,16,13088.11,0.36,58,225.66,2,16,0,1,4,0.031,0
SMB_EU_004041,UK,Subscription,18,16774.04,-19.3,137,122.44,2,9,2,1,1,0.097,0
SMB_EU_004042,FR,Retail,4,10855.65,-3.38,60,180.93,1,15,1,0,1,0.034,0
SMB_EU_004043,NL,Retail,41,11692.48,21.77,58,201.59,4,13,2,2,2,0.026,0
SMB_EU_004044,IT,Hospitality,3,8894.49,-16.39,49,181.52,2,9,0,0,2,0.048,0
SMB_EU_004045,FR,Services,17,1117.77,-19.94,7,159.68,1,15,0,0,0,0.002,0
SMB_EU_004046,NL,Hospitality,9,6036.82,-18.73,25,241.47,3,9,2,0,0,0.074,0
SMB_EU_004047,FR,Retail,51,2722.54,18.36,12,226.88,3,5,1,0,0,0.112,0
SMB_EU_004048,IT,Retail,88,10858.25,6.97,49,221.6,3,13,3,0,0,0.075,0
SMB_EU_004049,UK,Services,45,1424.15,-4.05,5,284.83,2,6,0,1,2,0.106,0
SMB_EU_004050,DE,Subscription,40,8076.52,1.02,27,299.13,2,9,1,1,1,0.014,0
SMB_EU_004051,UK,Services,31,6945.54,3.41,34,204.28,3,8,1,1,0,0.121,0
SMB_EU_004052,IT,E-commerce,29,7670.6,-9.61,49,156.54,3,9,0,0,0,0.034,0
SMB_EU_004053,ES,Subscription,13,16026.67,-7.76,64,250.42,2,14,1,0,2,0.028,1
SMB_EU_004054,IT,E-commerce,7,20328.49,-2.37,183,111.08,3,11,0,1,0,0.105,0
SMB_EU_004055,ES,E-commerce,28,18850.61,-10.87,98,192.35,1,7,0,0,1,0.093,0
SMB_EU_004056,DE,E-commerce,33,22802.07,-5.95,117,194.89,1,14,2,0,1,0.034,0
SMB_EU_004057,ES,E-commerce,33,12091.83,5.3,41,294.92,4,9,0,0,1,0.087,0
SMB_EU_004058,DE,Services,36,5477.17,-14.96,18,304.29,4,9,1,0,2,0.17,0
SMB_EU_004059,UK,E-commerce,43,15090.74,39.15,59,255.78,3,13,0,1,2,0.072,0
SMB_EU_004060,UK,E-commerce,27,14887.48,11.3,81,183.8,2,4,0,1,1,0.082,0
SMB_EU_004061,FR,E-commerce,12,10022.49,-19.05,50,200.45,1,13,1,1,2,0.051,1
SMB_EU_004062,DE,Retail,35,3795.9,-37.17,25,151.84,2,9,2,0,0,0.169,0
SMB_EU_004063,ES,Hospitality,41,4902.01,-10.31,19,258.0,3,11,0,0,1,0.102,1
SMB_EU_004064,FR,Retail,21,6323.5,10.27,26,243.21,1,14,0,0,2,0.071,0
SMB_EU_004065,UK,Retail,41,5141.8,7.36,21,244.85,3,9,0,0,2,0.101,0
SMB_EU_004066,DE,Hospitality,28,10004.07,-1.66,91,109.93,3,10,0,1,0,0.069,0
SMB_EU_004067,DE,Hospitality,11,2969.62,-9.02,18,164.98,2,11,1,0,1,0.006,0
SMB_EU_004068,UK,Services,107,4511.06,-13.56,23,196.13,4,8,0,0,1,0.035,0
SMB_EU_004069,IT,E-commerce,20,30200.37,-6.04,281,107.47,4,13,0,1,0,0.084,0
SMB_EU_004070,UK,Services,12,8627.16,-15.19,54,159.76,3,12,0,0,0,0.081,0
SMB_EU_004071,FR,Subscription,15,18671.55,-5.98,188,99.32,1,14,0,0,0,0.13,0
SMB_EU_004072,IT,Services,2,3507.73,19.96,12,292.31,4,11,0,0,1,0.116,0
SMB_EU_004073,IT,Hospitality,21,9605.47,-11.57,39,246.29,1,9,1,0,3,0.027,1
SMB_EU_004074,IT,E-commerce,62,7926.95,9.16,37,214.24,2,11,0,0,1,0.075,0
SMB_EU_004075,IT,Subscription,30,7627.04,-24.83,61,125.03,3,9,1,0,1,0.06,0
SMB_EU_004076,IT,E-commerce,14,13450.24,-16.19,88,152.84,1,12,1,2,1,0.109,0
SMB_EU_004077,NL,Retail,25,5662.91,-12.65,51,111.04,2,10,1,1,1,0.109,0
SMB_EU_004078,FR,E-commerce,25,12072.88,16.03,61,197.92,2,14,0,0,1,0.067,0
SMB_EU_004079,ES,Retail,21,5950.15,-13.89,23,258.7,2,14,0,0,0,0.08,0
SMB_EU_004080,FR,Subscription,49,4991.76,-0.86,59,84.61,4,10,0,0,3,0.123,0
SMB_EU_004081,IT,Hospitality,33,10030.27,30.6,98,102.35,3,9,1,1,1,0.072,0
SMB_EU_004082,FR,Hospitality,12,5377.85,14.7,41,131.17,1,9,2,0,1,0.114,0
SMB_EU_004083,IT,Hospitality,48,6770.81,1.28,29,233.48,1,7,2,1,2,0.109,0
SMB_EU_004084,ES,E-commerce,59,16548.85,12.61,60,275.81,4,6,1,1,0,0.086,0
SMB_EU_004085,DE,Retail,34,8267.05,-0.84,34,243.15,2,10,0,0,2,0.142,1
SMB_EU_004086,DE,Hospitality,22,6343.57,15.27,32,198.24,1,11,2,2,1,0.079,0
SMB_EU_004087,DE,Services,17,4162.8,-30.69,40,104.07,2,10,0,0,0,0.133,0
SMB_EU_004088,IT,E-commerce,71,35131.15,-2.09,143,245.67,1,10,0,0,1,0.111,0
SMB_EU_004089,UK,Services,32,7892.28,-31.3,76,103.85,1,8,0,0,1,0.157,0
SMB_EU_004090,DE,Retail,28,8088.72,-44.18,52,155.55,2,9,1,1,0,0.132,0
SMB_EU_004091,ES,Retail,10,6117.84,-3.54,41,149.22,2,7,1,0,5,0.053,0
SMB_EU_004092,FR,Retail,13,7449.52,20.41,47,158.5,1,5,0,0,3,0.157,0
SMB_EU_004093,NL,E-commerce,8,19271.42,10.68,126,152.95,3,15,0,0,2,0.072,0
SMB_EU_004094,UK,Services,22,12297.57,-7.89,49,250.97,3,6,1,1,1,0.088,0
SMB_EU_004095,FR,Services,17,2193.74,-6.09,19,115.46,3,11,2,0,2,0.037,0
SMB_EU_004096,NL,E-commerce,29,22285.03,5.71,84,265.3,2,11,0,0,3,0.071,0
SMB_EU_004097,DE,Hospitality,54,11796.39,-35.45,44,268.1,3,5,2,0,2,0.191,0
SMB_EU_004098,DE,Services,41,2049.11,-0.49,11,186.28,3,8,1,0,0,0.067,0
SMB_EU_004099,FR,Retail,47,7176.06,19.75,69,104.0,3,13,0,3,1,0.039,0
SMB_EU_004100,DE,Retail,53,4223.78,-12.44,20,211.19,1,16,1,0,3,0.17,0
SMB_EU_004101,IT,Subscription,14,11652.75,-6.72,45,258.95,1,19,1,0,1,0.035,0
SMB_EU_004102,NL,Hospitality,19,4839.2,-4.61,34,142.33,3,11,1,0,2,0.133,0
SMB_EU_004103,IT,Subscription,17,8323.99,47.37,31,268.52,1,8,2,1,2,0.021,0
SMB_EU_004104,DE,E-commerce,43,11721.41,9.12,51,229.83,2,10,0,0,0,0.094,0
SMB_EU_004105,FR,Services,10,7702.43,16.98,26,296.25,1,4,0,0,1,0.026,0
SMB_EU_004106,IT,Retail,64,9178.48,11.52,35,262.24,1,15,0,0,2,0.035,0
SMB_EU_004107,UK,E-commerce,19,17229.21,12.53,139,123.95,2,9,0,0,0,0.008,0
SMB_EU_004108,DE,E-commerce,10,16517.55,7.1,92,179.54,4,5,0,1,0,0.043,0
SMB_EU_004109,UK,E-commerce,19,21147.99,5.48,206,102.66,3,7,2,1,2,0.125,0
SMB_EU_004110,IT,Retail,20,6836.38,-21.76,72,94.95,1,13,1,0,2,0.157,0
SMB_EU_004111,IT,E-commerce,23,41617.26,5.37,177,235.13,4,10,0,0,3,0.073,0
SMB_EU_004112,NL,Retail,23,3813.57,-26.4,14,272.4,2,7,0,0,0,0.017,1
SMB_EU_004113,DE,Services,53,1775.15,8.18,6,295.86,1,4,3,0,1,0.105,0
SMB_EU_004114,DE,E-commerce,33,5067.47,-36.67,36,140.76,2,14,0,0,2,0.051,0
SMB_EU_004115,IT,Retail,10,2297.19,11.45,18,127.62,1,9,0,0,1,0.074,0
SMB_EU_004116,FR,Retail,20,11981.26,-17.36,59,203.07,2,10,3,1,3,0.033,1
SMB_EU_004117,UK,Retail,17,11136.88,-43.68,90,123.74,3,7,2,1,0,0.123,0
SMB_EU_004118,FR,Hospitality,27,12384.25,-6.51,85,145.7,3,13,1,1,0,0.244,0
SMB_EU_004119,DE,Retail,24,4243.8,-27.86,16,265.24,2,12,2,0,2,0.161,0
SMB_EU_004120,ES,Services,77,7820.24,3.58,30,260.67,1,14,2,1,0,0.104,0
SMB_EU_004121,FR,Retail,47,8277.46,-50.47,30,275.92,1,16,1,1,2,0.076,1
SMB_EU_004122,NL,Retail,39,8840.94,20.34,48,184.19,4,14,1,0,1,0.076,0
SMB_EU_004123,IT,Services,4,7277.68,-55.67,36,202.16,1,13,0,1,3,0.031,1
SMB_EU_004124,UK,Services,46,3176.15,-7.28,13,244.32,2,8,1,0,2,0.036,0
SMB_EU_004125,ES,Retail,5,37780.42,14.08,285,132.56,2,8,1,0,1,0.148,0
SMB_EU_004126,IT,Services,18,11118.01,-4.77,43,258.56,1,9,1,0,1,0.126,0
SMB_EU_004127,IT,E-commerce,20,10902.88,-7.47,130,83.87,4,6,2,0,3,0.105,0
SMB_EU_004128,UK,Services,51,2598.66,-14.27,10,259.87,1,7,1,1,1,0.056,0
SMB_EU_004129,FR,Hospitality,12,5691.75,24.19,23,247.47,3,14,2,0,0,0.064,0
SMB_EU_004130,DE,Hospitality,23,6693.35,12.8,46,145.51,3,8,2,1,0,0.077,0
SMB_EU_004131,FR,Subscription,8,17057.56,8.5,71,240.25,3,6,1,1,2,0.071,0
SMB_EU_004132,DE,Retail,37,3967.79,41.26,31,127.99,3,10,0,0,1,0.105,0
SMB_EU_004133,IT,Hospitality,18,7121.02,-10.99,34,209.44,3,8,1,1,1,0.118,0
SMB_EU_004134,IT,E-commerce,29,5993.29,-67.42,26,230.51,2,6,2,0,1,0.078,1
SMB_EU_004135,IT,Retail,1,10394.28,2.18,44,236.23,4,5,0,0,0,0.043,0
SMB_EU_004136,DE,Retail,11,7500.27,22.73,25,300.01,4,11,0,1,0,0.099,0
SMB_EU_004137,ES,Retail,30,25570.76,-14.13,213,120.05,2,13,0,0,0,0.109,0
SMB_EU_004138,FR,Hospitality,40,2373.01,26.32,13,182.54,2,14,1,0,2,0.05,0
SMB_EU_004139,IT,Hospitality,65,13655.26,-21.59,50,273.11,2,10,0,1,0,0.08,0
SMB_EU_004140,IT,Hospitality,59,2158.6,-39.15,11,196.24,1,14,0,1,1,0.068,0
SMB_EU_004141,FR,Retail,16,3607.86,2.6,13,277.53,1,16,1,0,1,0.033,0
SMB_EU_004142,DE,E-commerce,29,5483.77,-13.24,31,176.9,1,16,0,3,1,0.072,1
SMB_EU_004143,DE,Subscription,43,10458.72,-9.32,41,255.09,3,10,1,0,2,0.072,0
SMB_EU_004144,ES,E-commerce,32,7417.42,11.95,27,274.72,2,13,0,2,1,0.028,0
SMB_EU_004145,UK,Hospitality,20,2671.82,-24.94,10,267.18,3,13,1,0,1,0.033,0
SMB_EU_004146,IT,Services,30,5646.85,-85.76,21,268.9,3,14,0,0,1,0.115,0
SMB_EU_004147,DE,Services,62,6556.8,2.7,51,128.56,1,15,0,0,0,0.102,0
SMB_EU_004148,FR,E-commerce,25,15362.97,-44.64,87,176.59,1,11,1,1,0,0.045,0
SMB_EU_004149,ES,Services,37,4536.28,1.61,38,119.38,2,6,1,0,2,0.135,0
SMB_EU_004150,ES,E-commerce,31,44943.04,-4.75,375,119.85,4,13,1,1,0,0.224,0
SMB_EU_004151,DE,Services,16,5457.22,-19.36,29,188.18,3,3,1,0,2,0.141,1
SMB_EU_004152,DE,Retail,51,12972.82,23.13,45,288.28,3,5,1,0,1,0.127,0
SMB_EU_004153,ES,E-commerce,26,16343.06,17.39,78,209.53,3,11,1,1,2,0.106,0
SMB_EU_004154,FR,Retail,20,4140.08,-1.56,15,276.01,2,10,0,0,1,0.059,0
SMB_EU_004155,FR,Services,31,6954.37,-7.32,24,289.77,1,13,2,1,2,0.013,0
SMB_EU_004156,DE,E-commerce,55,10120.59,-9.14,102,99.22,1,11,1,0,1,0.051,0
SMB_EU_004157,IT,Retail,30,7574.97,-38.78,65,116.54,2,4,1,1,1,0.079,0
SMB_EU_004158,UK,Retail,29,9608.84,5.31,67,143.42,1,18,1,0,0,0.074,0
SMB_EU_004159,UK,Subscription,36,2807.72,11.7,13,215.98,3,5,1,1,1,0.084,0
SMB_EU_004160,IT,Services,42,1903.58,-21.82,20,95.18,2,14,0,1,1,0.075,0
SMB_EU_004161,NL,Hospitality,22,10354.64,-1.3,41,252.55,1,9,1,1,0,0.058,0
SMB_EU_004162,DE,Hospitality,24,4028.97,2.0,43,93.7,3,10,3,0,0,0.071,1
SMB_EU_004163,IT,E-commerce,20,10363.16,-12.8,90,115.15,3,7,0,0,0,0.07,0
SMB_EU_004164,FR,E-commerce,36,16575.29,-7.49,101,164.11,1,12,0,1,1,0.166,0
SMB_EU_004165,IT,Subscription,26,7140.77,-2.49,35,204.02,4,7,1,0,2,0.005,0
SMB_EU_004166,FR,Retail,27,10277.89,10.45,38,270.47,2,13,0,0,3,0.179,0
SMB_EU_004167,FR,E-commerce,27,14546.89,20.68,50,290.94,3,9,0,0,1,0.039,0
SMB_EU_004168,DE,E-commerce,9,16898.28,-3.44,62,272.55,4,4,2,0,3,0.031,0
SMB_EU_004169,FR,E-commerce,40,9844.72,-15.67,95,103.63,1,8,0,0,1,0.076,0
SMB_EU_004170,DE,E-commerce,21,16847.58,0.53,77,218.8,4,19,1,1,1,0.06,0
SMB_EU_004171,DE,E-commerce,26,29110.64,30.17,164,177.5,3,11,1,0,0,0.039,0
SMB_EU_004172,UK,Retail,18,5690.47,-14.37,53,107.37,1,14,0,0,1,0.175,0
SMB_EU_004173,NL,E-commerce,12,25977.77,13.29,129,201.38,3,10,0,0,2,0.061,0
SMB_EU_004174,NL,Retail,29,7756.3,20.04,49,158.29,4,9,0,0,1,0.199,0
SMB_EU_004175,UK,Retail,35,12430.22,-5.4,80,155.38,3,9,0,0,0,0.039,0
SMB_EU_004176,UK,Retail,105,8642.61,-10.51,86,100.5,3,7,2,0,0,0.095,0
SMB_EU_004177,IT,Services,17,4900.77,8.62,17,288.28,1,10,0,0,1,0.134,0
SMB_EU_004178,ES,E-commerce,44,18502.17,5.3,77,240.29,1,8,0,1,1,0.181,0
SMB_EU_004179,FR,Hospitality,21,12427.58,-15.2,88,141.22,2,9,2,2,4,0.067,0
SMB_EU_004180,FR,Services,47,5760.91,31.11,20,288.05,2,7,0,0,1,0.027,0
SMB_EU_004181,FR,Hospitality,39,7995.49,2.51,28,285.55,4,7,0,0,1,0.088,0
SMB_EU_004182,IT,E-commerce,17,12024.66,-17.88,47,255.84,2,10,0,0,1,0.217,0
SMB_EU_004183,IT,E-commerce,11,38497.07,1.0,171,225.13,1,19,0,0,2,0.236,0
SMB_EU_004184,FR,E-commerce,8,22026.64,3.62,135,163.16,1,10,2,0,0,0.025,0
SMB_EU_004185,DE,Hospitality,50,6286.37,19.01,36,174.62,1,9,1,0,2,0.011,0
SMB_EU_004186,IT,E-commerce,13,13935.76,-2.95,77,180.98,1,8,2,0,2,0.011,1
SMB_EU_004187,DE,Services,49,8990.63,-6.14,31,290.02,2,10,1,1,1,0.072,0
SMB_EU_004188,IT,Services,27,3475.42,-20.57,14,248.24,1,7,1,1,1,0.023,0
SMB_EU_004189,IT,Retail,22,2744.82,8.21,19,144.46,3,8,0,1,2,0.128,0
SMB_EU_004190,ES,Retail,42,8355.18,50.22,38,219.87,2,15,0,1,3,0.115,0
SMB_EU_004191,ES,Hospitality,21,12252.89,-3.34,58,211.26,3,8,0,1,0,0.154,0
SMB_EU_004192,UK,E-commerce,40,38971.69,6.78,151,258.09,2,12,1,0,1,0.137,0
SMB_EU_004193,NL,Retail,17,7501.22,-8.22,74,101.37,2,9,5,0,1,0.126,0
SMB_EU_004194,ES,Services,61,5132.49,-19.22,22,233.29,2,16,1,1,0,0.148,0
SMB_EU_004195,IT,Retail,16,10926.16,6.51,71,153.89,4,12,0,0,1,0.086,0
SMB_EU_004196,DE,Subscription,40,7679.96,-51.15,71,108.17,3,7,0,0,3,0.021,1
SMB_EU_004197,DE,Services,54,6816.06,-35.78,28,243.43,2,8,1,0,0,0.268,1
SMB_EU_004198,FR,Services,1,4750.25,-5.01,31,153.23,2,12,0,0,0,0.079,0
SMB_EU_004199,NL,Retail,38,14676.72,-36.52,61,240.6,1,9,1,1,0,0.051,0
SMB_EU_004200,IT,Retail,16,12344.74,1.11,107,115.37,3,10,0,0,0,0.105,0
SMB_EU_004201,UK,E-commerce,42,24390.33,-6.33,82,297.44,4,7,1,0,1,0.049,0
SMB_EU_004202,DE,Retail,31,7072.76,6.08,28,252.6,1,12,1,0,2,0.056,0
SMB_EU_004203,DE,E-commerce,37,47636.85,6.77,332,143.48,2,9,2,0,4,0.077,0
SMB_EU_004204,UK,E-commerce,26,20053.37,6.02,83,241.61,2,12,0,0,3,0.055,0
SMB_EU_004205,DE,Retail,56,9279.6,16.02,84,110.47,3,9,2,0,1,0.071,0
SMB_EU_004206,NL,Retail,8,5067.64,19.43,23,220.33,1,6,1,1,1,0.078,0
SMB_EU_004207,IT,Services,53,4717.1,30.08,51,92.49,1,16,0,0,2,0.063,0
SMB_EU_004208,IT,Retail,18,8568.3,-12.55,56,153.01,1,8,2,0,0,0.056,1
SMB_EU_004209,DE,Retail,5,4987.0,-45.72,17,293.35,1,10,0,1,1,0.206,0
SMB_EU_004210,DE,Hospitality,28,5034.78,5.42,47,107.12,3,12,3,0,1,0.036,0
SMB_EU_004211,DE,Subscription,16,8147.77,-11.69,39,208.92,1,6,2,0,0,0.106,1
SMB_EU_004212,IT,E-commerce,36,15511.82,-9.27,162,95.75,2,13,1,0,0,0.05,0
SMB_EU_004213,IT,Retail,38,2778.24,7.13,12,231.52,3,12,2,0,0,0.01,0
SMB_EU_004214,FR,Hospitality,24,5532.26,13.51,39,141.85,1,10,0,1,1,0.016,0
SMB_EU_004215,IT,Subscription,37,7176.54,19.14,48,149.51,1,9,2,0,0,0.075,0
SMB_EU_004216,ES,Services,33,4937.74,-2.89,32,154.3,4,11,0,0,2,0.103,0
SMB_EU_004217,DE,Hospitality,27,11166.58,-25.2,89,125.47,3,9,0,2,2,0.114,1
SMB_EU_004218,NL,E-commerce,23,51392.26,3.64,179,287.11,1,10,0,0,5,0.1,0
SMB_EU_004219,IT,E-commerce,19,22535.15,0.26,81,278.21,1,11,1,0,0,0.117,0
SMB_EU_004220,FR,Retail,77,3814.42,-12.24,14,272.46,4,12,1,0,2,0.019,0
SMB_EU_004221,FR,Hospitality,26,4876.93,-14.15,47,103.76,1,13,0,0,3,0.21,0
SMB_EU_004222,IT,Services,34,7149.31,10.0,54,132.39,3,9,0,0,0,0.132,0
SMB_EU_004223,UK,Subscription,41,12027.54,-63.97,56,214.78,1,14,0,0,0,0.078,1
SMB_EU_004224,ES,E-commerce,22,27124.72,-75.9,92,294.83,2,12,1,0,2,0.014,1
SMB_EU_004225,IT,Retail,35,7546.1,-0.48,35,215.6,4,13,1,0,3,0.017,0
SMB_EU_004226,ES,E-commerce,73,12060.67,21.83,79,152.67,1,16,1,2,1,0.063,0
SMB_EU_004227,FR,Services,15,14309.05,-41.92,55,260.16,1,11,0,0,2,0.046,0
SMB_EU_004228,IT,Services,73,5179.15,-4.32,47,110.19,2,9,0,1,1,0.09,0
SMB_EU_004229,NL,Retail,43,4346.79,10.13,16,271.67,2,9,0,0,2,0.213,0
SMB_EU_004230,DE,E-commerce,18,36347.68,-27.35,123,295.51,1,8,1,0,2,0.177,0
SMB_EU_004231,ES,E-commerce,15,6112.85,-3.2,21,291.09,2,10,1,1,1,0.015,0
SMB_EU_004232,IT,E-commerce,73,1842.32,-62.94,16,115.14,1,11,1,0,0,0.135,0
SMB_EU_004233,FR,Services,50,7933.31,-15.11,39,203.42,1,7,2,0,1,0.329,0
SMB_EU_004234,UK,E-commerce,24,25905.9,-6.04,124,208.92,2,13,0,0,2,0.054,0
SMB_EU_004235,DE,Services,19,6409.91,-16.85,52,123.27,4,11,2,0,0,0.063,0
SMB_EU_004236,FR,Hospitality,18,2746.39,-18.09,14,196.17,1,8,1,0,0,0.148,0
SMB_EU_004237,DE,Services,24,4826.47,-0.89,22,219.39,2,16,0,0,1,0.06,0
SMB_EU_004238,ES,E-commerce,25,12694.25,33.41,83,152.94,1,14,0,1,4,0.014,0
SMB_EU_004239,ES,Services,30,3622.14,11.37,24,150.92,1,12,1,1,1,0.021,0
SMB_EU_004240,FR,E-commerce,13,34998.03,15.16,375,93.33,1,11,0,0,0,0.108,0
SMB_EU_004241,IT,E-commerce,17,8004.87,11.96,28,285.89,2,11,0,0,1,0.031,0
SMB_EU_004242,FR,Retail,23,9670.73,-45.37,38,254.49,1,7,0,0,1,0.004,0
SMB_EU_004243,ES,E-commerce,90,30706.62,-24.4,124,247.63,2,10,2,0,1,0.145,0
SMB_EU_004244,NL,E-commerce,32,18857.58,16.47,222,84.94,4,9,0,2,2,0.023,0
SMB_EU_004245,FR,E-commerce,9,31586.23,12.43,145,217.84,1,4,2,0,3,0.147,1
SMB_EU_004246,UK,Subscription,14,12622.15,-37.72,105,120.21,3,7,0,0,0,0.045,0
SMB_EU_004247,FR,Retail,72,10350.67,7.8,46,225.01,1,11,1,0,3,0.048,0
SMB_EU_004248,DE,Services,57,6231.01,36.94,29,214.86,1,6,0,0,2,0.112,0
SMB_EU_004249,IT,Subscription,21,13004.44,12.59,49,265.4,1,6,1,1,1,0.047,0
SMB_EU_004250,UK,Retail,37,6347.86,-4.73,47,135.06,2,7,2,1,2,0.104,0
SMB_EU_004251,FR,Hospitality,35,2747.35,-1.11,32,85.85,1,6,1,1,3,0.089,0
SMB_EU_004252,DE,E-commerce,27,26588.43,-68.5,95,279.88,3,11,1,0,0,0.084,1
SMB_EU_004253,FR,Retail,15,16062.49,35.21,57,281.8,1,7,1,0,3,0.186,0
SMB_EU_004254,NL,E-commerce,6,17448.22,24.06,97,179.88,2,9,1,2,0,0.004,0
SMB_EU_004255,DE,Subscription,47,6476.62,1.25,67,96.67,3,13,2,0,0,0.159,0
SMB_EU_004256,IT,Retail,35,3141.85,32.71,17,184.81,1,13,1,1,0,0.155,0
SMB_EU_004257,UK,Hospitality,15,6317.0,-33.54,32,197.41,2,13,0,0,2,0.153,0
SMB_EU_004258,NL,E-commerce,55,6677.07,-6.46,26,256.81,1,8,2,0,1,0.054,0
SMB_EU_004259,FR,Services,71,2046.32,13.6,9,227.37,1,12,0,1,1,0.316,0
SMB_EU_004260,FR,Retail,32,7901.11,-52.83,83,95.19,3,15,0,0,0,0.08,0
SMB_EU_004261,DE,Hospitality,26,3794.29,12.57,16,237.14,1,13,0,1,3,0.006,0
SMB_EU_004262,UK,Hospitality,8,7381.27,-41.15,67,110.17,3,9,2,1,2,0.14,1
SMB_EU_004263,FR,Hospitality,24,5453.09,-12.15,55,99.15,1,9,2,1,1,0.163,0
SMB_EU_004264,FR,Subscription,12,6254.14,22.33,37,169.03,2,6,0,1,1,0.082,0
SMB_EU_004265,IT,Services,25,1797.67,25.4,19,94.61,1,7,1,1,1,0.017,0
SMB_EU_004266,NL,Retail,52,4795.65,21.23,18,266.42,2,8,3,0,5,0.039,0
SMB_EU_004267,IT,E-commerce,41,9192.32,-26.65,51,180.24,2,5,0,1,1,0.057,0
SMB_EU_004268,DE,E-commerce,56,7191.25,8.66,34,211.51,1,7,1,0,0,0.023,0
SMB_EU_004269,ES,E-commerce,22,12312.61,7.61,60,205.21,2,10,2,2,0,0.19,0
SMB_EU_004270,UK,E-commerce,10,7536.06,-61.35,26,289.85,1,15,1,0,3,0.158,1
SMB_EU_004271,IT,E-commerce,22,13596.39,-8.71,48,283.26,3,10,2,0,0,0.181,1
SMB_EU_004272,UK,E-commerce,32,17327.54,-29.82,65,266.58,2,9,1,1,1,0.171,1
SMB_EU_004273,DE,Subscription,58,5482.29,-4.82,33,166.13,3,12,1,0,1,0.066,0
SMB_EU_004274,NL,Retail,46,10326.22,-84.18,92,112.24,3,11,2,0,1,0.08,0
SMB_EU_004275,IT,Subscription,7,3976.53,16.21,19,209.29,1,9,0,0,3,0.091,0
SMB_EU_004276,IT,E-commerce,31,7696.33,5.83,44,174.92,1,15,1,0,3,0.036,0
SMB_EU_004277,FR,Hospitality,51,5605.95,-30.39,43,130.37,1,11,0,0,1,0.081,0
SMB_EU_004278,FR,Services,60,7550.87,-2.85,74,102.04,1,11,3,1,1,0.126,1
SMB_EU_004279,DE,E-commerce,54,25241.51,29.51,143,176.51,1,12,1,1,1,0.064,0
SMB_EU_004280,FR,E-commerce,16,39467.78,-1.88,177,222.98,2,7,1,1,1,0.04,0
SMB_EU_004281,DE,E-commerce,17,11966.33,-48.37,55,217.57,2,8,0,0,0,0.182,0
SMB_EU_004282,ES,E-commerce,77,13895.28,-26.78,56,248.13,1,7,2,1,0,0.045,0
SMB_EU_004283,DE,Subscription,20,4843.41,-26.33,27,179.39,1,9,1,0,2,0.008,0
SMB_EU_004284,DE,Services,70,2356.5,8.03,16,147.28,1,10,1,1,0,0.154,0
SMB_EU_004285,IT,Retail,14,9175.94,-6.51,46,199.48,1,15,1,0,1,0.068,0
SMB_EU_004286,IT,Retail,25,5022.45,-5.26,17,295.44,2,10,0,0,1,0.06,0
SMB_EU_004287,UK,E-commerce,5,31421.04,-46.78,349,90.03,3,10,1,0,0,0.01,0
SMB_EU_004288,IT,Retail,24,3326.8,-2.1,17,195.69,1,9,1,0,1,0.158,0
SMB_EU_004289,FR,Hospitality,15,8033.11,-18.41,53,151.57,3,6,0,0,1,0.054,0
SMB_EU_004290,ES,Retail,41,4375.4,4.74,42,104.18,2,8,0,0,0,0.063,0
SMB_EU_004291,IT,E-commerce,41,9168.57,-21.34,52,176.32,2,9,1,0,1,0.063,1
SMB_EU_004292,DE,Retail,36,11055.29,-11.34,50,221.11,1,12,0,0,1,0.139,0
SMB_EU_004293,IT,E-commerce,15,9999.37,15.16,51,196.07,1,6,1,0,2,0.132,0
SMB_EU_004294,UK,Hospitality,56,4403.01,-46.24,51,86.33,3,8,0,1,2,0.053,1
SMB_EU_004295,FR,E-commerce,28,9214.29,-40.14,44,209.42,4,7,2,1,1,0.068,0
SMB_EU_004296,FR,Subscription,43,26265.14,-1.11,200,131.33,3,10,0,0,0,0.125,0
SMB_EU_004297,DE,Services,54,3451.97,-0.89,22,156.91,1,13,1,2,2,0.035,0
SMB_EU_004298,DE,E-commerce,30,15471.22,0.32,104,148.76,1,4,0,0,2,0.12,0
SMB_EU_004299,NL,Retail,9,7087.22,-3.96,26,272.59,2,11,3,0,0,0.137,0
SMB_EU_004300,IT,Services,32,5710.39,-6.65,63,90.64,3,7,0,0,0,0.224,0
SMB_EU_004301,DE,Subscription,24,6223.81,-15.16,40,155.6,1,7,1,0,0,0.048,0
SMB_EU_004302,UK,Services,14,4432.43,1.26,27,164.16,3,10,1,0,0,0.035,0
SMB_EU_004303,ES,Retail,65,10133.16,5.33,47,215.6,2,3,1,0,0,0.068,0
SMB_EU_004304,IT,Subscription,22,5362.45,6.16,21,255.35,3,16,2,0,1,0.043,0
SMB_EU_004305,ES,E-commerce,39,28836.53,0.97,120,240.3,2,8,2,1,1,0.06,0
SMB_EU_004306,DE,Services,45,10183.07,13.89,41,248.37,2,7,1,1,0,0.116,0
SMB_EU_004307,NL,Subscription,32,12950.32,-32.53,106,122.17,1,9,0,0,1,0.206,0
SMB_EU_004308,IT,Retail,20,8342.54,-6.14,30,278.08,3,13,2,0,0,0.111,0
SMB_EU_004309,ES,Subscription,8,1496.1,-60.42,9,166.23,3,7,1,1,0,0.036,1
SMB_EU_004310,ES,E-commerce,36,19348.69,-80.58,235,82.33,4,13,2,2,1,0.156,1
SMB_EU_004311,FR,Subscription,22,7116.57,21.91,31,229.57,1,12,1,0,2,0.063,0
SMB_EU_004312,UK,E-commerce,76,12939.51,-48.04,61,212.12,2,16,1,0,0,0.045,0
SMB_EU_004313,DE,Subscription,17,2882.9,-48.0,27,106.77,4,5,2,0,3,0.161,1
SMB_EU_004314,UK,Retail,5,10757.41,-62.05,37,290.74,2,8,2,2,0,0.119,1
SMB_EU_004315,UK,Services,11,2096.54,-51.5,10,209.65,1,7,0,3,1,0.15,1
SMB_EU_004316,DE,E-commerce,54,16104.6,24.58,88,183.01,4,6,0,0,2,0.036,0
SMB_EU_004317,ES,E-commerce,46,25812.13,-4.92,154,167.61,1,10,0,0,0,0.183,0
SMB_EU_004318,DE,Retail,65,6036.62,39.5,48,125.76,1,6,1,0,1,0.062,0
SMB_EU_004319,FR,Services,24,10371.58,0.96,36,288.1,2,11,1,1,1,0.069,0
SMB_EU_004320,NL,Retail,42,5110.24,30.86,22,232.28,1,14,1,0,2,0.133,0
SMB_EU_004321,IT,Hospitality,31,8602.21,13.41,42,204.81,1,11,1,0,1,0.099,0
SMB_EU_004322,UK,E-commerce,18,6856.37,5.42,31,221.17,2,11,4,0,1,0.072,0
SMB_EU_004323,IT,Subscription,28,16708.25,-11.86,63,265.21,2,10,0,2,3,0.076,0
SMB_EU_004324,NL,Retail,21,13531.71,16.83,62,218.25,4,13,1,1,1,0.108,0
SMB_EU_004325,ES,Retail,63,10595.79,9.52,101,104.91,3,18,2,2,1,0.077,0
SMB_EU_004326,UK,Retail,18,6318.43,12.47,27,234.02,3,4,2,1,0,0.068,0
SMB_EU_004327,DE,E-commerce,68,6467.89,-7.48,32,202.12,2,14,0,0,3,0.032,0
SMB_EU_004328,UK,Retail,17,6328.46,-14.92,22,287.66,1,7,0,0,0,0.079,0
SMB_EU_004329,DE,E-commerce,21,29201.92,-59.0,121,241.34,2,18,1,0,0,0.105,0
SMB_EU_004330,ES,Services,29,5405.49,26.28,35,154.44,3,10,2,0,1,0.051,0
SMB_EU_004331,FR,Services,16,1969.18,21.76,18,109.4,2,5,2,1,2,0.057,0
SMB_EU_004332,DE,Hospitality,28,3055.44,-7.88,16,190.96,1,10,1,1,1,0.222,0
SMB_EU_004333,NL,Retail,31,16968.05,-69.44,74,229.3,2,8,0,0,1,0.015,1
SMB_EU_004334,IT,Hospitality,60,8040.63,-25.91,68,118.24,2,5,2,1,1,0.056,0
SMB_EU_004335,FR,Retail,5,3815.38,-15.2,17,224.43,1,14,0,1,1,0.087,0
SMB_EU_004336,DE,Services,17,1733.15,-51.9,7,247.59,4,7,0,0,1,0.116,0
SMB_EU_004337,IT,E-commerce,74,10309.08,-48.74,90,114.55,2,9,1,0,2,0.149,1
SMB_EU_004338,UK,E-commerce,21,4939.36,-24.14,21,235.21,3,13,1,1,2,0.02,0
SMB_EU_004339,FR,E-commerce,21,13661.06,-5.29,144,94.87,1,8,1,0,2,0.038,0
SMB_EU_004340,DE,Services,16,21767.39,-10.26,266,81.83,2,4,0,1,0,0.104,0
SMB_EU_004341,NL,Retail,42,3068.74,21.19,35,87.68,4,15,0,0,0,0.121,0
SMB_EU_004342,DE,Hospitality,8,5366.33,-3.32,25,214.65,1,9,0,0,1,0.085,0
SMB_EU_004343,ES,Retail,35,17577.11,-16.96,60,292.95,1,12,3,0,0,0.173,0
SMB_EU_004344,ES,Services,81,7837.27,7.64,31,252.82,2,18,1,0,0,0.069,0
SMB_EU_004345,IT,Subscription,6,8231.6,-5.87,61,134.94,2,8,3,1,2,0.083,1
SMB_EU_004346,FR,E-commerce,42,13739.03,-3.11,143,96.08,2,9,2,0,1,0.057,0
SMB_EU_004347,ES,E-commerce,11,7497.01,2.17,35,214.2,2,7,1,0,2,0.181,0
SMB_EU_004348,IT,Subscription,36,7664.74,-12.18,95,80.68,3,7,3,1,0,0.103,0
SMB_EU_004349,ES,E-commerce,34,17359.06,-63.48,68,255.28,2,10,0,1,1,0.044,1
SMB_EU_004350,IT,E-commerce,44,29111.06,-49.47,218,133.54,1,13,3,0,1,0.088,1
SMB_EU_004351,ES,Hospitality,19,4135.69,14.46,28,147.7,4,9,3,0,2,0.113,0
SMB_EU_004352,IT,Hospitality,20,5354.08,-13.52,34,157.47,1,15,1,0,0,0.094,0
SMB_EU_004353,FR,Retail,45,4526.34,2.31,18,251.46,2,10,1,0,1,0.04,0
SMB_EU_004354,UK,Services,19,5723.8,22.58,41,139.6,1,14,0,1,0,0.131,0
SMB_EU_004355,IT,E-commerce,48,24006.34,-1.35,168,142.89,4,9,0,0,1,0.08,0
SMB_EU_004356,IT,Retail,3,11672.44,1.29,59,197.84,4,6,1,0,2,0.104,1
SMB_EU_004357,FR,Services,33,2477.69,0.83,14,176.98,2,9,0,0,1,0.01,0
SMB_EU_004358,IT,E-commerce,46,16381.75,-10.24,56,292.53,1,14,1,0,0,0.049,0
SMB_EU_004359,IT,Retail,24,5328.42,-45.95,39,136.63,3,8,0,0,0,0.005,0
SMB_EU_004360,DE,Hospitality,62,11005.44,-14.84,110,100.05,1,10,1,0,0,0.156,0
SMB_EU_004361,DE,Services,19,4538.74,-17.72,23,197.34,3,14,0,0,3,0.155,0
SMB_EU_004362,IT,Services,32,2009.19,11.37,17,118.19,4,8,2,1,0,0.152,1
SMB_EU_004363,ES,Subscription,51,7888.0,12.08,46,171.48,2,12,0,2,1,0.143,0
SMB_EU_004364,NL,Services,12,6583.2,-5.68,54,121.91,3,10,0,0,2,0.017,0
SMB_EU_004365,FR,Retail,54,9261.31,16.4,34,272.39,1,10,0,0,1,0.145,0
SMB_EU_004366,IT,E-commerce,34,11033.9,4.61,73,151.15,4,13,2,0,1,0.075,0
SMB_EU_004367,DE,Services,16,3519.34,1.06,14,251.38,1,20,0,0,2,0.158,0
SMB_EU_004368,NL,E-commerce,27,8294.13,-50.09,29,286.0,1,6,0,0,1,0.07,1
SMB_EU_004369,DE,Hospitality,15,4734.66,-49.24,17,278.51,4,10,1,0,2,0.044,0
SMB_EU_004370,DE,Hospitality,40,3590.72,-22.82,18,199.48,2,10,0,0,0,0.015,0
SMB_EU_004371,DE,E-commerce,23,26845.6,-12.79,91,295.01,3,16,0,0,0,0.276,0
SMB_EU_004372,FR,Subscription,21,5241.16,1.43,23,227.88,3,13,2,0,2,0.163,0
SMB_EU_004373,DE,E-commerce,41,16141.94,-16.08,149,108.34,2,8,0,0,3,0.082,0
SMB_EU_004374,FR,E-commerce,24,15496.78,4.57,56,276.73,1,8,0,0,0,0.084,0
SMB_EU_004375,NL,Subscription,28,15873.09,-21.35,87,182.45,3,6,0,1,1,0.088,0
SMB_EU_004376,NL,E-commerce,26,28837.34,-15.66,254,113.53,1,11,2,0,0,0.07,1
SMB_EU_004377,FR,Retail,4,12146.29,-10.65,48,253.05,1,14,0,1,0,0.02,0
SMB_EU_004378,ES,E-commerce,9,18537.71,8.1,85,218.09,2,8,2,0,0,0.016,0
SMB_EU_004379,DE,Services,17,2665.12,20.99,10,266.51,4,7,2,0,0,0.214,0
SMB_EU_004380,NL,Services,18,2632.98,-8.79,10,263.3,3,8,0,1,3,0.186,0
SMB_EU_004381,DE,Services,4,3010.25,19.84,20,150.51,1,11,1,0,0,0.072,0
SMB_EU_004382,DE,Services,28,7850.6,0.71,58,135.36,3,11,2,1,1,0.093,0
SMB_EU_004383,IT,E-commerce,25,15674.7,3.54,65,241.15,4,16,1,0,4,0.16,0
SMB_EU_004384,IT,Services,30,8420.19,-48.85,41,205.37,1,15,0,0,3,0.047,0
SMB_EU_004385,UK,Services,22,9125.93,-2.96,96,95.06,1,12,0,0,1,0.054,0
SMB_EU_004386,IT,Retail,67,5175.16,6.59,43,120.35,1,9,0,0,2,0.083,0
SMB_EU_004387,UK,Retail,38,8155.45,11.1,72,113.27,2,5,0,1,0,0.025,0
SMB_EU_004388,DE,Subscription,72,8930.11,-13.27,43,207.68,1,10,1,0,4,0.063,0
SMB_EU_004389,DE,Services,12,4107.3,-2.84,42,97.79,2,17,1,0,2,0.054,1
SMB_EU_004390,DE,Services,21,3627.46,25.04,29,125.08,3,12,0,0,3,0.051,0
SMB_EU_004391,DE,Services,18,10178.64,2.66,51,199.58,2,13,1,0,2,0.025,0
SMB_EU_004392,IT,E-commerce,7,15475.11,-54.07,142,108.98,4,10,2,1,4,0.049,1
SMB_EU_004393,IT,Hospitality,24,6047.51,17.51,45,134.39,2,11,0,1,2,0.067,0
SMB_EU_004394,DE,E-commerce,4,9266.29,-7.52,33,280.8,1,18,2,0,0,0.015,0
SMB_EU_004395,UK,Retail,40,11995.95,-0.51,51,235.21,2,10,2,2,3,0.033,0
SMB_EU_004396,UK,Services,57,2735.66,12.25,19,143.98,4,14,1,0,0,0.026,0
SMB_EU_004397,FR,E-commerce,23,19707.39,18.58,72,273.71,1,14,2,0,2,0.097,0
SMB_EU_004398,DE,Hospitality,30,8013.26,-35.48,59,135.82,1,11,0,0,1,0.036,0
SMB_EU_004399,DE,E-commerce,58,11711.15,-11.05,56,209.13,3,10,0,0,1,0.027,0
SMB_EU_004400,DE,E-commerce,13,18149.47,-14.98,113,160.61,1,17,0,1,2,0.184,0
SMB_EU_004401,DE,Retail,7,8942.75,-1.86,36,248.41,3,10,0,0,2,0.015,0
SMB_EU_004402,NL,E-commerce,4,14649.9,-13.84,91,160.99,2,8,1,0,1,0.094,0
SMB_EU_004403,FR,Retail,15,8062.37,9.96,60,134.37,3,7,1,0,2,0.032,0
SMB_EU_004404,FR,Retail,17,8302.12,2.59,39,212.87,2,12,2,0,1,0.05,0
SMB_EU_004405,UK,Subscription,42,9729.59,-33.01,40,243.24,1,9,0,0,4,0.12,1
SMB_EU_004406,IT,Retail,9,8294.45,14.3,42,197.49,2,8,0,0,2,0.062,0
SMB_EU_004407,UK,E-commerce,7,7734.82,10.19,33,234.39,1,8,2,0,0,0.191,0
SMB_EU_004408,DE,Hospitality,47,5476.32,-5.04,32,171.13,3,9,1,1,3,0.128,0
SMB_EU_004409,FR,Hospitality,17,7033.81,-29.45,28,251.21,2,8,0,1,3,0.094,1
SMB_EU_004410,IT,Retail,30,8480.88,-6.91,41,206.85,3,15,0,1,0,0.167,0
SMB_EU_004411,DE,Services,43,8861.25,-47.74,72,123.07,2,7,0,0,0,0.026,1
SMB_EU_004412,DE,Services,113,7253.54,14.31,26,278.98,3,10,0,0,1,0.025,0
SMB_EU_004413,IT,Retail,35,4745.5,-30.57,18,263.64,1,6,0,0,1,0.068,0
SMB_EU_004414,IT,E-commerce,16,13572.88,-22.54,46,295.06,1,7,1,2,2,0.018,0
SMB_EU_004415,FR,Subscription,46,7466.47,8.05,36,207.4,1,6,1,1,0,0.006,0
SMB_EU_004416,NL,Services,13,4986.97,-32.22,22,226.68,3,7,0,0,0,0.157,0
SMB_EU_004417,FR,Hospitality,57,5989.28,-63.45,22,272.24,2,8,0,0,2,0.029,1
SMB_EU_004418,DE,Retail,15,11546.18,-20.61,126,91.64,2,5,2,3,2,0.045,1
SMB_EU_004419,FR,E-commerce,11,16683.95,-34.4,59,282.78,4,12,0,0,1,0.211,0
SMB_EU_004420,DE,Hospitality,27,12554.59,3.16,90,139.5,2,8,2,0,3,0.134,0
SMB_EU_004421,DE,Retail,34,9244.64,11.82,100,92.45,2,6,1,0,0,0.034,0
SMB_EU_004422,UK,E-commerce,11,9112.94,-44.52,69,132.07,4,8,0,0,2,0.07,0
SMB_EU_004423,IT,Hospitality,17,4533.03,9.04,22,206.05,2,7,0,1,1,0.081,0
SMB_EU_004424,ES,E-commerce,37,21548.88,-0.52,238,90.54,3,12,0,0,1,0.129,0
SMB_EU_004425,FR,Services,30,1898.26,25.83,24,79.09,2,7,2,0,1,0.008,0
SMB_EU_004426,FR,Services,35,2229.8,10.5,10,222.98,1,12,2,0,1,0.11,0
SMB_EU_004427,FR,E-commerce,58,15096.58,3.33,84,179.72,3,12,1,1,1,0.067,0
SMB_EU_004428,DE,Services,33,8846.23,-46.91,33,268.07,4,3,0,0,0,0.078,1
SMB_EU_004429,DE,Retail,68,17525.6,-5.99,128,136.92,2,8,0,0,1,0.063,0
SMB_EU_004430,ES,Services,48,4389.32,-0.86,31,141.59,2,15,0,0,1,0.116,0
SMB_EU_004431,IT,Retail,17,15118.8,-75.84,156,96.92,2,14,2,1,1,0.107,1
SMB_EU_004432,IT,Retail,59,8354.52,-28.28,42,198.92,4,3,1,1,1,0.119,0
SMB_EU_004433,NL,Hospitality,32,2393.87,26.4,15,159.59,4,11,1,0,1,0.048,0
SMB_EU_004434,UK,E-commerce,54,14927.49,2.23,96,155.49,1,5,0,0,2,0.082,0
SMB_EU_004435,DE,Subscription,36,6208.25,1.6,34,182.6,3,10,0,0,1,0.052,0
SMB_EU_004436,FR,E-commerce,79,26023.21,14.98,97,268.28,2,16,2,0,2,0.23,0
SMB_EU_004437,FR,E-commerce,11,14770.69,-46.79,143,103.29,1,9,1,0,2,0.089,1
SMB_EU_004438,ES,E-commerce,23,6967.82,-11.8,36,193.55,2,10,2,0,1,0.078,0
SMB_EU_004439,UK,E-commerce,40,6099.59,-22.12,50,121.99,1,11,1,1,2,0.122,0
SMB_EU_004440,FR,E-commerce,30,14812.36,-17.03,117,126.6,4,8,0,0,0,0.215,0
SMB_EU_004441,UK,Hospitality,13,1404.43,2.75,10,140.44,1,10,2,0,1,0.139,0
SMB_EU_004442,ES,Services,74,3663.94,-12.57,20,183.2,4,7,1,0,1,0.141,0
SMB_EU_004443,FR,Services,25,5743.43,13.92,30,191.45,4,7,0,0,2,0.097,0
SMB_EU_004444,FR,Subscription,50,4773.19,-7.65,18,265.18,1,10,0,0,0,0.031,0
SMB_EU_004445,FR,E-commerce,38,27233.35,-12.37,99,275.08,3,7,1,0,3,0.088,0
SMB_EU_004446,UK,Services,45,10216.89,-25.95,49,208.51,2,11,2,1,0,0.103,1
SMB_EU_004447,DE,E-commerce,10,8150.1,5.48,57,142.98,4,8,2,1,1,0.09,0
SMB_EU_004448,ES,Hospitality,26,5017.51,-18.11,19,264.08,3,14,0,0,1,0.101,0
SMB_EU_004449,FR,E-commerce,46,27244.89,-7.82,107,254.63,3,12,0,1,1,0.075,0
SMB_EU_004450,ES,Subscription,50,8992.94,-31.43,35,256.94,4,14,0,0,1,0.137,0
SMB_EU_004451,NL,Services,47,2165.72,20.08,26,83.3,1,4,0,0,0,0.096,0
SMB_EU_004452,IT,Subscription,15,8258.41,-75.19,34,242.89,2,12,0,0,0,0.052,1
SMB_EU_004453,ES,Services,6,2997.21,9.23,11,272.47,3,12,1,0,0,0.141,0
SMB_EU_004454,ES,Subscription,9,17498.99,-39.91,82,213.4,1,10,0,1,1,0.015,0
SMB_EU_004455,UK,Services,27,7192.2,-7.42,29,248.01,4,7,0,0,3,0.057,0
SMB_EU_004456,DE,E-commerce,29,12426.06,-36.83,50,248.52,3,10,3,1,0,0.063,0
SMB_EU_004457,IT,E-commerce,27,16335.47,-5.46,85,192.18,2,7,0,2,2,0.135,0
SMB_EU_004458,DE,E-commerce,11,6842.66,9.31,26,263.18,1,12,2,0,0,0.114,0
SMB_EU_004459,FR,Retail,18,5089.48,-8.05,20,254.47,1,8,1,0,0,0.057,0
SMB_EU_004460,IT,E-commerce,73,38092.51,24.88,135,282.17,1,5,0,0,1,0.029,0
SMB_EU_004461,FR,E-commerce,34,15489.45,-15.13,55,281.63,2,10,2,1,0,0.034,0
SMB_EU_004462,NL,E-commerce,26,26208.97,2.97,133,197.06,3,9,1,0,1,0.066,0
SMB_EU_004463,UK,Subscription,72,10344.27,-2.49,119,86.93,2,11,1,0,4,0.105,0
SMB_EU_004464,DE,Subscription,83,19802.21,-36.53,235,84.26,2,9,1,1,0,0.064,1
SMB_EU_004465,IT,Retail,19,2411.23,20.04,8,301.4,1,14,0,0,0,0.036,0
SMB_EU_004466,FR,E-commerce,35,13398.19,-17.42,87,154.0,1,12,1,0,1,0.048,0
SMB_EU_004467,DE,E-commerce,8,40242.32,-10.53,247,162.92,4,12,0,0,3,0.126,0
SMB_EU_004468,DE,E-commerce,6,26622.43,9.52,145,183.6,1,9,0,1,0,0.071,0
SMB_EU_004469,UK,Services,23,11074.68,14.05,80,138.43,1,3,1,1,3,0.115,0
SMB_EU_004470,UK,E-commerce,10,14939.24,-39.03,71,210.41,3,9,1,0,2,0.168,0
SMB_EU_004471,UK,Hospitality,18,4347.04,-11.14,17,255.71,2,10,3,0,1,0.085,0
SMB_EU_004472,UK,Services,32,2699.7,1.18,20,134.98,1,13,0,0,3,0.104,0
SMB_EU_004473,DE,Services,63,2589.02,22.15,11,235.37,4,9,1,0,1,0.054,0
SMB_EU_004474,FR,Retail,35,12983.48,0.62,57,227.78,2,6,0,0,1,0.246,0
SMB_EU_004475,IT,Services,19,6803.01,-18.96,35,194.37,1,10,1,1,0,0.102,0
SMB_EU_004476,NL,E-commerce,86,14412.65,1.64,95,151.71,3,13,1,0,1,0.116,0
SMB_EU_004477,FR,E-commerce,28,20347.63,11.74,75,271.3,1,8,0,0,2,0.073,0
SMB_EU_004478,FR,Retail,51,8713.84,-1.52,52,167.57,2,8,1,1,0,0.062,0
SMB_EU_004479,IT,E-commerce,53,26719.16,18.87,165,161.93,3,11,0,0,3,0.083,0
SMB_EU_004480,IT,E-commerce,26,26566.8,12.99,120,221.39,4,7,0,0,4,0.113,0
SMB_EU_004481,DE,E-commerce,2,7913.15,-0.93,28,282.61,2,8,1,0,4,0.013,0
SMB_EU_004482,NL,Hospitality,16,7070.61,0.65,37,191.1,1,11,3,0,2,0.055,1
SMB_EU_004483,IT,Services,17,1836.97,-27.63,8,229.62,2,14,1,1,2,0.038,0
SMB_EU_004484,IT,Retail,26,8664.67,18.15,48,180.51,4,11,0,0,1,0.059,0
SMB_EU_004485,DE,Retail,22,11496.29,-4.94,90,127.74,3,10,2,0,2,0.042,0
SMB_EU_004486,ES,Services,23,2273.24,-6.0,21,108.25,2,6,2,0,2,0.076,0
SMB_EU_004487,DE,Retail,27,6231.17,-8.25,57,109.32,1,8,0,0,1,0.059,0
SMB_EU_004488,FR,Subscription,31,9051.59,-21.89,107,84.59,2,5,3,0,1,0.082,0
SMB_EU_004489,ES,Hospitality,6,6904.05,-16.93,34,203.06,4,13,2,2,0,0.09,1
SMB_EU_004490,IT,E-commerce,31,12690.94,-14.76,117,108.47,2,15,2,0,2,0.195,0
SMB_EU_004491,FR,Retail,42,3959.31,-0.79,15,263.95,1,9,0,0,1,0.025,0
SMB_EU_004492,IT,Retail,87,7744.92,-48.88,26,297.88,2,7,1,1,1,0.099,0
SMB_EU_004493,IT,Retail,30,2968.61,5.03,16,185.54,2,6,2,1,2,0.022,0
SMB_EU_004494,ES,Retail,49,6957.75,-30.32,39,178.4,2,13,1,0,1,0.032,0
SMB_EU_004495,ES,Hospitality,40,4604.05,23.93,29,158.76,1,10,0,1,0,0.112,0
SMB_EU_004496,IT,Retail,15,7380.8,10.4,33,223.66,1,10,0,1,1,0.088,0
SMB_EU_004497,NL,E-commerce,31,10723.71,-33.8,50,214.47,3,14,1,1,2,0.251,0
SMB_EU_004498,DE,Hospitality,68,2428.2,-9.07,16,151.76,2,12,0,0,0,0.009,0
SMB_EU_004499,FR,E-commerce,66,12040.12,36.09,77,156.37,4,9,1,0,0,0.106,0
SMB_EU_004500,FR,Retail,66,13984.28,-6.59,63,221.97,3,11,1,0,0,0.134,0
SMB_EU_004501,IT,Retail,120,17052.86,-10.71,84,203.01,2,20,1,1,1,0.042,0
SMB_EU_004502,NL,Retail,42,34571.93,10.6,145,238.43,1,5,0,0,0,0.068,0
SMB_EU_004503,FR,Services,20,13796.68,2.93,48,287.43,3,13,0,1,0,0.051,0
SMB_EU_004504,DE,E-commerce,43,7314.71,-12.28,29,252.23,1,6,0,0,3,0.093,0
SMB_EU_004505,NL,Services,13,3913.28,32.94,27,144.94,4,7,0,1,3,0.102,0
SMB_EU_004506,FR,E-commerce,38,14796.32,14.63,60,246.61,1,10,0,0,0,0.145,0
SMB_EU_004507,ES,E-commerce,12,14249.39,0.06,80,178.12,1,16,0,0,0,0.199,0
SMB_EU_004508,DE,E-commerce,16,15639.04,36.02,62,252.24,1,10,1,1,4,0.071,0
SMB_EU_004509,IT,Services,6,21199.82,12.16,77,275.32,2,10,0,1,0,0.068,0
SMB_EU_004510,UK,E-commerce,36,7836.71,-0.18,58,135.12,3,10,0,0,0,0.101,0
SMB_EU_004511,DE,Retail,64,5213.87,34.22,39,133.69,1,12,0,0,0,0.164,0
SMB_EU_004512,NL,Hospitality,30,16087.7,9.88,92,174.87,2,9,2,1,2,0.133,0
SMB_EU_004513,DE,E-commerce,27,10365.28,9.23,113,91.73,1,14,0,1,0,0.043,0
SMB_EU_004514,IT,E-commerce,17,18995.43,-5.8,82,231.65,2,12,0,0,3,0.223,0
SMB_EU_004515,IT,Hospitality,52,11162.43,0.74,46,242.66,1,4,0,0,0,0.044,0
SMB_EU_004516,FR,E-commerce,57,20084.52,-6.16,129,155.69,2,10,1,2,1,0.143,0
SMB_EU_004517,NL,Hospitality,8,6731.64,21.6,37,181.94,2,5,1,1,2,0.062,0
SMB_EU_004518,UK,E-commerce,32,26343.37,-24.14,126,209.07,1,7,1,0,0,0.064,0
SMB_EU_004519,DE,Services,51,2925.88,20.49,30,97.53,3,8,0,1,0,0.07,0
SMB_EU_004520,DE,Services,20,3712.18,-13.16,16,232.01,2,9,1,1,2,0.055,0
SMB_EU_004521,UK,E-commerce,7,20685.5,-30.81,106,195.15,2,7,2,0,0,0.035,0
SMB_EU_004522,IT,Hospitality,12,1733.42,-48.36,8,216.68,2,6,1,0,2,0.042,0
SMB_EU_004523,UK,Services,71,11697.65,-7.8,49,238.73,3,6,1,1,0,0.099,0
SMB_EU_004524,IT,E-commerce,56,17994.85,10.35,79,227.78,2,10,3,0,1,0.122,0
SMB_EU_004525,ES,E-commerce,61,16442.5,-44.64,163,100.87,4,11,2,0,1,0.064,0
SMB_EU_004526,NL,Services,9,1879.73,-10.02,7,268.53,4,14,0,0,2,0.016,0
SMB_EU_004527,ES,Hospitality,50,2772.62,2.31,13,213.28,3,5,0,0,0,0.038,0
SMB_EU_004528,UK,Retail,74,6298.37,-10.44,27,233.27,4,7,0,1,1,0.2,0
SMB_EU_004529,IT,Services,16,8116.47,-8.07,59,137.57,4,10,2,0,1,0.145,0
SMB_EU_004530,DE,Retail,24,2301.29,-22.46,18,127.85,1,10,3,1,0,0.077,0
SMB_EU_004531,FR,Services,33,8024.16,-59.12,31,258.84,4,8,2,1,1,0.205,1
SMB_EU_004532,DE,Services,37,4028.6,7.41,24,167.86,1,11,1,0,3,0.018,0
SMB_EU_004533,FR,Subscription,20,7870.88,0.56,38,207.13,1,13,1,1,2,0.015,1
SMB_EU_004534,FR,Retail,54,9314.73,-1.97,46,202.49,4,9,1,0,1,0.043,0
SMB_EU_004535,IT,Hospitality,41,7052.27,39.19,34,207.42,1,12,0,1,2,0.05,0
SMB_EU_004536,IT,E-commerce,14,9782.48,-6.96,103,94.98,2,9,0,0,1,0.013,0
SMB_EU_004537,NL,E-commerce,52,21823.69,-12.5,149,146.47,4,8,0,0,0,0.078,0
SMB_EU_004538,IT,Retail,25,1989.34,16.95,21,94.73,1,6,3,0,2,0.043,0
SMB_EU_004539,DE,Hospitality,42,4579.13,5.03,25,183.17,1,9,0,0,1,0.052,0
SMB_EU_004540,DE,E-commerce,15,16448.91,17.04,59,278.8,2,16,0,0,1,0.174,0
SMB_EU_004541,DE,Retail,15,6504.35,5.98,39,166.78,3,12,1,0,2,0.057,0
SMB_EU_004542,NL,Hospitality,6,2004.94,-2.92,8,250.62,3,15,2,0,4,0.071,0
SMB_EU_004543,DE,Services,59,7879.42,-2.83,55,143.26,4,12,1,0,1,0.161,0
SMB_EU_004544,FR,Services,48,2364.12,6.49,9,262.68,1,18,0,0,1,0.079,0
SMB_EU_004545,FR,Subscription,33,8642.71,-3.17,50,172.85,2,7,3,0,3,0.098,0
SMB_EU_004546,ES,E-commerce,9,16442.52,18.29,104,158.1,3,6,0,0,1,0.022,0
SMB_EU_004547,DE,Subscription,65,9107.71,-19.54,39,233.53,3,15,1,0,2,0.043,0
SMB_EU_004548,IT,Services,42,10082.94,18.21,52,193.9,1,12,0,0,0,0.071,0
SMB_EU_004549,IT,E-commerce,20,14528.22,-28.1,94,154.56,1,12,2,1,2,0.038,0
SMB_EU_004550,ES,Retail,35,10338.91,2.18,111,93.14,1,11,1,1,2,0.07,0
SMB_EU_004551,UK,E-commerce,25,14505.21,-4.97,124,116.98,4,11,1,1,0,0.286,0
SMB_EU_004552,DE,E-commerce,42,21667.73,-22.75,87,249.05,4,11,3,1,2,0.124,0
SMB_EU_004553,DE,Hospitality,13,13844.07,-30.9,49,282.53,1,14,1,0,2,0.087,0
SMB_EU_004554,UK,Hospitality,4,6516.16,-16.46,56,116.36,1,9,0,0,1,0.093,0
SMB_EU_004555,NL,Services,39,7992.86,0.69,39,204.95,2,8,0,0,2,0.008,0
SMB_EU_004556,IT,E-commerce,43,35918.32,-9.03,410,87.61,4,9,0,0,1,0.172,0
SMB_EU_004557,IT,Retail,6,18060.95,-15.61,125,144.49,4,8,1,0,0,0.059,0
SMB_EU_004558,IT,Services,2,3968.01,20.28,22,180.36,2,8,0,0,3,0.062,0
SMB_EU_004559,UK,E-commerce,33,27935.82,-18.48,115,242.92,1,11,0,0,3,0.133,0
SMB_EU_004560,UK,Subscription,40,10448.8,10.19,116,90.08,1,16,1,0,0,0.112,0
SMB_EU_004561,ES,Retail,24,15639.18,-13.33,62,252.24,2,10,0,1,1,0.198,0
SMB_EU_004562,FR,Subscription,13,12659.47,-16.84,102,124.11,4,18,0,1,0,0.146,0
SMB_EU_004563,UK,Retail,87,9438.93,-9.06,38,248.39,1,11,1,0,4,0.018,0
SMB_EU_004564,DE,Retail,38,10379.42,9.3,48,216.24,3,6,1,1,0,0.007,0
SMB_EU_004565,FR,Retail,58,9323.93,-20.57,60,155.4,1,9,0,1,5,0.127,0
SMB_EU_004566,UK,Services,11,5965.77,4.31,25,238.63,2,8,1,3,0,0.046,1
SMB_EU_004567,FR,Services,64,4545.5,-14.41,34,133.69,3,11,1,0,1,0.225,0
SMB_EU_004568,FR,E-commerce,37,12897.27,-11.71,100,128.97,3,9,0,0,4,0.12,0
SMB_EU_004569,DE,Subscription,82,25922.97,6.01,277,93.58,3,14,1,1,0,0.025,0
SMB_EU_004570,UK,Hospitality,42,7990.68,32.6,48,166.47,3,8,2,0,2,0.074,0
SMB_EU_004571,NL,Hospitality,30,4253.65,-13.67,42,101.28,1,14,1,2,2,0.021,1
SMB_EU_004572,IT,Services,26,4233.32,10.8,25,169.33,2,4,2,0,2,0.045,0
SMB_EU_004573,FR,E-commerce,17,28270.12,-4.69,344,82.18,3,8,0,0,0,0.12,0
SMB_EU_004574,ES,E-commerce,26,9644.02,-45.66,85,113.46,1,8,2,0,0,0.054,0
SMB_EU_004575,ES,Subscription,43,3698.8,16.07,13,284.52,2,8,1,1,4,0.224,0
SMB_EU_004576,FR,Subscription,48,3865.75,-12.65,15,257.72,4,9,0,0,0,0.158,0
SMB_EU_004577,FR,Subscription,15,3189.42,-17.31,24,132.89,4,12,0,0,2,0.084,0
SMB_EU_004578,DE,Subscription,8,4128.59,6.9,17,242.86,3,11,1,0,4,0.043,0
SMB_EU_004579,UK,Retail,35,3938.98,23.92,17,231.7,1,5,1,2,0,0.065,0
SMB_EU_004580,IT,Services,6,11479.7,11.25,97,118.35,4,9,1,0,2,0.113,0
SMB_EU_004581,UK,E-commerce,27,14590.09,-21.11,90,162.11,4,9,2,1,1,0.096,0
SMB_EU_004582,FR,Subscription,9,7237.43,-9.23,26,278.36,3,6,2,0,1,0.192,0
SMB_EU_004583,ES,E-commerce,46,6309.16,14.69,26,242.66,1,13,1,1,1,0.006,0
SMB_EU_004584,ES,Hospitality,20,5506.25,-34.76,22,250.28,2,9,0,1,1,0.068,0
SMB_EU_004585,IT,E-commerce,22,5289.13,-45.65,26,203.43,3,9,2,0,0,0.123,0
SMB_EU_004586,UK,E-commerce,8,12017.93,-8.69,53,226.75,3,7,1,1,1,0.227,0
SMB_EU_004587,FR,Retail,55,27608.9,24.69,144,191.73,1,12,2,0,1,0.095,0
SMB_EU_004588,DE,Services,32,7446.32,-60.13,31,240.2,1,10,0,0,0,0.063,1
SMB_EU_004589,IT,Services,33,4408.61,-9.09,18,244.92,3,8,1,0,1,0.023,0
SMB_EU_004590,ES,Retail,9,12161.99,-68.72,140,86.87,3,8,1,0,2,0.033,1
SMB_EU_004591,IT,Services,5,3656.52,-17.93,17,215.09,2,10,2,0,0,0.169,0
SMB_EU_004592,DE,Hospitality,15,3711.19,42.5,17,218.31,2,11,1,0,2,0.156,0
SMB_EU_004593,NL,E-commerce,20,41701.12,21.31,440,94.78,3,8,1,0,1,0.008,0
SMB_EU_004594,FR,E-commerce,14,7558.6,-9.84,44,171.79,1,10,0,0,1,0.119,0
SMB_EU_004595,NL,Services,82,4042.91,25.98,15,269.53,1,12,0,0,1,0.067,0
SMB_EU_004596,IT,Services,55,6007.8,8.0,21,286.09,2,12,1,0,1,0.14,0
SMB_EU_004597,ES,E-commerce,27,8553.24,7.11,34,251.57,1,8,1,0,1,0.065,0
SMB_EU_004598,FR,Hospitality,15,8865.1,-10.77,78,113.66,3,9,1,1,2,0.082,0
SMB_EU_004599,FR,Retail,11,6655.77,-7.71,41,162.34,3,9,0,1,1,0.226,0
SMB_EU_004600,FR,E-commerce,26,22340.39,-45.07,186,120.11,3,10,2,0,0,0.109,1
SMB_EU_004601,DE,Retail,34,11370.61,-60.04,51,222.95,4,12,0,0,2,0.115,0
SMB_EU_004602,ES,Retail,19,6914.59,-7.3,28,246.95,1,13,1,0,1,0.018,1
SMB_EU_004603,UK,Hospitality,37,16745.92,0.07,61,274.52,1,8,1,0,3,0.189,0
SMB_EU_004604,FR,Subscription,18,6037.7,19.64,22,274.44,1,9,0,2,2,0.091,0
SMB_EU_004605,ES,E-commerce,11,33695.78,-9.25,331,101.8,3,18,0,1,2,0.074,0
SMB_EU_004606,UK,Retail,37,16190.12,12.18,150,107.93,2,10,0,0,3,0.102,0
SMB_EU_004607,UK,Hospitality,5,17362.08,-81.18,62,280.03,1,10,0,1,0,0.121,1
SMB_EU_004608,DE,Services,8,5550.41,17.51,21,264.31,1,8,1,0,1,0.112,0
SMB_EU_004609,UK,Services,13,3115.18,-13.51,17,183.25,4,7,0,0,1,0.031,0
SMB_EU_004610,FR,Services,17,17383.4,1.95,100,173.83,3,10,1,1,1,0.051,0
SMB_EU_004611,FR,E-commerce,43,12270.88,6.1,61,201.16,2,8,2,0,2,0.043,0
SMB_EU_004612,DE,Services,8,3068.88,-44.77,15,204.59,4,8,0,0,2,0.057,0
SMB_EU_004613,NL,Retail,22,7138.98,-1.6,53,134.7,3,8,0,0,1,0.046,0
SMB_EU_004614,DE,E-commerce,34,8323.11,-18.62,49,169.86,1,11,0,0,0,0.118,0
SMB_EU_004615,FR,E-commerce,32,20568.06,-56.9,95,216.51,2,5,2,0,2,0.02,1
SMB_EU_004616,FR,E-commerce,43,10429.61,-32.97,83,125.66,2,5,0,0,3,0.043,0
SMB_EU_004617,ES,Subscription,23,7574.1,-8.96,25,302.96,3,7,4,1,0,0.039,0
SMB_EU_004618,UK,Services,16,8936.15,-1.55,63,141.84,1,12,2,0,2,0.248,1
SMB_EU_004619,FR,Retail,61,11630.81,-22.38,58,200.53,2,7,0,0,2,0.053,0
SMB_EU_004620,UK,Retail,16,8075.16,-31.66,40,201.88,2,6,2,0,4,0.169,0
SMB_EU_004621,UK,E-commerce,14,16619.46,-19.79,93,178.7,4,8,0,0,0,0.027,1
SMB_EU_004622,ES,E-commerce,13,15110.71,-27.04,113,133.72,4,10,0,0,2,0.074,0
SMB_EU_004623,DE,Hospitality,13,4632.36,-52.58,23,201.41,2,11,1,0,0,0.142,1
SMB_EU_004624,IT,Subscription,70,8986.37,15.22,90,99.85,2,15,1,0,1,0.034,0
SMB_EU_004625,UK,Subscription,78,12082.15,0.15,73,165.51,3,13,1,0,0,0.097,0
SMB_EU_004626,IT,Hospitality,46,5562.58,-8.38,43,129.36,3,12,0,0,0,0.078,0
SMB_EU_004627,FR,Services,38,6432.08,24.01,60,107.2,4,10,1,0,2,0.217,0
SMB_EU_004628,NL,E-commerce,14,9079.77,-1.03,32,283.74,4,10,0,0,1,0.076,0
SMB_EU_004629,IT,Retail,19,5568.39,-5.43,24,232.02,3,11,0,2,0,0.166,1
SMB_EU_004630,NL,E-commerce,7,9654.83,13.64,82,117.74,1,7,1,0,0,0.109,0
SMB_EU_004631,DE,Hospitality,22,4274.56,-22.21,15,284.97,1,9,1,0,0,0.217,0
SMB_EU_004632,FR,Services,9,10823.79,-37.91,85,127.34,2,12,1,0,2,0.094,1
SMB_EU_004633,ES,Retail,30,12367.41,17.37,94,131.57,3,11,1,0,2,0.096,0
SMB_EU_004634,UK,E-commerce,15,7860.86,-12.54,72,109.18,1,10,0,0,1,0.048,0
SMB_EU_004635,DE,E-commerce,32,19502.63,12.97,81,240.77,1,11,3,0,2,0.111,0
SMB_EU_004636,UK,Subscription,13,7119.77,0.69,35,203.42,2,12,0,0,0,0.046,0
SMB_EU_004637,FR,E-commerce,6,9960.42,-17.46,107,93.09,4,16,0,0,1,0.059,0
SMB_EU_004638,IT,Services,11,2050.32,-12.68,24,85.43,2,8,0,0,0,0.106,0
SMB_EU_004639,ES,Services,34,8958.38,-60.78,45,199.08,1,10,1,0,1,0.163,0
SMB_EU_004640,ES,E-commerce,36,6617.6,-16.16,30,220.59,1,7,3,0,2,0.249,1
SMB_EU_004641,UK,Hospitality,33,5815.82,-70.39,22,264.36,1,6,0,0,1,0.135,0
SMB_EU_004642,FR,Services,30,2833.89,-25.99,15,188.93,4,9,0,1,1,0.086,0
SMB_EU_004643,UK,E-commerce,27,23892.31,6.05,104,229.73,4,8,1,0,2,0.026,0
SMB_EU_004644,DE,Subscription,41,7364.08,-14.03,31,237.55,2,9,0,1,0,0.304,0
SMB_EU_004645,ES,Retail,2,7379.93,-0.52,34,217.06,2,9,1,1,0,0.077,0
SMB_EU_004646,ES,Retail,68,7530.8,-2.73,48,156.89,3,6,2,0,1,0.178,0
SMB_EU_004647,IT,Services,22,5995.33,-14.12,55,109.01,1,8,2,1,1,0.042,0
SMB_EU_004648,FR,Services,41,5039.17,-22.84,23,219.09,2,12,0,0,0,0.038,0
SMB_EU_004649,UK,Subscription,26,8769.33,38.01,35,250.55,2,9,2,0,1,0.009,0
SMB_EU_004650,DE,Hospitality,15,4396.1,-44.49,36,122.11,4,7,2,0,1,0.082,0
SMB_EU_004651,DE,Subscription,21,3498.68,27.35,19,184.14,3,10,1,1,1,0.131,0
SMB_EU_004652,ES,Services,11,2555.65,17.47,15,170.38,2,8,0,0,0,0.154,0
SMB_EU_004653,NL,Services,13,7694.65,-4.82,61,126.14,4,14,0,0,1,0.051,0
SMB_EU_004654,UK,Hospitality,37,4994.15,2.71,37,134.98,3,6,1,1,1,0.163,0
SMB_EU_004655,FR,E-commerce,30,10070.84,2.28,76,132.51,3,8,1,0,0,0.138,0
SMB_EU_004656,DE,Subscription,5,3872.06,27.66,22,176.0,2,6,1,0,2,0.117,0
SMB_EU_004657,ES,E-commerce,13,5345.54,12.45,32,167.05,1,7,2,1,1,0.106,0
SMB_EU_004658,IT,E-commerce,22,9836.76,-12.11,49,200.75,1,10,1,0,1,0.038,0
SMB_EU_004659,DE,E-commerce,26,25556.25,5.27,254,100.62,4,9,0,0,1,0.024,0
SMB_EU_004660,ES,Hospitality,85,4295.28,-18.65,21,204.54,1,12,0,1,1,0.043,0
SMB_EU_004661,NL,E-commerce,30,19074.29,-17.63,225,84.77,2,12,1,2,2,0.055,0
SMB_EU_004662,IT,Retail,4,5571.17,7.41,41,135.88,2,10,0,1,1,0.177,0
SMB_EU_004663,NL,Services,27,7335.74,20.18,39,188.1,2,11,1,0,0,0.078,0
SMB_EU_004664,ES,E-commerce,9,12146.0,-12.86,53,229.17,2,10,0,0,0,0.054,0
SMB_EU_004665,ES,Hospitality,23,2865.17,-10.79,11,260.47,1,8,0,0,2,0.103,0
SMB_EU_004666,ES,Retail,90,6807.8,17.41,78,87.28,1,14,1,0,3,0.055,0
SMB_EU_004667,DE,Retail,18,24042.95,-5.31,121,198.7,1,12,1,0,1,0.154,0
SMB_EU_004668,ES,Retail,48,23414.89,-14.73,148,158.21,1,11,1,0,1,0.163,0
SMB_EU_004669,IT,Services,26,6694.98,13.23,29,230.86,1,16,0,1,1,0.243,0
SMB_EU_004670,IT,Retail,66,7368.44,8.65,52,141.7,3,12,0,0,0,0.202,0
SMB_EU_004671,FR,Subscription,38,10800.21,-19.71,44,245.46,1,13,2,1,2,0.09,0
SMB_EU_004672,UK,Retail,52,9675.07,16.87,46,210.33,1,14,2,0,1,0.137,0
SMB_EU_004673,ES,Retail,34,7810.82,17.93,31,251.96,3,13,2,1,0,0.131,0
SMB_EU_004674,DE,Retail,18,10422.93,-1.24,35,297.8,1,10,0,0,4,0.113,1
SMB_EU_004675,FR,Retail,61,9064.61,29.61,32,283.27,4,11,0,1,0,0.048,0
SMB_EU_004676,UK,Services,31,4136.52,23.75,20,206.83,2,8,0,0,1,0.01,0
SMB_EU_004677,DE,Services,19,2440.7,-29.76,9,271.19,4,14,1,0,2,0.093,0
SMB_EU_004678,UK,Hospitality,15,4552.72,-15.45,40,113.82,1,10,0,0,2,0.01,1
SMB_EU_004679,IT,Retail,32,12924.86,-33.83,144,89.76,1,9,1,1,3,0.118,0
SMB_EU_004680,IT,E-commerce,55,14719.5,-4.87,75,196.26,2,6,2,0,1,0.044,0
SMB_EU_004681,FR,E-commerce,36,17961.35,-18.17,61,294.45,1,11,1,0,1,0.114,0
SMB_EU_004682,FR,Subscription,20,7594.43,-12.21,32,237.33,2,8,2,0,0,0.068,0
SMB_EU_004683,UK,Retail,35,4236.27,16.36,29,146.08,2,8,0,1,0,0.146,0
SMB_EU_004684,FR,Services,45,4333.0,-26.32,19,228.05,2,6,0,1,1,0.105,0
SMB_EU_004685,ES,E-commerce,6,8122.0,1.95,91,89.25,3,11,2,1,2,0.051,0
SMB_EU_004686,FR,E-commerce,9,7816.81,1.86,43,181.79,1,11,0,0,0,0.139,0
SMB_EU_004687,DE,E-commerce,42,30920.89,-1.24,234,132.14,2,7,0,0,1,0.255,0
SMB_EU_004688,DE,Retail,9,6217.64,-18.1,68,91.44,2,8,0,0,0,0.086,0
SMB_EU_004689,IT,Services,23,3204.47,-56.4,24,133.52,3,10,0,0,0,0.088,0
SMB_EU_004690,UK,Retail,28,21119.93,-12.14,88,240.0,1,11,0,0,3,0.047,0
SMB_EU_004691,FR,Services,12,8153.35,23.15,41,198.86,2,7,0,2,5,0.057,0
SMB_EU_004692,FR,Retail,23,6401.52,-17.95,75,85.35,2,14,1,0,2,0.131,1
SMB_EU_004693,FR,Subscription,29,11632.54,25.0,68,171.07,4,14,1,0,0,0.058,0
SMB_EU_004694,NL,Retail,56,6944.63,-55.5,28,248.02,3,11,0,0,2,0.09,0
SMB_EU_004695,NL,Services,52,3299.7,-22.91,11,299.97,1,10,0,0,0,0.155,0
SMB_EU_004696,UK,Services,32,6647.58,-14.28,24,276.98,2,12,0,1,0,0.013,0
SMB_EU_004697,NL,Subscription,16,7408.61,16.94,92,80.53,3,12,1,0,0,0.015,0
SMB_EU_004698,NL,E-commerce,53,15695.11,-35.73,123,127.6,2,9,0,1,0,0.04,0
SMB_EU_004699,DE,Services,54,9228.12,5.18,73,126.41,2,11,0,1,1,0.093,0
SMB_EU_004700,UK,E-commerce,15,25913.86,1.1,152,170.49,2,8,1,1,0,0.136,0
SMB_EU_004701,FR,Retail,30,5751.07,-0.82,26,221.19,2,10,3,0,0,0.08,0
SMB_EU_004702,DE,E-commerce,19,20078.89,19.11,177,113.44,1,13,0,0,1,0.035,0
SMB_EU_004703,IT,Retail,33,4066.28,11.57,14,290.45,3,7,1,1,1,0.086,0
SMB_EU_004704,IT,Subscription,14,11792.61,-17.14,47,250.91,2,10,0,0,0,0.058,0
SMB_EU_004705,FR,Retail,44,8745.5,-4.13,51,171.48,1,6,0,0,3,0.047,0
SMB_EU_004706,NL,Hospitality,33,7531.9,26.15,36,209.22,2,8,2,1,0,0.116,0
SMB_EU_004707,ES,Hospitality,14,5019.31,4.79,25,200.77,1,14,2,0,0,0.038,1
SMB_EU_004708,DE,E-commerce,42,52378.33,-22.62,252,207.85,1,7,1,0,2,0.056,1
SMB_EU_004709,ES,Hospitality,16,3493.76,-21.56,13,268.75,3,9,1,0,1,0.136,1
SMB_EU_004710,IT,Retail,5,14330.25,-17.25,116,123.54,3,6,0,1,1,0.193,0
SMB_EU_004711,FR,Hospitality,11,3230.83,10.54,14,230.77,2,9,1,2,1,0.056,0
SMB_EU_004712,NL,E-commerce,47,20300.73,-13.82,196,103.58,3,5,0,0,2,0.062,0
SMB_EU_004713,FR,Subscription,71,12713.93,11.21,70,181.63,2,8,1,0,1,0.053,0
SMB_EU_004714,ES,Services,72,5167.68,23.99,24,215.32,1,8,4,1,0,0.109,0
SMB_EU_004715,NL,Subscription,17,6686.09,-26.12,81,82.54,2,12,2,0,7,0.153,1
SMB_EU_004716,FR,Retail,23,8706.96,-34.3,84,103.65,1,15,0,0,5,0.131,0
SMB_EU_004717,IT,E-commerce,19,17606.29,8.33,176,100.04,3,11,1,0,1,0.056,0
SMB_EU_004718,UK,Retail,26,23415.62,-2.66,144,162.61,2,6,0,0,4,0.098,0
SMB_EU_004719,NL,Retail,8,4740.0,-6.04,22,215.45,3,9,1,0,1,0.006,0
SMB_EU_004720,UK,Retail,18,5731.02,-0.26,19,301.63,2,8,0,0,3,0.111,0
SMB_EU_004721,FR,Hospitality,30,7117.82,-13.14,52,136.88,3,13,1,1,1,0.177,0
SMB_EU_004722,DE,Retail,48,6860.7,-5.39,62,110.66,3,10,1,1,0,0.171,0
SMB_EU_004723,DE,E-commerce,32,14126.12,-9.14,82,172.27,1,11,1,0,1,0.182,0
SMB_EU_004724,FR,Services,22,9503.39,-24.14,85,111.8,1,11,1,0,1,0.112,0
SMB_EU_004725,DE,Hospitality,12,1104.73,-23.11,13,84.98,4,11,2,0,0,0.026,0
SMB_EU_004726,DE,E-commerce,49,10478.03,12.46,51,205.45,2,10,1,1,4,0.105,0
SMB_EU_004727,UK,E-commerce,7,5273.15,-5.25,19,277.53,2,10,2,0,3,0.041,1
SMB_EU_004728,UK,E-commerce,9,7319.63,-28.88,27,271.1,1,7,0,0,1,0.313,1
SMB_EU_004729,ES,Retail,39,33859.39,-0.92,331,102.29,2,14,3,0,0,0.065,0
SMB_EU_004730,DE,Hospitality,42,8590.53,-3.06,76,113.03,1,10,1,0,1,0.059,0
SMB_EU_004731,DE,E-commerce,2,26548.92,-6.47,141,188.29,3,14,1,0,3,0.013,0
SMB_EU_004732,DE,Services,22,4764.15,10.29,30,158.81,1,12,0,0,0,0.063,0
SMB_EU_004733,ES,Services,4,7882.67,-58.62,34,231.84,2,11,1,0,0,0.066,0
SMB_EU_004734,UK,Hospitality,23,2078.86,0.19,11,188.99,1,5,1,0,0,0.23,0
SMB_EU_004735,NL,E-commerce,20,27967.11,-3.16,331,84.49,2,8,0,0,1,0.007,0
SMB_EU_004736,DE,Retail,62,4891.68,0.57,34,143.87,4,11,0,0,0,0.059,0
SMB_EU_004737,NL,Services,35,3635.14,-25.98,13,279.63,1,11,1,0,2,0.056,0
SMB_EU_004738,FR,E-commerce,36,20310.56,-7.84,105,193.43,1,18,1,0,1,0.235,0
SMB_EU_004739,FR,Retail,55,9672.72,0.3,38,254.55,2,10,2,0,2,0.051,0
SMB_EU_004740,IT,Retail,57,8416.66,8.12,50,168.33,3,9,1,1,0,0.064,0
SMB_EU_004741,ES,Retail,29,3531.01,27.7,15,235.4,4,9,1,2,1,0.035,0
SMB_EU_004742,DE,Services,16,5308.59,12.09,45,117.97,1,5,0,0,3,0.04,0
SMB_EU_004743,DE,Retail,46,14236.06,-52.74,59,241.29,3,13,0,0,0,0.106,0
SMB_EU_004744,UK,E-commerce,44,10897.77,19.07,43,253.44,2,12,1,0,1,0.16,0
SMB_EU_004745,FR,E-commerce,39,33016.66,-4.56,331,99.75,1,12,0,0,1,0.021,0
SMB_EU_004746,DE,Hospitality,29,3554.25,23.31,30,118.48,1,11,1,1,1,0.076,0
SMB_EU_004747,DE,Services,23,5019.68,16.79,28,179.27,4,12,1,0,2,0.119,0
SMB_EU_004748,DE,Services,57,12561.47,-6.69,57,220.38,3,14,0,0,1,0.173,0
SMB_EU_004749,FR,E-commerce,20,9966.31,28.86,45,221.47,1,13,2,0,2,0.108,0
SMB_EU_004750,ES,Retail,15,15056.85,6.7,66,228.13,4,9,0,0,0,0.101,0
SMB_EU_004751,FR,E-commerce,22,49050.07,32.89,207,236.96,1,6,1,0,2,0.117,0
SMB_EU_004752,NL,Hospitality,14,6648.46,4.55,35,189.96,1,6,0,0,0,0.053,0
SMB_EU_004753,IT,Hospitality,45,4373.44,-65.7,21,208.26,3,6,2,0,0,0.035,1
SMB_EU_004754,NL,Hospitality,29,3773.93,-45.61,46,82.04,4,9,1,0,1,0.019,0
SMB_EU_004755,UK,Retail,5,17500.04,-38.12,150,116.67,2,6,0,0,0,0.042,0
SMB_EU_004756,UK,Hospitality,35,12907.08,-38.26,68,189.81,3,16,0,1,1,0.105,0
SMB_EU_004757,DE,Retail,22,19087.37,19.07,78,244.71,4,7,1,1,2,0.036,0
SMB_EU_004758,ES,Services,26,4902.45,-0.43,19,258.02,1,13,0,0,1,0.054,0
SMB_EU_004759,NL,E-commerce,31,27958.87,-24.21,116,241.02,1,11,0,0,2,0.131,0
SMB_EU_004760,UK,Services,18,4855.61,3.2,26,186.75,1,13,1,0,1,0.01,0
SMB_EU_004761,NL,Retail,15,4709.63,-24.33,33,142.72,3,6,0,0,1,0.08,1
SMB_EU_004762,UK,E-commerce,39,29445.95,-7.03,166,177.39,2,12,0,1,4,0.054,1
SMB_EU_004763,ES,Services,10,13326.57,4.01,162,82.26,1,11,0,0,1,0.139,0
SMB_EU_004764,FR,Retail,12,4336.56,-0.66,20,216.83,2,12,1,1,2,0.086,0
SMB_EU_004765,NL,Services,15,2679.9,9.51,28,95.71,2,10,1,0,3,0.006,0
SMB_EU_004766,UK,Hospitality,49,6145.68,-29.78,55,111.74,3,6,2,0,2,0.044,0
SMB_EU_004767,UK,Hospitality,58,10648.69,-28.17,49,217.32,3,8,0,1,0,0.081,1
SMB_EU_004768,DE,E-commerce,14,7597.04,-69.28,92,82.58,1,4,0,0,1,0.105,1
SMB_EU_004769,ES,E-commerce,13,17188.83,31.79,83,207.09,2,8,1,0,1,0.154,0
SMB_EU_004770,FR,Hospitality,29,4210.17,-23.34,19,221.59,1,10,0,0,0,0.076,0
SMB_EU_004771,DE,E-commerce,22,22840.78,-31.41,90,253.79,3,7,1,0,1,0.041,0
SMB_EU_004772,FR,Hospitality,45,3717.41,-16.42,39,95.32,3,9,1,0,2,0.247,0
SMB_EU_004773,FR,E-commerce,37,23834.45,5.95,296,80.52,3,6,1,0,2,0.14,0
SMB_EU_004774,ES,Retail,75,7275.5,2.08,29,250.88,1,12,0,0,3,0.082,0
SMB_EU_004775,FR,Retail,13,4559.25,-51.98,32,142.48,2,8,1,0,0,0.108,0
SMB_EU_004776,ES,Retail,45,8311.63,22.77,30,277.05,3,11,2,0,0,0.027,0
SMB_EU_004777,DE,E-commerce,20,4689.22,16.63,39,120.24,3,16,2,0,2,0.067,0
SMB_EU_004778,FR,Services,12,3575.06,-4.91,17,210.3,3,4,2,1,0,0.096,0
SMB_EU_004779,FR,Services,19,6121.94,12.06,59,103.76,1,9,3,1,2,0.026,0
SMB_EU_004780,FR,Retail,21,2763.2,-8.06,16,172.7,1,15,0,0,5,0.142,0
SMB_EU_004781,DE,Subscription,55,1924.26,16.52,7,274.89,2,10,2,1,1,0.047,0
SMB_EU_004782,DE,E-commerce,7,3685.59,-2.04,17,216.8,2,9,1,0,2,0.074,0
SMB_EU_004783,IT,Subscription,15,19955.44,-67.56,86,232.04,1,10,0,0,1,0.051,1
SMB_EU_004784,FR,Services,28,4774.95,4.87,37,129.05,2,13,1,0,0,0.09,0
SMB_EU_004785,FR,Services,11,3632.64,10.03,13,279.43,3,9,2,1,1,0.02,0
SMB_EU_004786,FR,Retail,70,14105.07,-11.54,65,217.0,2,12,3,0,1,0.033,0
SMB_EU_004787,UK,Retail,77,6276.24,0.34,61,102.89,1,7,3,1,3,0.053,1
SMB_EU_004788,UK,Retail,26,9398.2,-1.24,113,83.17,4,7,1,1,2,0.057,0
SMB_EU_004789,NL,Services,39,5077.87,20.82,61,83.24,2,5,0,1,1,0.255,0
SMB_EU_004790,FR,E-commerce,63,11307.32,27.81,124,91.19,2,13,1,0,2,0.039,0
SMB_EU_004791,DE,Services,24,5965.1,17.63,21,284.05,4,8,2,0,2,0.136,0
SMB_EU_004792,UK,E-commerce,37,23855.31,-1.28,150,159.04,1,17,1,0,0,0.124,0
SMB_EU_004793,DE,Services,10,4474.94,17.22,31,144.35,2,6,1,0,0,0.135,0
SMB_EU_004794,FR,Retail,5,6068.48,9.73,35,173.39,3,7,0,1,1,0.183,0
SMB_EU_004795,FR,Retail,48,6513.87,-1.12,38,171.42,2,8,2,0,1,0.167,0
SMB_EU_004796,FR,E-commerce,25,3778.41,31.39,29,130.29,3,6,1,1,1,0.199,0
SMB_EU_004797,DE,E-commerce,76,17776.65,-11.07,177,100.43,4,11,0,0,2,0.025,0
SMB_EU_004798,ES,E-commerce,17,7261.48,-36.48,70,103.74,1,9,1,1,2,0.035,1
SMB_EU_004799,DE,Services,9,7295.58,12.59,34,214.58,1,15,2,1,1,0.104,0
SMB_EU_004800,IT,Retail,45,7577.53,-51.18,45,168.39,2,9,1,0,1,0.018,0
SMB_EU_004801,DE,E-commerce,72,15976.56,-18.63,57,280.29,2,5,0,0,0,0.052,0
SMB_EU_004802,DE,Services,10,7611.31,14.18,42,181.22,1,14,1,1,0,0.14,0
SMB_EU_004803,UK,Retail,13,4588.38,3.67,24,191.18,1,13,0,0,0,0.006,0
SMB_EU_004804,DE,Subscription,62,11232.08,7.09,40,280.8,4,7,1,0,0,0.008,0
SMB_EU_004805,ES,Subscription,91,10567.65,1.58,56,188.71,2,9,0,1,4,0.082,1
SMB_EU_004806,IT,Retail,37,7160.45,-19.35,38,188.43,1,9,1,1,2,0.091,0
SMB_EU_004807,DE,E-commerce,16,8594.64,-3.43,54,159.16,4,15,1,0,2,0.012,0
SMB_EU_004808,UK,E-commerce,58,21438.6,-4.68,91,235.59,3,9,2,1,1,0.038,0
SMB_EU_004809,FR,Services,21,7625.6,0.31,46,165.77,2,8,1,1,1,0.115,0
SMB_EU_004810,UK,Hospitality,16,6423.23,17.76,31,207.2,3,12,1,1,2,0.211,0
SMB_EU_004811,DE,Hospitality,18,3156.86,-56.06,18,175.38,2,5,1,0,1,0.007,1
SMB_EU_004812,UK,Services,41,3643.59,-13.64,19,191.77,3,11,0,1,1,0.111,0
SMB_EU_004813,DE,Retail,27,7715.58,-8.91,29,266.05,1,7,2,1,2,0.03,0
SMB_EU_004814,NL,Services,36,7557.46,-18.9,44,171.76,1,16,0,0,2,0.029,0
SMB_EU_004815,ES,Services,46,1933.52,-6.11,15,128.9,1,16,1,0,1,0.067,0
SMB_EU_004816,UK,Hospitality,22,4277.96,11.92,21,203.71,1,10,0,0,1,0.063,0
SMB_EU_004817,UK,Services,50,3926.84,-11.78,14,280.49,2,8,1,1,0,0.023,0
SMB_EU_004818,ES,Services,26,4756.47,-31.54,20,237.82,2,10,0,0,2,0.038,0
SMB_EU_004819,UK,Retail,18,3664.33,5.32,25,146.57,1,11,0,0,1,0.141,0
SMB_EU_004820,DE,E-commerce,8,13164.59,-51.69,45,292.55,3,8,0,0,3,0.126,0
SMB_EU_004821,FR,E-commerce,21,12450.49,1.52,80,155.63,3,7,1,0,1,0.085,0
SMB_EU_004822,FR,Retail,66,4292.57,4.94,14,306.61,2,9,1,0,2,0.195,0
SMB_EU_004823,FR,Subscription,44,8385.0,2.13,69,121.52,4,8,1,0,2,0.028,0
SMB_EU_004824,FR,Retail,36,5781.94,-25.63,19,304.31,4,14,1,1,0,0.034,0
SMB_EU_004825,IT,Hospitality,11,8077.73,0.39,84,96.16,1,12,3,0,3,0.123,0
SMB_EU_004826,DE,E-commerce,18,8818.52,-16.83,37,238.34,2,12,0,1,4,0.266,1
SMB_EU_004827,IT,Retail,40,8443.04,-54.48,35,241.23,3,8,2,1,2,0.051,1
SMB_EU_004828,DE,Subscription,47,5541.09,-22.79,24,230.88,1,14,1,0,2,0.094,0
SMB_EU_004829,FR,Services,45,3488.9,-16.04,14,249.21,1,10,1,0,1,0.105,0
SMB_EU_004830,NL,E-commerce,31,17929.1,-36.27,98,182.95,1,17,1,0,0,0.014,0
SMB_EU_004831,ES,Retail,14,9209.84,-29.97,100,92.1,1,13,0,0,0,0.115,0
SMB_EU_004832,ES,Retail,47,6229.08,12.45,39,159.72,4,11,3,0,0,0.19,0
SMB_EU_004833,IT,E-commerce,17,12761.13,5.88,58,220.02,3,6,3,0,1,0.098,0
SMB_EU_004834,DE,E-commerce,48,6270.69,-40.37,28,223.95,1,9,2,0,2,0.08,1
SMB_EU_004835,IT,E-commerce,21,34803.18,-22.21,283,122.98,3,18,1,0,2,0.091,1
SMB_EU_004836,DE,Subscription,73,13594.95,-11.95,100,135.95,1,12,1,0,1,0.044,0
SMB_EU_004837,FR,Hospitality,20,8869.59,11.73,47,188.71,2,10,1,0,4,0.083,0
SMB_EU_004838,FR,Services,20,1920.18,18.85,8,240.02,1,9,0,0,0,0.034,0
SMB_EU_004839,DE,Hospitality,25,4197.4,-15.47,16,262.34,1,15,1,0,1,0.2,0
SMB_EU_004840,FR,E-commerce,14,12272.03,-14.09,124,98.97,1,11,2,0,1,0.121,0
SMB_EU_004841,UK,Services,12,1569.57,-34.35,6,261.59,3,9,0,1,1,0.054,0
SMB_EU_004842,UK,E-commerce,14,25585.36,-49.71,90,284.28,1,8,2,0,0,0.141,1
SMB_EU_004843,FR,Services,60,11962.4,-11.07,146,81.93,3,16,0,0,1,0.052,0
SMB_EU_004844,DE,E-commerce,13,51687.25,-8.72,270,191.43,1,9,2,0,2,0.147,1
SMB_EU_004845,DE,Retail,20,4271.27,-2.84,20,213.56,2,10,2,0,2,0.067,0
SMB_EU_004846,FR,Services,96,5364.65,2.68,27,198.69,3,12,0,0,1,0.165,0
SMB_EU_004847,UK,Hospitality,49,13269.26,19.95,62,214.02,1,5,2,0,0,0.158,0
SMB_EU_004848,DE,Services,48,4294.21,3.62,23,186.7,2,11,0,0,2,0.202,0
SMB_EU_004849,ES,Subscription,87,6404.7,-6.79,44,145.56,2,15,1,0,0,0.191,0
SMB_EU_004850,DE,Retail,24,2611.25,8.76,26,100.43,1,7,0,1,0,0.017,0
SMB_EU_004851,UK,E-commerce,5,29595.54,32.37,235,125.94,1,6,2,0,5,0.048,0
SMB_EU_004852,FR,E-commerce,45,14827.65,-9.66,61,243.08,3,18,0,0,0,0.084,0
SMB_EU_004853,ES,Hospitality,22,3873.48,13.71,29,133.57,1,12,2,1,1,0.117,0
SMB_EU_004854,FR,Services,97,5928.39,2.86,23,257.76,1,8,1,0,1,0.048,0
SMB_EU_004855,IT,E-commerce,4,16442.24,-21.74,97,169.51,3,15,1,0,3,0.114,0
SMB_EU_004856,DE,Hospitality,12,6637.36,-54.05,39,170.19,4,9,1,1,0,0.108,1
SMB_EU_004857,DE,Services,17,4389.34,-6.78,16,274.33,1,10,0,1,2,0.062,0
SMB_EU_004858,UK,Retail,25,21175.75,5.21,167,126.8,3,3,1,1,0,0.183,0
SMB_EU_004859,UK,Services,9,4614.68,-32.44,38,121.44,4,12,0,1,3,0.077,0
SMB_EU_004860,UK,Hospitality,34,15852.9,-23.56,53,299.11,1,2,0,0,0,0.24,0
SMB_EU_004861,IT,Subscription,16,12625.2,9.79,63,200.4,2,7,0,0,1,0.128,0
SMB_EU_004862,ES,E-commerce,51,18518.17,-1.78,152,121.83,1,11,1,0,0,0.073,0
SMB_EU_004863,DE,Retail,63,7474.35,0.05,64,116.79,3,9,1,0,1,0.101,0
SMB_EU_004864,FR,E-commerce,21,26908.02,8.83,100,269.08,1,13,0,1,1,0.025,0
SMB_EU_004865,FR,Retail,37,8561.17,-32.42,40,214.03,1,9,0,1,2,0.088,1
SMB_EU_004866,IT,Subscription,26,5144.59,4.55,49,104.99,3,8,2,0,1,0.026,0
SMB_EU_004867,FR,Retail,25,4482.34,-20.35,16,280.15,3,6,0,1,1,0.013,0
SMB_EU_004868,DE,Services,8,6442.58,-31.36,36,178.96,2,11,0,0,1,0.07,0
SMB_EU_004869,IT,E-commerce,24,8702.61,12.78,29,300.09,3,9,0,0,2,0.02,0
SMB_EU_004870,ES,E-commerce,47,14450.25,13.28,102,141.67,4,9,0,1,2,0.153,0
SMB_EU_004871,FR,Retail,34,15085.78,9.99,77,195.92,4,8,1,0,1,0.081,0
SMB_EU_004872,DE,Hospitality,13,7200.44,-7.65,61,118.04,3,9,1,2,2,0.093,0
SMB_EU_004873,DE,Hospitality,8,3890.27,-20.52,22,176.83,4,8,1,0,1,0.066,0
SMB_EU_004874,FR,E-commerce,23,34954.34,8.84,294,118.89,4,9,3,1,1,0.04,0
SMB_EU_004875,FR,Subscription,15,12502.76,-18.21,85,147.09,3,15,1,0,1,0.051,0
SMB_EU_004876,IT,E-commerce,16,27625.13,10.4,198,139.52,4,16,2,0,0,0.09,0
SMB_EU_004877,IT,E-commerce,15,3847.85,10.4,27,142.51,3,8,0,1,2,0.115,0
SMB_EU_004878,IT,E-commerce,26,18293.79,-7.02,62,295.06,2,8,2,2,2,0.087,0
SMB_EU_004879,FR,Retail,39,13259.79,-1.69,150,88.4,2,14,1,0,1,0.077,0
SMB_EU_004880,ES,Subscription,14,24963.08,2.98,132,189.11,1,12,1,0,0,0.223,0
SMB_EU_004881,DE,E-commerce,14,6232.38,-55.39,29,214.91,1,14,1,1,2,0.038,1
SMB_EU_004882,NL,Retail,9,16495.87,-20.73,73,225.97,3,10,0,0,1,0.108,0
SMB_EU_004883,ES,E-commerce,30,40232.63,-0.59,164,245.32,2,8,0,1,0,0.125,0
SMB_EU_004884,DE,Hospitality,47,1788.52,-55.29,7,255.5,3,13,0,1,0,0.113,0
SMB_EU_004885,DE,E-commerce,24,19989.45,20.42,69,289.7,4,10,1,0,1,0.05,0
SMB_EU_004886,UK,Hospitality,39,8691.38,-11.73,35,248.33,2,12,0,0,2,0.184,0
SMB_EU_004887,FR,Retail,55,6574.75,16.03,25,262.99,1,8,1,0,1,0.086,0
SMB_EU_004888,IT,E-commerce,31,11178.51,-17.21,57,196.11,2,10,0,0,1,0.154,0
SMB_EU_004889,DE,Services,13,7464.44,-20.17,33,226.2,1,18,0,0,3,0.094,0
SMB_EU_004890,IT,Retail,12,5531.46,-42.99,30,184.38,2,12,1,0,0,0.175,0
SMB_EU_004891,FR,Services,14,4388.94,-14.11,31,141.58,2,8,1,0,0,0.249,0
SMB_EU_004892,DE,Retail,79,13025.42,-53.05,87,149.72,3,13,0,0,0,0.057,0
SMB_EU_004893,IT,Services,94,14322.96,29.16,90,159.14,2,16,0,0,0,0.074,0
SMB_EU_004894,FR,E-commerce,20,20714.64,-6.77,134,154.59,1,8,1,1,2,0.012,0
SMB_EU_004895,FR,Hospitality,54,6500.31,-12.01,33,196.98,1,11,0,0,1,0.034,0
SMB_EU_004896,DE,Retail,60,5868.52,-36.18,44,133.38,3,7,0,1,2,0.158,0
SMB_EU_004897,DE,Retail,8,4362.66,-25.63,23,189.68,2,9,1,0,3,0.103,0
SMB_EU_004898,FR,Retail,76,15567.55,19.37,55,283.05,2,11,0,0,1,0.072,0
SMB_EU_004899,DE,Retail,22,7296.33,-45.31,43,169.68,1,9,2,2,1,0.088,1
SMB_EU_004900,UK,E-commerce,21,29918.35,-28.24,232,128.96,3,4,1,0,0,0.087,0
SMB_EU_004901,DE,E-commerce,10,12308.86,-20.33,79,155.81,4,17,2,0,1,0.018,0
SMB_EU_004902,NL,Hospitality,79,4064.08,-0.57,15,270.94,1,6,3,0,0,0.019,0
SMB_EU_004903,DE,Services,28,6436.06,-20.57,22,292.55,3,8,0,1,1,0.031,0
SMB_EU_004904,FR,Hospitality,74,5730.7,-1.11,21,272.89,1,17,0,0,0,0.14,0
SMB_EU_004905,UK,Hospitality,58,2910.84,-7.11,20,145.54,3,9,1,0,1,0.209,1
SMB_EU_004906,DE,E-commerce,20,44632.9,3.45,270,165.31,2,9,0,0,2,0.105,0
SMB_EU_004907,UK,E-commerce,28,10297.08,-19.6,35,294.2,2,8,1,0,1,0.109,1
SMB_EU_004908,DE,E-commerce,16,26169.77,3.62,173,151.27,1,13,0,0,1,0.031,0
SMB_EU_004909,ES,Services,17,8285.87,6.77,75,110.48,3,9,1,0,3,0.039,0
SMB_EU_004910,IT,Retail,36,3757.54,-28.83,26,144.52,1,16,1,1,1,0.109,1
SMB_EU_004911,UK,Retail,43,4384.21,-56.01,15,292.28,4,11,0,0,0,0.055,0
SMB_EU_004912,IT,Hospitality,5,5007.08,-51.15,29,172.66,1,12,1,0,0,0.14,0
SMB_EU_004913,NL,Retail,5,4759.08,-1.67,17,279.95,1,10,1,0,0,0.051,0
SMB_EU_004914,DE,Services,18,14087.84,-1.1,137,102.83,2,16,0,0,0,0.074,0
SMB_EU_004915,DE,Services,32,4434.13,-29.42,18,246.34,3,13,1,0,1,0.086,0
SMB_EU_004916,UK,Retail,61,13643.88,-15.5,136,100.32,2,15,1,1,2,0.086,0
SMB_EU_004917,FR,Retail,27,10887.59,21.44,88,123.72,1,11,0,0,1,0.043,0
SMB_EU_004918,FR,E-commerce,22,17574.76,-3.74,82,214.33,3,11,0,0,1,0.195,0
SMB_EU_004919,ES,Hospitality,39,6146.93,1.86,35,175.63,2,7,1,0,3,0.102,0
SMB_EU_004920,FR,E-commerce,13,31510.75,-0.67,139,226.7,1,7,0,0,1,0.074,0
SMB_EU_004921,UK,Services,28,3047.68,9.79,10,304.77,2,14,1,0,1,0.101,0
SMB_EU_004922,ES,Hospitality,24,16904.18,5.09,185,91.37,3,7,1,0,2,0.079,0
SMB_EU_004923,IT,E-commerce,29,6929.01,-0.75,57,121.56,3,8,1,1,0,0.083,0
SMB_EU_004924,UK,Retail,56,12785.97,21.73,58,220.45,3,17,2,0,1,0.049,0
SMB_EU_004925,DE,Services,6,2151.88,-48.05,8,268.98,4,12,0,0,1,0.079,0
SMB_EU_004926,FR,Retail,25,6619.49,-3.32,26,254.6,3,12,2,0,1,0.114,0
SMB_EU_004927,NL,Services,43,5287.91,13.8,29,182.34,2,11,0,0,3,0.117,0
SMB_EU_004928,FR,E-commerce,37,11201.34,-76.29,46,243.51,1,16,0,1,0,0.04,0
SMB_EU_004929,ES,Hospitality,6,5380.37,13.94,43,125.12,3,8,1,0,0,0.157,0
SMB_EU_004930,UK,Services,5,2175.49,15.88,26,83.67,4,13,0,0,2,0.057,0
SMB_EU_004931,NL,Services,41,2764.8,8.43,13,212.68,1,9,0,1,1,0.161,0
SMB_EU_004932,FR,E-commerce,6,20226.81,-64.91,78,259.32,2,16,2,0,1,0.055,0
SMB_EU_004933,UK,Retail,28,8143.7,10.24,46,177.04,3,10,1,0,2,0.003,0
SMB_EU_004934,NL,Services,53,3303.96,-33.84,16,206.5,2,14,0,0,1,0.048,0
SMB_EU_004935,NL,E-commerce,8,33202.22,-8.58,192,172.93,4,11,1,0,3,0.027,0
SMB_EU_004936,FR,Retail,75,3847.73,6.62,20,192.39,2,10,0,0,3,0.061,0
SMB_EU_004937,UK,Subscription,40,7244.7,-5.3,26,278.64,2,14,0,0,1,0.069,0
SMB_EU_004938,IT,Retail,120,5906.47,13.28,32,184.58,1,16,0,0,3,0.142,0
SMB_EU_004939,ES,Retail,18,11570.56,-4.7,142,81.48,4,14,0,0,1,0.036,0
SMB_EU_004940,ES,Retail,62,8234.56,-8.7,32,257.33,1,16,2,0,3,0.119,0
SMB_EU_004941,FR,Hospitality,20,5622.97,-0.59,26,216.27,4,10,0,1,1,0.06,0
SMB_EU_004942,NL,Hospitality,27,1984.23,-20.12,8,248.03,1,8,1,1,2,0.017,0
SMB_EU_004943,UK,E-commerce,16,25205.72,-2.08,91,276.99,1,9,1,0,2,0.208,0
SMB_EU_004944,FR,E-commerce,26,13162.27,5.43,92,143.07,2,12,1,0,1,0.124,0
SMB_EU_004945,ES,E-commerce,49,16077.92,13.05,84,191.4,3,13,0,0,1,0.125,0
SMB_EU_004946,UK,Hospitality,76,3829.07,3.73,18,212.73,2,15,1,0,1,0.113,0
SMB_EU_004947,IT,Retail,13,4645.71,-21.49,30,154.86,2,9,0,1,1,0.229,0
SMB_EU_004948,ES,Subscription,30,22126.97,20.28,83,266.59,2,5,0,0,2,0.261,0
SMB_EU_004949,ES,Retail,17,2760.74,21.54,12,230.06,4,9,0,2,0,0.044,0
SMB_EU_004950,UK,Subscription,31,4781.27,1.69,20,239.06,4,14,0,0,2,0.124,0
SMB_EU_004951,FR,Retail,53,19447.86,-11.28,75,259.3,1,8,3,1,1,0.045,0
SMB_EU_004952,DE,Services,18,7344.02,-7.97,54,136.0,3,12,0,0,0,0.092,0
SMB_EU_004953,FR,Retail,36,6580.85,-3.05,27,243.74,3,6,2,1,1,0.13,0
SMB_EU_004954,IT,Retail,12,16901.45,4.18,68,248.55,3,6,0,0,2,0.076,0
SMB_EU_004955,NL,Services,56,6537.49,-4.57,25,261.5,1,13,0,0,0,0.067,0
SMB_EU_004956,ES,Services,44,5749.05,-58.79,31,185.45,2,7,1,0,0,0.058,0
SMB_EU_004957,FR,E-commerce,14,17173.84,-40.87,90,190.82,3,8,1,0,1,0.024,0
SMB_EU_004958,IT,Services,14,6609.98,-21.76,65,101.69,1,7,1,0,0,0.053,0
SMB_EU_004959,DE,Hospitality,65,8126.86,-42.55,30,270.9,1,8,1,0,3,0.112,0
SMB_EU_004960,ES,Services,90,18671.94,4.37,95,196.55,1,8,2,1,1,0.071,0
SMB_EU_004961,IT,E-commerce,15,13344.64,2.43,63,211.82,4,5,1,1,0,0.274,0
SMB_EU_004962,DE,E-commerce,49,13593.91,-10.77,127,107.04,3,9,0,0,2,0.121,0
SMB_EU_004963,FR,E-commerce,20,7141.44,17.93,34,210.04,1,9,0,0,1,0.048,0
SMB_EU_004964,ES,E-commerce,65,14540.12,2.02,163,89.2,3,8,0,0,0,0.05,0
SMB_EU_004965,NL,Services,21,15289.56,-3.25,54,283.14,2,11,2,1,0,0.033,1
SMB_EU_004966,DE,Retail,42,14441.88,-34.91,53,272.49,3,10,0,0,3,0.082,0
SMB_EU_004967,UK,Retail,29,5773.28,6.66,47,122.84,2,7,1,0,3,0.102,0
SMB_EU_004968,ES,Hospitality,4,6109.13,-1.08,29,210.66,2,8,0,0,4,0.055,0
SMB_EU_004969,UK,Hospitality,13,2756.32,-40.86,13,212.02,4,9,0,0,0,0.052,0
SMB_EU_004970,NL,Retail,42,4472.6,15.99,17,263.09,2,14,3,0,0,0.129,0
SMB_EU_004971,NL,E-commerce,38,16407.11,-78.3,67,244.88,1,15,2,1,3,0.116,1
SMB_EU_004972,UK,Subscription,32,6689.58,-75.05,22,304.07,1,9,1,0,6,0.139,1
SMB_EU_004973,NL,Retail,78,4274.56,11.65,27,158.32,4,8,1,2,0,0.049,0
SMB_EU_004974,ES,Hospitality,47,8049.93,36.24,75,107.33,1,15,0,0,0,0.035,0
SMB_EU_004975,FR,Services,43,4759.24,13.15,23,206.92,3,12,2,0,2,0.115,0
SMB_EU_004976,NL,E-commerce,3,5856.31,27.96,24,244.01,2,7,1,0,4,0.105,0
SMB_EU_004977,DE,Subscription,48,2591.24,-6.52,18,143.96,1,13,2,0,2,0.012,0
SMB_EU_004978,DE,Services,7,3551.72,-9.56,27,131.55,3,11,0,0,2,0.108,0
SMB_EU_004979,DE,E-commerce,26,5783.97,6.85,23,251.48,4,13,2,2,0,0.077,0
SMB_EU_004980,DE,Hospitality,7,1955.04,14.3,8,244.38,1,5,0,0,0,0.057,0
SMB_EU_004981,UK,Hospitality,37,11812.3,-19.67,95,124.34,1,14,0,0,0,0.022,0
SMB_EU_004982,FR,Hospitality,55,5658.35,-3.2,21,269.45,3,10,3,0,1,0.116,0
SMB_EU_004983,IT,Services,25,4263.84,-0.41,39,109.33,2,10,0,1,0,0.067,0
SMB_EU_004984,ES,E-commerce,25,13396.68,-10.18,129,103.85,3,6,1,0,0,0.236,0
SMB_EU_004985,IT,E-commerce,12,7578.77,-8.43,48,157.89,2,10,0,0,1,0.011,0
SMB_EU_004986,DE,Retail,54,10237.19,-42.23,37,276.68,2,11,2,1,3,0.008,0
SMB_EU_004987,ES,Retail,8,7396.61,7.05,32,231.14,1,6,4,1,1,0.083,0
SMB_EU_004988,IT,Retail,29,5078.4,11.98,30,169.28,2,10,4,0,0,0.125,0
SMB_EU_004989,ES,Services,24,3472.45,5.05,30,115.75,1,10,2,0,3,0.029,0
SMB_EU_004990,ES,Hospitality,34,2872.79,-13.1,12,239.4,3,7,2,0,0,0.057,1
SMB_EU_004991,UK,Hospitality,45,4702.12,-22.55,22,213.73,2,13,1,2,1,0.148,0
SMB_EU_004992,IT,Hospitality,23,5196.49,-14.28,17,305.68,3,12,3,0,1,0.093,1
SMB_EU_004993,FR,Services,48,3857.69,-4.68,16,241.11,4,9,2,0,0,0.109,0
SMB_EU_004994,IT,E-commerce,25,15504.7,-15.54,151,102.68,4,9,0,0,3,0.033,0
SMB_EU_004995,DE,Services,33,4769.93,-9.16,20,238.5,2,16,2,0,1,0.052,0
SMB_EU_004996,UK,E-commerce,10,17227.58,-47.83,126,136.73,1,11,0,1,2,0.259,1
SMB_EU_004997,DE,Subscription,19,15848.63,-42.2,54,293.49,2,13,1,2,1,0.091,1
SMB_EU_004998,FR,Hospitality,6,8564.05,-13.25,102,83.96,3,10,1,1,2,0.116,0
SMB_EU_004999,ES,E-commerce,27,26597.15,17.07,201,132.32,3,12,0,1,2,0.072,0
SMB_EU_005000,IT,Hospitality,43,3607.87,-1.79,19,189.89,1,16,2,0,0,0.088,0
SMB_EU_005001,FR,E-commerce,22,11054.98,-7.92,114,96.97,4,14,2,1,4,0.104,0
SMB_EU_005002,NL,Retail,24,11841.37,-73.48,76,155.81,1,6,2,2,1,0.151,1
SMB_EU_005003,UK,Hospitality,35,8976.82,-28.08,47,191.0,2,9,0,0,0,0.131,0
SMB_EU_005004,FR,E-commerce,37,9982.94,-3.33,56,178.27,2,4,0,0,0,0.282,0
SMB_EU_005005,UK,Retail,6,11546.61,-20.67,64,180.42,2,17,0,0,3,0.154,0
SMB_EU_005006,DE,Subscription,16,5109.52,10.68,19,268.92,2,6,1,0,3,0.173,0
SMB_EU_005007,ES,Hospitality,7,8007.61,0.44,42,190.66,1,15,0,0,1,0.096,0
SMB_EU_005008,UK,Services,19,4921.73,-5.21,17,289.51,4,11,1,0,1,0.047,0
SMB_EU_005009,DE,Hospitality,69,2614.57,3.35,23,113.68,4,14,0,2,1,0.055,0
SMB_EU_005010,NL,E-commerce,44,11560.64,-10.9,82,140.98,2,9,0,1,1,0.061,0
SMB_EU_005011,DE,E-commerce,26,55557.08,-28.2,248,224.02,1,5,0,0,1,0.082,0
SMB_EU_005012,ES,Hospitality,82,6776.28,12.1,48,141.17,1,17,1,1,1,0.245,0
SMB_EU_005013,NL,Subscription,32,35783.77,-45.13,229,156.26,1,11,1,1,0,0.029,0
SMB_EU_005014,IT,E-commerce,110,6307.22,-6.12,23,274.23,2,13,0,0,3,0.03,0
SMB_EU_005015,DE,Services,29,7845.05,25.11,40,196.13,2,12,1,1,1,0.058,0
SMB_EU_005016,DE,Subscription,16,1967.22,9.16,13,151.32,2,14,1,1,2,0.062,0
SMB_EU_005017,DE,Hospitality,10,5999.15,-47.85,24,249.96,2,12,1,2,2,0.124,0
SMB_EU_005018,FR,Subscription,41,13143.86,14.16,138,95.25,4,13,2,0,5,0.049,0
SMB_EU_005019,IT,E-commerce,19,24798.53,13.61,122,203.27,1,10,1,0,1,0.209,0
SMB_EU_005020,UK,Subscription,29,5571.49,23.71,55,101.3,2,6,1,1,1,0.047,0
SMB_EU_005021,IT,Services,36,9326.8,-57.71,78,119.57,3,8,0,0,2,0.071,0
SMB_EU_005022,NL,Retail,13,5807.86,-5.65,62,93.68,4,10,0,2,3,0.052,0
SMB_EU_005023,UK,Subscription,32,8156.1,-66.69,29,281.24,3,9,2,0,0,0.044,0
SMB_EU_005024,ES,E-commerce,23,11565.85,-0.49,128,90.36,2,14,1,0,0,0.219,0
SMB_EU_005025,UK,E-commerce,7,7585.33,-1.98,39,194.5,3,12,2,0,2,0.049,0
SMB_EU_005026,NL,Hospitality,38,15388.05,-26.32,119,129.31,4,13,0,0,2,0.051,0
SMB_EU_005027,FR,Retail,41,8233.84,-36.13,50,164.68,4,10,1,0,1,0.02,0
SMB_EU_005028,DE,E-commerce,61,28801.9,-33.8,153,188.25,1,10,0,0,2,0.027,0
SMB_EU_005029,ES,Services,10,9358.31,3.66,52,179.97,2,11,0,1,1,0.126,0
SMB_EU_005030,DE,Retail,92,4475.77,10.73,18,248.65,3,9,0,0,0,0.183,0
SMB_EU_005031,FR,E-commerce,14,31116.14,-1.81,111,280.33,3,9,2,0,1,0.028,0
SMB_EU_005032,NL,Retail,4,10821.02,-28.31,74,146.23,2,6,0,1,0,0.034,0
SMB_EU_005033,IT,E-commerce,27,8032.61,-1.93,94,85.45,1,8,1,1,0,0.073,1
SMB_EU_005034,IT,Services,34,6545.31,15.63,24,272.72,2,13,2,0,0,0.177,0
SMB_EU_005035,DE,Services,23,2706.5,-17.79,9,300.72,2,7,0,0,2,0.134,0
SMB_EU_005036,FR,Subscription,10,23596.53,-35.9,135,174.79,2,6,1,0,2,0.058,0
SMB_EU_005037,IT,Hospitality,18,9776.99,-25.53,54,181.06,3,12,0,2,1,0.069,0
SMB_EU_005038,UK,E-commerce,33,14373.14,0.3,129,111.42,1,9,0,0,3,0.101,0
SMB_EU_005039,ES,Subscription,100,19222.99,8.17,104,184.84,2,3,0,0,0,0.11,0
SMB_EU_005040,UK,Services,10,1935.27,-4.68,13,148.87,4,7,0,0,1,0.053,0
SMB_EU_005041,ES,Hospitality,16,3827.28,37.09,13,294.41,2,8,1,0,2,0.03,0
SMB_EU_005042,IT,Hospitality,8,5156.76,-53.46,43,119.92,2,7,1,0,1,0.03,0
SMB_EU_005043,DE,Subscription,19,34419.92,-8.68,211,163.13,1,14,0,0,1,0.128,0
SMB_EU_005044,IT,Services,25,2630.43,3.07,12,219.2,3,7,1,1,3,0.108,0
SMB_EU_005045,IT,E-commerce,51,5385.27,-54.63,35,153.86,4,15,2,0,1,0.243,1
SMB_EU_005046,IT,Services,33,2101.83,-21.62,11,191.08,3,11,0,0,2,0.093,1
SMB_EU_005047,NL,Retail,67,13779.35,-16.47,47,293.18,2,12,2,0,1,0.142,0
SMB_EU_005048,NL,E-commerce,25,10501.68,11.37,55,190.94,2,14,0,0,2,0.075,0
SMB_EU_005049,FR,E-commerce,1,13634.43,-4.57,49,278.25,1,7,1,0,3,0.057,1
SMB_EU_005050,NL,Retail,34,12643.47,25.53,141,89.67,3,6,1,0,2,0.057,0
SMB_EU_005051,DE,Retail,5,7276.07,-6.62,68,107.0,1,8,1,0,0,0.272,0
SMB_EU_005052,ES,Retail,50,9042.44,10.66,31,291.69,4,13,0,1,0,0.028,0
SMB_EU_005053,DE,Hospitality,25,8272.1,7.66,76,108.84,2,12,1,0,0,0.134,0
SMB_EU_005054,DE,Services,16,3861.41,-6.84,16,241.34,2,9,2,1,0,0.113,0
SMB_EU_005055,NL,Subscription,9,8145.25,-63.78,46,177.07,1,7,3,0,3,0.066,1
SMB_EU_005056,IT,E-commerce,18,17343.6,-25.98,102,170.04,2,9,2,0,0,0.247,0
SMB_EU_005057,NL,Hospitality,25,10101.33,8.3,45,224.47,3,9,1,0,4,0.132,0
SMB_EU_005058,FR,Subscription,83,5594.61,17.97,23,243.24,1,5,0,0,0,0.082,0
SMB_EU_005059,IT,Retail,23,1306.17,-23.85,5,261.23,3,12,2,0,0,0.108,1
SMB_EU_005060,FR,Services,31,7517.16,-5.56,55,136.68,2,9,1,1,0,0.042,0
SMB_EU_005061,UK,Services,24,8723.91,-10.0,37,235.78,2,14,0,0,0,0.046,0
SMB_EU_005062,UK,Retail,31,9020.16,8.27,58,155.52,1,8,1,0,0,0.097,0
SMB_EU_005063,NL,Services,29,5873.28,-4.93,25,234.93,3,6,0,1,1,0.11,0
SMB_EU_005064,FR,Services,26,3563.89,19.84,32,111.37,1,11,1,1,0,0.04,0
SMB_EU_005065,ES,Retail,15,10800.06,-5.77,60,180.0,3,8,2,0,1,0.049,0
SMB_EU_005066,DE,Retail,42,13347.67,-18.55,111,120.25,2,7,0,0,0,0.144,0
SMB_EU_005067,NL,Retail,10,8275.83,-7.03,54,153.26,3,12,0,0,1,0.131,0
SMB_EU_005068,FR,E-commerce,37,66873.26,-5.38,282,237.14,2,11,1,2,3,0.114,0
SMB_EU_005069,UK,E-commerce,42,5869.71,7.89,45,130.44,1,9,1,0,1,0.143,0
SMB_EU_005070,DE,E-commerce,4,16540.75,-5.6,72,229.73,4,17,2,0,1,0.07,0
SMB_EU_005071,IT,E-commerce,10,7414.51,6.6,39,190.12,1,12,1,1,0,0.107,0
SMB_EU_005072,ES,Subscription,5,15258.43,-11.86,152,100.38,1,11,0,0,2,0.059,0
SMB_EU_005073,NL,E-commerce,59,5807.59,-4.42,35,165.93,2,15,1,0,0,0.208,0
SMB_EU_005074,DE,Retail,17,3593.36,-11.78,13,276.41,4,11,0,0,0,0.131,0
SMB_EU_005075,UK,E-commerce,57,10258.82,-12.7,34,301.73,1,13,0,1,1,0.048,0
SMB_EU_005076,NL,E-commerce,20,17593.85,19.12,109,161.41,2,13,0,1,0,0.134,0
SMB_EU_005077,IT,E-commerce,11,10493.62,-10.73,114,92.05,2,11,0,0,0,0.105,0
SMB_EU_005078,FR,E-commerce,15,10556.96,-5.21,97,108.83,1,9,0,0,1,0.077,0
SMB_EU_005079,NL,Retail,29,7177.19,15.67,28,256.33,3,12,0,1,2,0.087,0
SMB_EU_005080,NL,Services,42,4323.62,-25.37,19,227.56,2,10,2,0,0,0.181,0
SMB_EU_005081,DE,Subscription,26,21970.36,-0.69,154,142.66,2,6,0,0,2,0.091,0
SMB_EU_005082,DE,E-commerce,48,22637.25,7.24,136,166.45,1,13,0,0,1,0.037,0
SMB_EU_005083,ES,E-commerce,23,12345.65,-9.01,48,257.2,4,14,1,2,2,0.039,0
SMB_EU_005084,FR,Hospitality,25,21114.64,30.86,124,170.28,1,10,1,0,2,0.045,0
SMB_EU_005085,DE,Services,14,6715.61,8.73,27,248.73,3,7,2,0,0,0.053,0
SMB_EU_005086,NL,E-commerce,13,8386.92,-2.32,58,144.6,4,9,0,0,2,0.166,0
SMB_EU_005087,ES,Subscription,44,10497.45,0.86,44,238.58,1,10,1,0,0,0.088,0
SMB_EU_005088,DE,Hospitality,10,8273.58,-38.88,45,183.86,1,13,0,0,2,0.002,0
SMB_EU_005089,IT,E-commerce,20,9929.15,-3.55,50,198.58,1,14,0,1,2,0.074,0
SMB_EU_005090,DE,Hospitality,45,3190.74,-20.64,15,212.72,3,6,1,1,0,0.11,0
SMB_EU_005091,DE,Subscription,6,9479.2,24.4,53,178.85,3,12,0,0,1,0.049,0
SMB_EU_005092,DE,Services,60,4028.14,-0.33,22,183.1,3,11,0,1,0,0.246,0
SMB_EU_005093,ES,Retail,11,19431.94,2.75,140,138.8,2,11,0,0,1,0.173,0
SMB_EU_005094,DE,E-commerce,60,23400.18,31.17,79,296.2,4,7,2,1,1,0.076,0
SMB_EU_005095,DE,E-commerce,10,10212.22,-60.17,37,276.01,2,6,1,0,0,0.162,0
SMB_EU_005096,NL,E-commerce,44,19367.82,-16.31,99,195.63,3,11,1,1,2,0.074,0
SMB_EU_005097,UK,Services,17,10694.34,-11.88,122,87.66,2,9,1,0,0,0.042,0
SMB_EU_005098,FR,Services,86,2166.59,-24.15,19,114.03,1,10,0,0,1,0.103,0
SMB_EU_005099,NL,Services,22,2706.81,3.02,10,270.68,1,15,0,0,3,0.143,0
SMB_EU_005100,DE,Subscription,9,8939.89,11.86,31,288.38,1,10,0,0,1,0.118,0
SMB_EU_005101,NL,E-commerce,37,15323.86,18.12,133,115.22,1,11,0,0,1,0.132,0
SMB_EU_005102,IT,Services,18,4845.83,-8.69,20,242.29,2,17,1,0,1,0.051,0
SMB_EU_005103,IT,Services,39,4149.43,21.25,19,218.39,1,11,1,0,0,0.108,0
SMB_EU_005104,FR,E-commerce,60,12334.67,22.31,84,146.84,2,8,0,0,1,0.05,0
SMB_EU_005105,FR,Services,45,6296.49,-3.75,36,174.9,1,13,1,0,0,0.082,0
SMB_EU_005106,DE,Retail,6,15796.8,-0.1,69,228.94,2,9,5,1,1,0.1,0
SMB_EU_005107,FR,Services,10,3746.67,-7.42,37,101.26,4,12,1,0,1,0.084,0
SMB_EU_005108,DE,E-commerce,31,64786.02,-4.58,533,121.55,2,14,1,0,1,0.058,0
SMB_EU_005109,ES,E-commerce,34,48640.92,-65.91,557,87.33,1,6,2,1,2,0.055,1
SMB_EU_005110,UK,Hospitality,8,13320.62,-19.12,48,277.51,1,7,1,0,2,0.146,1
SMB_EU_005111,UK,Hospitality,11,8716.78,-30.75,42,207.54,3,8,2,2,0,0.106,1
SMB_EU_005112,UK,Retail,63,26688.54,-37.25,137,194.81,1,9,0,1,0,0.136,0
SMB_EU_005113,IT,Retail,15,6721.91,-0.69,29,231.79,2,10,1,0,1,0.039,0
SMB_EU_005114,ES,E-commerce,42,9101.94,19.5,31,293.61,3,8,0,1,1,0.187,0
SMB_EU_005115,FR,Hospitality,54,4376.18,-8.18,37,118.28,1,10,0,1,0,0.078,0
SMB_EU_005116,IT,Services,15,2739.22,6.42,25,109.57,2,10,2,0,0,0.146,0
SMB_EU_005117,NL,Subscription,24,9682.36,-1.21,67,144.51,1,9,1,1,0,0.19,0
SMB_EU_005118,NL,E-commerce,42,17956.43,14.18,64,280.57,1,7,3,1,2,0.057,0
SMB_EU_005119,ES,Services,6,5640.33,5.63,33,170.92,1,7,1,0,1,0.052,0
SMB_EU_005120,FR,E-commerce,21,14888.53,12.45,58,256.7,2,9,1,0,0,0.027,0
SMB_EU_005121,FR,Services,58,5415.85,-8.26,43,125.95,3,16,0,2,0,0.071,0
SMB_EU_005122,UK,Retail,33,22674.38,-15.21,120,188.95,2,9,0,0,2,0.131,0
SMB_EU_005123,DE,E-commerce,33,21760.17,5.51,201,108.26,2,10,2,1,2,0.256,1
SMB_EU_005124,NL,Hospitality,49,10436.04,-7.32,61,171.08,1,8,0,0,1,0.183,0
SMB_EU_005125,UK,Retail,16,8970.27,-55.12,65,138.0,1,7,0,0,0,0.077,0
SMB_EU_005126,IT,Services,11,1896.64,4.76,9,210.74,2,14,1,1,2,0.118,0
SMB_EU_005127,IT,Services,32,1683.89,18.63,7,240.56,4,9,0,0,1,0.093,0
SMB_EU_005128,FR,E-commerce,17,52338.71,11.8,183,286.0,1,12,0,1,1,0.132,0
SMB_EU_005129,FR,E-commerce,17,10902.12,-36.65,77,141.59,2,7,1,0,0,0.082,0
SMB_EU_005130,UK,Services,10,3453.5,-17.18,14,246.68,4,10,1,0,4,0.149,0
SMB_EU_005131,IT,Services,36,5794.08,25.61,21,275.91,2,9,0,1,0,0.106,0
SMB_EU_005132,NL,E-commerce,22,20869.57,-23.74,194,107.58,3,16,0,0,3,0.056,0
SMB_EU_005133,DE,E-commerce,11,22514.68,-6.79,108,208.47,2,12,0,0,1,0.103,0
SMB_EU_005134,DE,Hospitality,51,17398.96,9.68,81,214.8,1,11,0,1,1,0.028,0
SMB_EU_005135,UK,Hospitality,20,14764.14,24.58,106,139.28,1,7,1,0,1,0.032,0
SMB_EU_005136,FR,Retail,37,4917.9,-2.84,58,84.79,1,7,2,1,1,0.045,0
SMB_EU_005137,IT,E-commerce,73,26823.84,0.41,197,136.16,1,8,1,2,1,0.073,0
SMB_EU_005138,DE,Services,50,3970.86,-13.13,19,208.99,3,10,1,0,2,0.063,0
SMB_EU_005139,IT,Hospitality,68,5524.84,1.9,45,122.77,2,11,0,0,1,0.036,0
SMB_EU_005140,UK,Subscription,49,4668.47,-17.25,33,141.47,3,9,1,0,0,0.178,0
SMB_EU_005141,IT,Services,21,1810.48,-45.02,8,226.31,1,8,1,1,2,0.091,1
SMB_EU_005142,DE,Subscription,13,8831.17,11.46,53,166.63,3,4,0,0,3,0.08,0
SMB_EU_005143,IT,Retail,20,4507.99,-43.64,48,93.92,1,12,0,1,1,0.069,1
SMB_EU_005144,ES,Services,21,8724.42,13.76,52,167.78,1,13,1,0,3,0.033,0
SMB_EU_005145,FR,Retail,59,6758.46,-2.3,23,293.85,2,11,1,0,1,0.051,0
SMB_EU_005146,UK,Hospitality,18,7220.42,-20.53,53,136.23,4,10,0,1,0,0.111,0
SMB_EU_005147,IT,E-commerce,8,34075.06,17.53,246,138.52,2,10,0,0,1,0.188,0
SMB_EU_005148,UK,E-commerce,30,6152.59,-19.73,52,118.32,2,9,0,1,2,0.031,0
SMB_EU_005149,IT,Services,27,3237.07,-9.03,23,140.74,2,12,1,0,3,0.2,0
SMB_EU_005150,DE,Services,14,5573.19,-42.04,27,206.41,2,12,0,2,2,0.117,1
SMB_EU_005151,FR,Retail,19,9649.99,15.09,33,292.42,1,10,1,1,2,0.103,0
SMB_EU_005152,DE,Hospitality,69,11633.14,-7.9,54,215.43,2,8,1,0,2,0.108,0
SMB_EU_005153,UK,E-commerce,36,25237.78,-13.9,148,170.53,2,9,1,1,1,0.03,0
SMB_EU_005154,ES,E-commerce,20,15898.27,2.44,96,165.61,3,10,0,0,0,0.051,0
SMB_EU_005155,IT,Services,14,5998.33,-3.21,70,85.69,1,13,0,0,0,0.062,0
SMB_EU_005156,FR,E-commerce,93,18296.24,-7.01,227,80.6,2,6,1,0,3,0.073,0
SMB_EU_005157,DE,Subscription,78,3726.23,3.25,15,248.42,3,10,0,0,0,0.071,0
SMB_EU_005158,ES,Retail,47,7283.53,-18.05,39,186.76,2,5,1,0,0,0.094,0
SMB_EU_005159,NL,Hospitality,22,6964.62,-25.83,80,87.06,2,10,2,1,2,0.089,0
SMB_EU_005160,FR,Hospitality,13,7900.22,32.08,55,143.64,3,7,0,0,3,0.046,0
SMB_EU_005161,IT,E-commerce,14,8614.37,1.56,54,159.53,2,6,0,0,1,0.258,0
SMB_EU_005162,DE,E-commerce,22,7006.03,2.61,28,250.22,1,14,1,2,1,0.15,0
SMB_EU_005163,FR,Services,18,4343.66,-11.73,25,173.75,3,12,0,1,1,0.116,0
SMB_EU_005164,NL,Services,25,16278.7,13.47,64,254.35,4,9,2,0,2,0.084,0
SMB_EU_005165,DE,E-commerce,25,9175.18,-8.0,42,218.46,1,10,0,0,2,0.042,0
SMB_EU_005166,UK,E-commerce,11,30338.18,-41.79,348,87.18,4,7,1,0,0,0.097,0
SMB_EU_005167,DE,Retail,12,20703.14,-8.51,71,291.59,2,12,0,0,0,0.153,0
SMB_EU_005168,DE,Retail,20,8221.24,-38.67,69,119.15,2,17,0,0,2,0.067,0
SMB_EU_005169,DE,E-commerce,24,9975.59,-2.55,71,140.5,4,8,0,0,0,0.118,0
SMB_EU_005170,ES,Retail,65,10882.25,-2.99,42,259.1,4,12,0,0,1,0.106,0
SMB_EU_005171,NL,Services,32,5620.56,-9.67,46,122.19,1,11,0,1,1,0.064,0
SMB_EU_005172,IT,Services,31,2986.12,-67.62,18,165.9,2,5,1,0,1,0.141,1
SMB_EU_005173,DE,Subscription,33,6061.41,-4.47,22,275.52,3,9,0,0,0,0.123,0
SMB_EU_005174,DE,Hospitality,55,7876.69,-24.68,36,218.8,2,16,1,0,0,0.086,0
SMB_EU_005175,NL,Subscription,120,15757.06,-29.36,108,145.9,1,10,0,1,3,0.108,0
SMB_EU_005176,ES,Hospitality,17,4943.56,-44.87,22,224.71,4,11,1,0,4,0.111,1
SMB_EU_005177,UK,Hospitality,88,5756.21,-32.66,22,261.65,1,10,1,1,1,0.081,0
SMB_EU_005178,DE,Subscription,7,13442.32,13.19,80,168.03,2,15,0,0,1,0.093,0
SMB_EU_005179,NL,Hospitality,21,5410.1,-3.83,26,208.08,2,3,2,0,0,0.117,0
SMB_EU_005180,UK,Retail,10,6684.86,-17.9,22,303.86,2,8,1,0,1,0.041,0
SMB_EU_005181,FR,Services,41,3177.94,-29.09,11,288.9,1,14,1,0,0,0.094,0
SMB_EU_005182,ES,Subscription,49,5661.07,-13.35,29,195.21,1,6,1,0,0,0.038,0
SMB_EU_005183,DE,Services,8,24798.11,6.34,245,101.22,1,12,0,0,2,0.071,0
SMB_EU_005184,UK,Hospitality,53,5333.66,21.62,23,231.9,3,13,2,0,0,0.036,0
SMB_EU_005185,ES,Hospitality,33,13609.86,0.81,98,138.88,3,9,0,0,0,0.087,0
SMB_EU_005186,UK,Subscription,45,24720.2,-18.2,109,226.79,3,12,0,0,2,0.195,0
SMB_EU_005187,IT,Retail,58,7165.6,-47.51,46,155.77,3,12,3,0,2,0.09,0
SMB_EU_005188,FR,Hospitality,42,7484.37,-12.73,31,241.43,1,14,0,0,2,0.064,0
SMB_EU_005189,UK,E-commerce,7,15951.25,-46.21,99,161.12,4,7,1,0,1,0.082,1
SMB_EU_005190,FR,Hospitality,19,2280.63,16.81,8,285.08,1,8,2,0,2,0.056,0
SMB_EU_005191,FR,Hospitality,8,2364.52,17.98,21,112.6,2,6,0,0,1,0.044,0
SMB_EU_005192,ES,Retail,4,8237.94,-2.58,87,94.69,3,9,3,1,2,0.174,0
SMB_EU_005193,ES,Retail,10,6199.65,-18.6,25,247.99,1,9,2,0,1,0.155,1
SMB_EU_005194,UK,Hospitality,20,18666.07,-11.96,111,168.16,1,8,1,0,2,0.129,0
SMB_EU_005195,DE,Retail,84,6941.36,-82.71,38,182.67,4,7,2,1,2,0.004,1
SMB_EU_005196,ES,E-commerce,25,48356.84,26.83,169,286.14,1,12,0,0,1,0.101,0
SMB_EU_005197,ES,Services,33,3756.93,-34.84,18,208.72,3,16,2,0,1,0.089,0
SMB_EU_005198,DE,E-commerce,17,47246.12,-27.54,210,224.98,3,13,0,0,1,0.022,0
SMB_EU_005199,FR,E-commerce,22,20326.08,26.95,241,84.34,4,6,0,0,0,0.101,0
SMB_EU_005200,FR,Subscription,27,12618.95,0.25,55,229.44,1,10,0,0,2,0.109,0
SMB_EU_005201,FR,Retail,21,5884.86,-16.89,36,163.47,1,11,1,0,2,0.01,0
SMB_EU_005202,UK,E-commerce,38,21204.23,10.24,117,181.23,3,4,0,0,1,0.064,1
SMB_EU_005203,IT,Hospitality,16,16566.58,11.6,64,258.85,1,11,2,0,2,0.2,0
SMB_EU_005204,ES,Services,7,4583.86,-19.99,23,199.3,2,10,1,0,0,0.176,0
SMB_EU_005205,UK,Subscription,6,7341.82,-36.93,25,293.67,2,6,2,0,1,0.114,1
SMB_EU_005206,FR,Subscription,47,7761.43,13.14,30,258.71,2,7,0,2,1,0.036,0
SMB_EU_005207,ES,Services,2,13217.01,-60.16,55,240.31,2,10,1,0,0,0.095,1
SMB_EU_005208,NL,Retail,22,13365.17,4.23,64,208.83,3,16,0,1,0,0.115,0
SMB_EU_005209,UK,Retail,10,19068.72,-29.74,112,170.26,1,7,0,0,4,0.038,0
SMB_EU_005210,DE,E-commerce,39,18105.65,-35.89,198,91.44,2,9,1,0,1,0.133,0
SMB_EU_005211,UK,Retail,26,8190.98,-5.12,97,84.44,1,16,0,0,0,0.052,0
SMB_EU_005212,DE,Services,26,6448.22,3.92,71,90.82,1,12,0,0,1,0.029,0
SMB_EU_005213,FR,Hospitality,28,11402.75,-26.88,39,292.38,1,11,0,1,2,0.108,1
SMB_EU_005214,ES,Retail,27,6897.58,-61.04,46,149.95,2,4,1,1,2,0.032,1
SMB_EU_005215,FR,Services,7,11366.2,15.67,49,231.96,4,11,0,1,2,0.056,0
SMB_EU_005216,IT,Retail,18,9963.61,-10.56,47,211.99,3,9,0,0,0,0.133,0
SMB_EU_005217,NL,E-commerce,13,3540.55,-22.26,17,208.27,1,6,1,0,1,0.009,0
SMB_EU_005218,ES,Hospitality,15,10194.57,16.96,49,208.05,3,10,1,0,2,0.045,0
SMB_EU_005219,FR,E-commerce,28,6991.3,6.67,48,145.65,1,10,1,0,2,0.08,0
SMB_EU_005220,DE,E-commerce,47,25117.22,-1.03,91,276.01,3,12,3,1,0,0.181,0
SMB_EU_005221,FR,Retail,46,13740.56,-1.48,49,280.42,3,14,0,0,2,0.03,0
SMB_EU_005222,NL,E-commerce,31,18283.26,15.42,82,222.97,1,15,0,1,2,0.067,0
SMB_EU_005223,DE,Services,19,6928.52,4.42,26,266.48,1,17,1,0,1,0.093,0
SMB_EU_005224,FR,Subscription,26,17401.34,9.68,187,93.06,1,6,1,1,1,0.219,0
SMB_EU_005225,FR,E-commerce,42,11141.46,-37.01,109,102.22,1,5,1,0,0,0.076,1
SMB_EU_005226,DE,E-commerce,15,24145.74,-70.23,119,202.91,2,12,3,0,1,0.149,1
SMB_EU_005227,IT,Services,25,10046.78,9.33,38,264.39,1,11,0,1,2,0.068,0
SMB_EU_005228,UK,Subscription,17,25874.92,16.51,173,149.57,1,14,0,0,0,0.119,0
SMB_EU_005229,DE,E-commerce,14,7725.93,-3.37,39,198.1,2,6,0,1,2,0.053,0
SMB_EU_005230,IT,E-commerce,24,19166.42,13.32,233,82.26,4,9,1,0,2,0.07,0
SMB_EU_005231,IT,Services,19,2808.2,-5.03,9,312.02,2,9,1,1,0,0.158,0
SMB_EU_005232,FR,Hospitality,31,3285.13,-1.36,13,252.7,2,9,2,2,3,0.05,0
SMB_EU_005233,ES,Retail,19,9923.03,2.94,62,160.05,1,7,2,1,0,0.071,0
SMB_EU_005234,FR,Hospitality,23,6285.42,-4.37,21,299.31,2,7,1,1,0,0.074,0
SMB_EU_005235,NL,Retail,7,15901.96,-5.26,158,100.65,1,14,0,0,1,0.027,0
SMB_EU_005236,DE,E-commerce,43,12186.69,-28.05,67,181.89,4,13,1,1,1,0.173,0
SMB_EU_005237,IT,E-commerce,44,13840.78,10.35,149,92.89,1,9,1,0,1,0.025,0
SMB_EU_005238,IT,Services,13,5676.53,-62.84,37,153.42,1,10,0,0,1,0.186,1
SMB_EU_005239,DE,E-commerce,14,8943.73,2.21,70,127.77,1,13,1,1,0,0.056,1
SMB_EU_005240,FR,E-commerce,29,9720.22,-4.73,65,149.54,3,13,1,2,0,0.17,0
SMB_EU_005241,UK,Retail,17,15628.57,-6.69,54,289.42,2,14,0,1,1,0.073,0
SMB_EU_005242,NL,Services,31,3596.87,-1.77,21,171.28,3,6,1,1,1,0.059,0
SMB_EU_005243,NL,Retail,61,16263.57,-40.07,107,152.0,3,14,0,0,1,0.131,0
SMB_EU_005244,UK,E-commerce,13,21594.48,17.64,98,220.35,4,17,2,1,4,0.03,0
SMB_EU_005245,ES,Retail,45,3161.11,22.8,14,225.79,1,12,1,0,2,0.074,0
SMB_EU_005246,IT,Services,11,6873.44,9.76,23,298.85,1,8,0,0,2,0.174,0
SMB_EU_005247,ES,E-commerce,15,20522.83,19.07,103,199.25,3,17,2,0,1,0.073,0
SMB_EU_005248,UK,E-commerce,29,19332.88,12.81,79,244.72,2,11,1,1,1,0.035,0
SMB_EU_005249,NL,E-commerce,38,13775.95,7.42,84,164.0,3,9,1,0,3,0.025,0
SMB_EU_005250,NL,Services,60,2844.53,21.83,24,118.52,2,9,0,0,0,0.03,0
SMB_EU_005251,FR,Hospitality,74,13456.83,-19.63,77,174.76,2,8,3,1,0,0.208,1
SMB_EU_005252,UK,Services,20,4704.36,-10.27,27,174.24,4,5,2,0,1,0.142,0
SMB_EU_005253,IT,Services,25,2942.9,-12.31,17,173.11,4,12,0,0,0,0.174,0
SMB_EU_005254,DE,Subscription,32,11842.63,-4.52,51,232.21,1,10,2,0,2,0.103,1
SMB_EU_005255,UK,E-commerce,24,9605.95,10.29,57,168.53,2,10,1,0,0,0.092,0
SMB_EU_005256,NL,Subscription,20,5092.52,-16.73,18,282.92,2,14,1,0,3,0.045,1
SMB_EU_005257,DE,Retail,17,6386.32,7.54,22,290.29,2,11,3,0,1,0.131,0
SMB_EU_005258,IT,E-commerce,38,10062.46,-8.81,52,193.51,1,6,2,0,0,0.082,0
SMB_EU_005259,FR,Services,61,2892.42,-31.55,14,206.6,2,4,0,0,2,0.039,0
SMB_EU_005260,UK,E-commerce,7,24334.55,3.01,143,170.17,4,11,0,0,2,0.124,0
SMB_EU_005261,DE,E-commerce,21,14009.75,25.22,89,157.41,1,7,1,1,1,0.148,0
SMB_EU_005262,ES,E-commerce,7,31798.47,-10.69,107,297.18,3,13,0,0,1,0.185,0
SMB_EU_005263,IT,Hospitality,37,3593.24,-1.2,40,89.83,1,13,2,1,0,0.096,0
SMB_EU_005264,DE,E-commerce,14,5320.21,-16.17,31,171.62,2,10,0,0,1,0.134,0
SMB_EU_005265,UK,Services,55,5466.84,-10.83,48,113.89,2,9,1,2,1,0.286,0
SMB_EU_005266,NL,Services,23,15226.32,-16.31,64,237.91,1,10,1,0,3,0.033,0
SMB_EU_005267,FR,Hospitality,37,8251.14,3.67,67,123.15,4,7,0,1,1,0.174,0
SMB_EU_005268,NL,Retail,13,55073.36,-42.37,201,274.0,4,9,1,1,1,0.085,1
SMB_EU_005269,UK,Subscription,28,10984.22,-22.94,68,161.53,2,11,0,0,1,0.157,0
SMB_EU_005270,FR,E-commerce,28,17277.09,-11.3,61,283.23,2,10,2,1,3,0.032,1
SMB_EU_005271,DE,Retail,33,2195.09,7.62,7,313.58,2,6,3,0,2,0.083,0
SMB_EU_005272,DE,Retail,16,10341.97,1.7,41,252.24,1,8,1,0,1,0.093,0
SMB_EU_005273,FR,Hospitality,52,6638.99,-0.87,31,214.16,1,15,0,1,0,0.067,0
SMB_EU_005274,ES,Retail,32,6265.06,-18.62,55,113.91,3,6,1,0,0,0.27,0
SMB_EU_005275,NL,Retail,59,7369.68,2.3,26,283.45,2,3,0,1,0,0.07,0
SMB_EU_005276,FR,E-commerce,8,14399.45,2.77,57,252.62,1,7,0,1,0,0.104,0
SMB_EU_005277,DE,E-commerce,28,13464.99,1.53,94,143.24,4,11,1,0,2,0.032,0
SMB_EU_005278,FR,Hospitality,22,21022.4,6.0,115,182.8,1,6,1,0,2,0.065,0
SMB_EU_005279,UK,Services,75,4002.51,10.42,42,95.3,1,8,1,1,1,0.078,0
SMB_EU_005280,FR,Services,39,5534.64,-41.05,25,221.39,3,13,0,0,1,0.095,0
SMB_EU_005281,UK,E-commerce,25,11771.83,-3.25,109,108.0,2,13,1,0,2,0.066,0
SMB_EU_005282,NL,Retail,37,12800.71,7.74,57,224.57,2,10,2,1,2,0.004,0
SMB_EU_005283,DE,Subscription,18,10006.98,-4.03,44,227.43,1,9,0,0,2,0.138,0
SMB_EU_005284,UK,Retail,34,6763.19,14.39,45,150.29,4,12,1,0,1,0.042,0
SMB_EU_005285,NL,Services,102,1574.37,1.35,5,314.87,1,14,2,1,1,0.124,0
SMB_EU_005286,ES,Retail,16,9257.43,-67.77,37,250.2,1,11,1,0,2,0.04,1
SMB_EU_005287,UK,Subscription,28,7474.36,12.59,39,191.65,1,2,2,0,2,0.268,1
SMB_EU_005288,DE,E-commerce,14,14463.18,-1.76,51,283.59,2,11,0,1,1,0.152,0
SMB_EU_005289,DE,E-commerce,12,7378.54,-26.55,28,263.52,3,12,1,0,2,0.088,0
SMB_EU_005290,ES,Services,46,11815.44,-3.78,51,231.68,1,11,0,0,2,0.189,0
SMB_EU_005291,FR,Hospitality,10,10032.25,-48.44,88,114.0,1,10,0,0,0,0.081,1
SMB_EU_005292,DE,E-commerce,34,35391.58,11.3,187,189.26,2,9,1,0,0,0.141,0
SMB_EU_005293,DE,Hospitality,44,11940.63,-0.54,44,271.38,4,8,1,1,0,0.041,0
SMB_EU_005294,DE,Services,19,7133.69,-13.86,33,216.17,1,15,1,1,2,0.124,0
SMB_EU_005295,ES,Retail,57,4031.23,-45.85,20,201.56,2,8,1,0,2,0.101,0
SMB_EU_005296,DE,Retail,54,24178.74,6.88,83,291.31,3,11,1,0,5,0.065,0
SMB_EU_005297,NL,E-commerce,19,8597.48,-3.54,103,83.47,3,11,2,0,0,0.216,0
SMB_EU_005298,IT,Retail,8,6810.03,-18.68,82,83.05,3,12,1,2,2,0.129,1
SMB_EU_005299,NL,Hospitality,36,9169.67,-12.64,33,277.87,1,11,0,1,1,0.048,1
SMB_EU_005300,DE,Retail,24,12595.83,-47.32,142,88.7,2,15,1,0,1,0.111,0
SMB_EU_005301,ES,E-commerce,29,21144.76,11.2,138,153.22,1,9,1,0,3,0.119,0
SMB_EU_005302,DE,Retail,35,6291.93,-25.21,22,286.0,2,11,0,0,2,0.036,0
SMB_EU_005303,ES,E-commerce,7,10421.71,-0.71,45,231.59,1,9,1,0,1,0.038,0
SMB_EU_005304,UK,Retail,18,36604.13,-3.75,164,223.2,1,14,0,0,2,0.056,0
SMB_EU_005305,NL,Retail,70,7813.5,-27.37,35,223.24,1,8,1,0,2,0.166,1
SMB_EU_005306,NL,Retail,30,7259.99,3.49,48,151.25,4,12,3,0,0,0.034,0
SMB_EU_005307,NL,Subscription,37,5865.52,-49.91,30,195.52,3,11,1,1,0,0.077,0
SMB_EU_005308,FR,Retail,28,9265.0,-7.88,42,220.6,1,15,0,1,2,0.097,0
SMB_EU_005309,UK,Services,36,5630.8,-18.46,38,148.18,1,8,2,0,1,0.002,0
SMB_EU_005310,UK,Retail,53,7922.49,-4.88,31,255.56,1,5,0,0,0,0.034,0
SMB_EU_005311,FR,Retail,4,10059.1,11.66,67,150.14,1,7,0,1,1,0.069,0
SMB_EU_005312,IT,E-commerce,42,43214.35,11.62,451,95.82,3,13,0,1,2,0.06,0
SMB_EU_005313,UK,E-commerce,24,10496.26,-6.46,84,124.96,3,10,1,0,2,0.084,0
SMB_EU_005314,UK,Subscription,47,9235.69,-48.66,54,171.03,3,9,2,1,1,0.12,1
SMB_EU_005315,NL,Subscription,19,6101.38,-50.18,22,277.34,4,10,0,1,0,0.143,0
SMB_EU_005316,NL,Services,19,5967.08,-2.05,35,170.49,2,7,3,0,1,0.091,0
SMB_EU_005317,FR,Hospitality,9,4266.0,-24.45,43,99.21,3,12,0,0,2,0.108,0
SMB_EU_005318,UK,E-commerce,25,10943.92,-35.43,89,122.97,3,9,2,1,1,0.085,0
SMB_EU_005319,DE,E-commerce,9,6248.47,1.85,31,201.56,2,16,1,0,3,0.238,0
SMB_EU_005320,IT,Subscription,23,9543.89,9.21,80,119.3,4,6,0,0,2,0.121,0
SMB_EU_005321,FR,Hospitality,29,7764.96,-11.71,83,93.55,4,11,1,0,0,0.139,0
SMB_EU_005322,FR,Hospitality,15,18320.95,0.63,77,237.93,4,7,0,0,0,0.053,0
SMB_EU_005323,FR,Retail,6,10603.06,2.1,42,252.45,1,8,1,2,3,0.063,0
SMB_EU_005324,UK,Retail,5,6108.19,-2.11,23,265.57,1,7,1,2,1,0.0,0
SMB_EU_005325,DE,Subscription,12,3980.54,-0.33,15,265.37,4,14,1,0,2,0.09,0
SMB_EU_005326,IT,E-commerce,5,7208.62,1.89,44,163.83,2,8,1,0,1,0.108,0
SMB_EU_005327,DE,E-commerce,28,6894.15,7.22,29,237.73,3,8,1,0,0,0.092,0
SMB_EU_005328,DE,Retail,104,24686.75,17.54,118,209.21,3,14,0,0,1,0.11,0
SMB_EU_005329,NL,Services,9,5942.47,-86.01,70,84.89,3,16,0,0,0,0.039,0
SMB_EU_005330,NL,Retail,120,5638.75,-12.13,33,170.87,1,13,0,0,1,0.022,0
SMB_EU_005331,FR,Services,28,2810.95,-25.66,31,90.68,2,10,0,0,0,0.024,0
SMB_EU_005332,FR,Retail,32,4786.39,4.63,49,97.68,3,13,0,2,0,0.214,0
SMB_EU_005333,DE,Services,7,3468.97,35.33,38,91.29,2,12,1,0,1,0.04,0
SMB_EU_005334,FR,Services,29,11014.26,-0.64,38,289.85,3,8,0,0,1,0.223,0
SMB_EU_005335,UK,Retail,17,7857.55,2.7,30,261.92,3,16,0,0,3,0.182,0
SMB_EU_005336,UK,Hospitality,67,2517.53,-4.65,14,179.82,1,11,1,0,1,0.129,0
SMB_EU_005337,FR,E-commerce,5,59998.87,10.01,446,134.53,1,9,0,1,0,0.043,0
SMB_EU_005338,IT,Retail,17,4036.37,-27.87,42,96.1,3,6,1,0,2,0.039,0
SMB_EU_005339,UK,Services,13,3507.62,-10.14,20,175.38,1,7,0,0,3,0.051,0
SMB_EU_005340,DE,E-commerce,33,32921.86,-1.72,155,212.4,1,14,0,0,0,0.11,0
SMB_EU_005341,ES,E-commerce,2,19242.86,-16.78,75,256.57,4,10,0,0,5,0.163,0
SMB_EU_005342,UK,Retail,66,6034.47,-1.78,66,91.43,2,12,1,0,2,0.079,0
SMB_EU_005343,DE,E-commerce,32,7165.16,-6.29,42,170.6,4,15,1,1,1,0.085,0
SMB_EU_005344,DE,Services,30,2799.45,-54.55,9,311.05,1,10,2,1,0,0.091,1
SMB_EU_005345,UK,E-commerce,10,8707.22,-10.65,82,106.19,2,15,1,0,2,0.09,0
SMB_EU_005346,NL,Subscription,44,9038.05,-44.71,54,167.37,1,12,1,2,0,0.079,0
SMB_EU_005347,DE,Subscription,41,10093.2,0.13,72,140.18,1,8,0,0,2,0.013,0
SMB_EU_005348,FR,Retail,57,7317.35,1.18,67,109.21,4,7,0,0,1,0.037,0
SMB_EU_005349,NL,Retail,20,7813.97,4.11,30,260.47,1,5,0,0,2,0.116,0
SMB_EU_005350,IT,Services,6,2661.8,-2.61,11,241.98,1,7,1,0,1,0.101,0
SMB_EU_005351,ES,E-commerce,15,17884.45,-11.8,105,170.33,3,7,0,0,3,0.084,0
SMB_EU_005352,UK,Retail,48,17248.98,1.23,107,161.21,3,8,0,0,1,0.043,0
SMB_EU_005353,FR,E-commerce,17,13604.15,-2.68,52,261.62,4,6,0,0,1,0.178,0
SMB_EU_005354,NL,Hospitality,85,5378.38,15.37,54,99.6,1,6,0,1,2,0.037,0
SMB_EU_005355,NL,Services,44,5255.31,17.26,47,111.82,1,3,0,0,1,0.207,0
SMB_EU_005356,FR,Retail,78,15648.33,-20.58,56,279.43,2,10,1,2,2,0.094,0
SMB_EU_005357,DE,Retail,18,4676.77,9.26,18,259.82,2,9,2,0,2,0.118,0
SMB_EU_005358,UK,Subscription,35,21493.12,12.27,86,249.92,1,8,2,0,1,0.074,0
SMB_EU_005359,UK,Services,12,6437.7,-20.19,30,214.59,1,9,1,0,0,0.216,0
SMB_EU_005360,NL,Hospitality,46,6104.14,8.69,42,145.34,3,9,2,0,3,0.1,0
SMB_EU_005361,IT,Services,36,10354.09,13.44,36,287.61,3,14,0,2,0,0.165,0
SMB_EU_005362,FR,E-commerce,43,7380.29,-14.24,39,189.24,1,10,0,0,1,0.076,0
SMB_EU_005363,IT,Services,20,6839.16,-45.8,48,142.48,4,14,1,0,1,0.12,0
SMB_EU_005364,IT,E-commerce,28,19418.69,2.79,121,160.49,1,11,0,0,4,0.157,0
SMB_EU_005365,NL,Retail,27,4563.86,8.56,55,82.98,4,9,1,0,0,0.06,0
SMB_EU_005366,UK,Services,20,6591.76,-14.83,48,137.33,4,11,0,0,0,0.053,0
SMB_EU_005367,IT,E-commerce,30,17779.27,17.36,147,120.95,2,6,0,0,1,0.095,0
SMB_EU_005368,FR,Subscription,33,8084.77,-30.44,74,109.25,2,8,1,2,1,0.119,0
SMB_EU_005369,ES,E-commerce,38,25172.21,19.86,289,87.1,1,11,2,1,2,0.121,0
SMB_EU_005370,DE,Subscription,19,6386.41,8.25,49,130.33,3,7,0,0,2,0.12,0
SMB_EU_005371,FR,Subscription,44,10584.78,-55.25,103,102.76,1,11,0,0,1,0.089,1
SMB_EU_005372,FR,Retail,42,7392.29,12.97,82,90.15,2,3,1,2,1,0.046,0
SMB_EU_005373,NL,Services,38,3457.76,-66.2,31,111.54,2,8,0,0,2,0.037,1
SMB_EU_005374,ES,E-commerce,47,20282.96,1.72,163,124.44,1,12,0,1,1,0.03,0
SMB_EU_005375,NL,Subscription,23,7945.32,3.58,46,172.72,4,6,0,0,1,0.074,0
SMB_EU_005376,ES,E-commerce,10,6198.12,3.54,30,206.6,3,6,2,1,1,0.093,0
SMB_EU_005377,IT,Services,42,1696.89,-12.6,11,154.26,1,12,1,0,2,0.051,0
SMB_EU_005378,FR,E-commerce,17,24082.48,-7.44,217,110.98,2,5,0,1,0,0.035,0
SMB_EU_005379,ES,Retail,7,3846.18,1.9,13,295.86,2,10,1,0,0,0.056,0
SMB_EU_005380,FR,Retail,17,9460.0,-10.9,49,193.06,4,8,1,1,0,0.03,0
SMB_EU_005381,FR,E-commerce,29,15502.81,4.07,64,242.23,1,10,1,1,0,0.021,0
SMB_EU_005382,NL,Services,62,4008.11,-9.21,17,235.77,4,9,2,0,1,0.041,0
SMB_EU_005383,FR,Hospitality,34,19409.46,15.0,136,142.72,1,13,2,0,1,0.042,0
SMB_EU_005384,DE,Hospitality,46,6682.98,23.44,33,202.51,1,10,0,2,2,0.248,0
SMB_EU_005385,IT,E-commerce,42,23604.33,-4.46,111,212.65,3,10,0,1,1,0.09,0
SMB_EU_005386,NL,E-commerce,32,17795.4,13.8,113,157.48,1,18,0,0,1,0.04,0
SMB_EU_005387,NL,Retail,21,6962.36,-3.18,31,224.59,4,11,1,0,2,0.07,0
SMB_EU_005388,UK,Services,12,4943.06,-14.05,19,260.16,1,6,0,0,0,0.056,0
SMB_EU_005389,IT,Subscription,92,21592.59,-6.39,135,159.95,4,11,3,0,2,0.056,0
SMB_EU_005390,UK,E-commerce,17,28815.5,-56.29,346,83.28,4,6,1,0,2,0.054,0
SMB_EU_005391,DE,Retail,21,25806.68,-26.8,165,156.4,3,11,1,0,1,0.149,0
SMB_EU_005392,IT,Retail,24,9137.87,-42.7,86,106.25,2,7,0,0,0,0.03,1
SMB_EU_005393,UK,Hospitality,17,3545.21,1.29,31,114.36,2,14,1,0,1,0.174,0
SMB_EU_005394,IT,Hospitality,37,4606.41,15.01,29,158.84,2,7,1,0,1,0.027,0
SMB_EU_005395,ES,Services,17,2451.67,9.12,20,122.58,4,8,1,0,1,0.064,0
SMB_EU_005396,FR,E-commerce,21,23766.49,-55.58,83,286.34,1,3,0,0,0,0.13,0
SMB_EU_005397,DE,Services,16,3517.98,-5.34,16,219.87,2,5,1,1,0,0.056,0
SMB_EU_005398,NL,Hospitality,20,959.42,22.84,5,191.88,4,11,1,0,1,0.145,0
SMB_EU_005399,FR,E-commerce,10,65779.99,-20.28,801,82.12,2,11,1,0,2,0.129,0
SMB_EU_005400,UK,E-commerce,8,10651.38,-26.94,104,102.42,2,6,3,0,0,0.096,1
SMB_EU_005401,FR,Retail,71,5660.36,15.63,22,257.29,2,11,2,0,1,0.128,0
SMB_EU_005402,UK,E-commerce,46,40895.38,-10.6,247,165.57,4,5,0,0,0,0.124,0
SMB_EU_005403,UK,Services,64,2421.74,-8.82,27,89.69,1,9,0,0,1,0.057,0
SMB_EU_005404,FR,E-commerce,68,29666.36,-5.79,113,262.53,4,9,1,0,1,0.123,0
SMB_EU_005405,FR,Services,13,3514.76,10.27,24,146.45,1,11,1,0,2,0.044,0
SMB_EU_005406,UK,Hospitality,62,2711.45,-16.12,16,169.47,3,6,0,0,3,0.092,0
SMB_EU_005407,UK,Retail,52,22261.8,23.25,76,292.92,1,14,0,0,0,0.146,0
SMB_EU_005408,NL,Hospitality,20,10439.72,14.07,125,83.52,1,7,0,1,0,0.083,0
SMB_EU_005409,FR,E-commerce,33,26050.86,9.92,109,239.0,3,5,0,0,2,0.07,0
SMB_EU_005410,NL,E-commerce,45,18702.24,-4.41,65,287.73,2,5,0,0,0,0.118,0
SMB_EU_005411,IT,Retail,39,11460.46,12.44,122,93.94,2,5,1,0,1,0.125,0
SMB_EU_005412,FR,E-commerce,24,7161.76,-43.76,26,275.45,2,5,2,1,1,0.181,1
SMB_EU_005413,ES,Retail,29,8554.08,-18.09,50,171.08,2,10,1,1,2,0.023,0
SMB_EU_005414,DE,Retail,36,4582.22,2.4,17,269.54,1,14,2,0,1,0.07,0
SMB_EU_005415,DE,E-commerce,20,6518.77,-28.29,44,148.15,1,10,2,0,1,0.08,0
SMB_EU_005416,FR,E-commerce,39,19194.47,6.09,65,295.3,2,9,0,1,1,0.018,0
SMB_EU_005417,FR,Subscription,15,18031.39,8.86,81,222.61,1,12,0,0,1,0.033,0
SMB_EU_005418,FR,E-commerce,64,11917.75,-83.2,55,216.69,2,13,4,0,1,0.023,1
SMB_EU_005419,NL,Services,50,4402.75,-38.91,17,258.99,3,6,1,0,2,0.029,0
SMB_EU_005420,FR,E-commerce,46,7577.32,30.97,43,176.22,3,11,1,0,1,0.097,0
SMB_EU_005421,DE,Services,34,5021.7,-2.8,37,135.72,2,6,1,0,2,0.081,0
SMB_EU_005422,FR,E-commerce,31,23667.34,14.63,172,137.6,2,5,1,0,2,0.08,0
SMB_EU_005423,UK,Subscription,52,14470.92,16.9,95,152.33,1,10,1,2,1,0.2,0
SMB_EU_005424,FR,E-commerce,11,20804.22,5.91,96,216.71,4,17,1,0,1,0.195,0
SMB_EU_005425,NL,Services,14,3450.02,15.26,13,265.39,2,11,2,0,0,0.117,0
SMB_EU_005426,IT,E-commerce,39,10155.07,-31.69,53,191.61,1,11,3,0,0,0.036,1
SMB_EU_005427,UK,Retail,26,12893.0,-55.22,76,169.64,1,11,0,0,0,0.125,0
SMB_EU_005428,FR,Hospitality,17,9766.51,-100.0,38,257.01,3,11,2,0,2,0.046,1
SMB_EU_005429,IT,Retail,54,7215.59,-26.19,50,144.31,2,8,1,0,1,0.034,0
SMB_EU_005430,ES,E-commerce,29,11615.58,-8.19,50,232.31,1,7,1,0,1,0.075,0
SMB_EU_005431,IT,Retail,33,16115.63,-9.98,156,103.31,2,5,0,0,0,0.06,0
SMB_EU_005432,DE,Hospitality,55,4834.56,0.62,46,105.1,3,13,0,2,0,0.099,0
SMB_EU_005433,IT,Subscription,24,14080.4,-0.31,64,220.01,1,11,0,0,0,0.153,0
SMB_EU_005434,DE,E-commerce,86,13817.62,2.01,141,98.0,2,12,1,0,1,0.087,0
SMB_EU_005435,IT,Services,12,2666.9,2.62,23,115.95,1,7,1,1,1,0.08,0
SMB_EU_005436,ES,E-commerce,54,39465.92,4.99,182,216.85,1,7,2,0,1,0.095,0
SMB_EU_005437,DE,E-commerce,18,16120.45,-14.39,91,177.15,2,9,0,0,1,0.174,0
SMB_EU_005438,UK,Subscription,48,5875.42,-10.87,29,202.6,3,7,0,0,2,0.038,0
SMB_EU_005439,DE,Services,15,2170.49,-37.17,7,310.07,1,6,1,0,1,0.05,1
SMB_EU_005440,UK,Services,8,2305.82,-0.32,11,209.62,3,4,0,1,0,0.161,0
SMB_EU_005441,NL,E-commerce,49,11992.76,-16.23,57,210.4,3,9,0,1,0,0.205,0
SMB_EU_005442,DE,E-commerce,20,47614.03,-17.97,291,163.62,2,9,0,0,2,0.11,0
SMB_EU_005443,DE,Retail,8,5633.01,10.87,26,216.65,4,7,1,0,2,0.033,0
SMB_EU_005444,UK,E-commerce,50,35749.03,-12.9,431,82.94,4,11,1,1,0,0.034,0
SMB_EU_005445,DE,E-commerce,31,13868.11,-3.13,68,203.94,2,8,0,1,1,0.062,0
SMB_EU_005446,DE,Services,20,2461.44,30.14,26,94.67,2,10,0,1,1,0.154,0
SMB_EU_005447,FR,Services,34,3764.11,2.41,29,129.8,1,12,0,0,2,0.207,0
SMB_EU_005448,IT,E-commerce,24,6954.98,-21.84,34,204.56,4,7,1,1,3,0.114,0
SMB_EU_005449,IT,Retail,22,4786.79,-31.09,21,227.94,4,9,0,0,3,0.041,0
SMB_EU_005450,DE,Services,45,2938.76,-54.51,18,163.26,3,9,1,2,2,0.054,0
SMB_EU_005451,FR,Retail,31,2552.72,22.67,15,170.18,1,11,1,1,1,0.059,0
SMB_EU_005452,FR,Hospitality,15,14871.36,-21.25,78,190.66,3,8,3,0,1,0.113,0
SMB_EU_005453,DE,Retail,26,9079.8,-1.06,37,245.4,1,14,0,2,1,0.171,0
SMB_EU_005454,FR,E-commerce,45,9937.18,0.11,118,84.21,1,12,0,0,0,0.057,0
SMB_EU_005455,ES,Subscription,11,10280.81,-19.61,58,177.26,3,13,1,0,1,0.053,0
SMB_EU_005456,DE,Retail,57,4846.0,-31.27,58,83.55,4,9,2,0,1,0.095,0
SMB_EU_005457,FR,E-commerce,30,3020.47,-12.45,20,151.02,1,9,0,1,0,0.048,0
SMB_EU_005458,FR,E-commerce,29,88417.08,-9.83,455,194.32,1,13,1,0,2,0.033,0
SMB_EU_005459,UK,Subscription,30,10084.35,11.71,103,97.91,1,10,0,0,2,0.069,0
SMB_EU_005460,UK,Services,73,3511.45,-21.43,19,184.81,4,4,1,0,0,0.047,0
SMB_EU_005461,ES,Retail,26,2507.01,6.76,9,278.56,3,9,1,0,2,0.183,0
SMB_EU_005462,FR,Retail,21,3263.99,-10.86,14,233.14,3,9,0,0,2,0.178,0
SMB_EU_005463,DE,Hospitality,24,16190.99,-27.88,64,252.98,2,9,3,0,0,0.049,1
SMB_EU_005464,FR,E-commerce,49,36936.98,-14.7,178,207.51,2,7,0,0,0,0.073,0
SMB_EU_005465,FR,Hospitality,40,9428.04,0.41,34,277.3,1,11,1,1,0,0.151,0
SMB_EU_005466,NL,Retail,27,4097.57,20.93,36,113.82,1,9,0,0,2,0.065,0
SMB_EU_005467,ES,Retail,97,19794.93,13.7,111,178.33,3,9,1,0,2,0.248,0
SMB_EU_005468,UK,Hospitality,38,7858.76,-4.41,37,212.4,2,8,1,0,2,0.028,0
SMB_EU_005469,UK,Retail,13,11850.81,14.58,44,269.34,1,6,0,0,1,0.106,0
SMB_EU_005470,FR,Services,4,6534.79,-5.35,44,148.52,2,11,2,0,0,0.032,0
SMB_EU_005471,IT,Retail,41,3238.95,-22.0,40,80.97,1,8,2,0,1,0.086,0
SMB_EU_005472,FR,Retail,22,3898.32,0.32,13,299.87,2,6,1,0,1,0.201,0
SMB_EU_005473,DE,Subscription,8,6626.61,-22.59,77,86.06,1,10,2,0,1,0.082,0
SMB_EU_005474,ES,E-commerce,25,22070.33,11.87,194,113.76,3,5,1,2,5,0.048,0
SMB_EU_005475,DE,Services,43,2184.05,12.09,13,168.0,1,10,2,1,2,0.083,0
SMB_EU_005476,FR,Retail,23,7201.1,-13.2,38,189.5,2,7,0,2,2,0.056,0
SMB_EU_005477,FR,Hospitality,26,5396.73,2.18,20,269.84,3,12,4,1,2,0.02,0
SMB_EU_005478,IT,Services,4,8045.25,2.04,45,178.78,3,10,2,1,1,0.117,0
SMB_EU_005479,ES,E-commerce,41,22485.11,13.08,112,200.76,2,12,2,0,2,0.129,0
SMB_EU_005480,FR,Services,6,2727.27,-18.68,22,123.97,1,9,1,1,1,0.081,0
SMB_EU_005481,ES,Hospitality,17,14293.02,8.99,70,204.19,4,6,3,0,0,0.141,0
SMB_EU_005482,FR,E-commerce,32,7464.11,-19.75,48,155.5,1,11,1,1,3,0.053,1
SMB_EU_005483,NL,Hospitality,14,11554.83,-40.11,114,101.36,3,8,2,1,1,0.083,0
SMB_EU_005484,ES,Hospitality,17,4313.17,15.94,15,287.54,4,12,0,1,1,0.051,0
SMB_EU_005485,IT,Retail,31,8826.84,-10.04,90,98.08,1,15,1,0,2,0.106,0
SMB_EU_005486,UK,E-commerce,33,17178.23,18.29,75,229.04,1,13,0,2,0,0.067,0
SMB_EU_005487,FR,E-commerce,27,16889.21,-23.61,60,281.49,1,13,2,1,2,0.057,1
SMB_EU_005488,IT,E-commerce,3,22482.78,16.49,188,119.59,1,10,1,0,0,0.203,0
SMB_EU_005489,IT,Services,5,6323.76,21.58,48,131.74,2,14,2,0,1,0.005,0
SMB_EU_005490,UK,E-commerce,49,24004.46,5.19,138,173.95,2,13,0,1,1,0.088,0
SMB_EU_005491,DE,Subscription,20,11893.55,-2.93,82,145.04,3,5,0,0,0,0.008,0
SMB_EU_005492,ES,E-commerce,107,7024.31,4.69,28,250.87,4,12,2,2,2,0.055,0
SMB_EU_005493,IT,E-commerce,31,17635.78,-9.06,114,154.7,2,6,0,2,3,0.03,0
SMB_EU_005494,FR,Services,85,3564.83,39.37,12,297.07,3,16,1,0,0,0.025,0
SMB_EU_005495,NL,E-commerce,23,7709.8,-8.8,29,265.86,1,9,1,1,2,0.087,0
SMB_EU_005496,FR,E-commerce,18,12605.66,19.76,46,274.04,1,4,0,1,1,0.094,0
SMB_EU_005497,IT,Retail,41,8929.7,-11.12,95,94.0,1,16,0,0,1,0.086,0
SMB_EU_005498,UK,E-commerce,55,17424.12,23.95,147,118.53,3,14,0,2,3,0.048,0
SMB_EU_005499,IT,E-commerce,23,28266.15,30.18,241,117.29,4,9,1,1,3,0.044,0
SMB_EU_005500,IT,Subscription,40,19719.54,5.79,87,226.66,4,10,2,0,1,0.12,0
SMB_EU_005501,NL,E-commerce,6,18353.47,4.3,222,82.67,1,8,2,0,3,0.085,0
SMB_EU_005502,DE,Services,13,6818.92,-14.35,26,262.27,1,10,3,0,2,0.06,0
SMB_EU_005503,FR,Hospitality,35,6353.11,-16.14,32,198.53,1,11,0,0,2,0.019,0
SMB_EU_005504,NL,E-commerce,20,23769.08,4.47,116,204.91,1,15,1,0,0,0.11,0
SMB_EU_005505,FR,E-commerce,32,20090.42,-0.51,101,198.92,1,6,3,0,1,0.256,0
SMB_EU_005506,DE,Services,36,4839.18,-49.67,24,201.63,1,11,0,0,0,0.165,1
SMB_EU_005507,NL,Services,40,18185.55,-0.85,147,123.71,1,8,0,1,1,0.076,0
SMB_EU_005508,FR,Retail,48,5764.58,-9.15,41,140.6,1,8,1,1,3,0.068,0
SMB_EU_005509,FR,E-commerce,49,35899.54,3.44,192,186.98,1,10,1,0,2,0.097,0
SMB_EU_005510,NL,E-commerce,11,6655.71,3.48,29,229.51,3,8,2,0,0,0.033,0
SMB_EU_005511,DE,Retail,24,13034.65,-1.52,93,140.16,2,14,2,0,1,0.073,0
SMB_EU_005512,UK,Hospitality,23,14206.51,-30.66,55,258.3,4,9,2,0,0,0.018,0
SMB_EU_005513,UK,Services,25,1592.18,-9.29,6,265.36,2,6,2,2,0,0.028,1
SMB_EU_005514,ES,E-commerce,22,16304.16,2.99,116,140.55,2,12,1,1,0,0.143,0
SMB_EU_005515,DE,Services,27,7680.51,-1.44,38,202.12,1,16,1,0,0,0.07,0
SMB_EU_005516,ES,Hospitality,16,6979.22,-11.66,45,155.09,1,14,1,1,4,0.056,1
SMB_EU_005517,ES,E-commerce,46,18820.44,11.35,154,122.21,3,11,1,1,3,0.266,0
SMB_EU_005518,ES,Retail,36,8681.34,-49.83,34,255.33,1,8,1,0,0,0.123,1
SMB_EU_005519,DE,Services,16,2593.19,-14.44,9,288.13,3,9,0,1,0,0.101,0
SMB_EU_005520,IT,Services,27,20702.72,23.22,101,204.98,3,10,0,1,0,0.056,0
SMB_EU_005521,ES,Hospitality,80,4435.48,-20.33,16,277.22,3,10,2,1,2,0.04,0
SMB_EU_005522,IT,Retail,12,10380.6,-8.93,47,220.86,3,6,2,1,2,0.099,1
SMB_EU_005523,IT,Retail,14,5426.74,-12.75,27,200.99,3,17,1,0,0,0.033,0
SMB_EU_005524,NL,Retail,48,2041.99,11.2,11,185.64,2,8,0,0,0,0.156,0
SMB_EU_005525,NL,Hospitality,69,3445.44,19.76,26,132.52,3,15,0,1,1,0.011,0
SMB_EU_005526,DE,Services,33,2097.77,-2.61,21,99.89,2,14,1,0,0,0.053,0
SMB_EU_005527,IT,Retail,28,15400.22,3.45,87,177.01,1,8,1,1,0,0.155,0
SMB_EU_005528,DE,Services,10,3474.04,6.43,17,204.36,1,10,0,0,1,0.176,0
SMB_EU_005529,NL,Hospitality,19,4407.49,27.06,23,191.63,2,7,1,0,1,0.145,0
SMB_EU_005530,FR,Hospitality,18,3168.19,-84.33,14,226.3,1,10,0,2,0,0.017,1
SMB_EU_005531,IT,Subscription,19,9522.39,11.16,78,122.08,4,15,2,0,3,0.021,0
SMB_EU_005532,DE,Retail,15,5204.72,-14.78,33,157.72,1,12,1,0,1,0.018,0
SMB_EU_005533,IT,Subscription,9,16324.02,-5.56,95,171.83,1,7,1,1,1,0.048,1
SMB_EU_005534,ES,Retail,41,9589.47,4.89,79,121.39,2,6,0,0,0,0.073,0
SMB_EU_005535,DE,E-commerce,34,10643.56,11.11,38,280.09,3,10,1,0,1,0.016,0
SMB_EU_005536,DE,Services,9,8327.62,8.75,36,231.32,2,14,1,0,0,0.125,0
SMB_EU_005537,DE,Subscription,27,9042.98,1.56,90,100.48,1,2,0,0,0,0.053,0
SMB_EU_005538,UK,E-commerce,21,15194.73,-46.23,64,237.42,2,14,0,0,1,0.024,0
SMB_EU_005539,NL,Hospitality,74,2494.73,0.4,12,207.89,2,7,2,0,2,0.124,0
SMB_EU_005540,NL,Services,59,4791.23,-2.72,25,191.65,3,10,0,0,2,0.081,0
SMB_EU_005541,DE,Services,74,6063.97,8.29,20,303.2,3,9,0,1,1,0.047,0
SMB_EU_005542,IT,Retail,19,17806.82,-0.48,82,217.16,3,7,3,1,3,0.055,1
SMB_EU_005543,UK,Services,5,3184.52,0.2,11,289.5,1,7,1,0,5,0.087,0
SMB_EU_005544,ES,E-commerce,11,58845.5,0.27,209,281.56,1,11,2,1,1,0.113,0
SMB_EU_005545,IT,E-commerce,19,20950.68,-2.02,205,102.2,4,10,0,0,1,0.102,0
SMB_EU_005546,DE,E-commerce,22,6027.93,-9.13,74,81.46,1,8,0,1,0,0.058,0
SMB_EU_005547,DE,E-commerce,75,9033.42,-48.58,51,177.13,1,8,1,1,0,0.044,0
SMB_EU_005548,DE,Subscription,46,21111.63,-4.28,85,248.37,3,10,1,0,2,0.102,0
SMB_EU_005549,FR,E-commerce,34,31626.26,9.21,121,261.37,2,7,0,2,0,0.03,0
SMB_EU_005550,DE,Subscription,59,9098.24,1.66,36,252.73,2,8,2,1,3,0.193,0
SMB_EU_005551,FR,Retail,39,8752.96,-5.8,49,178.63,1,11,2,0,0,0.037,0
SMB_EU_005552,FR,Services,44,2485.99,23.47,10,248.6,1,11,0,0,1,0.083,0
SMB_EU_005553,UK,Services,21,11048.6,-29.17,46,240.19,3,8,0,0,1,0.07,1
SMB_EU_005554,IT,Hospitality,8,3317.13,-13.49,22,150.78,1,13,3,0,1,0.137,0
SMB_EU_005555,ES,Hospitality,6,9960.27,-10.5,85,117.18,2,8,0,0,1,0.227,0
SMB_EU_005556,ES,Hospitality,6,13503.99,-30.38,62,217.81,3,12,0,0,0,0.073,0
SMB_EU_005557,DE,Services,41,5146.57,-8.5,22,233.94,4,11,1,1,1,0.103,0
SMB_EU_005558,ES,Services,14,8935.26,-52.41,44,203.07,4,8,1,0,1,0.043,0
SMB_EU_005559,FR,Retail,21,24240.51,-32.16,191,126.91,3,11,1,0,1,0.024,0
SMB_EU_005560,IT,Services,9,5872.14,22.03,42,139.81,2,8,1,1,0,0.164,0
SMB_EU_005561,FR,E-commerce,54,13502.42,-13.58,57,236.88,4,7,0,0,0,0.153,0
SMB_EU_005562,UK,E-commerce,26,14410.23,-31.59,49,294.09,3,17,0,1,1,0.073,0
SMB_EU_005563,FR,Services,31,3201.58,22.5,11,291.05,4,14,1,0,1,0.274,0
SMB_EU_005564,FR,E-commerce,33,9475.41,-7.13,49,193.38,1,8,2,1,1,0.02,1
SMB_EU_005565,UK,Services,36,6520.05,-23.09,24,271.67,1,5,2,1,1,0.037,1
SMB_EU_005566,DE,E-commerce,56,13594.7,11.82,157,86.59,2,8,0,0,4,0.022,0
SMB_EU_005567,IT,Retail,42,9737.49,7.85,36,270.49,3,6,1,0,0,0.064,0
SMB_EU_005568,ES,E-commerce,12,6135.48,-23.12,33,185.92,2,14,1,0,1,0.018,0
SMB_EU_005569,ES,Retail,14,7567.56,13.51,30,252.25,4,16,1,1,1,0.116,0
SMB_EU_005570,UK,Services,120,9276.73,-63.8,114,81.37,1,8,1,3,2,0.115,1
SMB_EU_005571,UK,E-commerce,50,7665.24,-60.41,28,273.76,1,15,0,0,1,0.136,0
SMB_EU_005572,DE,E-commerce,98,15149.48,-8.13,72,210.41,3,7,0,0,1,0.253,0
SMB_EU_005573,ES,Retail,22,2629.19,-11.73,20,131.46,2,7,3,1,1,0.108,1
SMB_EU_005574,IT,E-commerce,69,6853.59,-10.09,44,155.76,2,10,2,0,0,0.053,0
SMB_EU_005575,IT,Services,37,8117.6,-18.94,65,124.89,3,10,1,0,2,0.056,1
SMB_EU_005576,DE,Retail,32,6645.04,-6.07,38,174.87,3,10,0,0,1,0.154,0
SMB_EU_005577,IT,Hospitality,27,17903.62,-5.24,117,153.02,1,6,0,0,0,0.081,0
SMB_EU_005578,UK,Subscription,45,11666.14,-14.06,59,197.73,3,10,0,0,0,0.162,0
SMB_EU_005579,UK,Hospitality,38,8249.21,-15.8,32,257.79,1,10,2,0,2,0.075,0
SMB_EU_005580,NL,Services,23,2620.98,4.78,9,291.22,2,15,0,0,2,0.061,0
SMB_EU_005581,DE,Retail,17,6349.51,-12.12,47,135.1,1,10,2,0,3,0.064,0
SMB_EU_005582,FR,E-commerce,24,9664.59,-9.09,93,103.92,1,7,0,0,4,0.126,1
SMB_EU_005583,ES,Services,26,2638.4,-32.79,16,164.9,2,9,0,0,0,0.07,0
SMB_EU_005584,ES,Services,20,7446.72,29.07,67,111.15,1,5,2,0,2,0.145,1
SMB_EU_005585,NL,Hospitality,13,10079.15,14.13,38,265.24,1,6,0,0,1,0.106,0
SMB_EU_005586,DE,Hospitality,28,7622.63,-7.42,40,190.57,2,8,0,0,1,0.168,0
SMB_EU_005587,NL,E-commerce,35,9126.75,-52.05,42,217.3,2,15,3,0,3,0.035,1
SMB_EU_005588,NL,Retail,32,9755.97,0.16,86,113.44,1,12,1,0,1,0.032,0
SMB_EU_005589,UK,Services,11,1586.98,-0.25,6,264.5,1,9,0,0,0,0.195,0
SMB_EU_005590,IT,Hospitality,74,13270.79,-39.5,45,294.91,1,7,0,1,1,0.018,0
SMB_EU_005591,FR,E-commerce,86,6883.73,-38.26,37,186.05,1,10,0,1,2,0.121,0
SMB_EU_005592,NL,Services,41,2552.73,-7.89,9,283.64,2,15,2,1,0,0.195,0
SMB_EU_005593,DE,E-commerce,46,16074.36,-23.45,183,87.84,1,15,1,1,1,0.008,0
SMB_EU_005594,UK,E-commerce,31,16954.71,-27.01,193,87.85,4,3,1,1,1,0.029,0
SMB_EU_005595,FR,Services,34,4786.45,-32.09,16,299.15,1,12,0,0,0,0.104,0
SMB_EU_005596,NL,Services,6,2568.6,-39.33,11,233.51,1,11,2,0,0,0.083,0
SMB_EU_005597,FR,E-commerce,25,29608.43,-8.02,244,121.35,2,8,0,1,1,0.111,0
SMB_EU_005598,IT,Retail,25,2909.18,26.45,18,161.62,1,7,0,2,4,0.124,0
SMB_EU_005599,IT,Retail,84,3285.37,11.63,17,193.26,1,9,1,0,1,0.119,0
SMB_EU_005600,ES,Hospitality,21,5626.96,-6.78,24,234.46,3,17,1,0,0,0.191,0
SMB_EU_005601,FR,E-commerce,73,7025.24,34.38,26,270.2,2,12,0,0,0,0.183,0
SMB_EU_005602,FR,Services,27,10412.56,-70.51,106,98.23,1,11,0,0,4,0.25,1
SMB_EU_005603,DE,Subscription,19,4438.41,-12.19,20,221.92,2,10,3,0,0,0.096,0
SMB_EU_005604,IT,Services,6,12726.09,-1.66,69,184.44,1,15,1,0,3,0.12,0
SMB_EU_005605,DE,E-commerce,33,27913.86,-51.01,132,211.47,2,13,0,0,2,0.235,0
SMB_EU_005606,IT,Services,15,10490.51,26.85,55,190.74,2,7,2,1,1,0.031,0
SMB_EU_005607,UK,E-commerce,7,46540.08,2.75,260,179.0,3,11,2,0,0,0.041,0
SMB_EU_005608,UK,Retail,40,8399.55,-11.85,67,125.37,3,15,0,2,1,0.154,0
SMB_EU_005609,NL,Retail,34,4356.45,6.72,24,181.52,4,11,0,0,2,0.053,0
SMB_EU_005610,NL,E-commerce,36,14101.0,2.19,116,121.56,1,11,0,0,0,0.032,0
SMB_EU_005611,DE,Subscription,27,6405.94,-4.57,71,90.22,2,7,1,0,0,0.109,0
SMB_EU_005612,IT,Retail,16,5227.47,-18.13,32,163.36,1,4,0,0,0,0.189,0
SMB_EU_005613,ES,Retail,12,8757.88,-21.54,102,85.86,3,7,1,0,1,0.116,0
SMB_EU_005614,FR,Subscription,67,7464.83,32.8,37,201.75,2,9,1,0,1,0.088,0
SMB_EU_005615,NL,Retail,43,5094.27,-20.29,53,96.12,1,12,3,0,1,0.06,0
SMB_EU_005616,ES,Services,50,4315.43,25.47,24,179.81,1,14,1,1,1,0.126,0
SMB_EU_005617,UK,E-commerce,24,20851.74,-12.67,71,293.69,1,18,0,1,1,0.042,0
SMB_EU_005618,FR,Retail,14,14200.71,11.85,173,82.09,3,10,1,0,0,0.061,0
SMB_EU_005619,IT,Subscription,13,3440.0,-43.21,21,163.81,1,15,0,2,2,0.133,1
SMB_EU_005620,DE,Retail,28,6669.34,-28.97,29,229.98,2,9,0,1,0,0.093,1
SMB_EU_005621,DE,Hospitality,15,5512.14,10.98,48,114.84,3,15,0,0,1,0.212,0
SMB_EU_005622,UK,E-commerce,5,7378.26,-24.17,36,204.95,3,6,0,1,0,0.077,0
SMB_EU_005623,ES,Retail,39,7445.56,-49.33,54,137.88,4,8,0,1,1,0.025,0
SMB_EU_005624,ES,Retail,50,8742.87,-20.52,68,128.57,1,7,1,0,1,0.028,0
SMB_EU_005625,DE,Retail,18,10921.6,-42.97,39,280.04,2,11,0,0,3,0.139,0
SMB_EU_005626,UK,Retail,7,8379.07,-19.85,67,125.06,2,10,0,0,0,0.183,0
SMB_EU_005627,NL,Services,30,2947.24,-51.49,18,163.74,1,9,2,0,3,0.082,1
SMB_EU_005628,FR,E-commerce,24,50162.52,-3.56,428,117.2,3,10,1,0,0,0.04,0
SMB_EU_005629,IT,E-commerce,20,24668.48,-33.14,173,142.59,3,14,0,0,1,0.093,0
SMB_EU_005630,DE,E-commerce,36,20898.6,3.88,145,144.13,2,12,1,0,1,0.03,0
SMB_EU_005631,ES,Subscription,29,16446.68,-18.86,108,152.28,2,11,1,1,1,0.09,0
SMB_EU_005632,IT,Subscription,35,10422.74,-35.76,47,221.76,4,8,0,1,2,0.088,0
SMB_EU_005633,DE,Services,28,10818.08,-34.21,44,245.87,1,16,1,0,1,0.003,0
SMB_EU_005634,DE,Services,15,5173.56,24.75,27,191.61,1,9,0,0,0,0.009,0
SMB_EU_005635,DE,E-commerce,14,15015.74,-55.02,70,214.51,4,11,1,0,2,0.083,0
SMB_EU_005636,DE,E-commerce,27,21959.22,-5.46,85,258.34,1,15,3,0,0,0.267,0
SMB_EU_005637,IT,Hospitality,48,15449.46,-26.88,52,297.1,3,11,0,0,1,0.043,0
SMB_EU_005638,UK,Hospitality,28,14864.69,-12.54,82,181.28,3,19,0,1,1,0.091,0
SMB_EU_005639,DE,E-commerce,16,21407.87,26.28,75,285.44,4,10,0,0,0,0.094,0
SMB_EU_005640,DE,E-commerce,30,20450.7,4.46,109,187.62,1,9,0,0,0,0.046,0
SMB_EU_005641,IT,Subscription,31,13665.17,-10.85,54,253.06,4,9,0,0,0,0.239,0
SMB_EU_005642,ES,Services,15,9032.33,-0.51,44,205.28,1,8,0,0,1,0.156,1
SMB_EU_005643,FR,E-commerce,85,32697.2,-8.41,119,274.77,1,11,0,0,1,0.126,0
SMB_EU_005644,FR,Services,46,4338.32,-1.39,24,180.76,1,10,2,1,2,0.129,0
SMB_EU_005645,IT,E-commerce,24,33078.61,11.16,142,232.95,1,8,2,0,2,0.063,0
SMB_EU_005646,FR,Retail,81,9828.03,-4.97,54,182.0,4,12,0,0,0,0.058,0
SMB_EU_005647,DE,E-commerce,34,22167.1,3.3,83,267.07,3,5,2,0,2,0.084,0
SMB_EU_005648,ES,E-commerce,32,34371.23,3.55,115,298.88,2,8,0,0,2,0.086,0
SMB_EU_005649,IT,Retail,63,12524.4,-41.57,94,133.24,1,8,1,0,0,0.044,0
SMB_EU_005650,IT,Services,47,8662.78,-48.24,47,184.31,2,6,0,0,2,0.034,0
SMB_EU_005651,ES,E-commerce,37,11874.57,-7.88,121,98.14,1,12,0,1,1,0.073,0
SMB_EU_005652,IT,Hospitality,20,14742.68,-36.59,133,110.85,1,7,0,2,1,0.044,0
SMB_EU_005653,DE,Retail,27,12144.22,11.74,43,282.42,2,8,1,0,2,0.037,0
SMB_EU_005654,FR,Retail,24,8628.59,-17.07,43,200.66,3,7,3,0,1,0.08,0
SMB_EU_005655,DE,Services,16,9680.2,-23.94,58,166.9,2,17,0,1,2,0.105,0
SMB_EU_005656,DE,Hospitality,102,28345.2,-11.29,124,228.59,2,10,1,0,2,0.099,0
SMB_EU_005657,IT,Subscription,47,4463.22,12.0,22,202.87,3,6,4,0,0,0.171,0
SMB_EU_005658,UK,Subscription,23,5556.59,-7.07,39,142.48,1,11,1,0,1,0.067,1
SMB_EU_005659,UK,E-commerce,34,75131.01,33.01,579,129.76,3,9,1,0,1,0.128,0
SMB_EU_005660,IT,E-commerce,24,19376.62,3.27,92,210.62,3,10,2,1,3,0.117,0
SMB_EU_005661,DE,Services,14,5606.69,17.73,46,121.88,2,8,1,0,1,0.095,0
SMB_EU_005662,DE,Subscription,5,8398.0,-15.22,76,110.5,1,10,5,0,2,0.035,1
SMB_EU_005663,ES,Hospitality,36,12389.15,0.18,83,149.27,2,12,0,0,1,0.108,0
SMB_EU_005664,IT,Services,27,23955.22,-49.12,89,269.16,1,9,1,0,1,0.202,1
SMB_EU_005665,IT,Services,55,3354.57,-15.5,38,88.28,3,11,1,0,4,0.083,0
SMB_EU_005666,ES,E-commerce,18,14152.97,0.31,54,262.09,1,9,1,0,3,0.047,0
SMB_EU_005667,ES,Hospitality,55,4861.38,15.78,22,220.97,1,5,2,0,2,0.126,0
SMB_EU_005668,ES,Services,59,7761.35,-4.91,87,89.21,4,12,2,0,1,0.149,0
SMB_EU_005669,DE,Hospitality,50,12493.34,-12.78,59,211.75,2,8,0,0,1,0.115,0
SMB_EU_005670,ES,Retail,45,21157.64,27.04,122,173.42,3,6,1,0,1,0.039,0
SMB_EU_005671,UK,E-commerce,25,23761.85,-17.58,90,264.02,2,9,0,0,2,0.165,0
SMB_EU_005672,FR,Retail,55,36271.82,2.34,130,279.01,1,7,1,0,0,0.115,0
SMB_EU_005673,IT,Retail,49,5666.6,-10.62,40,141.67,1,11,1,0,3,0.025,0
SMB_EU_005674,FR,Subscription,29,5454.82,-14.05,22,247.95,3,5,0,0,2,0.037,0
SMB_EU_005675,UK,Retail,7,19318.21,11.12,130,148.6,3,9,1,1,2,0.064,0
SMB_EU_005676,DE,Retail,22,8611.87,-30.06,59,145.96,1,11,0,0,2,0.021,0
SMB_EU_005677,IT,E-commerce,51,6569.82,6.09,54,121.66,1,10,2,0,2,0.188,0
SMB_EU_005678,DE,Hospitality,33,4963.55,-33.83,22,225.62,3,10,0,0,2,0.285,0
SMB_EU_005679,ES,E-commerce,19,17486.78,-22.4,127,137.69,4,10,1,1,0,0.131,0
SMB_EU_005680,DE,Retail,28,5428.66,-10.81,30,180.96,3,8,0,0,3,0.074,0
SMB_EU_005681,FR,Retail,29,4352.04,-28.18,17,256.0,3,8,1,0,0,0.108,0
SMB_EU_005682,NL,Retail,14,7062.96,-27.95,28,252.25,4,11,0,0,0,0.065,0
SMB_EU_005683,UK,E-commerce,19,7919.52,9.02,30,263.98,1,5,0,1,1,0.062,0
SMB_EU_005684,DE,E-commerce,98,21957.94,-16.81,190,115.57,1,10,0,0,0,0.318,0
SMB_EU_005685,DE,Subscription,2,2803.7,18.74,13,215.67,1,11,0,0,1,0.051,0
SMB_EU_005686,ES,E-commerce,28,15836.31,3.71,56,282.79,4,9,1,0,3,0.099,0
SMB_EU_005687,NL,Retail,51,10926.02,-11.98,122,89.56,4,11,1,0,1,0.044,0
SMB_EU_005688,UK,Services,27,4735.62,-2.62,19,249.24,1,12,1,0,0,0.028,0
SMB_EU_005689,DE,E-commerce,17,28904.11,-10.18,215,134.44,2,10,1,0,1,0.257,0
SMB_EU_005690,IT,Hospitality,21,2636.42,-67.16,12,219.7,1,10,1,1,0,0.116,0
SMB_EU_005691,FR,E-commerce,82,9849.26,-18.87,41,240.23,3,8,2,0,0,0.06,0
SMB_EU_005692,DE,Hospitality,42,4922.12,-14.55,17,289.54,2,16,1,0,1,0.049,0
SMB_EU_005693,IT,Services,40,7668.13,13.42,40,191.7,4,12,0,1,1,0.066,0
SMB_EU_005694,IT,Subscription,25,10260.78,4.98,38,270.02,1,13,0,0,0,0.066,0
SMB_EU_005695,ES,E-commerce,32,54275.33,-7.55,603,90.01,3,15,0,0,1,0.021,0
SMB_EU_005696,FR,E-commerce,12,9249.58,-15.42,54,171.29,2,13,1,0,4,0.071,0
SMB_EU_005697,NL,E-commerce,85,6495.16,-6.08,37,175.54,1,12,1,0,2,0.041,0
SMB_EU_005698,FR,Subscription,44,26329.18,-46.7,133,197.96,2,10,1,0,1,0.041,0
SMB_EU_005699,UK,Subscription,27,3814.12,-22.92,21,181.62,2,12,0,1,0,0.02,0
SMB_EU_005700,FR,Retail,30,12052.59,14.18,41,293.97,1,11,0,1,1,0.058,0
SMB_EU_005701,FR,Retail,38,4447.04,35.5,46,96.67,2,6,1,0,1,0.071,0
SMB_EU_005702,FR,E-commerce,12,4333.86,-16.55,31,139.8,3,7,0,0,2,0.021,0
SMB_EU_005703,IT,Retail,22,6388.96,13.56,22,290.41,1,6,1,0,0,0.057,0
SMB_EU_005704,FR,E-commerce,12,25732.38,-10.61,145,177.46,2,9,0,0,3,0.154,0
SMB_EU_005705,UK,Retail,43,3843.48,-16.93,19,202.29,3,6,1,0,1,0.143,0
SMB_EU_005706,FR,Hospitality,9,8477.51,-16.93,87,97.44,1,14,0,0,3,0.049,0
SMB_EU_005707,UK,Subscription,13,14224.17,2.11,100,142.24,3,13,2,0,0,0.046,0
SMB_EU_005708,DE,Subscription,47,4196.33,-13.96,47,89.28,3,6,0,2,0,0.107,0
SMB_EU_005709,IT,E-commerce,32,13084.04,-9.1,119,109.95,3,7,2,1,2,0.029,0
SMB_EU_005710,UK,Hospitality,77,15456.11,-6.61,70,220.8,1,11,0,0,3,0.066,0
SMB_EU_005711,DE,Services,22,7387.53,-11.1,30,246.25,3,10,1,0,0,0.093,0
SMB_EU_005712,UK,Retail,24,6838.35,-12.19,25,273.53,3,10,1,1,0,0.065,0
SMB_EU_005713,NL,Hospitality,66,7697.82,-36.44,57,135.05,2,11,1,0,1,0.088,0
SMB_EU_005714,UK,E-commerce,56,9943.23,1.3,65,152.97,2,10,0,0,3,0.079,0
SMB_EU_005715,IT,Retail,48,15606.05,1.02,76,205.34,1,7,1,0,1,0.117,0
SMB_EU_005716,FR,E-commerce,15,29253.71,-11.96,297,98.5,1,15,0,0,1,0.025,0
SMB_EU_005717,DE,Retail,16,8601.92,-24.2,33,260.66,2,6,1,1,0,0.01,1
SMB_EU_005718,FR,Hospitality,26,6890.77,20.95,37,186.24,1,10,2,0,3,0.114,0
SMB_EU_005719,DE,E-commerce,25,8238.12,0.35,28,294.22,2,16,1,0,2,0.23,1
SMB_EU_005720,DE,E-commerce,16,6664.72,19.95,63,105.79,1,9,2,1,0,0.019,0
SMB_EU_005721,DE,Retail,21,6381.98,33.57,58,110.03,1,17,2,0,0,0.098,0
SMB_EU_005722,NL,Services,26,4744.55,37.96,30,158.15,2,10,2,1,1,0.086,0
SMB_EU_005723,ES,E-commerce,54,28378.35,-55.37,226,125.57,3,9,0,0,2,0.166,0
SMB_EU_005724,DE,Hospitality,63,10435.53,-17.75,45,231.9,1,12,1,0,2,0.069,0
SMB_EU_005725,DE,Hospitality,42,6703.7,-6.67,23,291.47,3,10,3,0,1,0.042,0
SMB_EU_005726,IT,E-commerce,8,30642.06,1.93,307,99.81,1,4,1,1,2,0.038,0
SMB_EU_005727,DE,Retail,58,4541.92,23.8,34,133.59,1,11,0,0,0,0.052,0
SMB_EU_005728,DE,Services,43,9543.31,9.41,72,132.55,4,6,2,2,1,0.044,0
SMB_EU_005729,DE,Retail,49,4978.78,-18.05,26,191.49,2,14,1,1,1,0.072,0
SMB_EU_005730,UK,Retail,16,16831.6,-9.17,94,179.06,1,8,2,0,0,0.031,0
SMB_EU_005731,ES,Services,68,4960.12,-41.37,21,236.2,2,8,0,0,0,0.08,0
SMB_EU_005732,FR,Retail,24,2412.03,-22.34,10,241.2,1,8,0,1,0,0.13,0
SMB_EU_005733,IT,E-commerce,15,23246.27,0.21,113,205.72,4,11,0,1,1,0.242,0
SMB_EU_005734,NL,E-commerce,45,24380.35,-17.83,116,210.18,1,8,0,0,0,0.07,0
SMB_EU_005735,IT,E-commerce,26,11405.57,-24.76,43,265.25,3,8,0,0,3,0.188,0
SMB_EU_005736,IT,Services,42,4001.55,-14.2,24,166.73,1,8,2,0,0,0.012,0
SMB_EU_005737,IT,Hospitality,21,5452.27,6.17,66,82.61,2,12,2,0,3,0.022,0
SMB_EU_005738,FR,Hospitality,11,1890.17,6.06,15,126.01,4,8,0,0,2,0.01,0
SMB_EU_005739,DE,Services,20,1209.98,1.45,14,86.43,1,9,0,0,3,0.32,0
SMB_EU_005740,NL,E-commerce,9,32754.02,14.87,197,166.26,1,6,1,1,1,0.056,0
SMB_EU_005741,UK,E-commerce,43,9148.68,13.28,58,157.74,2,15,0,0,2,0.047,0
SMB_EU_005742,IT,E-commerce,3,45659.36,-21.12,449,101.69,1,13,2,0,1,0.145,1
SMB_EU_005743,ES,E-commerce,56,34133.91,1.0,139,245.57,3,8,1,0,2,0.203,0
SMB_EU_005744,UK,Subscription,10,23047.14,1.94,114,202.17,2,9,1,0,0,0.051,0
SMB_EU_005745,DE,Services,52,3384.68,-2.21,26,130.18,1,5,1,0,2,0.123,0
SMB_EU_005746,IT,Retail,39,3047.74,-32.62,12,253.98,3,9,0,3,0,0.055,0
SMB_EU_005747,IT,Retail,4,4167.48,17.03,18,231.53,1,11,1,0,3,0.067,0
SMB_EU_005748,UK,Retail,31,6120.04,-16.98,50,122.4,4,7,3,0,1,0.196,0
SMB_EU_005749,UK,Retail,9,1926.11,-18.24,7,275.16,1,12,1,1,0,0.185,0
SMB_EU_005750,IT,Retail,31,6014.58,21.42,51,117.93,3,9,0,0,1,0.092,0
SMB_EU_005751,FR,E-commerce,17,13290.42,-8.85,53,250.76,1,4,1,0,1,0.092,0
SMB_EU_005752,ES,Services,4,2299.72,-22.89,8,287.46,3,6,2,1,2,0.047,0
SMB_EU_005753,DE,Services,38,2678.21,15.35,11,243.47,1,11,1,0,1,0.04,0
SMB_EU_005754,ES,Retail,25,7008.21,3.3,31,226.07,1,11,0,1,1,0.019,0
SMB_EU_005755,UK,E-commerce,27,18575.1,-10.24,67,277.24,1,10,1,0,2,0.128,0
SMB_EU_005756,FR,E-commerce,5,8789.49,-62.14,63,139.52,2,12,1,0,0,0.079,1
SMB_EU_005757,IT,Services,5,5958.33,25.37,42,141.86,2,10,0,0,3,0.075,0
SMB_EU_005758,NL,Services,22,5427.86,-11.67,25,217.11,2,14,1,0,0,0.047,0
SMB_EU_005759,NL,Subscription,51,9256.78,19.76,34,272.26,4,11,3,1,2,0.108,0
SMB_EU_005760,FR,E-commerce,43,10143.59,-33.98,47,215.82,1,14,0,2,0,0.034,0
SMB_EU_005761,ES,Hospitality,37,2695.9,-16.5,9,299.54,3,8,3,0,1,0.124,1
SMB_EU_005762,UK,Retail,61,22138.38,4.47,172,128.71,2,7,1,1,0,0.064,0
SMB_EU_005763,UK,Hospitality,17,8757.79,-6.01,33,265.39,1,7,0,1,1,0.108,0
SMB_EU_005764,DE,Retail,39,14627.17,-1.12,52,281.29,1,10,1,0,1,0.151,0
SMB_EU_005765,UK,E-commerce,7,14265.9,-34.97,82,173.97,2,6,0,0,1,0.041,0
SMB_EU_005766,ES,Hospitality,101,5437.63,-17.86,19,286.19,1,2,0,1,0,0.1,0
SMB_EU_005767,FR,E-commerce,15,20134.73,-16.74,162,124.29,3,6,0,0,0,0.118,0
SMB_EU_005768,DE,Retail,37,2660.8,-47.08,9,295.64,4,12,0,0,0,0.115,0
SMB_EU_005769,FR,Retail,76,4098.64,-9.99,15,273.24,1,8,0,0,2,0.104,0
SMB_EU_005770,UK,Retail,20,4956.88,20.12,52,95.32,1,11,2,0,0,0.158,0
SMB_EU_005771,IT,Retail,36,6090.33,-2.88,31,196.46,1,5,0,0,2,0.049,0
SMB_EU_005772,ES,Retail,31,4719.13,10.78,24,196.63,2,12,3,0,3,0.157,0
SMB_EU_005773,FR,Retail,20,9768.14,6.64,106,92.15,1,7,2,1,1,0.214,0
SMB_EU_005774,ES,Retail,17,8400.66,-36.62,95,88.43,4,9,1,0,2,0.029,0
SMB_EU_005775,DE,Subscription,10,20758.24,-29.7,256,81.09,3,6,2,0,1,0.1,1
SMB_EU_005776,FR,E-commerce,24,66175.2,17.77,339,195.21,4,12,4,0,1,0.035,0
SMB_EU_005777,IT,Retail,15,3749.91,-37.27,21,178.57,2,14,0,0,2,0.079,0
SMB_EU_005778,DE,E-commerce,15,16386.1,-6.06,57,287.48,1,16,0,0,0,0.049,0
SMB_EU_005779,ES,Services,40,5456.2,-2.26,35,155.89,2,10,0,0,1,0.184,0
SMB_EU_005780,FR,Hospitality,29,5949.1,-42.94,26,228.81,2,9,0,0,2,0.053,0
SMB_EU_005781,IT,E-commerce,53,7823.68,14.43,96,81.5,3,13,0,0,1,0.049,0
SMB_EU_005782,FR,Hospitality,19,3460.6,0.09,15,230.71,4,12,0,1,0,0.06,0
SMB_EU_005783,IT,Services,11,5775.83,-1.91,21,275.04,2,10,0,0,2,0.13,0
SMB_EU_005784,DE,Services,41,2835.53,15.28,18,157.53,1,10,0,0,0,0.116,0
SMB_EU_005785,DE,Hospitality,42,6601.67,9.01,44,150.04,1,9,0,1,1,0.075,0
SMB_EU_005786,UK,Services,33,4314.01,-63.92,20,215.7,3,10,0,1,1,0.08,1
SMB_EU_005787,FR,Services,14,5443.56,-17.21,36,151.21,2,10,2,0,0,0.04,0
SMB_EU_005788,ES,Hospitality,28,3386.44,-12.36,20,169.32,2,8,2,1,1,0.058,0
SMB_EU_005789,UK,E-commerce,10,16486.33,-0.74,118,139.71,1,7,2,1,1,0.176,1
SMB_EU_005790,DE,Hospitality,15,3536.68,-18.69,23,153.77,4,8,0,0,4,0.015,0
SMB_EU_005791,FR,Services,58,5506.09,1.36,24,229.42,3,11,1,0,1,0.136,0
SMB_EU_005792,IT,Retail,18,17869.21,-1.94,63,283.64,1,9,0,0,4,0.029,0
SMB_EU_005793,UK,Subscription,49,10525.65,-38.14,51,206.39,2,6,2,0,1,0.033,0
SMB_EU_005794,UK,Retail,34,9704.25,-21.09,118,82.24,2,12,2,0,1,0.176,0
SMB_EU_005795,NL,E-commerce,75,24492.68,-43.29,177,138.38,2,15,0,1,2,0.246,1
SMB_EU_005796,ES,Services,33,2153.95,-5.16,7,307.71,2,10,1,0,0,0.057,0
SMB_EU_005797,DE,Retail,32,22438.86,16.11,80,280.49,3,14,1,0,0,0.031,0
SMB_EU_005798,UK,E-commerce,7,7962.13,-28.36,76,104.76,1,7,1,0,1,0.078,0
SMB_EU_005799,UK,Retail,16,13561.54,-19.83,48,282.53,2,10,0,0,1,0.04,0
SMB_EU_005800,DE,E-commerce,22,23481.11,-2.46,80,293.51,1,5,1,0,0,0.027,0
SMB_EU_005801,FR,Retail,93,4655.93,-15.96,31,150.19,1,7,0,0,1,0.076,0
SMB_EU_005802,DE,E-commerce,16,27477.9,-16.03,117,234.85,2,14,0,1,1,0.013,0
SMB_EU_005803,FR,E-commerce,11,20221.33,8.12,100,202.21,1,12,1,1,3,0.104,0
SMB_EU_005804,ES,Subscription,8,27972.22,-7.42,181,154.54,1,2,0,0,0,0.134,0
SMB_EU_005805,FR,Subscription,7,10107.24,-22.3,89,113.56,2,9,1,2,0,0.099,0
SMB_EU_005806,DE,Retail,95,7495.6,-31.32,47,159.48,4,11,3,1,2,0.108,0
SMB_EU_005807,FR,Services,30,3671.43,33.13,13,282.42,3,14,1,1,1,0.117,0
SMB_EU_005808,UK,Retail,12,2810.69,16.92,11,255.52,1,9,0,0,1,0.015,0
SMB_EU_005809,IT,Retail,62,6609.48,-6.77,43,153.71,2,12,1,0,3,0.055,0
SMB_EU_005810,FR,Retail,81,6779.49,1.32,34,199.4,2,9,0,0,2,0.112,0
SMB_EU_005811,DE,Subscription,12,10532.43,-7.33,62,169.88,1,11,2,1,0,0.117,0
SMB_EU_005812,UK,Subscription,19,3831.91,7.66,21,182.47,1,5,0,0,2,0.114,0
SMB_EU_005813,ES,Retail,56,6931.21,-12.81,28,247.54,1,6,1,0,1,0.103,0
SMB_EU_005814,FR,Retail,43,11304.4,-8.15,57,198.32,2,5,1,0,1,0.102,0
SMB_EU_005815,DE,Retail,24,11998.09,-49.11,100,119.98,3,4,2,0,1,0.068,0
SMB_EU_005816,DE,E-commerce,57,4914.36,21.81,35,140.41,2,11,0,0,5,0.046,0
SMB_EU_005817,DE,Hospitality,6,9166.94,11.12,45,203.71,4,10,2,0,3,0.02,0
SMB_EU_005818,IT,Retail,10,6899.83,18.51,30,229.99,1,8,2,2,1,0.144,0
SMB_EU_005819,UK,Services,15,4474.66,-4.69,23,194.55,4,7,2,1,3,0.154,0
SMB_EU_005820,NL,E-commerce,13,3630.39,-51.19,17,213.55,2,12,0,1,0,0.134,0
SMB_EU_005821,UK,Subscription,3,22051.21,-29.08,87,253.46,1,12,1,1,2,0.058,0
SMB_EU_005822,NL,Hospitality,20,6671.46,1.08,33,202.17,4,8,0,0,2,0.051,0
SMB_EU_005823,ES,E-commerce,39,5984.51,5.69,20,299.23,2,6,1,0,1,0.047,1
SMB_EU_005824,ES,Services,47,6262.37,-4.5,48,130.47,1,11,1,0,0,0.069,1
SMB_EU_005825,DE,Services,44,6147.99,-11.65,22,279.45,1,8,0,0,1,0.119,0
SMB_EU_005826,FR,E-commerce,54,31236.17,18.65,232,134.64,1,10,1,0,2,0.053,0
SMB_EU_005827,IT,E-commerce,36,12456.43,9.48,63,197.72,4,14,2,1,6,0.089,0
SMB_EU_005828,DE,Subscription,17,9065.01,19.69,50,181.3,1,13,1,0,0,0.113,0
SMB_EU_005829,FR,Retail,5,5439.88,-14.3,34,160.0,4,9,0,0,3,0.029,0
SMB_EU_005830,NL,Retail,5,11452.53,-10.62,39,293.65,1,10,2,0,1,0.052,1
SMB_EU_005831,UK,E-commerce,29,9374.15,-13.71,67,139.91,1,13,0,0,0,0.087,0
SMB_EU_005832,NL,Services,13,2926.02,-0.71,13,225.08,1,12,3,1,2,0.087,0
SMB_EU_005833,ES,Services,28,4800.69,-8.54,19,252.67,2,10,2,1,4,0.033,0
SMB_EU_005834,NL,Subscription,9,4313.31,-7.49,35,123.24,1,10,1,1,0,0.145,0
SMB_EU_005835,ES,E-commerce,61,39225.57,-0.17,133,294.93,3,15,1,0,3,0.106,0
SMB_EU_005836,IT,Retail,20,25426.75,15.04,127,200.21,1,8,0,0,1,0.012,0
SMB_EU_005837,UK,Hospitality,22,4570.42,-26.79,16,285.65,3,16,2,0,1,0.092,0
SMB_EU_005838,FR,Services,23,2175.98,11.86,10,217.6,3,10,3,0,0,0.104,0
SMB_EU_005839,IT,Retail,56,9790.35,7.01,44,222.51,1,14,1,1,2,0.137,0
SMB_EU_005840,IT,Retail,11,5990.53,-13.18,38,157.65,3,7,2,0,1,0.057,0
SMB_EU_005841,FR,Retail,24,16187.68,-13.19,65,249.04,3,9,1,1,1,0.024,0
SMB_EU_005842,DE,Hospitality,27,3741.44,-53.47,43,87.01,2,14,1,0,1,0.055,1
SMB_EU_005843,DE,Services,14,6931.98,-20.05,34,203.88,2,9,3,0,3,0.055,1
SMB_EU_005844,DE,Hospitality,39,6424.74,-7.71,74,86.82,2,9,1,1,2,0.034,0
SMB_EU_005845,UK,Subscription,52,5998.25,22.7,41,146.3,3,14,0,0,1,0.187,0
SMB_EU_005846,FR,Retail,5,9239.35,-0.47,91,101.53,1,15,1,0,4,0.184,0
SMB_EU_005847,DE,Subscription,42,15246.41,-42.71,54,282.34,1,12,0,0,0,0.172,0
SMB_EU_005848,ES,Services,4,5267.45,28.74,24,219.48,1,2,1,0,1,0.043,0
SMB_EU_005849,FR,E-commerce,14,15901.62,-13.96,70,227.17,2,15,3,0,2,0.022,0
SMB_EU_005850,NL,Subscription,17,5331.08,-14.43,20,266.55,1,10,1,0,1,0.145,0
SMB_EU_005851,DE,E-commerce,17,29801.93,18.44,124,240.34,1,13,2,0,0,0.072,0
SMB_EU_005852,UK,Services,58,9357.38,9.92,87,107.56,2,8,0,0,0,0.022,0
SMB_EU_005853,UK,Services,18,3908.3,-55.71,18,217.13,1,14,0,0,2,0.043,0
SMB_EU_005854,UK,Services,18,4640.7,12.48,16,290.04,1,12,0,0,2,0.048,0
SMB_EU_005855,FR,Hospitality,8,14017.29,4.51,110,127.43,2,8,0,0,2,0.144,0
SMB_EU_005856,ES,Retail,32,4052.36,-17.79,19,213.28,3,12,1,1,2,0.236,0
SMB_EU_005857,DE,E-commerce,22,21555.33,-35.96,106,203.35,1,11,2,1,3,0.2,1
SMB_EU_005858,DE,E-commerce,37,10728.27,-8.51,65,165.05,1,11,1,0,0,0.202,0
SMB_EU_005859,DE,Services,8,14531.0,-27.93,50,290.62,1,10,0,0,1,0.185,0
SMB_EU_005860,IT,Services,76,5194.01,-6.43,33,157.39,3,4,1,0,1,0.06,0
SMB_EU_005861,NL,Subscription,44,19172.02,-47.45,191,100.38,2,13,1,0,0,0.04,0
SMB_EU_005862,NL,Retail,27,5066.47,2.77,17,298.03,1,5,1,0,0,0.12,1
SMB_EU_005863,DE,Services,50,2363.92,-25.4,10,236.39,3,8,0,0,2,0.062,0
SMB_EU_005864,NL,Subscription,77,7819.88,-6.1,50,156.4,1,4,1,0,1,0.034,0
SMB_EU_005865,ES,Services,33,5853.55,5.38,41,142.77,1,5,0,1,1,0.055,0
SMB_EU_005866,NL,Retail,23,5888.51,-54.47,21,280.41,1,9,0,0,1,0.095,1
SMB_EU_005867,ES,Retail,18,12609.19,-5.44,90,140.1,1,12,1,0,1,0.008,0
SMB_EU_005868,FR,Retail,21,7053.12,5.88,36,195.92,2,8,0,1,2,0.05,0
SMB_EU_005869,ES,Hospitality,30,1720.99,1.09,14,122.93,2,16,1,0,0,0.182,0
SMB_EU_005870,IT,Hospitality,22,8359.9,15.7,28,298.57,3,10,0,1,0,0.012,0
SMB_EU_005871,DE,Subscription,42,5299.98,5.76,21,252.38,2,18,1,1,1,0.052,0
SMB_EU_005872,FR,E-commerce,64,12074.45,-65.21,59,204.65,2,9,2,0,0,0.097,1
SMB_EU_005873,IT,E-commerce,10,38089.13,-7.16,156,244.16,2,12,0,0,0,0.036,0
SMB_EU_005874,ES,Hospitality,10,17382.2,0.3,62,280.36,2,12,0,0,1,0.015,0
SMB_EU_005875,FR,Services,19,3540.05,20.08,12,295.0,1,9,2,1,2,0.103,0
SMB_EU_005876,FR,Subscription,5,12729.17,-7.1,50,254.58,3,10,2,1,0,0.006,0
SMB_EU_005877,UK,Services,72,3589.72,-25.99,13,276.13,4,14,2,0,1,0.069,0
SMB_EU_005878,IT,E-commerce,54,12628.12,6.61,75,168.37,2,11,1,1,3,0.103,0
SMB_EU_005879,NL,Hospitality,23,4171.58,-11.33,25,166.86,2,14,1,0,4,0.205,0
SMB_EU_005880,NL,Services,24,1776.83,-51.05,7,253.83,1,8,2,0,1,0.011,1
SMB_EU_005881,DE,E-commerce,33,15880.36,0.28,64,248.13,4,12,0,1,0,0.194,0
SMB_EU_005882,IT,Retail,14,9509.97,14.59,34,279.71,4,6,0,1,2,0.039,0
SMB_EU_005883,FR,Retail,20,5348.63,-8.61,49,109.16,3,7,0,0,1,0.075,0
SMB_EU_005884,UK,Retail,15,15365.37,7.45,66,232.81,1,10,0,1,0,0.147,0
SMB_EU_005885,NL,Services,27,3848.91,10.23,17,226.41,4,14,0,1,0,0.053,0
SMB_EU_005886,NL,Retail,28,5458.17,11.88,21,259.91,1,10,2,0,1,0.044,0
SMB_EU_005887,IT,Retail,24,10971.97,-10.98,128,85.72,2,12,2,0,4,0.026,0
SMB_EU_005888,UK,E-commerce,50,5944.35,-16.82,23,258.45,2,8,1,0,1,0.149,1
SMB_EU_005889,ES,Hospitality,24,10337.38,-14.77,68,152.02,3,16,2,0,3,0.21,0
SMB_EU_005890,NL,E-commerce,25,11784.07,-28.26,51,231.06,3,10,1,0,0,0.018,0
SMB_EU_005891,ES,Hospitality,7,10862.66,10.01,50,217.25,3,6,0,1,2,0.03,0
SMB_EU_005892,IT,Retail,41,17327.93,-14.36,98,176.82,3,8,2,1,4,0.092,0
SMB_EU_005893,NL,Retail,29,11746.24,31.99,48,244.71,2,18,0,0,1,0.019,0
SMB_EU_005894,DE,E-commerce,44,9215.31,-16.15,32,287.98,3,20,2,0,0,0.016,0
SMB_EU_005895,NL,E-commerce,13,7081.96,14.99,47,150.68,1,14,0,0,2,0.062,0
SMB_EU_005896,FR,E-commerce,10,6344.62,22.79,26,244.02,2,15,0,0,2,0.149,0
SMB_EU_005897,UK,Retail,22,15505.39,1.65,104,149.09,1,14,1,0,1,0.128,0
SMB_EU_005898,FR,Services,4,4611.52,-32.32,17,271.27,4,10,0,0,2,0.07,0
SMB_EU_005899,UK,Hospitality,75,4188.01,-55.53,24,174.5,4,9,0,0,1,0.103,1
SMB_EU_005900,NL,Retail,21,7390.48,-3.93,41,180.26,1,11,1,1,1,0.162,0
SMB_EU_005901,IT,Retail,2,15299.41,-25.14,61,250.81,2,5,0,1,0,0.036,0
SMB_EU_005902,IT,Subscription,18,14360.31,-18.0,76,188.95,1,9,3,2,0,0.049,1
SMB_EU_005903,DE,Hospitality,23,7805.77,-27.58,56,139.39,1,11,0,0,1,0.1,0
SMB_EU_005904,FR,E-commerce,65,21994.27,5.43,74,297.22,2,10,0,0,2,0.179,0
SMB_EU_005905,DE,Services,27,5570.81,-41.49,26,214.26,1,11,0,1,1,0.11,0
SMB_EU_005906,IT,Services,7,5993.68,29.52,27,221.99,1,14,0,0,2,0.106,0
SMB_EU_005907,NL,Services,34,5709.05,-69.89,26,219.58,2,9,0,0,2,0.116,0
SMB_EU_005908,ES,E-commerce,27,14999.45,-47.13,55,272.72,1,12,1,0,3,0.034,1
SMB_EU_005909,FR,E-commerce,22,23572.35,-4.84,196,120.27,2,4,0,0,0,0.019,0
SMB_EU_005910,DE,Retail,20,9936.46,-54.31,107,92.86,1,7,0,1,0,0.053,1
SMB_EU_005911,FR,Subscription,48,5305.77,-2.93,32,165.81,3,12,1,0,0,0.059,0
SMB_EU_005912,UK,Hospitality,26,8240.69,11.85,40,206.02,2,6,0,0,0,0.107,0
SMB_EU_005913,ES,Retail,25,9279.33,-8.99,65,142.76,3,17,0,1,1,0.145,0
SMB_EU_005914,FR,Subscription,56,12988.61,12.77,56,231.94,1,12,1,3,0,0.112,0
SMB_EU_005915,NL,Subscription,45,8454.51,-18.8,88,96.07,1,6,1,1,0,0.084,0
SMB_EU_005916,DE,Subscription,34,14647.49,-22.79,58,252.54,4,12,1,0,1,0.044,1
SMB_EU_005917,UK,Services,15,4819.13,-24.82,20,240.96,2,10,1,0,0,0.107,0
SMB_EU_005918,IT,Subscription,21,13895.32,-90.58,109,127.48,2,13,1,0,1,0.037,0
SMB_EU_005919,FR,Retail,24,6083.37,-37.9,42,144.84,4,13,0,0,2,0.126,0
SMB_EU_005920,IT,Services,8,3963.33,-25.99,15,264.22,1,7,0,0,1,0.068,0
SMB_EU_005921,DE,Services,18,7175.48,4.24,29,247.43,2,12,1,0,2,0.172,0
SMB_EU_005922,UK,Retail,27,6555.98,2.78,25,262.24,1,14,0,1,1,0.118,0
SMB_EU_005923,DE,Retail,39,30051.46,-1.02,199,151.01,2,11,2,0,3,0.095,0
SMB_EU_005924,IT,Subscription,38,12642.85,6.55,43,294.02,1,11,0,0,0,0.12,0
SMB_EU_005925,FR,E-commerce,6,15226.0,3.06,64,237.91,1,9,2,2,2,0.035,0
SMB_EU_005926,ES,Services,20,8177.43,-4.4,87,93.99,2,15,2,0,0,0.117,0
SMB_EU_005927,ES,Retail,14,5995.64,-25.25,32,187.36,3,7,1,1,3,0.052,0
SMB_EU_005928,IT,Retail,5,13918.94,5.9,62,224.5,4,9,0,0,1,0.058,0
SMB_EU_005929,IT,E-commerce,23,25666.62,11.58,219,117.2,2,6,1,0,1,0.044,0
SMB_EU_005930,UK,Retail,18,16971.95,16.1,61,278.23,2,10,2,0,0,0.119,0
SMB_EU_005931,DE,Hospitality,26,4605.6,10.02,19,242.4,3,12,1,1,0,0.197,1
SMB_EU_005932,FR,Hospitality,38,2880.95,30.94,29,99.34,2,10,0,0,3,0.087,0
SMB_EU_005933,FR,Retail,34,5547.51,2.49,20,277.38,2,14,0,1,1,0.046,0
SMB_EU_005934,UK,Retail,82,6756.22,-0.1,40,168.91,1,11,0,0,2,0.089,0
SMB_EU_005935,FR,E-commerce,29,40787.56,-9.74,227,179.68,3,12,0,1,0,0.059,0
SMB_EU_005936,ES,Retail,63,29857.88,-3.84,118,253.03,2,4,1,1,1,0.129,0
SMB_EU_005937,IT,Services,11,6148.67,-10.97,28,219.6,4,8,0,0,2,0.07,0
SMB_EU_005938,DE,E-commerce,33,15084.75,10.16,86,175.4,3,6,0,0,2,0.059,0
SMB_EU_005939,FR,Retail,15,6485.03,-13.68,47,137.98,2,14,0,1,0,0.025,0
SMB_EU_005940,FR,E-commerce,22,24602.9,1.11,127,193.72,3,13,1,0,0,0.238,0
SMB_EU_005941,FR,Retail,45,29742.9,-30.21,143,207.99,2,18,0,0,0,0.118,0
SMB_EU_005942,FR,Retail,21,23358.29,2.25,107,218.3,1,9,0,0,3,0.199,0
SMB_EU_005943,DE,Retail,51,15835.08,-13.44,74,213.99,2,10,1,0,1,0.042,1
SMB_EU_005944,UK,Services,15,9810.17,10.48,45,218.0,3,9,3,0,1,0.137,1
SMB_EU_005945,UK,Subscription,10,14829.38,-1.28,80,185.37,3,8,2,0,3,0.015,0
SMB_EU_005946,FR,Services,30,4860.12,-43.09,24,202.51,2,10,1,1,3,0.039,1
SMB_EU_005947,FR,E-commerce,31,9641.93,-14.75,67,143.91,2,10,2,1,1,0.089,0
SMB_EU_005948,DE,E-commerce,20,14813.84,21.02,129,114.84,1,9,3,0,1,0.049,0
SMB_EU_005949,IT,E-commerce,40,19326.05,22.26,91,212.37,1,10,1,0,0,0.085,0
SMB_EU_005950,ES,Services,4,2090.2,7.89,23,90.88,4,11,1,0,2,0.129,0
SMB_EU_005951,DE,Subscription,12,8210.83,11.76,87,94.38,3,5,1,1,2,0.253,1
SMB_EU_005952,DE,Retail,35,4873.84,-11.67,36,135.38,3,14,0,0,0,0.149,0
SMB_EU_005953,ES,Retail,22,14698.51,-3.9,120,122.49,3,9,1,0,0,0.071,0
SMB_EU_005954,IT,Hospitality,16,4314.3,18.53,27,159.79,2,8,0,1,2,0.091,0
SMB_EU_005955,DE,Services,29,6088.31,-39.49,38,160.22,2,10,1,0,2,0.017,1
SMB_EU_005956,IT,Services,49,3285.19,0.97,31,105.97,2,9,0,1,0,0.061,0
SMB_EU_005957,FR,Hospitality,33,15648.56,-37.33,117,133.75,2,7,0,0,1,0.058,0
SMB_EU_005958,FR,Subscription,43,3243.88,17.62,40,81.1,4,12,0,2,0,0.178,0
SMB_EU_005959,ES,E-commerce,34,19956.49,16.83,127,157.14,2,8,1,0,0,0.073,0
SMB_EU_005960,ES,Subscription,57,4182.34,-40.0,16,261.4,3,8,0,0,1,0.112,0
SMB_EU_005961,FR,Subscription,18,6630.13,0.99,48,138.13,3,11,2,0,0,0.043,0
SMB_EU_005962,UK,Services,51,5658.45,-5.35,26,217.63,3,11,2,0,1,0.078,0
SMB_EU_005963,FR,E-commerce,6,17483.62,10.4,172,101.65,1,5,4,0,3,0.032,1
SMB_EU_005964,ES,Retail,9,9179.77,-16.53,111,82.7,1,13,0,0,0,0.063,0
SMB_EU_005965,NL,E-commerce,39,16429.85,-13.42,87,188.85,1,6,2,0,1,0.022,0
SMB_EU_005966,UK,E-commerce,9,10205.67,-21.77,56,182.24,3,4,1,0,0,0.033,0
SMB_EU_005967,UK,Services,20,4531.29,18.53,37,122.47,4,14,2,0,1,0.077,0
SMB_EU_005968,DE,Retail,56,8153.29,-10.81,57,143.04,1,5,0,0,1,0.076,0
SMB_EU_005969,UK,E-commerce,11,16865.44,6.06,194,86.94,1,12,0,0,3,0.1,0
SMB_EU_005970,ES,Services,46,4806.79,-1.88,19,252.99,3,12,2,1,2,0.142,0
SMB_EU_005971,ES,Retail,20,12393.79,43.46,85,145.81,1,8,1,0,3,0.013,0
SMB_EU_005972,DE,E-commerce,10,15864.48,-23.54,124,127.94,4,16,1,0,0,0.03,0
SMB_EU_005973,ES,E-commerce,26,16925.91,-76.71,66,256.45,2,6,0,1,2,0.063,0
SMB_EU_005974,UK,Hospitality,54,4769.15,17.63,54,88.32,4,8,0,2,1,0.027,0
SMB_EU_005975,FR,Retail,9,4254.5,-5.81,30,141.82,2,8,0,0,7,0.014,0
SMB_EU_005976,UK,Services,8,5484.11,-3.01,40,137.1,1,6,3,1,0,0.098,0
SMB_EU_005977,DE,E-commerce,38,30954.48,-10.09,225,137.58,2,12,2,0,2,0.124,0
SMB_EU_005978,DE,Subscription,17,11746.34,2.93,142,82.72,4,6,0,0,1,0.038,0
SMB_EU_005979,NL,E-commerce,82,9184.84,2.74,32,287.03,1,7,2,0,0,0.204,0
SMB_EU_005980,IT,E-commerce,31,24456.46,-37.42,91,268.75,3,11,0,1,2,0.006,1
SMB_EU_005981,IT,Retail,48,6542.84,-7.62,38,172.18,2,6,0,0,0,0.023,0
SMB_EU_005982,DE,Retail,31,12283.22,-47.37,69,178.02,4,9,1,2,1,0.13,1
SMB_EU_005983,UK,E-commerce,9,12022.41,-35.14,62,193.91,1,9,0,1,2,0.051,1
SMB_EU_005984,DE,Retail,13,9889.02,-21.62,53,186.59,2,7,0,1,1,0.137,0
SMB_EU_005985,DE,E-commerce,14,10989.63,25.05,44,249.76,1,4,0,0,0,0.081,0
SMB_EU_005986,DE,Hospitality,36,4463.48,4.92,24,185.98,2,7,0,0,1,0.104,0
SMB_EU_005987,IT,E-commerce,25,5860.83,-7.87,48,122.1,2,7,1,0,1,0.023,0
SMB_EU_005988,UK,Retail,5,10877.39,-57.19,103,105.61,1,15,1,0,0,0.034,0
SMB_EU_005989,IT,Services,41,6243.49,-31.99,22,283.8,3,12,0,0,0,0.133,0
SMB_EU_005990,ES,Subscription,92,11624.21,14.78,128,90.81,2,7,0,2,3,0.007,0
SMB_EU_005991,DE,Retail,10,9437.02,39.59,34,277.56,2,11,1,1,1,0.102,0
SMB_EU_005992,IT,Retail,12,5063.67,28.38,22,230.17,2,11,0,0,0,0.187,0
SMB_EU_005993,NL,Subscription,15,16066.95,-65.76,95,169.13,2,11,1,3,1,0.061,1
SMB_EU_005994,NL,Retail,23,14513.93,-59.98,120,120.95,1,7,4,0,0,0.099,1
SMB_EU_005995,DE,Subscription,11,5608.49,-22.07,38,147.59,3,10,0,0,1,0.088,0
SMB_EU_005996,IT,Retail,56,11009.03,-12.62,56,196.59,1,10,0,1,0,0.129,0
SMB_EU_005997,NL,Services,70,8452.25,-50.85,38,222.43,3,15,3,0,1,0.019,0
SMB_EU_005998,ES,E-commerce,28,11313.44,-5.51,49,230.89,1,14,0,1,2,0.154,0
SMB_EU_005999,NL,Subscription,24,7535.33,30.82,42,179.41,2,16,0,0,2,0.159,0
SMB_EU_006000,DE,E-commerce,6,20666.59,-19.73,127,162.73,4,13,0,0,0,0.086,0
